smiles,name,pIC50,active,MW,AlogP,PSA,HBD,HBA,RB
OC(C(NC(=O)C(NC(=O)C(NC(=O)C(NC(=O)C(NC(=O)C(NC(=O)C([NH3+])Cc1c2c([nH]c1)cccc2)Cc1c2c([nH]c1)cccc2)CO)CCC(=O)[O-])C(C)C)CC(=O)N)CC(C)C)CC(C(=O)NC(C(=O)NC(CCC(=O)[O-])C(=O)NC(Cc1ccccc1)C(=O)[O-])C)C,BACE_231,10.522879,1,1350.4733,-3.9500999,525.06,15,12,40
S(=O)(=O)(CC(NC(OCn1nc(cc1C)C)=O)C(=O)NC(C(O)CC(C(=O)NC(C(C)C)C(=O)NCC(C)C)C)CC(C)C)C,BACE_232,9.5228786,1,658.85022,2.1491001,206.2,5,8,19
OC(C(NC(=O)C(NC(=O)C(NC(=O)C([NH3+])CCC(=O)[O-])CC(C)C)CC(=O)[O-])CC(C)C)CC(C(=O)NC(C(C)C)C(=O)NC(CCC(=O)[O-])C(=O)NC(Cc1ccccc1)C(=O)[O-])C,BACE_233,9.5228786,1,933.03271,-3.1736,382.98999,8,7,31
O=C(NCCC(C)(C)C)C(Cc1cc2cc(ccc2nc1N)-c1ccccc1C)C,BACE_276,9.1870871,1,403.55969,5.7644,68.010002,2,2,7
Fc1cc(cc(F)c1)CC(NC(=O)c1cc(cc(c1)C)C(=O)N1CCCC1COC)C(O)C1[NH2+]CC(Oc2ccccc2)C1,BACE_234,9.1549015,1,608.69531,3.0734999,104.71,3,5,11
O1CC[C@@H](NC(=O)[C@@H](Cc2cc3cc(ccc3nc2N)-c2ccccc2C)C)CC1(C)C,BACE_1,9.1549015,1,431.56979,4.4014001,77.239998,2,3,5
Fc1cc(cc(F)c1)CC(NC(=O)C(N1CCC(NC(=O)C)(C(CC)C)C1=O)CCc1ccccc1)C(O)C1[NH2+]CC(O)C1,BACE_277,9.0506096,1,615.73102,1.4277,135.58,5,5,13
Fc1cc(ccc1C)CC(NC(=O)C)C(O)C[NH2+]C1CC2(Oc3ncc(cc13)CC(C)(C)C)CCC2,BACE_278,9.004365,1,498.6525,3.3870001,88.059998,3,4,9
O1CCCCOc2cc(CC(NC(=O)c3cc(N4CCCC4=O)cc1c3)C(O)C[NH2+]C1(CC1)c1cc(ccc1)C(C)C)ccc2,BACE_282,9.0,1,612.7782,5.9232998,104.71,3,5,7
S(=O)(=O)(N(C)c1cc2cc(NCCCCOc3cc(CC(NC2=O)C(O)C[NH2+]Cc2cc(ccc2)C(C)C)ccc3)c1)CCC,BACE_281,9.0,1,637.85242,4.7982998,132.96001,4,4,10
S(=O)(=O)(N1CC([NH2+]CC1)C(O)C(NC(=O)c1cc(cc(c1)C)C(=O)N1CCCC1COC)Cc1cc(F)cc(F)c1)c1cc(ccc1)C,BACE_235,9.0,1,685.8009,2.602,141.24001,3,5,11
S(=O)(=O)(N(C)c1cc(cc(c1)C(=O)NC(C(O)CC(OC)C(=O)NC(C(C)C)C(=O)NCc1ccccc1)COc1cc(F)cc(F)c1)C(=O)NC(C)c1ccccc1)C,BACE_236,9.0,1,851.9549,3.9826,200.85001,5,8,20
OC(C(NC(=O)C(NC(=O)C(NC(=O)C([NH3+])CCC(=O)[O-])C(C)C)CC(=O)N)CC(C)C)CC(C(=O)NC(C(=O)NC(CCC(=O)[O-])C(=O)NC(Cc1ccccc1)C(=O)[O-])C)C,BACE_237,9.0,1,890.9762,-4.3611002,385.95001,9,8,29
s1cc(cc1C12N=C(N)N(C)C(=O)C1CN(C2)c1nc(OC)ccc1)-c1cc(ccc1)C#N,BACE_238,9.0,1,458.53549,3.3973,136.08,0,5,4
Fc1cc(cc(F)c1)CC(NC(=O)c1cc(cc(c1)/C(=N\OC)/C)C(=O)N(CCC)CCC)C(O)C[NH2+]Cc1cc(OC)ccc1,BACE_280,9.0,1,639.75238,3.8162999,117.07,3,6,17
Fc1cc(ccc1)CC(NC(=O)C)C(O)C[NH2+]C1CC2(Oc3ncc(cc13)CC(C)(C)C)CCC2,BACE_279,9.0,1,484.62601,2.9008,88.059998,3,4,9
S(=O)(=O)(N(C)c1cc(cc(c1)C(=O)NC(C(O)CC(C(=O)NC(C(C)C)C(=O)NC(C)C)C)CC(C)C)C(=O)NC(C)c1ccccc1)C,BACE_239,8.9586077,1,701.9162,3.6277001,182.39,5,6,17
Fc1cc(cc(F)c1)CC(NC(=O)C(N1CCC(NC(=O)C)(C(CC)C)C1=O)CCc1ccccc1)C(O)C1[NH2+]CC(OCc2cccnc2)C1,BACE_283,8.8538723,1,706.84161,2.2691,137.47,4,6,16
Fc1cc(cc(F)c1)C[C@H](NC(=O)[C@@H](N1CC[C@](NC(=O)C)(CC(C)C)C1=O)CCc1ccccc1)[C@H](O)[C@@H]1[NH2+]C[C@H](OCCC)C1,BACE_2,8.8538723,1,657.81073,2.6412001,124.58,4,5,16
Fc1cc(cc(F)c1)CC(NC(=O)C(N1CCC(NC(=O)C)(C(CC)C)C1=O)CCc1ccccc1)C(O)C1[NH2+]CC(OCc2ncccc2)C1,BACE_284,8.8239088,1,706.84161,2.4842,137.47,4,6,16
Clc1cc(sc1C1(NC(=[NH2+])N(C)C(=O)C1)C)-c1cc(cnc1)C#CC,BACE_240,8.7695513,1,373.8797,1.7465,99.059998,1,2,2
S(=O)(=O)(N(C)c1cc(cc(c1)C(=O)NC(Cc1ccccc1)C(O)C[NH2+]Cc1cc(OC)ccc1)C(=O)NC(C)c1ccccc1)C,BACE_241,8.7447271,1,659.81482,2.6861,150.03,4,5,15
s1ccnc1-c1cc(cc(F)c1)CC(NC(=O)COC)C(O)C[NH2+]C1CC2(Oc3ncc(cc13)CC(C)(C)C)CCC2,BACE_285,8.7212467,1,597.76367,2.8355999,138.42,3,6,12
Fc1cc(cc(c1)C#C)CC(NC(=O)COC)C(O)C[NH2+]C1CC2(Oc3ncc(cc13)CC(C)(C)C)CCC2,BACE_286,8.7212467,1,538.67328,3.7644,97.290001,4,5,11
Fc1cc(cc(F)c1)CC(NC(=O)c1cc(cc(c1)C(=O)N(CCC)CCC)C(O)C)C(O)C[NH2+]Cc1cc(OC)ccc1,BACE_288,8.6989698,1,612.72711,3.743,115.71,4,5,16
S(=O)(=O)(N(C)c1cc2cc(NCCCCOc3cc(CC(NC2=O)C(O)C[NH2+]C2(CC2)c2cc(ccc2)C(C)C)ccc3)c1)CCC,BACE_289,8.6989698,1,663.88959,6.1561999,132.96001,4,4,10
S1(=O)(=O)CC(Cc2cc(OC(C(F)(F)F)C(F)(F)F)c(N)c(F)c2)C(O)C([NH2+]Cc2cc(ccc2)C(C)(C)C)C1,BACE_290,8.6989698,1,601.59711,3.9575,114.61,3,3,10
S1(=O)(=O)CC(Cc2cc(O[C@H](COC)C(F)(F)F)c(N)c(F)c2)C(O)C([NH2+]Cc2cc(ccc2)C(C)(C)C)C1,BACE_291,8.6989698,1,577.65167,2.8192,123.84,3,4,11
S1(=O)(=O)CC(Cc2cc(OC(C(F)(F)F)C(F)(F)F)c(N)c(F)c2)C(O)C([NH2+]Cc2cc(ccc2)C(O)(C)C)C1,BACE_292,8.6989698,1,603.56989,2.5351,134.84,4,4,10
S1(=O)(=O)CC(Cc2cc(OC(C(F)(F)F)C(F)(F)F)c(N)c(F)c2)C(O)C([NH2+]Cc2cc(ccc2)C(CO)(C)C)C1,BACE_293,8.6989698,1,617.5965,2.8668001,134.84,4,4,11
S1(=O)C[C@@H](Cc2cc(OC(C(F)(F)F)C(F)(F)F)c(N)c(F)c2)[C@H](O)[C@@H]([NH2+]Cc2cc(ccc2)C(C)(C)C)C1,BACE_6,8.6989698,1,585.59772,3.8615,108.37,3,2,10
Fc1cc(ccc1F)CC(NC(=O)C)C(O)C[NH2+]C1CC2(Oc3ncc(cc13)CC(C)(C)C)CCC2,BACE_287,8.6989698,1,502.61639,3.1063001,88.059998,3,4,9
S(=O)(=O)(CCCCC)C[C@@H](NC(=O)c1cccnc1)C(=O)N[C@H]([C@H](O)C[NH2+]Cc1cc(ccc1)CC)Cc1cc(F)cc(F)c1,BACE_7,8.6989698,1,645.78009,3.1973,150.45,4,5,18
S1(=O)(=O)C[C@@H](Cc2cc(O[C@H](COCC)C(F)(F)F)c(N)c(F)c2)[C@H](O)[C@@H]([NH2+]Cc2cc(ccc2)C(C)(C)C)C1,BACE_4,8.6989698,1,591.67828,3.168,123.84,3,4,12
S1(=O)(=O)N(c2cc(cc3c2n(cc3CC)CC1)C(=O)N[C@H]([C@H](O)C[NH2+]Cc1cc(OC)ccc1)Cc1ccccc1)C,BACE_3,8.6989698,1,591.74091,2.5499001,125.86,3,4,11
S1(=O)(=O)N(c2cc(cc3c2n(cc3CC)CC1)C(=O)N[C@H]([C@H](O)C[NH2+]Cc1cc(ccc1)C(F)(F)F)Cc1ccccc1)C,BACE_5,8.6989698,1,629.71283,3.5086,116.63,3,3,11
Fc1ccc(cc1OC(F)(F)F)CC(NC(=O)C)C(O)C[NH2+]C1CC2(Oc3ncc(cc13)CC(C)(C)C)CCC2,BACE_294,8.6777811,1,568.62329,5.0207,97.290001,3,5,11
FC(F)(F)c1cc(ccc1)CC(NC(=O)C)C(O)C[NH2+]C1CC2(Oc3ncc(cc13)CC(C)(C)C)CCC2,BACE_295,8.6197891,1,534.63348,3.6375999,88.059998,3,4,10
Fc1ccc(cc1C#N)CC(NC(=O)C)C(O)C[NH2+]C1CC2(Oc3ncc(cc13)CC(C)(C)C)CCC2,BACE_296,8.6197891,1,509.63541,2.7797,111.85,3,5,9
Fc1c2c(ccc1)[C@@]([NH+]=C2N)(C=1C=C(C)C(=O)N(C=1)CC)c1cc(ccc1)-c1cc(cnc1)C#CC,BACE_8,8.6126099,1,477.552,3.7096,74.879997,0,2,4
Fc1c2c(ccc1)C(N=C2N)(C=1C=C(C)C(=O)N(C=1)CC)c1cc(NC(=O)c2ncccc2)ccc1,BACE_297,8.6038008,1,481.5209,4.0102,102.37,1,4,5
O1c2c(cc(cc2)CC)[C@@H]([NH2+]C[C@@H](O)[C@H]2NC(=O)C=3C=CC(=O)N(CCCCc4cc(C2)ccc4)C=3)CC12CCC2,BACE_9,8.6020603,1,556.71503,4.7010002,97.169998,3,4,5
O1c2c(cc(cc2)CC)C([NH2+]CC(O)C2NC(=O)C=3C=C(N4CCCC4)C(=O)N(CCCCc4cc(C2)ccc4)C=3)CC12CCC2,BACE_299,8.6020603,1,625.82013,5.3242002,100.41,3,4,6
O=C(NCC1CCCCC1)C(Cc1cc2cc(ccc2nc1N)-c1ccccc1C)C,BACE_298,8.6020603,1,415.5704,6.1665001,68.010002,2,2,6
O=C1N(CCCC1)C(C)(C)[C@@H]1C[C@@H](CCC1)C(=O)N[C@H]([C@H](O)C[NH2+]Cc1cc(ccc1)C(C)C)Cc1ccccc1,BACE_10,8.6020603,1,562.80573,4.3980999,86.25,3,3,12
Fc1c2c(cc(F)c1)C(N=C2N)(C=1C=C(C)C(=O)N(C=1)CC)c1cc(ccc1)-c1cc(cnc1)C#CC,BACE_300,8.5867004,1,494.53461,5.5974998,73.269997,0,3,4
Fc1cc(cc(F)c1)CC(NC(=O)C(N1CCC(NC(=O)C)(C(CC)C)C1=O)CCc1ccccc1)C(O)C1[NH2+]CC(OCCC)C1,BACE_301,8.5850267,1,657.81073,2.7086999,124.58,4,5,16
Fc1cc(cc(F)c1)CC(NC(=O)C(N1CCC(NC(=O)C)(C(CC)C)C1=O)CCc1ccccc1)C(O)C1[NH2+]CC(Oc2ccccc2)C1,BACE_302,8.5850267,1,691.82703,3.5992999,124.58,4,5,15
Fc1cc(cc(F)c1)CC(NC(=O)C(N1CCC(NC(=O)C)(C(CC)C)C1=O)CCc1ccccc1)C(O)C1[NH2+]CC(Oc2ncccc2)C1,BACE_303,8.5850267,1,692.815,2.9905,137.47,4,6,15
Fc1cc(cc(F)c1)CC(NC(=O)C(N1CCC(NC(=O)C)(C(CC)C)C1=O)CCc1ccccc1)C(O)C1[NH2+]CC(OCc2cc(ccc2)C(F)(F)F)C1,BACE_304,8.5686359,1,773.8515,4.362,124.58,4,5,17
O1c2ncc(cc2C([NH2+]CC(O)C2NC(=O)C=3C=CC(=O)N(CCCc4cc(C2)ccc4)C=3)CC12CCC2)CC(C)(C)C,BACE_305,8.5686359,1,585.75623,4.5502,110.06,3,5,6
Fc1ccc(cc1CC(NC(=O)COC)C(O)C[NH2+]C1CC2(Oc3ncc(cc13)CC(C)(C)C)CCC2)C#C,BACE_306,8.5376024,1,538.67328,3.7644,97.290001,4,5,11
s1cc(cc1C12N=C(N)N(C)C(=O)C1CN(C2)C(=O)c1ccccc1)-c1cc(ccc1)C#N,BACE_242,8.5228786,1,455.53149,2.7325001,131.03,0,4,4
s1cc(cc1C12N=C(N)N(C)C(=O)C1CN(C2)c1ncccc1OC)-c1cc(ccc1)C#N,BACE_243,8.5228786,1,458.53549,2.8555,136.08,0,5,5
Fc1cc(cc(F)c1)CC(NC(=O)c1cc(cc(c1)/C(=N\O)/C)C(=O)N(CCC)CCC)C(O)C[NH2+]Cc1cc(OC)ccc1,BACE_307,8.5228786,1,625.72583,3.7518001,128.07001,4,6,16
S1(=O)(=O)N(c2cc(cc3n(cc(CC1)c23)CC)C(=O)NC([C@H](O)C[NH2+]CCC(F)(F)F)Cc1ccccc1)C,BACE_308,8.5228786,1,567.64349,0.64069998,116.63,3,3,11
Fc1cc(cc(F)c1)CC(NC(=O)C(N1CCC(NC(=O)C)(C(CC)C)C1=O)CCc1ccccc1)C(O)C1[NH2+]CC(OCc2cc(ccc2)C#N)C1,BACE_310,8.5228786,1,730.86298,3.2986,148.37,4,6,16
S(=O)(=O)(N(c1cc(cc(OCC)c1)C(=O)NC(Cc1ccccc1)C(O)C[NH2+]Cc1cc(ccc1)C(F)(F)F)c1ccccc1)C,BACE_309,8.5228786,1,656.73492,5.0219002,120.93,3,4,15
S1(=O)(=O)CC(Cc2cc(O[C@@H](C(F)(F)F)C)c(N)c(F)c2)C(O)C([NH2+]Cc2cc(ccc2)C(C)(C)C)C1,BACE_311,8.5228786,1,547.62567,3.2988999,114.61,3,3,9
Fc1cc(cc(F)c1)C[C@H](NC(=O)c1cc(cc(c1)C)C(=O)N(CCC)CCC)[C@H](O)[C@@H]1[NH2+]C[C@H](Oc2ccccc2)C1,BACE_11,8.5228786,1,594.71179,4.4597001,95.480003,3,4,13
Fc1cc(cc(F)c1)C[C@H](NC(=O)c1cc(cc(c1)C)C(=O)N(CCC)CCC)[C@H](O)[C@@H]1[NH2+]CCN(Cc2ccccc2)C1=O,BACE_12,8.5228786,1,621.73712,3.6923001,106.56,3,4,13
S1(=O)(=O)N(CCCC1)c1cc(cc(NCC)c1)C(=O)N[C@H]([C@H](O)C[NH2+]Cc1cc(ccc1)C(F)(F)F)Cc1ccccc1,BACE_13,8.5228786,1,619.71802,3.0941999,123.73,4,3,13
S(=O)(=O)(N(c1cc(cc(NCC)c1)C(=O)N[C@H]([C@H](O)C[NH2+][C@H](C(=O)NC1CCCCC1)C)Cc1ccccc1)c1ccccc1)C,BACE_14,8.5228786,1,650.85107,3.7235,152.83,5,4,15
S(=O)(=O)(N(C)c1cc(cc(c1)C(=O)NC(C(O)CC(C(=O)NC(C(C)C)C(=O)NCc1ccccc1)C)COc1cc(F)cc(F)c1)C(=O)NC(C)c1ccccc1)C,BACE_312,8.5086384,1,835.95551,4.9475999,191.62,5,7,19
S(=O)(=O)(N(C)c1cc(cc(c1)C(=O)NC(C(O)CC(OCCOC)C(=O)NC(C(C)C)C(=O)NCc1ccccc1)COc1cc(F)cc(F)c1)C(=O)NC(C)c1ccccc1)C,BACE_244,8.5086384,1,896.00751,3.8517001,210.08,5,9,23
s1ccnc1-c1cc(ccc1)CC(NC(=O)C(O)C)C(O)C[NH2+]C1CC2(Oc3ncc(cc13)CC(C)(C)C)CCC2,BACE_313,8.4948502,1,579.77319,2.7058001,149.42,4,6,11
S(=O)(=O)(N(C)c1cc2cc(c1)C(=O)N[C@H](C\C=C\COCC(NC2=O)C(O)C[NH2+]Cc1cc(ccc1)C(C)C)c1ccccc1)C,BACE_314,8.4948502,1,649.82001,2.1199,150.03,4,5,9
O1c2ncc(cc2C([NH2+]CC(O)C(NC(=O)COC)Cc2cc(ccc2)C#C)CC12CCC2)CC(C)(C)C,BACE_315,8.4685211,1,520.68292,3.5589001,97.290001,4,5,11
Fc1cc(ccc1OC)CC(NC(=O)C)C(O)C[NH2+]C1CC2(Oc3ncc(cc13)CC(C)(C)C)CCC2,BACE_317,8.4436979,1,514.65192,2.8843999,97.290001,3,5,10
S(=O)(=O)(N(C)c1cc(cc(c1)C(=O)NC(C(O)CC(C(=O)NC(C(C)C)C(=O)NCc1ccccc1)C)COCc1ccccc1)C(=O)NC(C)c1ccccc1)C,BACE_318,8.4436979,1,814.00122,4.3569999,191.62,5,7,20
Fc1ccccc1CC(NC(=O)C)C(O)C[NH2+]C1CC2(Oc3ncc(cc13)CC(C)(C)C)CCC2,BACE_316,8.4436979,1,484.62601,2.9008,88.059998,3,4,9
Fc1ccc(cc1C#C)CC(NC(=O)COC)C(O)C[NH2+]C1CC2(Oc3ncc(cc13)CC(C)(C)C)CCC2,BACE_319,8.431798,1,538.67328,3.7644,97.290001,4,5,11
s1ccnc1-c1cc(ccc1)CC(NC(=O)C)C(O)C[NH2+]C1CC2(Oc3ncc(cc13)CC(C)(C)C)CCC2,BACE_320,8.431798,1,549.74719,2.8936,129.19,3,5,10
S1(=O)C[C@@H](Cc2cc(O[C@H](COC)C(F)(F)F)c(N)c(F)c2)[C@H](O)[C@@H]([NH2+]Cc2cc(ccc2)C(C)(C)C)C1,BACE_15,8.3979397,1,561.65228,2.7232001,117.6,3,3,11
Fc1cc(cc(F)c1)C[C@H](NC(=O)c1cc(cc(c1)C)C(=O)N(CCC)CCC)[C@H](O)C[NH2+]Cc1cc(OC)ccc1,BACE_16,8.3979397,1,582.70111,4.4562001,95.480003,3,4,15
S1(=O)(=O)CC(Cc2cc(O[C@H](COCCOC)C(F)(F)F)c(N)c(F)c2)C(O)C([NH2+]Cc2cc(ccc2)C(C)(C)C)C1,BACE_324,8.3979397,1,621.70428,2.6882999,133.07001,3,5,14
S(=O)(=O)(N(c1cc(cc(c1)C(=O)NC(Cc1ccccc1)C(O)C[NH2+]Cc1cc(ccc1)C(F)(F)F)C1CCCC1)c1ccccc1)C,BACE_323,8.3979397,1,680.79932,6.4245,111.7,3,3,14
Fc1cc(cc(F)c1)CC(NC(=O)c1cc(cc(c1)C(=O)N(CCC)CCC)C(=O)C)C(O)C[NH2+]Cc1cc(OC)ccc1,BACE_322,8.3979397,1,610.71118,3.7098999,112.55,3,5,16
Fc1ccc(cc1C)CC(NC(=O)C)C(O)C[NH2+]C1CC2(Oc3ncc(cc13)CC(C)(C)C)CCC2,BACE_321,8.3979397,1,498.6525,3.3870001,88.059998,3,4,9
s1ccnc1-c1cc(ccc1)CC(NC(=O)COC)C(O)C[NH2+]C1CC2(Oc3ncc(cc13)CC(C)(C)C)CCC2,BACE_325,8.3872166,1,579.77319,2.6301,138.42,3,6,12
Fc1cc(cc(F)c1)CC(NC(=O)C(N1CCC(NC(=O)C)(C(CC)C)C1=O)CCc1ccccc1)C(O)C1[NH2+]Cc2c(C1)cccc2OC,BACE_326,8.3767509,1,691.82703,3.6991999,124.58,4,5,14
Fc1ccc(cc1OC)CC(NC(=O)C)C(O)C[NH2+]C1CC2(Oc3ncc(cc13)CC(C)(C)C)CCC2,BACE_327,8.3467875,1,514.65192,2.8843999,97.290001,3,5,10
Fc1cc(cc(F)c1)CC(NC(=O)C(N1CCC(C(O)CCC)C1=O)CCc1ccccc1)C(O)C1[NH2+]CC(OCCC)C1,BACE_328,8.3279018,1,616.75879,3.0062001,115.71,4,5,16
Fc1ccc(cc1)C[C@H](NC(=O)C)[C@H](O)C[NH2+][C@H]1CC2(Oc3ncc(cc13)CC(C)(C)C)CCC2,BACE_21,8.3010302,1,484.62601,2.9008,88.059998,3,4,9
Ic1cc(ccc1)C[NH2+]C[C@@H](O)[C@@H](NC(=O)c1cc(cc(c1)C)C(=O)N(CCC)CCC)Cc1cc(F)cc(F)c1,BACE_18,8.3010302,1,678.57159,5.0507998,86.25,3,3,14
Fc1cc(cc(F)c1)C[C@H](NC(=O)c1cc(cc(c1)C)C(=O)N(CCC)CCC)[C@H](O)[C@@H]1[NH2+]C[C@H](OCc2ccccc2)C1,BACE_17,8.3010302,1,608.7384,4.2800999,95.480003,3,4,14
O(C)c1cc(ccc1)C[NH2+]C[C@@H](O)[C@@H](NC(=O)[C@@H](N1CC[C@](NC(=O)C)([C@H](CC)C)C1=O)CCc1ccccc1)Cc1ccccc1,BACE_22,8.3010302,1,643.83533,3.1847999,124.58,4,5,17
O1c2ncc(cc2C([NH2+]CC(O)C(NC(=O)C)Cc2ccccc2)CC12CCC2)CC(C)C,BACE_334,8.3010302,1,452.60889,2.4891,88.059998,3,4,9
Fc1cc(cc(F)c1)C[C@H](NC(=O)c1cc(cc(c1)C)C(=O)N(CCC)CCC)[C@H](O)[C@@H]1[NH2+]CN(Cc2ccccc2)C1=O,BACE_19,8.3010302,1,607.71051,3.6745999,106.56,3,4,13
S(=O)(=O)(N(c1cc(cc(c1)C(=O)NC(Cc1ccccc1)C(O)C[NH2+]Cc1cc(ccc1)C(F)(F)F)C(C)C)c1ccccc1)C,BACE_333,8.3010302,1,654.76208,5.8836999,111.7,3,3,14
S1(=O)(=O)N(c2cc(cc3c2n(cc3CC)CC1)C(=O)N[C@H]([C@H](O)C[NH2+]C1CCOCC1)Cc1ccccc1)CC,BACE_332,8.3010302,1,569.73529,1.1727999,125.86,3,4,10
S1(=O)(=O)N(c2cc(cc3c2n(cc3CC)CC1)C(=O)NC(Cc1ccccc1)C(O)C[NH2+]C(CCCC(C)C)(C)C)C,BACE_331,8.3010302,1,597.8316,4.0581999,116.63,3,3,13
S1(=O)(=O)N(c2cc(cc3n(cc(CC1)c23)CC)C(=O)NC([C@H](O)CNc1ccccc1)Cc1ccccc1)C,BACE_330,8.3010302,1,546.68042,3.7305,112.05,3,3,9
S1(=O)(=O)N(c2cc(cc3n(cc(CC1)c23)CC)C(=O)NC(Cc1ccccc1)C(O)C[NH2+]C1CCOCC1)C,BACE_329,8.3010302,1,555.7088,0.48649999,125.86,3,4,9
S(=O)(=O)(N1C[C@@H]([NH2+]CC1)[C@@H](O)[C@@H](NC(=O)c1cc(cc(c1)C)C(=O)N(CCC)CCC)Cc1cc(F)cc(F)c1)c1ccccc1,BACE_20,8.3010302,1,657.79077,3.5020001,132.00999,3,4,13
Fc1cc(cc(F)c1)CC(NC(=O)C(N1CCC(C(O)CCC)C1=O)CCc1ccccc1)C(O)C[NH2+]Cc1cc(OC)ccc1,BACE_335,8.2839966,1,638.76428,3.8933001,115.71,4,5,17
s1cncc1-c1cc(ccc1)CC(NC(=O)COC)C(O)C[NH2+]C1CC2(Oc3ncc(cc13)CC(C)(C)C)CCC2,BACE_336,8.2839966,1,579.77319,2.6519001,138.42,3,6,12
O=C1N(C)C(=[NH2+])NC1(C1CC1)c1cc(ccc1)-c1cc(cnc1)C#CC,BACE_245,8.2676058,1,345.4176,2.3763001,70.82,1,2,3
O1c2ncc(cc2C([NH2+]CC(O)C(NC(=O)COC)Cc2cc3OCOc3cc2)CC12CCC2)CC(C)(C)C,BACE_337,8.2676058,1,540.67102,2.1998999,115.75,3,7,11
s1ccnc1-c1cc(ccc1)C[C@H](NC(=O)[C@H](OC)C)[C@H](O)C[NH2+][C@H]1CC2(Oc3ncc(cc13)CC(C)(C)C)CCC2,BACE_23,8.2596369,1,593.7998,3.1143,138.42,3,6,12
s1ccnc1-c1cc(ccc1)CC(NC(=O)COCC)C(O)C[NH2+]C1CC2(Oc3ncc(cc13)CC(C)(C)C)CCC2,BACE_340,8.2441254,1,593.7998,2.9789,138.42,3,6,13
Fc1cc(cc(F)c1)CC(NC(=O)C(N1CCC(CC(C)C)C1=O)CCc1ccccc1)C(O)C1[NH2+]CC(OCCC)C1,BACE_338,8.2441254,1,600.7594,3.9037001,95.480003,3,4,15
s1cc(nc1-c1cc(ccc1)CC(NC(=O)COC)C(O)C[NH2+]C1CC2(Oc3ncc(cc13)CC(C)(C)C)CCC2)C,BACE_339,8.2441254,1,593.7998,2.9126999,138.42,3,6,12
O1c2ncc(cc2C([NH2+]CC(O)C(NC(=O)C)Cc2ccccc2)CC12CCC2)CC(C)(C)C,BACE_341,8.2365723,1,466.6355,2.6953001,88.059998,3,4,9
O1c2c(cc(cc2)CC)C([NH2+]CC(O)C2NC(=O)C=3C=C(c4ncccc4)C(=O)N(CCCCc4cc(C2)ccc4)C=3)CC12CCC2,BACE_343,8.2291479,1,633.79901,5.4973001,110.06,3,5,6
Fc1cc(cc(F)c1)CC(NC(=O)C(N1CCC(NC(=O)C)(C(CC)C)C1=O)CCc1ccccc1)C(O)C1[NH2+]CC(Oc2cccnc2)C1,BACE_342,8.2291479,1,692.815,2.4487,137.47,4,6,15
s1cc(cc1C12N=C(N)N(C)C(=O)C1CN(C2)c1ncccc1C#N)-c1cc(ccc1)C#N,BACE_246,8.2218485,1,453.51901,2.7507999,150.64,0,5,4
S(=O)(=O)(N(c1cc(cc(c1)/C(=N\OCCC)/C)C(=O)NC([C@@H](O)C[NH2+]Cc1cc(OC)ccc1)Cc1cc(F)cc(F)c1)c1ccccc1)C,BACE_344,8.2218485,1,709.82233,4.8606,142.52,3,6,17
FC1(F)COC(=NC1(C)c1cc(NC(=O)c2ncc(OCC#CC)nc2)ccc1F)N,BACE_350,8.2218485,1,433.38379,2.9835999,111.72,1,6,5
S1(=O)(=O)CC(Cc2cc(OCC(F)(F)F)c(N)c(F)c2)C(O)C([NH2+]Cc2cc(ccc2)C(C)(C)C)C1,BACE_348,8.2218485,1,533.59912,2.9214001,114.61,3,3,9
S1(=O)(=O)CC(Cc2cc(OCC(F)F)c(N)c(F)c2)C(O)C([NH2+]Cc2cc(ccc2)C(C)(C)C)C1,BACE_347,8.2218485,1,515.6087,2.4270999,114.61,3,3,9
S(=O)(=O)(N(c1cc(cc(N2CCCC2=O)c1)C(=O)NC(Cc1ccccc1)C(O)C[NH2+]Cc1cc(ccc1)C(F)(F)F)c1ccccc1)C,BACE_346,8.2218485,1,695.77087,4.2712002,132.00999,3,4,14
S1(=O)(=O)N(CCCC1)c1cc(cc(NCC)c1)C(=O)N[C@H]([C@H](O)C[NH2+]C(C)(C)c1cc(ccc1)C(F)(F)F)Cc1ccccc1,BACE_345,8.2218485,1,647.77118,3.6767001,123.73,4,3,13
S1(=O)(=O)CC(Cc2cc(OC(C(F)(F)F)C(F)(F)F)c(N)c(F)c2)C(O)C([NH2+]Cc2cc3c(COC3(C)C)cc2)C1,BACE_349,8.2218485,1,615.58063,2.6970999,123.84,3,4,9
Fc1c2c(ccc1)C(N=C2N)(C=1C=C(C)C(=O)N(C=1)C)c1cc(ccc1)C#CC1CC1,BACE_351,8.2160969,1,411.47079,6.0237999,60.380001,0,2,3
s1ccnc1-c1cc(ccc1F)CC(NC(=O)COC)C(O)C[NH2+]C1CC2(Oc3ncc(cc13)CC(C)(C)C)CCC2,BACE_353,8.2146702,1,597.76367,2.8355999,138.42,3,6,12
Fc1cc(cc(F)c1)CC(NC(=O)C(N1CCC(NC(=O)C)(C(CC)C)C1=O)CCc1ccccc1)C(O)C[NH2+]Cc1cc(OC)ccc1,BACE_352,8.2146702,1,679.81628,3.5957999,124.58,4,5,17
s1ccnc1-c1cc(ccc1)CC(NC(=O)C1OCCC1)C(O)C[NH2+]C1CC2(Oc3ncc(cc13)CC(C)(C)C)CCC2,BACE_354,8.2006598,1,605.81049,3.2265,138.42,3,6,11
Fc1c2c(ccc1)C(N=C2N)(c1cc(ccc1)-c1cc(cnc1)C#CC)c1cc(ncc1)C(F)F,BACE_355,8.1877556,1,468.4725,5.2479,64.160004,0,3,4
Fc1cc(F)ccc1CC(NC(=O)C)C(O)C[NH2+]C1CC2(Oc3ncc(cc13)CC(C)(C)C)CCC2,BACE_356,8.1870871,1,502.61639,3.1063001,88.059998,3,4,9
S(=O)(=O)(N(C)c1cc(cc(c1)C(=O)N[C@H]([C@@H](O)C[C@H](C(=O)N[C@@H](C(C)C)C(=O)NCc1ccccc1)C)COCc1cc(F)cc(F)c1)C(=O)N[C@H](C)c1ccccc1)C,BACE_24,8.1804562,1,849.98212,4.7680001,191.62,5,7,20
s1cc(nc1)-c1cc(ccc1)CC(NC(=O)COC)C(O)C[NH2+]C1CC2(Oc3ncc(cc13)CC(C)(C)C)CCC2,BACE_359,8.1611509,1,579.77319,2.6519001,138.42,3,6,12
Fc1cc(cc(F)c1)CC(NC(=O)C)C(O)C[NH2+]C1CC2(Oc3ncc(cc13)CC(C)(C)C)CCC2,BACE_358,8.1611509,1,502.61639,3.1063001,88.059998,3,4,9
S1(=O)CC(Cc2cc(OC(CO)C(F)(F)F)c(N)c(F)c2)C(O)C([NH2+]Cc2cc(ccc2)C(C)(C)C)C1,BACE_364,8.1549015,1,547.62567,2.3146999,128.60001,4,3,10
S1(=O)(=O)CC(Cc2cc(OC(C(F)(F)F)C(F)(F)F)c(N)c(F)c2)C(O)C([NH2+]Cc2noc(c2)CC(C)(C)C)C1,BACE_363,8.1549015,1,606.57391,2.9077001,140.64,3,5,11
S(=O)(=O)(N(C)c1cc(cc(c1)C(=O)NC(C)c1ccc(F)cc1)-c1oc(cn1)C([NH3+])(Cc1ccccc1)C)C,BACE_362,8.1549015,1,551.65222,2.6296999,128.53,2,4,9
S1(=O)(=O)N(c2cc(cc3c2n(cc3CC)CC1)C(=O)NC(Cc1ccccc1)C(O)C[NH2+]C1CCCCC1)CC,BACE_361,8.1549015,1,567.76251,3.1898999,116.63,3,3,10
S1(=O)(=O)N(c2cc(cc3c2n(cc3CC)CC1)C(=O)NC(Cc1ccccc1)C(O)C[NH2+]CCC(F)(F)F)C,BACE_360,8.1549015,1,567.64349,0.97820002,116.63,3,3,11
Fc1cc(cc(F)c1)C[C@H](NC(=O)c1cc(cc(c1)C)C(=O)N(CCC)CCC)[C@H](O)[C@@H]1[NH2+]CC[C@H](OCC)C1,BACE_25,8.1549015,1,560.69562,3.1078,95.480003,3,4,13
s1ccnc1-c1cc(ccc1)CC(NC(=O)[C@@H](OC)C)C(O)C[NH2+]C1CC2(Oc3ncc(cc13)CC(C)(C)C)CCC2,BACE_365,8.1426678,1,593.7998,3.1143,138.42,3,6,12
Fc1cc(cc(F)c1)CC(NC(=O)c1c2c(n(c1)C(=O)N(CCCC)C)cccc2)C(O)C[NH2+]Cc1cc(OC)ccc1,BACE_366,8.1307678,1,593.68402,4.9219999,100.41,3,4,13
S(=O)(=O)(N(C)c1cc2cc(c1)C(=O)NC(COC\C=C/CCN(C)C2=O)C(O)C[NH2+]Cc1cc(ccc1)C(C)C)C,BACE_367,8.124939,1,587.75061,0.71359998,141.24001,3,5,8
O1c2ncc(cc2C([NH2+]CC(O)C(NC(=O)C)Cc2cc3OCOc3cc2)CC12CCC2)CC(C)(C)C,BACE_373,8.0969105,1,510.64499,2.4633999,106.52,3,6,9
S1(=O)(=O)CC(Cc2cc(CC)c(NC(=O)C)c(F)c2)C(O)C([NH2+]Cc2cc(ccc2)C(C)(C)C)C1,BACE_372,8.0969105,1,505.66501,2.7398,108.46,3,3,8
S(=O)(=O)(N(c1cc(ccc1)C(=O)NC(Cc1ccccc1)C(O)C[NH2+]C(C(=O)NC1CCCCC1)C)c1cc(ccc1)C#N)C,BACE_371,8.0969105,1,632.79279,3.4449,164.59,4,5,13
S1(=O)(=O)N(c2cc(cc3c2n(cc3CC)C1)C(=O)NC(Cc1ccccc1)C(O)C[NH2+]Cc1cc(OC)ccc1)C,BACE_370,8.0969105,1,577.71429,2.5322001,125.86,3,4,11
S1(Oc2cc(cc3c2n(cc3CC)CC1)C(=O)NC([C@H](O)C[NH2+]Cc1cc(ccc1)C(F)(F)F)Cc1ccccc1)(=O)=O,BACE_368,8.0969105,1,616.67102,3.95,122.62,3,3,11
S1(=O)(=O)N(c2cc(cc3n(cc(CC1)c23)CC)C(=O)N[C@H]([C@H](O)C[NH2+]CCC)Cc1ccccc1)C,BACE_369,8.0969105,1,513.67212,1.5178,116.63,3,3,10
Clc1cc2CC([NH+]=C(N[C@@H](C[C@H]3[C@H](SC=C3c3cn[nH]c3)CCC)C(=O)[O-])c2cc1)(C)C,BACE_27,8.0969095,1,473.0307,1.6334,120.11,2,2,8
O1C[C@]2(N=C1N)c1cc(ccc1Oc1c2cc(OCC(C)C)cc1)-c1cncnc1,BACE_28,8.0969095,1,402.4458,3.5874,91.849998,0,6,4
Fc1cc(cc(F)c1)C[C@H](NC(=O)[C@@H](N1CC[C@](NC(=O)C)(CC(C)C)C1=O)CCc1ccccc1)[C@H](O)[C@@H]1[NH2+]Cc2c(C1)cccc2,BACE_29,8.0969095,1,661.80103,3.6480999,115.35,4,4,13
O=C1N(C)C(=NC1(c1cc(ccc1)-c1cncnc1)c1cn(nc1)CCCC)N,BACE_374,8.0969095,1,389.45361,1.6133,102.29,0,5,6
Clc1cc2CC(N=C(NC(Cc3c(csc3CCC)-c3cn[nH]c3)C(=O)[O-])c2cc1)(C)C,BACE_375,8.0969095,1,470.00681,3.8280001,121.44,1,2,8
S1(=O)CC(Cc2cc(OCC(F)(F)F)c(N)c(F)c2)C(O)C([NH2+]Cc2cc(ccc2)C(C)(C)C)C1,BACE_376,8.0969095,1,517.59967,2.8254001,108.37,3,2,9
S(=O)(=O)(N(C)c1cc(cc(c1)C(=O)N[C@@H](Cc1ccccc1)C[NH2+][C@H](C(=O)NCC(C)C)C)C(=O)N[C@H](C)c1ccc(F)cc1)C,BACE_26,8.0969095,1,654.815,2.5710001,149.67,4,4,15
Fc1c2c(ccc1)C(N=C2N)(C=1C=C(C)C(=O)N(C=1)CC)c1cc(ccc1)-c1cc(cnc1)C#N,BACE_377,8.0830202,1,463.50562,4.1943002,97.059998,0,4,4
Clc1ccc(cc1)CC(NC(=O)C)C(O)C[NH2+]C1CC2(Oc3ncc(cc13)CC(C)(C)C)CCC2,BACE_378,8.0809221,1,501.0806,3.3597,88.059998,3,4,9
s1c2OC(C[C@H]([NH2+]C[C@@H](O)[C@@H](NC(=O)C)Cc3ccccc3)c2cc1CC(C)(C)C)(C)C,BACE_30,8.0705814,1,459.66449,2.9308,103.41,3,3,9
Fc1cc(cc(F)c1)CC(NC(=O)c1c2cccnc2n(c1)C(=O)N(CCCC)C)C(O)C[NH2+]Cc1cc(ccc1)CC,BACE_379,8.0655012,1,592.69922,4.8347998,104.07,3,4,13
Fc1cc(cc(F)c1)CC(NC(=O)C)C(O)C[NH2+]C1(CC\C(=N\O)\CC1)c1cc(ccc1)C(C)(C)C,BACE_380,8.0555172,1,502.61639,2.7571001,98.529999,4,4,9
S(=O)(=O)(N(c1cc(cc(c1)/C(=N\O)/C)C(=O)N[C@H]([C@@H](O)C[NH2+]Cc1cc(OC)ccc1)Cc1cc(F)cc(F)c1)c1ccccc1)C,BACE_382,8.0457573,1,667.74261,3.9236,153.52,4,6,14
O1CCCCOc2nc(cc(c2)C(=O)NC(Cc2cc1ccc2)C(O)C[NH2+]C1(CC1)c1cc(ccc1)C(C)C)COC,BACE_385,8.0457573,1,574.73029,5.7519002,106.52,3,6,8
S1(=O)(=O)N(c2cc(cc3c2n(cc3CC)CC1)C(=O)NC(Cc1ccccc1)C(O)C[NH2+]C1CCCCC1)C,BACE_384,8.0457573,1,553.7359,2.8411,116.63,3,3,9
S1(=O)(=O)N(c2cc(cc3n(cc(CC1)c23)CC)C(=O)NC([C@H](O)C[NH2+]C1CC1)Cc1ccccc1)C,BACE_383,8.0457573,1,511.65619,2.1470001,116.63,3,3,9
S(=O)(=O)(N(C)c1cc(cc(c1)/C(=N\OCc1ccccc1)/C)C(=O)N[C@H]([C@@H](O)C[NH2+]Cc1cc(OC)ccc1)Cc1cc(F)cc(F)c1)C,BACE_381,8.0457573,1,695.79572,3.3578,142.52,3,6,16
s1ccnc1-c1cc(ccc1)CC(NC(=O)[C@H]1OCCC1)C(O)C[NH2+]C1CC2(Oc3ncc(cc13)CC(C)(C)C)CCC2,BACE_386,8.036212,1,605.81049,3.2265,138.42,3,6,11
O1c2ncc(cc2C([NH2+]CC(O)C(NC(=O)COC)Cc2cc(ccc2)-c2ncccc2)CC12CCC2)CC(C)(C)C,BACE_387,8.031517,1,573.74548,3.2281001,110.18,3,6,12
s1ccnc1-c1cc(CC(NC(=O)COC)C(O)C[NH2+]C2CC3(Oc4ncc(cc24)CC(C)(C)C)CCC3)c(F)cc1,BACE_388,8.0222759,1,597.76367,2.8355999,138.42,3,6,12
O1c2ncc(cc2C([NH2+]CC(O)C(NC(=O)COC)Cc2cc(ccc2)-c2occn2)CC12CCC2)CC(C)(C)C,BACE_389,8.0177288,1,563.70758,2.0718999,123.32,3,7,12
O1c2ncc(cc2C([NH2+]CC(O)C2NC(=O)C=3C=CC(=O)N(CCCCc4cc(C2)ccc4)C=3)CC12CCC2)CC(C)(C)C,BACE_390,8.0132284,1,599.78278,5.0064001,110.06,3,5,6
s1ccnc1-c1cc(ccc1)CC(NC(=O)C(OC)OC)C(O)C[NH2+]C1CC2(Oc3ncc(cc13)CC(C)(C)C)CCC2,BACE_391,8.0087738,1,609.79919,2.9177001,147.64999,3,7,13
FCC#Cc1cc(ccc1)[C@]1(N=C(N)N(C)C1=O)c1ccc(OC(F)F)cc1,BACE_403,8.0,1,387.3551,4.0970001,67.919998,0,3,5
Fc1ncccc1-c1cc(ccc1)[C@]1(N=C(N)N(C)C1=O)c1ccc(OC(F)F)cc1,BACE_402,8.0,1,426.3912,4.1283998,80.809998,0,4,5
Clc1ccc(N(S(=O)(=O)C)c2cc(ccc2)C(=O)NC(Cc2ccccc2)C(O)C[NH2+]C(C(=O)NC2CCCCC2)C)cc1,BACE_401,8.0,1,642.22839,4.2304001,140.8,4,4,13
Fc1ccc(cc1-c1cccnc1F)[C@@]1(N=C(N)N(C)C1=O)c1cc(C)c(OC)cc1,BACE_398,8.0,1,422.42731,3.9981999,80.809998,0,4,4
FC(F)Oc1ccc(cc1)[C@@]1(N=C(N)N(C)C1=O)c1cc(ccc1)C#CCCO,BACE_405,8.0,1,399.39069,3.4782,88.150002,1,4,6
FCCC#Cc1cc(ccc1)[C@]1(N=C(N)N(C)C1=O)c1ccc(OC(F)F)cc1,BACE_404,8.0,1,401.38171,4.4182,67.919998,0,3,6
Fc1ncccc1-c1cc(ccc1)C1(N=C(N)N(C)C1=O)c1cc(nc(c1)CC)CC,BACE_400,8.0,1,417.4787,4.0713,84.470001,0,4,5
Fc1cc(cc(F)c1)CC(NC(=O)c1cc(cc(Oc2ccc(OC)cc2)c1)C(=O)N(CCC)CCC)C(O)C[NH2+]Cc1cc(OC)ccc1,BACE_396,8.0,1,690.79578,5.5138001,113.94,3,6,18
S1(=O)(=O)N(c2cc(cc3n(cc(CC1)c23)CC)C(=O)N[C@H]([C@H](O)C[NH2+]C(CC)C)Cc1ccccc1)C,BACE_397,8.0,1,527.69873,1.8953,116.63,3,3,10
Fc1cc(cc(F)c1)CC(NC(=O)c1cc(cc(Oc2ccccc2)c1)C(=O)N(CCC)CCC)C(O)C[NH2+]Cc1cc(OC)ccc1,BACE_395,8.0,1,660.7699,5.5302,104.71,3,5,17
S(=O)(=O)(N(c1cc(cc(c1)/C(=N/OC)/C)C(=O)NC([C@@H](O)C[NH2+]Cc1cc(OC)ccc1)Cc1cc(F)cc(F)c1)c1ccccc1)C,BACE_394,8.0,1,681.76923,3.9881001,142.52,3,6,15
Fc1cc(cc(F)c1)CC(NC(=O)c1cc(cc(c1)C(=O)N(CCC)CCC)CCO)C(O)C[NH2+]Cc1cc(OC)ccc1,BACE_393,8.0,1,612.72711,3.6867001,115.71,4,5,17
Fc1cc(cc(F)c1)CC(NC(=O)c1cc(cc(c1)/C(=N\OCC=C)/C)C(=O)N(CCC)CCC)C(O)C[NH2+]Cc1cc(OC)ccc1,BACE_392,8.0,1,665.78967,4.4331002,117.07,3,6,19
Fc1ccc(cc1OCCCF)[C@]1(N=C(N)N(C)C1=O)c1ccc(OC(F)F)cc1,BACE_407,8.0,1,425.3768,3.8232,77.150002,0,4,8
S(CC[C@H](NC(=O)[C@@H](NC(=O)C)CC(C)C)C(=O)N[C@H]([C@@H](O)[C@@H]1CC(=O)C[C@H]1C(=O)N[C@@H](C(C)C)C(=O)[NH2+]CCCC)CC(C)C)C,BACE_31,8.0,1,684.95038,0.7317,212.67999,6,8,21
FC(F)Oc1ccc(cc1)[C@@]1(N=C(N)N(C)C1=O)c1cc(ccc1)C#CCCCCO,BACE_406,8.0,1,427.44379,4.3906002,88.150002,1,4,8
S(=O)(=O)(N(C)c1cc(cc(c1)C(=O)NC(C(O)C[C@@H](C(=O)NC(C(C)C)C(=O)NCc1ccccc1)C)COc1cc(F)cc(F)c1)C(=O)NC(C)c1ccccc1)C,BACE_399,8.0,1,835.95551,4.9475999,191.62,5,7,19
FC(F)CCOc1cc(ccc1)[C@]1(N=C(N)N(C)C1=O)c1ccc(OC(F)F)cc1,BACE_408,8.0,1,425.3768,3.9233999,77.150002,0,4,8
O1CCC(CC1)CNC(=O)C(Cc1cc2cc(ccc2nc1N)-c1ccccc1C)C,BACE_410,8.0,1,417.54321,4.3969998,77.239998,2,3,6
Fc1cc(cc(F)c1)CC(NC(=O)C(N1CCC(NC(=O)C)(C(CC)C)C1=O)CCc1ccccc1)C(O)C1[NH2+]CC(OCc2ccc(F)cc2)C1,BACE_411,8.0,1,723.84399,3.6252,124.58,4,5,16
Fc1ncccc1-c1cc(ccc1)C1(N=C(N)N(C)C1=O)c1cn(nc1)CC,BACE_412,8.0,1,378.40289,1.851,89.400002,0,4,4
Fc1ncccc1-c1cc(ccc1)C1(N=C(N)N(C)C1=O)c1cn(nc1)CCCC,BACE_413,8.0,1,406.45599,2.8309,89.400002,0,4,6
s1cc(cc1C(=O)CC)C1(N=C(N)N(C)C1=O)c1cc(ccc1)-c1cccnc1F,BACE_414,8.0,1,422.47531,3.4556,116.89,0,4,5
O1c2c(cc(cc2)-c2cc(cnc2)C#CC)C2(N=C(N)N(C)C2=O)CC1(C)C,BACE_415,8.0,1,374.4357,2.6736,80.809998,0,4,2
S1(=O)CC(Cc2cc(OC(COC)C(F)(F)F)c(N)c(F)c2)C(O)C([NH2+]C(C)c2cc(ccc2)C(C)(C)C)C1,BACE_416,8.0,1,575.67889,3.1006999,117.6,3,3,11
S1(=O)CC(Cc2cc(OC(COC)C(F)(F)F)c(N)c(F)c2)C(O)C([NH2+]Cc2cc(ccc2F)C(C)(C)C)C1,BACE_417,8.0,1,579.64282,2.9287,117.6,3,3,11
Fc1cc(cc(F)c1)C[C@H](NC(=O)c1c2cccnc2n(c1)C(=O)N1CCC[C@@H]1COC)[C@H](O)C[NH2+]Cc1cc(OC)ccc1,BACE_409,8.0,1,622.68213,2.9061,122.53,3,6,12
s1cc(cc1)C[C@H](NC(=O)c1cc(nc(NC[C@H]2C[C@@H]2C)c1)N(S(=O)(=O)C)C)[C@@H]([NH3+])CCCC,BACE_32,7.9586072,1,508.72021,2.1794,155.66,3,3,13
Fc1c(cccc1C#C)CC(NC(=O)COC)C(O)C[NH2+]C1CC2(Oc3ncc(cc13)CC(C)(C)C)CCC2,BACE_427,7.9586072,1,538.67328,3.7644,97.290001,4,5,11
s1ccnc1-c1cc(ccc1)CC(NC(=O)CC)C(O)C[NH2+]C1CC2(Oc3ncc(cc13)CC(C)(C)C)CCC2,BACE_428,7.9586072,1,563.7738,3.5604999,129.19,3,5,11
O=C(NCC1CCCCC1)[C@@H](Cc1cc2cc(ccc2nc1N)-c1ccccc1C)CCC,BACE_34,7.9586072,1,443.6236,7.0788999,68.010002,2,2,8
O=C(c1cc2CN(CCC(=O)N(C)C3CCCCC3)C(=[NH+]c2cc1)N)c1ccccc1,BACE_247,7.9586072,1,419.53922,2.0543001,80.610001,0,2,6
O(C)c1cc(ccc1)C[NH2+]CC(O)C(NC(=O)C(N1CCC(NC(=O)C)(CC2CC2)C1=O)CCc1ccccc1)Cc1ccccc1,BACE_425,7.9586072,1,641.81952,3.7577,124.58,4,5,17
S1(=O)(=O)CC(Cc2cc(OC3CCC3)c(N)c(F)c2)C(O)C([NH2+]Cc2cc(ccc2)C(C)(C)C)C1,BACE_426,7.9586072,1,505.66501,2.8599,114.61,3,3,8
Fc1cc(cc(F)c1)C[C@H](NC(=O)c1cc(cc(c1)C(=O)N)C(=O)N(CCC)CCC)[C@H](O)C[NH2+]Cc1cc(OC)ccc1,BACE_33,7.9586072,1,611.69922,2.9408,138.57001,4,5,16
Clc1cccnc1-c1cc2cc(CC(C(=O)NCCC(C)(C)C)C)c(nc2cc1)N,BACE_424,7.9586072,1,424.96631,5.2205,80.900002,2,3,7
Clc1cc(N(S(=O)(=O)C)c2cc(ccc2)C(=O)NC(Cc2ccccc2)C(O)C[NH2+]C(C(=O)NC2CCCCC2)C)cc(Cl)c1,BACE_423,7.9586072,1,676.6734,4.8948002,140.8,4,4,13
S(=O)(=O)(N(c1cc(ccc1)C(=O)NC(Cc1ccccc1)C(O)C[NH2+]C(C(=O)NC1CCCCC1)C)c1ccc(OC)cc1)C,BACE_422,7.9586072,1,637.80933,3.5495999,150.03,4,5,14
S1(=O)(=O)N(c2cc(cc3n(cc(CC1)c23)CC)C(=O)NC([C@H](O)C[NH2+]CC#C)Cc1ccccc1)C,BACE_421,7.9586072,1,509.64029,1.8375,116.63,4,3,9
S(=O)(=O)(c1cc(cc(c1)C(=O)NC(Cc1cc(F)cc(F)c1)C(O)C[NH2+]Cc1cc(OC)ccc1)C(=O)N(CCC)CCC)c1ccccc1,BACE_420,7.9586072,1,708.83429,5.0725999,138.0,3,5,17
Fc1ccc(cc1C(F)(F)F)CC(NC(=O)C)C(O)C[NH2+]C1CC2(Oc3ncc(cc13)CC(C)(C)C)CCC2,BACE_418,7.9586072,1,552.6239,3.8431001,88.059998,3,4,10
S(=O)(=O)(N(c1cc(ccc1)C(=O)N[C@H]([C@@H](O)C[NH2+]Cc1cc(OC)ccc1)Cc1cc(F)cc(F)c1)c1ccccc1)C,BACE_419,7.9586072,1,610.69128,4.1417999,120.93,3,4,13
S(=O)(=O)(N(C)c1cc(cc(c1)C(=O)N[C@H](C)c1ccc(F)cc1)-c1oc(nn1)[C@]([NH3+])(Cc1ccccc1)C)C,BACE_35,7.9208188,1,552.6402,2.2669001,141.42,2,5,9
O(C)c1c(cc(cc1C)[C@@]1([NH+]=C(N)C(=N1)C)c1cc(ccc1)-c1cncnc1)C,BACE_36,7.9208188,1,386.4696,1.5707999,87.360001,0,4,4
Fc1cc(cc(F)c1)C[C@H](NC(=O)C)[C@H](O)C[NH2+][C@]1(CCc2n[nH]cc2C1)c1cc(ccc1)C(C)(C)C,BACE_37,7.9208188,1,511.6265,2.8645,94.620003,4,3,9
Fc1ccc(NC(=O)c2ncc(cc2)C#N)cc1[C@]1(N=C(O[C@@H](C1)C(F)(F)F)N)C,BACE_38,7.9208188,1,421.3483,2.9528999,113.39,1,5,4
Fc1ccc(cc1C#CCOC)[C@]1(N=C(N)N(C)C1=O)c1ccc(OC(F)F)cc1,BACE_431,7.9208188,1,417.3811,3.7709999,77.150002,0,4,6
S(=O)(=O)(N(c1cc(cc(c1)/C(=N\OCc1ccccc1)/C)C(=O)N[C@H]([C@@H](O)C[NH2+]Cc1cc(OC)ccc1)Cc1cc(F)cc(F)c1)c1ccccc1)C,BACE_429,7.9208188,1,757.86511,5.5716,142.52,3,6,17
S(=O)(=O)(c1cc(cc(c1)C(=O)NC(Cc1cc(F)cc(F)c1)C(O)C[NH2+]Cc1cc(OC)ccc1)C(=O)N(CCC)CCC)c1ccc(OC)cc1,BACE_430,7.9208188,1,738.86023,5.0562,147.23,3,6,18
Fc1cc(cc(F)c1)C[C@H](NC(=O)c1c2cccnc2n(c1)C(=O)N1CCC[C@@H]1COCC)[C@H](O)C[NH2+]Cc1cc(OC)ccc1,BACE_432,7.9208188,1,636.70868,3.2549,122.53,3,6,13
Clc1ccc(nc1)C(=O)Nc1cc(C2(N=C(N)N(CC2)C)C)c(F)cc1,BACE_433,7.9208188,1,375.82779,2.2609,83.610001,1,3,3
S1(=O)CC(Cc2cc(OC(COC)C(F)(F)F)c(N)c(F)c2)C(O)C([NH2+]Cc2cc(ccc2)C(CO)(C)C)C1,BACE_434,7.9208188,1,577.65167,1.6325001,137.83,4,4,12
Fc1c2c(ccc1)C(N=C2N)(C=1C=C(C)C(=O)N(C=1)CC)c1cc(ccc1)-c1cc(F)cnc1,BACE_435,7.8894105,1,456.4866,4.5208998,73.269997,0,3,4
S1(=O)(=O)N(c2cc(cc3n(cc(CC1)c23)CC)C(=O)NC(Cc1ccccc1)C(=O)C[NH2+]C1CCOCC1)C,BACE_437,7.8860564,1,553.69287,0.41330001,122.7,2,4,9
S(=O)(=O)(N(c1cc(cc(c1)C(=O)NC(Cc1ccccc1)C(O)C[NH2+]Cc1cc(ccc1)C(F)(F)F)-c1ccccc1)c1ccccc1)C,BACE_438,7.8860564,1,688.77832,6.2079,111.7,3,3,14
S1(=O)(=O)N(c2cc(cc3n(cc(CC1)c23)CC)C(=O)NC(Cc1ccccc1)C(O)(O)C[NH2+]C1CCOCC1)C,BACE_248,7.8860564,1,571.70819,0.096600004,146.09,4,5,9
O=C1N(CCC1)c1cc(cc(NCC)c1)C(=O)N[C@H]([C@H](O)C[NH2+][C@H](C(=O)NC1CCCCC1)C)Cc1ccccc1,BACE_39,7.8860564,1,564.73871,1.9744,127.38,5,4,13
Fc1ccc(NC(=O)c2ncc(cc2)C#N)cc1[C@]1(N=C(O[C@H](C(F)(F)F)[C@@H]1F)N)C,BACE_40,7.8860564,1,439.33881,3.3197999,113.39,1,5,4
S1(=O)CC(Cc2cc(OC(COC)C(F)(F)F)c(N)c(F)c2)C(O)C([NH2+]Cc2cc(ccc2)C(O)(C)C)C1,BACE_442,7.8860564,1,563.62512,1.3008,137.83,4,4,11
FC1(F)COC(=NC1(C)c1cc(NC(=O)c2ncc(OCC#C)nc2)ccc1F)N,BACE_441,7.8860564,1,419.35721,3.0341001,111.72,2,6,5
S(c1cc(cc(c1)C(=O)NC(Cc1cc(F)cc(F)c1)C(O)C[NH2+]Cc1cc(OC)ccc1)C(=O)N(CCC)CCC)c1ccccc1,BACE_436,7.8860564,1,676.83551,6.0883999,120.78,3,4,17
Fc1ccc(cc1C#CCOC)[C@]1(N=C(N)N(C)C1=O)c1cc(C)c(OC(F)F)cc1,BACE_439,7.8860564,1,431.40771,4.2571998,77.150002,0,4,6
Fc1cc(cc(F)c1)CC(NC(=O)c1c2cc(F)ccc2n(c1)C(=O)N(CCCC)C)C(O)C[NH2+]Cc1cc(OC)ccc1,BACE_440,7.8860564,1,611.67438,5.1275001,100.41,3,4,13
FC1(F)CN2C(=NC1)C(N=C2N)(c1cc(ccc1)-c1cc(OC)cnc1)c1ccc(OC(F)F)cc1,BACE_443,7.8600001,1,499.46021,4.0932002,85.330002,0,5,6
Fc1cc(cc(F)c1)C[C@H](NC(=O)c1cc(cc(c1)C)C(=O)N(CCC)CCC)[C@H](O)[C@@H]1[NH2+]CC[C@@H](C1)C\C=C\C=C/C,BACE_41,7.8538718,1,596.77069,5.4786,86.25,3,3,14
Fc1ccc(cc1C#CCCCF)[C@]1(N=C(N)N(C)C1=O)c1ccc(OC(F)F)cc1,BACE_42,7.8538718,1,433.3988,5.0798998,67.919998,0,3,7
Clc1ccc(nc1)C(=O)Nc1cc(C2(N=C(OCCC2)N)C)c(F)cc1,BACE_450,7.8538718,1,376.8125,3.2823,89.599998,1,4,3
S(=O)(=O)(N(C)c1cc2cc(c1)C(=O)NCC\C=C\COCC(NC2=O)C(O)C[NH2+]Cc1cc(ccc1)C(C)C)C,BACE_449,7.8538718,1,573.724,0.50770003,150.03,4,5,8
S(=O)(=O)(CC)c1cc(cc(N(S(=O)(=O)C)c2ccccc2)c1)C(=O)NC(Cc1ccccc1)C(O)C[NH2+]Cc1cc(ccc1)C(F)(F)F,BACE_447,7.8538718,1,704.79932,4.5643001,154.22,3,4,15
Fc1cc(cc(F)c1)CC(NC(=O)C)C(O)C[NH2+]C1(CCc2nc(ncc2C1)N)c1cc(ccc1)C(C)(C)C,BACE_446,7.8538718,1,538.65179,2.8868001,117.74,4,4,9
S1(=O)(=O)Nc2cc(cc3c2n(cc3CC)CC1)C(=O)NC([C@H](O)C[NH2+]Cc1cc(OC)ccc1)Cc1ccccc1,BACE_445,7.8538718,1,577.71429,2.3440001,134.64999,4,4,11
FC(F)(F)Oc1ccc(cc1)CC(NC(=O)C)C(O)C[NH2+]C1CC2(Oc3ncc(cc13)CC(C)(C)C)CCC2,BACE_444,7.8538718,1,550.63287,4.8151999,97.290001,3,5,11
O1c2ncc(cc2C([NH2+]CC(O)C(NC(=O)COC)Cc2cc(ccc2)C#CC)CC12CCC2)CC(C)(C)C,BACE_456,7.8239088,1,534.70947,3.5084,97.290001,3,5,11
S1(=O)(=O)N(c2cc(cc3c2n(cc3CC)CC1)C(=O)NC(Cc1ccccc1)C(O)C[NH2+]C)C,BACE_452,7.8239088,1,485.6189,0.98280001,116.63,3,3,8
O=C(C)c1ccccc1-c1cc2cc(CC(C(=O)NCCC(C)(C)C)C)c(nc2cc1)N,BACE_454,7.8239088,1,431.56979,5.0180998,85.080002,2,3,8
s1cc(cc1C(=O)CC)C1(N=C(N)N(C)C1=O)c1cc(ccc1)-c1cncnc1,BACE_455,7.8239088,1,405.4729,2.2379999,129.78,0,5,5
S1(=O)(=O)N(c2cc(cc3c2n(cc3CC)CC1)C(=O)NC(Cc1ccccc1)C(O)C[NH2+]C1CCOCC1)C,BACE_451,7.8239088,1,555.7088,0.824,125.86,3,4,9
S(=O)(=O)(N(C)c1cc2cc(c1)C(=O)NCC\C=C\COCC(NC2=O)C(O)C[NH2+]Cc1cc(ccc1)C(C)(C)C)C,BACE_457,7.8239088,1,587.75061,0.71390003,150.03,4,5,8
S(=O)(=O)(N(C)c1cc(cc(c1)C(=O)N[C@H]([C@H](O)C[NH2+]C1CC1)Cc1ccccc1)C(=O)N[C@H](C)c1ccccc1)C,BACE_43,7.8239088,1,579.73022,2.6206999,140.8,4,4,13
S(=O)(=O)(N(c1cc(ccc1)C(=O)N[C@H]([C@H](O)C[NH2+][C@H](C(=O)NC1CCCCC1)C)Cc1ccccc1)c1ccccc1)C,BACE_44,7.8239088,1,607.78333,3.566,140.8,4,4,13
Clc1ccc(nc1)C(=O)Nc1cc(ccc1)C1(N=C(N)N(C)C(=O)C1)C,BACE_458,7.8239088,1,371.8208,1.8927,100.68,1,4,3
S(=O)(=O)(N(c1ccccc1)c1nccc(c1)C(=O)NC(Cc1ccccc1)C(O)C[NH2+]Cc1cc(ccc1)C(F)(F)F)C,BACE_453,7.8239088,1,613.67041,4.0806999,124.59,3,4,13
Fc1c2c(ccc1)C(N=C2N)(C=1C=C(C)C(=O)N(C=1)CC)c1cc(ccc1)-c1cncnc1,BACE_459,7.8096681,1,439.48419,3.6873,86.160004,0,4,4
O1CC2(N=C1N)c1cc(ccc1Oc1c2cc(cc1)CCC)-c1cncnc1,BACE_467,7.7958798,1,372.4198,3.8106,82.620003,0,5,3
S(=O)(=O)(N(C)c1cc2cc(c1)C(=O)NCCCCCOCC(NC2=O)C(O)C[NH2+]Cc1cc(ccc1)C(C)C)C,BACE_466,7.7958798,1,575.73993,0.81730002,150.03,4,5,8
s1ccnc1-c1cc(ccc1)CC(NC(=O)C(OCC)C)C(O)C[NH2+]C1CC2(Oc3ncc(cc13)CC(C)(C)C)CCC2,BACE_465,7.7958798,1,607.82642,3.4631,138.42,3,6,13
Fc1ncccc1-c1cc(ccc1)C1(N=C(N)N(C)C1=O)c1cn(nc1)CCC(C)C,BACE_464,7.7958798,1,420.4826,3.0827,89.400002,0,4,6
Fc1cc(cc(F)c1)CC(NC(=O)C(N1CCC(C(O)CCC)C1=O)CCc1ccccc1)C(O)C1[NH2+]CC(O)C1,BACE_463,7.7958798,1,574.67908,1.7252001,126.71,5,5,13
O=C(NCCC(C)(C)C)C(Cc1cc2cc(ccc2nc1N)-c1ncccc1C)C,BACE_462,7.7958798,1,404.54779,5.0423002,80.900002,2,3,7
O=C(NCC1CCCCC1)C(Cc1cc2cc(ccc2nc1N)-c1ccccc1C)CC,BACE_461,7.7958798,1,429.59698,6.6227002,68.010002,2,2,7
Fc1cc(cc(F)c1)CC(NC(=O)c1cc(cc(c1)C(=O)N(CCC)CCC)CC(O)C)C(O)C[NH2+]Cc1cc(OC)ccc1,BACE_460,7.7958798,1,626.7536,4.0641999,115.71,4,5,17
O1c2ncc(cc2[C@@H]([NH2+]C[C@@H](O)[C@@H](NC(=O)[C@H](OC)C)Cc2cc3OCOc3cc2)CC12CCC2)CC(C)(C)C,BACE_45,7.7746906,1,554.69757,2.6840999,115.75,3,7,11
O1c2c(cc(cc2)CC)[C@@H]([NH2+]C[C@@H](O)[C@H]2NC(=O)CCCCCCc3cc(C2)ccc3)CC12CCC2,BACE_47,7.7695513,1,491.68469,4.54,75.169998,3,3,5
O1CCCCNc2cc(cc(c2)C(=O)N[C@@H](Cc2cc1ccc2)[C@H](O)C[NH2+]C1(CC1)c1cc(ccc1)C(C)C)COC,BACE_46,7.7695513,1,572.75739,5.9706998,96.43,4,4,8
Clc1cc(C)c(nc1)C(=O)Nc1cc(C2(N=C(OCC2(F)F)N)C)c(F)cc1,BACE_471,7.7695513,1,412.7934,3.6177001,89.599998,1,4,3
Fc1cc(cc(F)c1)CC(NC(=O)C(N1CCC(NC(=O)C)(C(CC)C)C1=O)CCc1ccccc1)C(O)C1[NH2+]Cc2c(C1)cccc2OCCC,BACE_470,7.7695513,1,719.88013,4.5717001,124.58,4,5,16
O1CCCCOc2nc(cc(c2)C(=O)NC(Cc2cc1ccc2)C(O)C[NH2+]C1(CC1)c1cc(ccc1)C(C)C)C,BACE_469,7.7695513,1,544.70428,6.0153999,97.290001,3,5,6
S(=O)(=O)(N(c1cc(cc(c1)C(=O)N[C@H]([C@@H](O)C[NH2+]Cc1cc(OC)ccc1)Cc1cc(F)cc(F)c1)C(=O)C)c1ccccc1)C,BACE_468,7.7695513,1,652.72791,3.8817,138.0,3,5,14
S1(=O)CC(Cc2cc(OC(COC)C(F)(F)F)c(N)c(F)c2)C(O)C([NH2+]Cc2cc(ccc2)C(C)C)C1,BACE_478,7.7447276,1,547.62567,2.517,117.6,3,3,11
O=C1N(C)C(=NC12CC(Cc1c2cc(cc1)-c1cc(ccc1)C#N)(C)C)N,BACE_477,7.7447276,1,358.43631,3.6245,82.480003,0,3,2
S(=O)(=O)(N(C)c1cc2cc(c1)C(=O)NCCCCCCOCC(NC2=O)C(O)C[NH2+]Cc1cc(ccc1)C(C)C)C,BACE_476,7.7447276,1,589.76648,1.2735,150.03,4,5,8
Fc1cc(cc(F)c1)CC(NC(=O)C)C(O)C[NH2+]C1(CC(=O)NCC1)c1cc(ccc1)C(C)(C)C,BACE_474,7.7447276,1,488.58981,1.6374,95.040001,4,3,9
S1(=O)(=O)N(CCCC1)c1cc(cc(NCC)c1)C(=O)NC(Cc1ccccc1)C(O)C[NH2+]C1CCc2c1cc(OC)cc2,BACE_473,7.7447276,1,607.78333,2.6951001,132.96001,4,4,12
S1(=O)(=O)N(CCCC1)c1cc(cc(NCC)c1OC)C(=O)NC(Cc1ccccc1)C(O)C[NH2+]Cc1cc(ccc1)C(F)(F)F,BACE_472,7.7447276,1,649.74402,3.0778,132.96001,4,4,14
S(=O)(=O)(N(c1cc(ccc1)C(=O)NC(Cc1ccccc1)C(O)C[NH2+]C(C(=O)NC1CCCCC1)C)c1cc(OC)ccc1)C,BACE_475,7.7447276,1,637.80933,3.5495999,150.03,4,5,14
Fc1cc(cc(F)c1)C[C@H](NC(=O)c1c2cc(ccc2n(c1)C(=O)N(CCCC)C)C#N)[C@H](O)C[NH2+]Cc1cc(OC)ccc1,BACE_48,7.7447276,1,618.69342,4.8009,124.2,3,5,13
O1c2ncc(cc2C([NH2+]CC(O)C(NC(=O)C)Cc2cc(OC)c(OC)cc2)CC12CCC2)CC(C)(C)C,BACE_479,7.7399287,1,526.6875,2.6624999,106.52,3,6,11
FC(F)(F)c1cc(ccc1)C[NH2+]CC(O)C(NC(=O)c1cc(N2CCCC2=O)c2ncn(c2c1)CC)Cc1ccccc1,BACE_480,7.7212462,1,594.64722,2.9654,104.07,3,4,12
S1(=O)(=O)N(c2c(CCC1)c(NCC)cc(c2)C(=O)NC(Cc1ccccc1)C(O)C[NH2+]Cc1cc(ccc1)C(F)(F)F)C,BACE_481,7.7212462,1,619.71802,3.1640999,123.73,4,3,12
Fc1cc(cc(F)c1)CC(NC(=O)C)C(O)C[NH2+]C1(CCC(NO)CC1)c1cc(ccc1)C(C)(C)C,BACE_482,7.7212462,1,504.63229,2.9647,98.199997,5,3,10
O1CCCCNc2cc(N3C=COC3)cc(c2)C(=O)NC(Cc2cc1ccc2)C(O)C[NH2+]Cc1cc(ccc1)C(C)C,BACE_483,7.7212462,1,571.72961,4.0436001,99.669998,4,4,7
Fc1ccc(NC(=O)c2ncc(cc2)C#N)cc1[C@]1(N=C(O[C@@H](C1)C(F)(F)F)N)CF,BACE_49,7.7212462,1,439.33881,3.0046999,113.39,1,5,5
S1(=O)(=O)N(c2c(CCC1)c(NCC)cc(c2)C(=O)N[C@H]([C@H](O)C[NH2+]Cc1cc(OC)ccc1)Cc1ccccc1)C,BACE_50,7.7212462,1,581.74597,2.2054,132.96001,4,4,12
Fc1cc(cc(F)c1)CC(NC(=O)C(N1CCC(CCCC)C1=O)CCc1ccccc1)C(O)C1[NH2+]CC(OCCC)C1,BACE_484,7.7212462,1,600.7594,4.1080999,95.480003,3,4,16
Clc1cc(cnc1)-c1cc2c(OC(CC23N=C(N)N(C)C3=O)(C)C)cc1,BACE_485,7.7212462,1,370.83279,2.2614,80.809998,0,4,1
Clc1cn(nc1C(=O)Nc1cc(C2(N=C(OCC2(F)F)N)C)c(F)cc1)C(F)F,BACE_486,7.7212462,1,437.75171,3.2832999,94.529999,1,4,4
S1(=O)CC(Cc2cc(OC(COC)C(F)(F)F)c(N)c(F)c2)C(O)C([NH2+]Cc2noc(c2)CC(C)(C)C)C1,BACE_487,7.7212462,1,566.62909,1.6734,143.63,3,5,12
FC(F)Oc1ccc(cc1)[C@@]1(N=C(N)N(C)C1=O)c1cc(OCC2CC2)ccc1,BACE_508,7.6989698,1,401.40649,4.9868999,77.150002,0,4,7
Fc1ncccc1-c1cc(ccc1)C1(N=C(N)N(C)C1=O)c1cn(nc1)CC(CC)CC,BACE_518,7.6989698,1,434.50919,3.6064,89.400002,0,4,7
FC(F)Oc1ccc(cc1)[C@@]1(N=C(N)N(C)C1=O)c1cc(ccc1)C#C[C@H](O)C,BACE_507,7.6989698,1,399.39069,3.5344999,88.150002,1,4,5
Clc1cc(cc(C)c1NC(=O)C)CN\C(=N/C(=O)c1c(nsc1C)-c1ccc(OC)cc1)\N,BACE_249,7.6989698,1,485.98639,3.7702999,146.94,1,5,7
FC(F)Oc1ccc(cc1)[C@@]1(N=C(N)N(C)C1=O)c1cc(ccc1)C#CCCOC,BACE_506,7.6989698,1,413.41721,3.8866999,77.150002,0,4,7
Fc1cc(cc(F)c1)CC(NC(=O)c1cc(cc(c1)C)C(=O)N(CCC)CCC)[C@@H](O)C[NH2+]Cc1cc(OC)ccc1,BACE_488,7.6989698,1,582.70111,4.4562001,95.480003,3,4,15
Fc1cc(cc(F)c1)CC(NC(=O)c1cc(cc(c1)C(=O)N(CCC)CCC)C(NC(=O)C)C)C(O)C[NH2+]Cc1cc(OC)ccc1,BACE_489,7.6989698,1,653.77899,3.4748001,124.58,4,5,17
S1(=O)(=O)N(c2cc(cc3n(cc(CC1)c23)CC)C(=O)NC([C@H](O)C[NH2+]CC(F)F)Cc1ccccc1)C,BACE_490,7.6989698,1,535.6264,1.1584001,116.63,3,3,10
S1(=O)(=O)N(c2cc(cc3c2n(cc3CC)CC1)C(=O)NC(Cc1ccccc1)C(O)C[NH2+]C1CC1)C,BACE_491,7.6989698,1,511.65619,2.4844999,116.63,3,3,9
S1(=O)(=O)N(c2cc(cc3c2n(cc3CC)CC1)C(=O)NC(Cc1ccccc1)C(O)C[NH2+]C1CC1)CC,BACE_492,7.6989698,1,525.6828,2.8333001,116.63,3,3,10
Fc1ncccc1-c1cc(ccc1)[C@]1([NH+]=C(N2C1=NCCC2)N)c1ccc(OC(F)(F)F)cc1,BACE_493,7.6989698,1,470.44211,3.9019001,77.709999,0,3,5
Fc1ccc(cc1-c1cncnc1)C1(N=C(N)N(C)C1=O)c1cc(C)c(OC)cc1,BACE_494,7.6989698,1,405.4249,2.7806001,93.699997,0,5,4
Fc1ncccc1-c1cc(ccc1)C1(N=C(N)N(C)C1=O)c1cc(C)c(OC)cc1,BACE_495,7.6989698,1,404.4368,3.7927001,80.809998,0,4,4
S(=O)(=O)(N(C)c1cc(cc(c1)C(=O)NC(C)c1ccc(F)cc1)-c1oc(cc1)C([NH3+])(Cc1ccccc1)C)C,BACE_496,7.6989698,1,550.66412,3.6756999,115.64,2,3,9
S(=O)(=O)(N(c1cc(ccc1)C(=O)NC(Cc1ccccc1)C(O)C[NH2+]C(C(=O)NC1CCCCC1)C)c1ccc(cc1)C(F)(F)F)C,BACE_497,7.6989698,1,675.78131,4.5082998,140.8,4,4,14
FC(F)Oc1ccc(cc1)[C@@]1(N=C(N)N(C)C1=O)c1cc(ccc1)/C(/F)=C\C1CC1,BACE_499,7.6989698,1,415.40829,5.3832998,67.919998,0,3,6
FC(F)Oc1ccc(cc1)[C@@]1(N=C(N)N(C)C1=O)c1cc(ccc1)\C=C\COC,BACE_500,7.6989698,1,401.40649,3.4428999,77.150002,0,4,7
FC(F)Oc1ccc(cc1)[C@@]1(N=C(N)N(C)C1=O)c1cc(ccc1)\C=C\CCOC,BACE_501,7.6989698,1,415.43311,3.7641001,77.150002,0,4,8
FC(F)Oc1ccc(cc1)[C@@]1(N=C(N)N(C)C1=O)c1cc(ccc1)C#CC,BACE_502,7.6989698,1,369.36469,4.2477002,67.919998,0,3,5
FC(F)Oc1ccc(cc1)[C@@]1(N=C(N)N(C)C1=O)c1cc(ccc1)C#CC(C)C,BACE_503,7.6989698,1,397.41779,4.9556999,67.919998,0,3,5
Fc1ncccc1-c1cc(ccc1)C1(N=C(N)N(C)C1=O)c1cn(nc1)C1CCCC1,BACE_519,7.6989698,1,418.46671,2.9043,89.400002,0,4,4
FC(F)Oc1ccc(cc1)[C@@]1(N=C(N)N(C)C1=O)c1cc(ccc1)C#CC1CC1,BACE_504,7.6989698,1,395.40201,5.5960999,67.919998,0,3,5
Fc1ncccc1-c1cc(ccc1)C1(N=C(N)N(C)C1=O)c1cn(nc1)CCC(C)(C)C,BACE_517,7.6989698,1,434.50919,3.2888999,89.400002,0,4,6
O=C1N(C)C(=NC1(c1cc(ccc1)-c1cncnc1)c1cn(nc1)CCC1CCCCC1)N,BACE_515,7.6989698,1,443.5441,2.8620999,102.29,0,5,6
FC(F)Oc1ccc(cc1)[C@@]1(N=C(N)N(C)C1=O)c1cc(ccc1)C#CCOC,BACE_505,7.6989698,1,399.39069,3.5655,77.150002,0,4,6
Fc1ccc(cc1C#CC1CC1)[C@]1(N=C(N)N(C)C1=O)c1cc(C)c(OC(F)F)cc1,BACE_510,7.6989698,1,427.41901,6.2877998,67.919998,0,3,5
Fc1ccc(cc1C#CCF)[C@]1(N=C(N)N(C)C1=O)c1cc(C)c(OC(F)F)cc1,BACE_511,7.6989698,1,419.37219,4.7887001,67.919998,0,3,5
O=C(NCc1ccccc1)C(Cc1cc2cc(ccc2nc1N)-c1ccccc1C)C,BACE_512,7.6989698,1,409.5228,5.5612001,68.010002,2,2,6
Fc1ncccc1-c1cc(ccc1)C1(N=C(N)N(C)C1=O)c1cn(nc1)CC(C)C,BACE_516,7.6989698,1,406.45599,2.694,89.400002,0,4,5
Fc1ccc(cc1-c1cncnc1)[C@]1(N=C(N)N(C)C1=O)c1ccc(OC(F)(F)F)cc1,BACE_51,7.6989698,1,445.36969,4.4306998,93.699997,0,5,5
Fc1ccc(F)cc1-c1cc(ccc1)[C@]1(N=C(N)N(C)C1=O)c1ccncc1,BACE_52,7.6989698,1,378.37469,3.1443999,71.580002,0,3,3
Fc1cc(cc(F)c1)CC(NC(=O)C(N1CCC(CC(C)C)C1=O)CCc1ccccc1)C(O)C[NH2+]Cc1cc(OC)ccc1,BACE_513,7.6989698,1,622.76489,4.7908001,95.480003,3,4,16
O=C1N(C)C(=NC1(c1cc(ccc1)-c1cncnc1)c1cn(nc1)CCC(C)(C)C)N,BACE_514,7.6989698,1,417.50681,2.0713,102.29,0,5,6
Fc1ccc(cc1C#CC1CC1)[C@]1(N=C(N)N(C)C1=O)c1ccc(OC(F)F)cc1,BACE_509,7.6989698,1,413.3924,5.8016,67.919998,0,3,5
O1CCCC1C(=O)NC(Cc1cc2OCOc2cc1)C(O)C[NH2+]C1CC2(Oc3ncc(cc13)CC(C)(C)C)CCC2,BACE_520,7.6903696,1,566.70831,2.7962999,115.75,3,7,10
S(=O)(=O)(N(c1ccccc1)c1cc(cnc1)C(=O)NC(Cc1ccccc1)C(O)C[NH2+]Cc1cc(ccc1)C(F)(F)F)C,BACE_521,7.6777806,1,613.67041,3.5388999,124.59,3,4,13
Fc1cc(cc(F)c1)CC(NC(=O)C(N1CCC(C(C)C)C1=O)CCc1ccccc1)C(O)C1[NH2+]CC(OCCC)C1,BACE_522,7.6777806,1,586.73279,3.4475,95.480003,3,4,14
S1(=O)CC(Cc2cc(OC(COC)C(F)(F)F)c(N)c(F)c2)C(O)C([NH2+]Cc2cn(nc2)CC(C)(C)C)C1,BACE_523,7.6777806,1,565.64429,0.96759999,135.42,3,4,12
Clc1cc(cnc1)-c1cc2c(SC(CC23N=C(N)N(C)C3=O)(C)C)cc1,BACE_527,7.6575775,1,386.89841,2.8196001,96.879997,0,3,1
Fc1cc(cc(F)c1)CC(NC(=O)c1cc(cc(Oc2ccc(F)cc2)c1)C(=O)N(CCC)CCC)C(O)C[NH2+]Cc1cc(OC)ccc1,BACE_524,7.6575775,1,678.76031,5.7357001,104.71,3,5,17
S1(=O)(=O)N(c2cc(cc3c2n(cc3CC)CC1)C(=O)N[C@H]([C@H](O)C[NH2+]C(CC)C)Cc1ccccc1)C,BACE_525,7.6575775,1,527.69873,2.2328,116.63,3,3,10
FC(F)Oc1ccc(cc1C)[C@@]1(N=C(N)N(C)C1=O)c1cc(ccc1)C#CC1CC1,BACE_526,7.6575775,1,409.4285,6.0823002,67.919998,0,3,5
Clc1cc(cc(Cl)c1)-c1cc(ccc1)C1(N=C(N2C1=NCCC2)N)c1ccc(OC)cc1,BACE_528,7.6500001,1,465.37439,5.3379002,63.209999,0,3,4
O1c2ncc(cc2C([NH2+]CC(O)C(NC(=O)C)Cc2cc3OCCOc3cc2)CC12CCC2)CC(C)(C)C,BACE_529,7.642065,1,524.67157,2.4811001,106.52,3,6,9
S1(=O)(=O)N(c2cc(cc3n(cc(CC1)c23)CC)C(=O)N[C@H]([C@H](O)C[NH2+]CC)Cc1ccccc1)C,BACE_530,7.6382723,1,499.64551,0.99409997,116.63,3,3,9
O(C)c1cc(ccc1)C[NH2+]C[C@@H](O)[C@@H](NC(=O)c1cc(N2CCCC2=O)c2c(n(cc2)CC)c1)CC=1CCC=CC=1,BACE_53,7.6382723,1,557.703,2.5806,100.41,3,4,12
Fc1ccc(NC(=O)c2ncc(cc2)C#N)cc1[C@]1(N=C(OCC1(F)F)N)C,BACE_54,7.6382723,1,389.3313,2.346,113.39,1,5,4
S(=O)(=O)(N(c1cc(ccc1)C(=O)NC(Cc1ccccc1)C(O)C[NH2+]Cc1cc(ccc1)C(F)(F)F)c1ccccc1)C,BACE_535,7.6382723,1,612.68231,4.6894999,111.7,3,3,13
S1(=O)(=O)N(CCCC1)c1cc(cc(NCC)c1C)C(=O)NC(Cc1ccccc1)C(O)C[NH2+]Cc1cc(ccc1)C(F)(F)F,BACE_531,7.6382723,1,633.74463,3.5804,123.73,4,3,13
Clc1ccc(nc1)C(=O)Nc1cc(C2(N=C(N)COCC2)C)c(F)cc1,BACE_539,7.6382723,1,376.8125,1.7642,89.599998,1,4,3
Clc1cc(cc(F)c1)-c1cc2c(SC(CC23N=C(N)N(C)C3=O)(C)C)cc1,BACE_538,7.6382723,1,403.90079,4.1757002,83.989998,0,2,1
Fc1cc(cc(F)c1)CC(NC(=O)C(N1CCC(COC)C1=O)CCc1ccccc1)C(O)C1[NH2+]CC(OCCC)C1,BACE_537,7.6382723,1,588.70569,2.0573001,104.71,3,5,15
Brc1cc(ccc1)C[NH2+]CC(O)C(NC(=O)c1c2cccnc2n(c1)C(=O)N(CCCC)C)Cc1ccccc1,BACE_536,7.6382723,1,607.56122,4.2298002,104.07,3,4,12
S1(=O)(=O)N(c2cc(cc3c2n(cc3CC)CC1)C(=O)NC(Cc1ccccc1)C(O)C[NH2+]C1CCOCC1)C(C)C,BACE_534,7.6382723,1,583.7619,1.5503,125.86,3,4,10
S1(=O)(=O)N(c2cc(cc3c2n(cc3CC)C1)C(=O)NC(Cc1ccccc1)C(O)C[NH2+]C(CCCC(C)C)(C)C)C,BACE_533,7.6382723,1,583.80499,4.0405002,116.63,3,3,13
FC(F)(F)c1cc(ccc1)C[NH2+]CC(O)C(NC(=O)c1cc(N2CCCC2=O)c2c(n(cc2)CC)c1)Cc1ccccc1,BACE_532,7.6382723,1,593.65912,3.5611,91.18,3,3,12
FC1(F)CN2C(=NC1)C(N=C2N)(c1cc(ccc1)-c1cncnc1)c1ccc(OC(F)F)cc1,BACE_540,7.6300001,1,470.42221,3.4814999,88.989998,0,5,5
Clc1cc(ccc1)-c1cc2c(OC(C[C@@]23N=C(N)N(C)C3=O)(C)C)cc1,BACE_55,7.6197886,1,369.8447,3.4119999,67.919998,0,3,1
S(C)C1CCC([NH2+]CC(O)C(NC(=O)C)Cc2cc(F)cc(F)c2)(CC1)c1cc(ccc1)C(C)(C)C,BACE_542,7.6197886,1,519.70978,4.1943002,91.239998,3,3,10
Clc1cc(cc(F)c1)-c1cc2c(CC(CC23N=C(N)N(C)C3=O)(C)C)cc1,BACE_545,7.6197886,1,385.8623,4.6155,58.689999,0,2,1
S1(=O)(=O)CC(Cc2cc(OCC)c(N)c(F)c2)C(O)C([NH2+]Cc2cc(ccc2)C(C)(C)C)C1,BACE_544,7.6197886,1,479.62769,2.2628,114.61,3,3,8
Brc1cc2c(cc1)C1(CCC2)C[NH2+]CC1C(=O)N1CCC(CC1C1CCCCC1)c1ccccc1,BACE_543,7.6197886,1,536.5661,5.4815001,36.919998,1,1,3
Fc1cc(cc(F)c1)CC(NC(=O)C)C(O)C[NH2+]C1(CCC(O)CC1)c1cc(ccc1)C(C)(C)C,BACE_541,7.6197886,1,489.61771,3.0411,86.169998,4,3,9
S(=O)(=O)(N(c1cc(ccc1)C(=O)NC(Cc1ccccc1)C(O)C[NH2+]Cc1cc(ccc1)C(F)(F)F)c1cccnc1)C,BACE_548,7.6020598,1,613.67041,3.5388999,124.59,3,4,13
Fc1cc(cc(F)c1)CC(NC(=O)C(N1CCC(CCCC)C1=O)CCc1ccccc1)C(O)C1[NH2+]CC(O)C1,BACE_549,7.6020598,1,558.67969,2.8271,106.48,4,4,13
S1(=O)(=O)CC(Cc2cc(OC3COC3)c(N)c(F)c2)C(O)C([NH2+]Cc2cc(ccc2)C(C)(C)C)C1,BACE_550,7.6020598,1,507.63779,1.6303999,123.84,3,4,8
FC1(F)COC(=NC1(C)c1cc(NC(=O)c2ncc(OCC(F)(F)F)nc2)ccc1F)N,BACE_551,7.6020598,1,463.3338,2.8492999,111.72,1,6,6
S(=O)(=O)(N(C)c1cc(cc(c1)C(=O)NC(Cc1ccccc1)C[NH2+]C(C(O)C)C(=O)NCC(C)C)C(=O)NC(C)c1ccccc1)C,BACE_250,7.6020598,1,666.85052,1.8548,169.89999,5,5,16
O=C1N(CCC1)C(C)(C)C1CC(CCC1)C(=O)NC(Cc1ccccc1)C(O)C[NH2+]Cc1cc(ccc1)C(C)C,BACE_547,7.6020598,1,548.77911,3.9419,86.25,3,3,12
S1(=O)(=O)N(CCCC1)c1cc(cc(c1)/C(=N\OCCC)/C)C(=O)NC([C@@H](O)C[NH2+]Cc1cc(OC)ccc1)Cc1cc(F)cc(F)c1,BACE_546,7.6020598,1,673.79022,3.1078,142.52,3,6,15
O1CCCCCCNC(=O)CC(NC(=O)C(NC1=O)C(C)C)C(=O)NC(C(O)CC(C(=O)NC(C(C)C)C(=O)NCc1ccccc1)C)CC(C)C,BACE_251,7.6003261,1,730.93433,3.6357999,204.06,7,8,14
S1(=O)(=O)N(c2cc(cc3N(CCN(CC1)c23)CC)C(=O)N[C@H]([C@H](O)C[NH2+]Cc1cc(OC)ccc1)Cc1ccccc1)C,BACE_56,7.5850267,1,608.77142,1.8274,127.41,3,4,11
S1(=O)(=O)N(c2c(CCC1)c(NCC)cc(c2)C(=O)NC(Cc1ccccc1)C(O)C[NH2+]CCC(F)(F)F)C,BACE_554,7.5850267,1,557.64862,0.63370001,123.73,4,3,12
Fc1ccc(NC(=O)C(CC([NH3+])C(NC(=O)c2cc(ccc2)C(=O)N(CCC)CCC)Cc2ccccc2)C)cc1,BACE_252,7.5850267,1,561.71002,4.1992002,106.15,3,3,14
FC(F)(F)c1cc(ccc1)C[NH2+]CC(O)C(NC(=O)c1cc(N2CCCC2=O)c2[nH]cc(c2c1)CC)Cc1ccccc1,BACE_552,7.5850267,1,593.65912,3.6605,102.04,4,3,12
S1(=O)(=O)N(C2C=C(C=C3N(CC[NH+](C23)CC1)CC)C(=O)NC(Cc1ccccc1)C(O)C[NH2+]Cc1cc(ccc1)C(F)(F)F)C,BACE_553,7.5850267,1,649.76721,0.0059000002,119.38,3,3,11
S(=O)(=O)(N(c1cccc(C(=O)NC(Cc2ccccc2)C(O)C[NH2+]Cc2cc(ccc2)C(F)(F)F)c1C)c1ccccc1)C,BACE_555,7.5850267,1,626.70892,5.1757002,111.7,3,3,13
Fc1cc(cc(F)c1)C[C@H](NC(=O)c1c2cccnc2n(c1)C(=O)N1CCCC[C@@H]1COCC)[C@H](O)C[NH2+]Cc1cc(OC)ccc1,BACE_556,7.5850267,1,650.73529,3.7111001,122.53,3,6,13
O(C)c1c(cc(cc1C)C1(N=C(C)C(=N1)N)c1cc(ccc1)-c1cc(cnc1)C#CC)C,BACE_557,7.5850267,1,422.52151,4.9579,72.860001,0,4,4
Clc1ccc(nc1)C(=O)Nc1cc(C2(N=C(OCC2(F)F)N)C)c(F)cc1,BACE_558,7.5850267,1,398.76691,3.1315,89.599998,1,4,3
Clc1cc(Cl)cnc1C(=O)Nc1cc(C2(N=C(OCC2(F)F)N)C)c(F)cc1,BACE_559,7.5850267,1,433.21191,3.7959001,89.599998,1,4,3
Fc1c2c(ccc1)C([NH+]=C2N)(c1cc(ccc1)-c1cncnc1)c1cc(ncc1)C(F)F,BACE_253,7.5833597,1,432.4205,1.8608,78.660004,0,3,4
O1c2ncc(cc2C([NH2+]CC(O)C(NC(=O)c2cccnc2)Cc2cc3OCOc3cc2)CC12CCC2)CC(C)(C)C,BACE_560,7.5833597,1,573.70239,2.9770999,119.41,3,7,10
S(c1cc(cc(c1)C(=O)NC(Cc1cc(F)cc(F)c1)C(O)C[NH2+]Cc1cc(OC)ccc1)C(=O)N(CCC)CCC)c1ccc(OC)cc1,BACE_562,7.5686364,1,706.86139,6.072,130.00999,3,5,18
S(=O)(=O)(N(c1cc(cc(c1)/C(=N\OCC=C)/C)C(=O)N[C@H]([C@@H](O)C[NH2+]Cc1cc(OC)ccc1)Cc1cc(F)cc(F)c1)c1ccccc1)C,BACE_561,7.5686364,1,707.8064,4.6048999,142.52,3,6,17
O=C1N(Cc2ccc(cc2)CN2C[C@@H](NC2=O)CCC)C(N[C@@]1(CC1CCCCC1)CCC1CCCCC1)=N,BACE_57,7.5686364,1,535.76379,7.6174002,88.529999,2,3,11
O1Cc2cc(cc(c2)C(=O)N[C@H](CCc2cc(C[C@]([NH3+])(C)C1=O)ccc2)c1ccccc1)-c1ccccc1C#N,BACE_58,7.5686364,1,530.63623,4.7385001,106.83,2,4,3
S(=O)(=O)(N(C)c1cc(cc(c1)COC(=O)[C@]([NH3+])(Cc1ccccc1)C)C(=O)N[C@H](C)c1ccc(F)cc1)C,BACE_59,7.5686364,1,542.64209,2.4816,128.8,2,4,11
O1CCCCNc2nc(cc(c2)C(=O)NC(Cc2cc1ccc2)C(O)C[NH2+]Cc1cc(ccc1)C(C)C)C,BACE_563,7.5686364,1,517.68219,4.4826002,100.09,4,4,6
O=C1N[C@@H](C[C@@H](CCCCCCCCC(=O)N(C)[C@H]1C)C)[C@H](O)C[NH2+]Cc1cc(ccc1)C(C)C,BACE_60,7.5686364,1,488.72559,3.9482999,86.25,3,3,6
O=C(NCC1CCCCC1)C(Cc1cc2cc(ccc2nc1N)-c1ccccc1C)C(C)C,BACE_564,7.5686364,1,443.6236,6.8744998,68.010002,2,2,7
FC1(F)COC(=NC1(C)c1cc(NC(=O)c2ncc(OC)nc2)ccc1F)N,BACE_565,7.5686364,1,395.33578,1.8419,111.72,1,6,4
Clc1ccc(nc1)C(=O)Nc1cc(C23N=C(N)COCC2C3)c(F)cc1,BACE_566,7.5686364,1,374.7966,1.4526,89.599998,1,4,3
Fc1ccc(NC(=O)c2ncc(cc2)C#N)cc1[C@]1(N=C(OC[C@@H]1F)N)C,BACE_61,7.5528421,1,371.34079,2.2837,113.39,1,5,4
S1(=O)(=O)CC(Cc2cc(-c3n[nH]cc3)c(N)c(F)c2)C(O)C([NH2+]Cc2cc(ccc2)C(C)(C)C)C1,BACE_570,7.5528421,1,501.6366,1.8507,134.06,4,3,7
FC(F)(F)c1cc(ccc1)C[NH2+]CC(O)C(NC(=O)c1cc(N2CCCC2=O)c2c(n(nc2)CC)c1)Cc1ccccc1,BACE_567,7.5528421,1,594.64722,2.8053999,104.07,3,4,12
S1(=O)(=O)Nc2cc(cc3c2n(cc3CC)CCC1)C(=O)NC(Cc1ccccc1)C(O)CNc1ccc(OC)cc1,BACE_568,7.5528421,1,576.7063,3.9080999,130.07001,4,4,10
Fc1cc(cc(F)c1)CC(NC(=O)c1c2cccnc2n(c1)C(=O)N(CCC(C)C)C)C(O)C[NH2+]Cc1cc(OC)ccc1,BACE_569,7.5528421,1,608.69861,4.1278,113.3,3,5,13
Clc1cc(cc(Cl)c1)-c1cc2c(OC(CC23N=C(N)N(C)C3=O)(C)C)cc1,BACE_571,7.5528421,1,404.28979,4.0763998,67.919998,0,3,1
FC(F)Oc1cc(ccc1)-c1cc2c(OC(CC23N=C(N)N(C)C3=O)(C)C)cc1,BACE_572,7.5528421,1,401.40649,3.5531001,77.150002,0,4,3
Fc1ccc(OC)cc1-c1cc(ccc1)C1(N=C(N2C1=NCC(F)(F)C2)N)c1ccncc1,BACE_573,7.54,1,451.4437,3.4932001,76.099998,0,4,4
FC(C(=O)NC(Cc1cc2OCOc2cc1)C(O)C[NH2+]C1CC2(Oc3ncc(cc13)CC(C)(C)C)CCC2)C,BACE_574,7.5391021,1,542.66199,3.2156,106.52,3,6,10
s1ccnc1-c1ccc(cc1)CC(NC(=O)COC)C(O)C[NH2+]C1CC2(Oc3ncc(cc13)CC(C)(C)C)CCC2,BACE_577,7.5376019,1,579.77319,2.6301,138.42,3,6,12
S1(=O)(=O)N(c2cc(cc3c2n(cc3CC)CC1)C(=O)NC(Cc1ccccc1)C(O)C[NH2+]C1CCOCC1)CC(F)(F)F,BACE_575,7.5376019,1,623.70673,1.8314,125.86,3,4,11
Clc1nc2c(cc1)C1(CCC2)C[NH2+]CC1C(=O)N1CCC(CC1C1CCCCC1)c1ccccc1,BACE_576,7.5376019,1,493.10321,4.4658999,49.810001,1,2,3
O=C1N(C)C(=N[C@]1(c1cc(nc(c1)CC)CC)c1cc(ccc1)-c1cncnc1)N,BACE_62,7.5228786,1,400.47629,2.8536999,97.360001,0,5,5
Clc1cc(cnc1)-c1cc2c(CC(CC23N=C(N)N(C)C3=O)(C)C)cc1,BACE_600,7.5228786,1,368.85989,3.2593999,71.580002,0,3,1
Fc1ncccc1-c1cc2c(CC(CC23N=C(N)N(C)C3=O)(C)C)cc1,BACE_599,7.5228786,1,352.4053,3.1845,71.580002,0,3,1
s1cc(cc1)C1(N=C(N)N(C)C1=O)c1cc(-c2cccnc2F)c(F)cc1,BACE_598,7.5228786,1,384.4025,2.8257999,99.82,0,3,3
Fc1ncccc1-c1cc(ccc1)C1(N=C(N)N(C)C1=O)c1cn(nc1)CC(F)(F)F,BACE_597,7.5228786,1,432.3743,2.5095999,89.400002,0,4,5
Fc1ccc(cc1-c1cccnc1F)C1(N=C(N)N(C)C1=O)c1cn(nc1)CC,BACE_596,7.5228786,1,396.39331,2.0565,89.400002,0,4,4
FC(F)C\C=C\c1cc(ccc1)[C@]1(N=C(N)N(C)C1=O)c1ccc(OC(F)F)cc1,BACE_586,7.5228786,1,421.38809,4.1493001,67.919998,0,3,7
Fc1cc(cc(F)c1)C[C@H](NC(=O)c1c2cccnc2n(c1)C(=O)N1CCCC[C@@H]1COC)[C@H](O)C[NH2+]Cc1cc(OC)ccc1,BACE_592,7.5228786,1,636.70868,3.3622999,122.53,3,6,12
Fc1ccc(cc1C#CCCC)[C@]1(N=C(N)N(C)C1=O)c1cc(C)c(OC(F)F)cc1,BACE_591,7.5228786,1,429.43491,5.8518,67.919998,0,3,6
FC(F)Oc1ccc(cc1)[C@@]1(N=C(N)N(C)C1=O)c1cc(OCC\C=C(\F)/F)ccc1,BACE_590,7.5228786,1,437.38751,4.2599001,77.150002,0,4,8
Fc1ccc(cc1OCC\C=C(\F)/F)[C@]1(N=C(N)N(C)C1=O)c1ccc(OC(F)F)cc1,BACE_589,7.5228786,1,455.3779,4.4654002,77.150002,0,4,8
FC(F)COc1cc(ccc1)[C@]1(N=C(N)N(C)C1=O)c1ccc(OC(F)F)cc1,BACE_588,7.5228786,1,411.35019,3.6677999,77.150002,0,4,7
FC(F)Oc1ccc(cc1)[C@@]1(N=C(N)N(C)C1=O)c1cc(ccc1)C#CCCC,BACE_587,7.5228786,1,397.41779,5.1601,67.919998,0,3,6
FC(F)Oc1ccc(cc1)[C@@]1(N=C(N)N(C)C1=O)c1cc(ccc1)CCCC,BACE_585,7.5228786,1,387.423,5.0258999,67.919998,0,3,7
O=C1N(C)C(=NC1(c1cc(ccc1)-c1cncnc1)c1cn(nc1)CCC(C)C)N,BACE_595,7.5228786,1,403.48019,1.8651,102.29,0,5,6
Fc1ncccc1-c1cc(ccc1)[C@]1(N=C(N)N(C)C1=O)c1ccc(OCCF)cc1,BACE_584,7.5228786,1,422.42731,3.7070999,80.809998,0,4,6
Fc1ncccc1-c1cc(ccc1)[C@]1(N=C(N)N(C)C1=O)c1ccc(OC)cc1,BACE_583,7.5228786,1,390.41031,3.3065,80.809998,0,4,4
Fc1ncccc1-c1cc(ccc1)C1(N=C(N)N(C)C1=O)c1ccncc1,BACE_582,7.5228786,1,361.37231,2.1723001,84.470001,0,4,3
O(C)c1cc(ccc1)-c1cc(ccc1)C1(N=C(N)N(C)C1=O)c1ccncc1,BACE_581,7.5228786,1,372.4198,2.717,80.809998,0,4,4
O(C)c1ccc(cc1C)C1(N=C(N)N(C)C1=O)c1cc(ccc1)-c1cncnc1,BACE_579,7.5228786,1,387.43439,2.5750999,93.699997,0,5,4
Fc1ncccc1-c1cc(ccc1)C1(N=C(N2C1=NOCC2)N)c1ccc(OC(F)(F)F)cc1,BACE_578,7.5228786,1,471.40701,5.3678002,85.330002,0,5,5
Clc1cc2c(n(cc2C(=O)NC(Cc2cc(F)cc(F)c2)C(O)C[NH2+]Cc2cc(OC)ccc2)C(=O)N(CCCC)C)cc1,BACE_593,7.5228786,1,628.12903,5.5864,100.41,3,4,13
O=C1N(C)C(=N[C@@]1(c1cc(ccc1)-c1cncnc1)c1cc(ncc1)CC)N,BACE_580,7.5228786,1,372.4231,1.9042,97.360001,0,5,4
O=C1N(C)C(=NC1(c1cc(ccc1)-c1cncnc1)c1cn(nc1)CC(C)C)N,BACE_594,7.5228786,1,389.45361,1.4764,102.29,0,5,5
Fc1ncccc1-c1cc(ccc1)C1(N=C(N2C1=NCC(F)(F)C2)N)c1ccc(OC(F)F)cc1,BACE_601,7.52,1,487.42459,4.6991,76.099998,0,4,5
Fc1cc(cc(F)c1)CC(NC(=O)C(N1CCC(NC(=O)C)(C(CC)C)C1=O)C)C(O)C1[NH2+]CC(O)C1,BACE_605,7.5086384,1,525.60852,-0.5844,135.58,5,5,10
Fc1cc(cc(F)c1)CC(NC(=O)c1cc(ccc1)C(=O)N(CCC)CCC)C(O)C[NH2+]Cc1cc(OC)ccc1,BACE_602,7.5086384,1,568.6745,3.97,95.480003,3,4,15
S1(=O)(=O)N(CCCC1)c1cc(cc(c1)/C(=N\OCc1ccccc1)/C)C(=O)N[C@H]([C@@H](O)C[NH2+]Cc1cc(OC)ccc1)Cc1cc(F)cc(F)c1,BACE_603,7.5086384,1,721.83301,3.8188,142.52,3,6,15
s1cncc1CNC(=O)C(Cc1cc2cc(ccc2nc1N)-c1ccccc1C)C,BACE_604,7.5086384,1,416.5386,4.0495,109.14,2,3,6
Clc1ccc(nc1)C(=O)Nc1cc(C2(N=C(N)C3(CC2)CC3)C)c(F)cc1,BACE_607,7.5086384,1,386.8504,4.3780999,80.370003,1,3,3
Clc1ccc(nc1)C(=O)Nc1cc(C2(N=C(N)COC2)C)c(F)cc1,BACE_606,7.5086384,1,362.78589,1.7018,89.599998,1,4,3
S(=O)(=O)(N(c1cc(ccc1)C(=O)NC(Cc1ccccc1)C(O)C[NH2+]C(CCCC(C)C)C)c1ccccc1)C,BACE_609,7.4948502,1,566.77448,5.0341001,111.7,3,3,15
Fc1cc(cc(F)c1)CC(NC(=O)c1c2cccnc2n(c1)C(=O)N(CCCCC)C)C(O)C[NH2+]Cc1cc(OC)ccc1,BACE_610,7.4948502,1,608.69861,4.3322001,113.3,3,5,14
S1(=O)(=O)N(c2cc(cc3n(cc(CC1)c23)CC)C(=O)NC([C@H](O)C[NH2+]CC(F)(F)C(F)(F)F)Cc1ccccc1)C,BACE_608,7.4948502,1,603.62439,2.1443,116.63,3,3,11
Clc1ccc(nc1)C(=O)Nc1cc(ccc1)C1(N=C(N)C[NH+](C1)C)C,BACE_614,7.4948502,1,358.84521,0.2052,84.809998,1,3,3
FC1(F)COC(=NC1(C)c1cc(NC(=O)c2ncc(cc2)C#C)ccc1F)N,BACE_613,7.4948502,1,388.3432,3.5941999,89.599998,2,4,4
S1(=O)(=O)CC(Cc2cc(O[C@@H](COCC)C(F)(F)F)c(N)c(F)c2)C(O)C([NH2+]Cc2cc(ccc2)C(C)(C)C)C1,BACE_612,7.4948502,1,591.67828,3.168,123.84,3,4,12
Fc1cc(cc(F)c1)CC(NC(=O)C(N1CCC(COC)C1=O)CCc1ccccc1)C(O)C[NH2+]Cc1cc(OC)ccc1,BACE_611,7.4948502,1,610.71118,2.9444001,104.71,3,5,16
O1c2ncc(cc2C([NH2+]CC(O)C(NC(=O)COC)Cc2cc(ccc2)-c2ccncc2)CC12CCC2)CC(C)(C)C,BACE_617,7.4814858,1,573.74548,2.7995999,110.18,3,6,12
O=C1N(CCC1)c1cc(cc(NCC)c1)C(=O)N[C@H]([C@H](O)C[NH2+]C(CCCC(C)C)(C)C)Cc1ccccc1,BACE_63,7.4814858,1,537.75647,3.6475,98.279999,4,3,15
Fc1cc(cc(F)c1)CC(NC(=O)C)C(O)C[NH2+]C1(CCC(CC1)C(F)(F)F)c1cc(ccc1)C(C)(C)C,BACE_615,7.4814858,1,541.61621,4.8856001,65.940002,3,2,10
Fc1cc(cc(F)c1)CC(NC(=O)c1c2cccnc2n(c1)C(=O)N(CCCC)C)C(O)C[NH2+]Cc1cc(OC)ccc1,BACE_616,7.4814858,1,594.672,3.8759999,113.3,3,5,13
S1(=O)CC(Cc2cc(OC)c(N)c(F)c2)C(O)C([NH2+]Cc2cc(ccc2)C(C)(C)C)C1,BACE_618,7.4814858,1,449.60181,1.818,108.37,3,2,7
Fc1ncccc1C(=O)NC(Cc1cc2OCOc2cc1)C(O)C[NH2+]C1CC2(Oc3ncc(cc13)CC(C)(C)C)CCC2,BACE_619,7.4788618,1,591.69287,3.5666001,119.41,3,7,10
Fc1cc(cc(F)c1)CC(NC(=O)C(N1CCC(NC(=O)C)(C(CC)C)C1=O)CCc1ccccc1)C(O)C1[NH2+]CC([NH3+])C1,BACE_623,7.4685211,1,615.75421,0.13330001,142.99001,5,4,13
FC(F)(F)c1cc(ccc1)C[NH2+]CC(O)C(NC(=O)c1cc(N2CCCC2=O)c2nnn(c2c1)CC)Cc1ccccc1,BACE_620,7.4685211,1,595.63531,3.0548,116.96,3,5,12
FC(F)(F)Oc1ccc(cc1)C1([NH+]=C(N2C1=NCCC2)N)c1cc(ccc1)-c1cncnc1,BACE_621,7.4685211,1,453.4397,2.6842999,90.599998,0,4,5
O=C(NCC1CCCCC1)CCc1cc2cc(ccc2nc1N)-c1ccccc1C,BACE_622,7.4685211,1,401.54379,5.704,68.010002,2,2,6
Fc1cc(cc(F)c1)CC(NC(=O)C(N1CCC(CC(C)C)C1=O)C)C(O)C1[NH2+]CC(OCCC)C1,BACE_624,7.4559321,1,510.6369,1.8916,95.480003,3,4,12
Fc1ccc(cc1-c1cncnc1)C1(N=C(N)c2c1cccc2F)c1cc(ncc1)C(F)F,BACE_625,7.4546928,1,449.40302,3.7486999,77.050003,0,4,4
FC(F)Oc1cc(ccc1OC(F)F)CC(NC(=O)C)C(O)C[NH2+]C1CC2(Oc3ncc(cc13)CC(C)(C)C)CCC2,BACE_626,7.4534574,1,598.64929,4.3063002,106.52,3,6,13
O=C(N1CCC(CC1C1CCCCC1)c1ccccc1)C1C[NH2+]CC12CCCc1nc(ccc12)C,BACE_628,7.4436975,1,472.68469,3.8722,49.810001,1,2,3
S1(=O)(=O)CC(Cc2cc(OCC(F)(F)F)c(N)cc2)C(O)C([NH2+]Cc2cc(ccc2)C(C)(C)C)C1,BACE_629,7.4436975,1,515.6087,2.7158999,114.61,3,3,9
S1(=O)(=O)CC(Cc2cc(OC(C(F)(F)F)C(F)(F)F)c(N)c(F)c2)C(O)C([NH2+]Cc2cn(nc2)CC(C)(C)C)C1,BACE_630,7.4436975,1,605.58911,2.2019,132.42999,3,4,11
Clc1cc(-c2cc3c(OC(CC34N=C(N)N(C)C4=O)(C)C)cc2)c(F)cc1,BACE_631,7.4436975,1,387.83521,3.6175001,67.919998,0,3,1
FC1(F)COC(=NC1(C)c1cc(NC(=O)c2nn(cc2)C(F)F)ccc1F)N,BACE_632,7.4436975,1,403.3067,2.6189001,94.529999,1,4,4
O1c2c(cc(cc2)CC)[C@@H]([NH2+]C[C@@H](O)[C@H]2NC(=O)CCCCCCCc3cc(C2)ccc3)CC12CCC2,BACE_64,7.4436975,1,505.7113,4.9962001,75.169998,3,3,5
Clc1cc(ccc1OC)C1(N=C(N)N(C)C1=O)c1cc(ccc1)-c1cccnc1,BACE_627,7.4436975,1,406.8649,3.3814001,80.809998,0,4,4
Fc1ccc(cc1-c1cncnc1)C1(N=C(N)c2c1cc(F)cc2F)c1cc(ncc1)C(F)F,BACE_633,7.4412913,1,467.39349,3.9542,77.050003,0,4,4
S(=O)(=O)(N(C)c1cc(cc(c1)C(=O)N[C@H]([C@@H](O)CC(=O)N[C@@H](C(C)C)C(=O)Nc1cc(cc(c1)C(=O)[O-])C(=O)[O-])COc1cc(F)cc(F)c1)C(=O)N[C@H](C)c1ccccc1)C,BACE_65,7.4317985,1,879.87891,2.0102,271.88,5,7,19
Fc1ccc(cc1-c1cccnc1)C1(N=C(N2C1=NCC(F)(F)C2)N)c1cc(C)c(OC)cc1,BACE_634,7.4299998,1,465.47031,3.9793999,76.099998,0,4,4
S1(=O)(=O)N(CCCC1)c1cc(cc(c1)/C(=N\O)/C)C(=O)N[C@H]([C@@H](O)C[NH2+]Cc1cc(OC)ccc1)Cc1cc(F)cc(F)c1,BACE_635,7.4202166,1,631.71051,2.1708,153.52,4,6,12
Fc1cc(cc(F)c1)CC(NC(=O)C)C(O)C[NH2+]C1(CCC(CC1)CO)c1cc(ccc1)C(C)(C)C,BACE_636,7.4202166,1,503.6442,3.3715999,86.169998,4,3,10
Fc1cc(cc(F)c1)CC(NC(=O)C(N1CCC(CCCC)C1=O)CCc1ccccc1)C(O)C[NH2+]Cc1cc(OC)ccc1,BACE_637,7.4202166,1,622.76489,4.9952002,95.480003,3,4,17
O=C(N[C@H](C(=O)[O-])C)[C@@H]1CCC[C@H]1[C@H](O)[C@@H](NC(=O)[C@@H](NC(=O)[C@@H](NC(=O)[C@@H]([NH3+])CCC(=O)[O-])C(C)C)CC(=O)N)CC(C)C,BACE_66,7.4089355,1,641.73358,-3.5999999,287.62,7,6,19
Clc1cc(Cl)cnc1C(=O)Nc1cc(C2(N=C(OCC2)N)C)c(F)cc1,BACE_639,7.4089355,1,397.23099,3.3666999,89.599998,1,4,3
Clc1cc(cc(F)c1)-c1cc2c(OC(CC23N=C(N)N(C)C3=O)(C)C)cc1,BACE_638,7.4089355,1,387.83521,3.6175001,67.919998,0,3,1
Clc1cc(cc(Cl)c1N)CN\C(=N/C(=O)c1c(nsc1C)-c1ccc(OC)cc1)\N,BACE_254,7.3979402,1,464.36819,4.0815001,143.86,1,4,6
FC(F)(F)c1cc(ccc1)C[NH2+]C[C@@H](O)[C@@H](NC(=O)c1cc(N2CCCC2=O)cc(NCC)c1)Cc1ccccc1,BACE_67,7.3979402,1,569.6377,3.0978999,98.279999,4,3,13
O(C)c1ccc(cc1C)[C@@]1(N=C(N)N(C)C1=O)c1cc(ccc1)-c1cccnc1,BACE_68,7.3979402,1,386.44641,3.2032001,80.809998,0,4,4
Fc1ccc(NC(=O)c2ncc(cc2)C#N)cc1[C@]1(N=C(O[C@@H](C(F)(F)F)[C@@H]1F)N)C,BACE_69,7.3979402,1,439.33881,3.3197999,113.39,1,5,5
FC(F)Oc1ccc(cc1)[C@@]1(N=C(N)N(C)C1=O)c1cc(ccc1)C#CCC,BACE_650,7.3979402,1,383.3913,4.7038999,67.919998,0,3,5
FC(F)Oc1ccc(cc1)[C@@]1(N=C(N)N(C)C1=O)c1cc(ccc1)\C=C\CCCO,BACE_649,7.3979402,1,415.43311,3.8118,88.150002,1,4,8
FCC\C=C\c1cc(ccc1)[C@]1(N=C(N)N(C)C1=O)c1ccc(OC(F)F)cc1,BACE_648,7.3979402,1,403.39761,4.2955999,67.919998,0,3,7
S1(=O)(=O)N(c2cc(cc3n(cc(CC1)c23)CC)C(=O)NC([C@H](O)C[NH2+]CCF)Cc1ccccc1)C,BACE_640,7.3979402,1,517.63599,1.0459,116.63,3,3,10
S1(=O)(=O)N(CCCC1)c1cc(cc(NCC)c1)C(=O)NC(Cc1ccccc1)C(O)C[NH2+]Cc1cc(cnc1)C#N,BACE_642,7.3979402,1,577.71759,0.88020003,160.41,4,5,12
o1ccc(C)c1C(=O)Nc1cc(ccc1)C1(N=C(N)N(C)C1=O)C1CCCCC1,BACE_643,7.3979402,1,394.4668,3.4094999,100.93,1,4,4
FC(F)(F)c1cc(ccc1OC)C1(N=C(N)N(C)C1=O)c1cc(ccc1)-c1cccnc1,BACE_644,7.3979402,1,440.41779,3.6593001,80.809998,0,4,5
O=C1N(C)C(=NC1(c1cc(ccc1)-c1cc(ccc1)C#N)c1ccncc1)N,BACE_645,7.3979402,1,367.40329,2.6122999,95.370003,0,4,4
Fc1c(cccc1F)-c1cc(ccc1)C1(N=C(N)N(C)C1=O)c1ccncc1,BACE_646,7.3979402,1,378.37469,3.1443999,71.580002,0,3,3
Clc1ccccc1-c1n(Cc2nc(N)c(OCCO)cc2)c(cc1)-c1ccc(Oc2cncnc2)cc1,BACE_647,7.3979402,1,513.97491,4.9920998,108.31,2,6,9
FC(F)(F)c1cc(ccc1)C[NH2+]CC(O)C(NC(=O)c1cc(N2CCCC2=O)c2n(cc(c2c1)CC)C)Cc1ccccc1,BACE_641,7.3979402,1,607.68573,4.1546998,91.18,3,3,12
Clc1ccc(nc1)C(=O)Nc1cc(C2(N=C(N)C(=O)N(C2)C)C)c(F)cc1,BACE_657,7.3979402,1,389.81131,1.5252,100.68,1,4,3
FCCCCC#Cc1cc(ccc1)[C@]1(N=C(N)N(C)C1=O)c1ccc(OC(F)F)cc1,BACE_651,7.3979402,1,429.43491,5.3305998,67.919998,0,3,8
Fc1cc(cc(F)c1)CC(NC(=O)C(N1CCC(C(O)CCC)C1=O)C)C(O)C1[NH2+]CC(O)C1,BACE_652,7.3979402,1,484.55649,-0.28690001,126.71,5,5,10
Fc1ccc(cc1-c1cncnc1)C1(N=C(N)N(C)C1=O)c1cn(nc1)CC,BACE_653,7.3979402,1,379.3909,0.83890003,102.29,0,5,4
Fc1ccc(cc1-c1cccnc1F)C1(N=C(N)N(C)C1=O)c1cn(nc1)C(C)C,BACE_654,7.3979402,1,410.41989,2.434,89.400002,0,4,4
s1cc(cc1)C1(N=C(N)N(C)C1=O)c1cc(ccc1)-c1cccnc1F,BACE_655,7.3979402,1,366.41199,2.6203001,99.82,0,3,3
s1cc(cc1)C1(N=C(N)N(C)C1=O)c1cc(ccc1)-c1cc(OC)cnc1,BACE_656,7.3979402,1,378.44751,2.0144,109.05,0,4,4
Fc1c(cccc1OC)-c1cc(ccc1)[C@]1([NH+]=C(N2CC(F)(F)CN=C12)N)c1ccncc1,BACE_70,7.3899999,1,452.4516,1.8108,77.709999,0,3,4
Fc1ccc(cc1C#CC)[C@]1(N=C(N)N(C)C1=O)c1ccc(OC(F)F)cc1,BACE_658,7.3872161,1,387.3551,4.4531999,67.919998,0,3,5
Fc1c2c(ccc1)C(N=C2N)(c1cc(C#N)c(OC)c(c1)C)c1cc(ccc1)-c1cncnc1,BACE_659,7.3798637,1,449.479,4.1606002,97.18,0,5,4
O1CCCCOc2nc(cc(c2)C(=O)NC(Cc2cc1ccc2)C(O)C[NH2+]Cc1cc(ccc1)C(C)C)C,BACE_660,7.3767509,1,518.66699,4.6574998,97.290001,3,5,6
FC1(F)COC(=NC1(C)c1cc(NC(=O)c2ncc(OC(F)(F)C(F)F)cc2)ccc1F)N,BACE_661,7.3767509,1,480.33621,3.9474001,98.830002,1,5,6
S1(=O)(=O)N(CCCC1)c1cc(cc(c1)C(=O)N[C@H]([C@@H](O)C[NH2+]Cc1cc(OC)ccc1)Cc1cc(F)cc(F)c1)C(O)C,BACE_662,7.3665314,1,618.71167,2.1619999,141.16,4,5,12
S1(=O)(=O)CC(Cc2cc(OC(C)C)c(N)c(F)c2)C(O)C([NH2+]Cc2cc(ccc2)C(C)(C)C)C1,BACE_665,7.3665314,1,493.6543,2.6403,114.61,3,3,8
S1(=O)(=O)CC(Cc2cc(OCCF)c(N)c(F)c2)C(O)C([NH2+]Cc2cc(ccc2)C(C)(C)C)C1,BACE_664,7.3665314,1,497.61819,2.3146,114.61,3,3,9
S(=O)(=O)(N(C)c1cc(cc(c1)C(=O)N[C@H]([C@@H](O)C[NH2+]Cc1cc(OC)ccc1)Cc1cc(F)cc(F)c1)C(O)C)C,BACE_663,7.3665314,1,592.67438,1.701,141.16,4,5,13
O=C(N[C@H]([C@H](O)C[NH2+][C@H]1CC(Cc2nn(cc12)CC(C)(C)C)(C)C)Cc1ccccc1)C,BACE_71,7.3565474,1,441.6293,1.8778,83.760002,3,3,9
Clc1cc(cc(Cl)c1NC(=O)C)CNC(NC(=O)Cn1c2cc(ccc2cc1)C#N)=N,BACE_72,7.3565474,1,457.31259,2.9079001,122.8,2,4,7
Fc1cc(ccc1C(F)(F)F)CC(NC(=O)C)C(O)C[NH2+]C1CC2(Oc3ncc(cc13)CC(C)(C)C)CCC2,BACE_666,7.3565474,1,552.6239,3.8431001,88.059998,3,4,10
s1cc(cc1)-c1cc(ccc1)C1([NH2+]CC(O)C(NC(=O)C)Cc2cc(F)cc(F)c2)CCCCC1,BACE_667,7.3565474,1,499.63559,3.6933999,94.18,3,2,9
S1(=O)(=O)CC(Cc2cc(OC(C(F)(F)F)C(F)(F)F)c(N)c(F)c2)C(O)C([NH2+]Cc2cc(OC(F)(F)F)ccc2)C1,BACE_668,7.3565474,1,629.4881,4.677,123.84,3,4,11
Clc1cc(cc(Cl)c1NC(=O)C)CNC(=[NH2+])NC(=O)Cn1c2cc(ccc2cc1)C#N,BACE_669,7.3565474,1,458.32059,1.2255,124.54,2,3,7
S1(=O)(=O)CC(Cc2cc(OCCC)c(N)cc2)C(O)C([NH2+]Cc2cc(ccc2)C(C)(C)C)C1,BACE_671,7.3467875,1,475.66391,2.5810001,114.61,3,3,9
Fc1cc(cc(F)c1)CC(NC(=O)c1c2c(n(c1)C(=O)N(CCCC)CCCC)cccc2)C(O)C[NH2+]Cc1cc(OC)ccc1,BACE_670,7.3467875,1,635.76367,6.2507,100.41,3,4,16
Clc1cc(Cl)cnc1C(=O)Nc1cc(C2(N=C(N)COC2)C)c(F)cc1,BACE_672,7.3467875,1,397.23099,2.3662,89.599998,1,4,3
Fc1cc(cc(F)c1)CC(NC(=O)C(N1CCC(NC(=O)C)(CC2CC2)C1=O)C)C(O)C[NH2+]Cc1cc(OC)ccc1,BACE_674,7.3372421,1,587.6778,2.1566,124.58,4,5,14
Fc1cc(cc(c1)C(C)(C)C)C1([NH2+]CC(O)C(NC(=O)C)Cc2cc(F)cc(F)c2)CCCCC1,BACE_673,7.3372421,1,491.6087,4.4835,65.940002,3,2,9
Clc1ccc(nc1)C(=O)Nc1cc(C2(N=C(N)CCOC2)C)c(F)cc1,BACE_675,7.3372421,1,376.8125,1.95,89.599998,1,4,3
O1c2ncc(cc2C([NH2+]CC(O)C(NC(=O)COC)Cc2ccc(cc2)C#C)CC12CCC2)CC(C)(C)C,BACE_678,7.3279023,1,520.68292,3.5589001,97.290001,4,5,11
Fc1cc(cc(F)c1)C[C@H](NC(=O)C)[C@H](O)C[NH2+]C1(CCCCC1)c1cc(ccc1)C(C)(C)C,BACE_73,7.3279023,1,473.61829,4.2779999,65.940002,3,2,9
Fc1cc(cc(F)c1)CC(NC(=O)C)C(O)C[NH2+]C1(CCC(=O)NC1)c1cc(ccc1)C(C)(C)C,BACE_676,7.3279023,1,488.58981,1.8961999,95.040001,4,3,9
Fc1cc(cc(F)c1)CC(NC(=O)C)C(O)C[NH2+]C1(CCCCC1)c1cc(ccc1)C(C)C,BACE_677,7.3279023,1,459.59171,4.0718002,65.940002,3,2,9
S1c2c(cc(cc2)-c2cc(ccc2)C#N)C2(N=C(N)N(C)C2=O)CC1(C)C,BACE_679,7.3279023,1,376.4747,3.1847,107.78,0,3,2
Fc1cc(cc(F)c1)CC(NC(=O)C)C(O)C[NH2+]C1(CCC(CC1)=C)c1cc(ccc1)C(C)(C)C,BACE_681,7.318759,1,485.629,4.3337002,65.940002,3,2,9
S1c2c(cc(cc2)-c2cncnc2)C2(N=C(N)N(C)C2=O)CC1(C)C,BACE_682,7.318759,1,353.44141,1.5271,109.77,0,4,1
S1(=O)(=O)N(c2cc(cc3c2n(cc3CC)CC1)C(=O)NC(Cc1ccccc1)C(O)C[NH2+]CC)C,BACE_680,7.318759,1,499.64551,1.3316,116.63,3,3,9
O=C1N(C)C(=N[C@@]12CC(Cc1c2cc(cc1)-c1cncnc1)(C)C)N,BACE_74,7.318759,1,335.40289,1.9669,84.470001,0,4,1
Fc1ncc(cc1)C(=O)NC(Cc1cc2OCOc2cc1)C(O)C[NH2+]C1CC2(Oc3ncc(cc13)CC(C)(C)C)CCC2,BACE_683,7.3151546,1,591.69287,3.5666001,119.41,3,7,10
O(C(C)(C)C)C(=O)N[C@@H](C(C)C)C(=O)N([C@@H](CCC(=O)N)C(=O)N[C@H]([C@@H](O)CC(=O)N[C@@H](CC(C)C)C(=O)N[C@H](C(=O)N([C@H](Cc1ccccc1)C(=O)N1CCC[C@@H]1C(OC)=O)C)C)Cc1ccccc1)C,BACE_75,7.3115802,1,1007.2221,3.1884,276.17999,6,12,28
Fc1cc(cc(F)c1)CC(NC(=O)C)C(O)C[NH2+]C1(CCC(CC1)C)c1cc(ccc1)C(C)(C)C,BACE_684,7.309804,1,487.64481,4.5297999,65.940002,3,2,9
S1(=O)(=O)C[C@@H](Cc2cc(C[C@H](O)C(F)(F)F)c(N)c(F)c2)[C@H](O)[C@@H]([NH2+]Cc2cc(ccc2)C(C)(C)C)C1,BACE_76,7.309804,1,547.62567,2.6831999,125.61,4,3,9
Fc1ccc(NC(=O)c2ncc(cc2)C#N)cc1[C@]1(N=C(OCC1(F)F)N)CF,BACE_77,7.309804,1,407.32169,2.3978,113.39,1,5,5
O1CCCCNc2cc(cc(c2)C(=O)NC(Cc2cc1ccc2)C(O)C[NH2+]C(C)(C)c1cc(ccc1)C(C)C)COC,BACE_686,7.3010302,1,574.77332,5.1953001,96.43,4,4,8
O1CCCCNc2cc(cc(c2)C(=O)NC(Cc2cc1ccc2)C(O)C[NH2+]C1(CCCC1)c1cc(ccc1)C(C)(C)C)COC,BACE_687,7.3010302,1,614.83722,6.0773001,96.43,4,4,8
S1(=O)(=O)N(c2cc(cc3c2n(cc3CC)CC1)C(=O)NC([C@H](O)C[NH2+]CCF)Cc1ccccc1)C,BACE_685,7.3010302,1,517.63599,1.3834,116.63,3,3,10
Fc1ncccc1-c1cc(ccc1)C1(N=C(N)N(C)C1=O)c1cn(nc1)CCF,BACE_699,7.3010302,1,396.39331,1.9028,89.400002,0,4,5
O=C(NCc1nccnc1)C(Cc1cc2cc(ccc2nc1N)-c1ccccc1C)C,BACE_697,7.3010302,1,411.4989,3.4751,93.790001,2,4,6
S(C(C)C)C(NC(=O)C(C(C)C)CC(O)C1NC(=O)c2cc(N(S(=O)(=O)C)C)cc(c2)C(=O)NC(c2cc(COC1)ccc2)C)C(=O)NCc1ccccc1,BACE_696,7.3010302,1,796.00751,3.6664,216.92,5,8,13
FC(F)Oc1ccc(cc1)[C@@]1(N=C(N)N(C)C1=O)c1cc(ccc1)\C=C\CCO,BACE_695,7.3010302,1,401.40649,3.3556001,88.150002,1,4,7
FC(F)Oc1ccc(cc1)[C@@]1(N=C(N)N(C)C1=O)c1cc(ccc1)\C=C\CCCOC,BACE_694,7.3010302,1,429.45969,4.2203002,77.150002,0,4,9
FC(F)Oc1ccc(cc1)[C@@]1(N=C(N)N(C)C1=O)c1cc(ccc1)CCCC#N,BACE_693,7.3010302,1,398.40591,3.9972,91.709999,0,4,7
Fc1cc(ccc1OC)C1(N=C(N)N(C)C1=O)c1cc(ccc1)-c1cccnc1,BACE_691,7.3010302,1,390.41031,2.9224999,80.809998,0,4,4
O(CCCC)c1cc(ccc1OC)C1(N=C(N)N(C)C1=O)c1cc(ccc1)-c1cccnc1,BACE_690,7.3010302,1,444.52551,4.0293002,90.040001,0,5,8
O(CCC)c1cc(ccc1OC)C1(N=C(N)N(C)C1=O)c1cc(ccc1)-c1cccnc1,BACE_689,7.3010302,1,430.4989,3.5731001,90.040001,0,5,7
O(CC)c1cc(ccc1OC)C1(N=C(N)N(C)C1=O)c1cc(ccc1)-c1cccnc1,BACE_688,7.3010302,1,416.47241,3.0494001,90.040001,0,5,6
Fc1cc(ccc1)-c1cc(ccc1)C1(N=C(N)N(C)C1=O)c1ccncc1,BACE_692,7.3010302,1,360.38431,2.9389,71.580002,0,3,3
FC1(F)COC(=NC1(C)c1cc(NC(=O)c2ncc(OC)cc2)ccc1F)N,BACE_700,7.2924299,1,394.34781,2.4507,98.830002,1,5,4
Fc1ccc(NC(=O)c2ncc(cc2)C#N)cc1[C@]1(N=C(OCC1)N)C,BACE_78,7.2923999,1,353.35031,1.9168,113.39,1,5,4
S1(=O)(=O)CC(Cc2cc(CC)c(NC(=O)C[NH+](C)C)c(F)c2)C(O)C([NH2+]Cc2cc(ccc2)C(C)(C)C)C1,BACE_702,7.2839966,1,549.74078,1.1852,112.9,3,3,10
S1(=O)(=O)N(CCCC1)c1cc(cc(c1)/C(=N\OC)/C)C(=O)NC([C@@H](O)C[NH2+]Cc1cc(OC)ccc1)Cc1cc(F)cc(F)c1,BACE_701,7.2839966,1,645.73712,2.2353001,142.52,3,6,13
S(CC[C@H](NC(=O)[C@@H](NC(=O)C)CC(C)C)C(=O)N[C@H]([C@@H](O)C[C@H](C(=O)NCCCC)C)CC(C)C)C,BACE_79,7.2757239,1,544.79059,2.5397999,161.92999,5,6,19
Fc1ccc(NC(=O)c2ncc(cc2)C#N)cc1[C@]1(N=C(OCC1)N)C(F)F,BACE_80,7.2676063,1,389.3313,2.0811,113.39,1,5,5
Fc1cc(cc(F)c1)CC(NC(=O)C(N1CCC(NC(=O)C)(C(CC)C)C1=O)CCc1ccccc1)C(O)C1[NH2+]Cc2c(C1)cccc2,BACE_704,7.2676063,1,661.80103,3.7156,115.35,4,4,13
Fc1cc(cc(F)c1)CC(NC(=O)c1cc(cc(Oc2ccccc2OC)c1)C(=O)N(CCC)CCC)C(O)C[NH2+]Cc1cc(OC)ccc1,BACE_703,7.2676063,1,690.79578,5.5138001,113.94,3,6,18
O=C1N(CC[C@]12[N@H+](CCC2)CCC)[C@H](C(=O)N[C@H]([C@H](O)C[NH2+]Cc1cc(ccc1)C(C)C)Cc1ccccc1)C,BACE_81,7.2596374,1,550.77509,1.4543999,90.690002,3,3,13
S1(=O)(=O)C[C@@H](Cc2cc3c([nH]cc3CC(F)F)cc2)[C@H](O)[C@@H]([NH2+]Cc2cc(ccc2)C(C)(C)C)C1,BACE_82,7.2596374,1,505.6402,2.7595999,95.150002,3,2,8
Fc1cc(cc(F)c1)CC(NC(=O)c1cc(cc(c1)/C(=N\OCC(C)C)/C)C(=O)N(CCC)CCC)C(O)C[NH2+]Cc1cc(OC)ccc1,BACE_705,7.2596374,1,681.83209,5.0081,117.07,3,6,19
Brc1cc(ccc1O)CC1CS(=O)(=O)CC([NH2+]Cc2cc(ccc2)C(C)(C)C)C1O,BACE_706,7.2596374,1,497.46552,2.9525001,99.589996,3,3,6
Brc1cc(cc(F)c1N)CC1CS(=O)(=O)CC([NH2+]Cc2cc(ccc2)C(C)(C)C)C1O,BACE_707,7.2596374,1,514.47119,2.6788001,105.38,3,2,6
s1cc(cc1C1(N=C(N)N(C)C(=O)C1)C)-c1cc(ccc1)C#N,BACE_255,7.251812,1,324.40009,2.2888999,110.72,0,3,3
S1(=O)(=O)CC(Cc2cc(OCCC)c(N)c(F)c2)C(O)C([NH2+]Cc2cc(ccc2)C(C)(C)C)C1,BACE_708,7.251812,1,493.6543,2.7865,114.61,3,3,9
FC1(F)CN2C(=NC1)C(N=C2N)(c1cc(ccc1)C#CCCOC)c1ccc(OC(F)F)cc1,BACE_709,7.25,1,474.45071,4.4573998,72.440002,0,4,7
Clc1cc(cc(Cl)c1NC(=O)C)CNC(=[NH2+])NC(=O)Cn1c2c(cc(cc2)C#N)cc1,BACE_711,7.2441254,1,458.32059,1.2255,124.54,2,3,7
FC1(F)COC(=NC1(C)c1cc(NC(=O)c2ncc(OC(F)(F)F)cc2)ccc1F)N,BACE_710,7.2441254,1,448.31921,4.5869999,98.830002,1,5,5
S(=O)(=O)(N(C)c1cc(cc(c1)C(=O)N[C@H]([C@@H](O)CC(=O)N[C@@H](CC(C)C)C(=O)N[C@H](C(=O)N([C@H](Cc1ccccc1)C(=O)N1CCC[C@H]1C(OC)=O)C)C)Cc1ccccc1)C(=O)N[C@H](C)c1ccccc1)C,BACE_83,7.2426038,1,1024.231,4.1897998,249.31,5,10,24
FC1(F)CN2C(=NC1)C(N=C2N)(c1cc(ccc1)C#COCCCF)c1ccc(OC(F)F)cc1,BACE_712,7.23,1,492.44119,4.2923999,72.440002,0,4,8
S(=O)(=O)(N(C)c1cc(cc(c1)/C(=N\OCCC)/C)C(=O)NC([C@@H](O)C[NH2+]Cc1cc(OC)ccc1)Cc1cc(F)cc(F)c1)C,BACE_713,7.2291479,1,647.75293,2.6468,142.52,3,6,16
Fc1cc(cc(F)c1)C[C@H](NC(=O)C)[C@H](O)C[NH2+]C1(CCCCC1)c1cc(-n2nccc2)ccc1,BACE_84,7.2291479,1,483.5733,2.6335001,83.760002,3,3,9
Clc1cc(cnc1)-c1cc(ccc1)C1(NC(=[NH2+])N(C)C1=O)C1CC1,BACE_256,7.2291479,1,341.8147,1.9641,70.82,1,2,3
O(C(C)C)c1cc(ccc1OC)C1(N=C(N)N(C)C1=O)c1cc(ccc1)-c1cccnc1,BACE_718,7.221849,1,430.4989,3.4268999,90.040001,0,5,6
Fc1ncccc1-c1cc(ccc1)C1([NH+]=C(N2C1=NCCC2)N)c1ccc(OC(F)(F)F)cc1,BACE_716,7.221849,1,470.44211,3.9019001,77.709999,0,3,5
S1(=O)(=O)N(c2cc(cc3c2n(cc3CC)C1)C(=O)NC(Cc1ccccc1)C(O)C[NH2+]C1CCCCC1)C,BACE_715,7.221849,1,539.70941,2.8234,116.63,3,3,9
S(=O)(=O)(N(C)c1cc(cc(c1)/C(=N/OC)/C)C(=O)NC([C@@H](O)C[NH2+]Cc1cc(OC)ccc1)Cc1cc(F)cc(F)c1)C,BACE_714,7.221849,1,619.69983,1.7743,142.52,3,6,14
Fc1cc(cc(F)c1)-c1cc(ccc1)C1(N=C(N)N(C)C1=O)c1ccncc1,BACE_720,7.221849,1,378.37469,3.1443999,71.580002,0,3,3
Fc1ncccc1-c1cc(ccc1)[C@]1(N=C(N)N(C)C1=O)c1ccc(OC(F)(F)F)cc1,BACE_721,7.221849,1,444.38171,5.4428,80.809998,0,4,5
FC(F)(F)CCCc1cc(ccc1)[C@]1(N=C(N)N(C)C1=O)c1ccc(OC(F)F)cc1,BACE_722,7.221849,1,441.39441,5.2814002,67.919998,0,3,8
Brc1cc(ccc1OC(=O)NC)CC1CS(=O)(=O)CC([NH2+]Cc2cc(ccc2)C(C)C)C1O,BACE_723,7.221849,1,540.4903,2.9718001,117.69,3,4,8
Fc1cc(cc(F)c1)CC(NC(=O)C(N1CCC(CCCC)C1=O)C)C(O)C[NH2+]Cc1cc(OC)ccc1,BACE_724,7.221849,1,532.6424,2.9830999,95.480003,3,4,14
Fc1ccc(OC)cc1-c1cc2c(OC(CC23N=C(N)N(C)C3=O)(C)C)cc1,BACE_725,7.221849,1,383.41611,2.9367001,77.150002,0,4,2
Fc1ncccc1-c1cc(ccc1)C1(N=C(N)N(C)C1=O)c1ccc(OC(F)(F)F)cc1,BACE_719,7.221849,1,444.38171,5.4428,80.809998,0,4,5
O1CCCCNc2cc(cc(c2)C(=O)NC(Cc2cc1ccc2)C(O)C[NH2+]Cc1cc(ccc1)C(C)C)COC,BACE_717,7.221849,1,546.72021,4.6128001,96.43,4,4,8
O=C1N(C)C(=N[C@@]1(c1cc(ccc1)-c1cccnc1)c1ccncc1)N,BACE_85,7.221849,1,343.3819,1.5828,84.470001,0,4,3
s1cc(cc1)[C@@]1(N=C(N)N(C)C1=O)c1cc(ccc1)-c1cccnc1,BACE_86,7.221849,1,348.42151,2.0308001,99.82,0,3,3
Fc1c2c(ccc1)C(N=C2N)(C=1C=C(C)C(=O)N(C=1)C)c1cc(ccc1)-c1cncnc1,BACE_726,7.2160964,1,425.45761,3.3385,86.160004,0,4,3
Fc1cc(cc(F)c1)CC(NC(=O)C)C(O)C[NH2+]C1(CCOCC1)c1cc(ccc1)C(C)(C)C,BACE_727,7.2146702,1,475.59109,2.2609,75.169998,3,3,9
S1(=O)(=O)CC(Cc2cc(F)c(NC(=O)C[NH+](C)C)cc2)C(O)C([NH2+]Cc2cc(ccc2)C(C)(C)C)C1,BACE_728,7.2146702,1,521.68762,0.2428,112.9,3,3,9
Oc1ccc(cc1-c1cc(cnc1)C#CC)C1(N=C(C)C(=N1)N)C1CC1,BACE_729,7.2146702,1,344.4097,3.8538001,83.860001,1,4,3
Fc1cc(cc(OC)c1)-c1cc2c(OC(CC23N=C(N)N(C)C3=O)(C)C)cc1,BACE_730,7.2146702,1,383.41611,2.9367001,77.150002,0,4,2
Clc1ccc(nc1)C(=O)Nc1cc(C2(N=C(N)c3c(C2)cccc3)C)c(F)cc1,BACE_731,7.2146702,1,408.8559,3.8857,80.370003,1,3,3
FC(F)(F)c1cc(ccc1)C[NH2+]CC(O)C(NC(=O)c1cc(N2CCCC2=O)c(C)c(NCC)c1)Cc1ccccc1,BACE_732,7.2006593,1,583.66431,3.5841,98.279999,4,3,13
FC(F)(F)c1cc(cnc1)-c1cc2c(OC(CC23N=C(N)N(C)C3=O)(C)C)cc1,BACE_733,7.2006593,1,404.38571,2.5393,80.809998,0,4,2
O1c2ncc(cc2C([NH2+]CC(O)C(NC(=O)COC)Cc2cc(ccc2)-c2nccn2C)CC12CCC2)CC(C)(C)C,BACE_734,7.19382,1,576.74939,2.2677,115.11,3,6,12
Fc1cc(cc(F)c1)CC(NC(=O)c1c2c(n(c1)C(=O)N(CCCC)C)cc(F)cc2)C(O)C[NH2+]Cc1cc(OC)ccc1,BACE_735,7.1804562,1,611.67438,5.1275001,100.41,3,4,13
FC1(F)COC(=NC1(C)c1cc(NC(=O)c2ncc(F)cc2)ccc1F)N,BACE_736,7.1804562,1,382.31229,2.6726,89.599998,1,4,3
Fc1cc(cc(F)c1)CC(NC(=O)c1cc(cc(c1)/C(=N\OCc1ccccc1)/C)C(=O)N(CCC)CCC)C(O)C[NH2+]Cc1cc(OC)ccc1,BACE_737,7.1739254,1,715.84839,5.3997998,117.07,3,6,19
O1CCCCNc2cc(cc(c2)C(=O)NC(Cc2cc1ccc2)C(O)C[NH2+]C1(CCC1)c1cc(ccc1)C(C)(C)C)COC,BACE_738,7.1739254,1,600.81061,5.6210999,96.43,4,4,8
Clc1cnc(nc1)C(=O)Nc1cc(C2(N=C(OCC2(F)F)N)C)c(F)cc1,BACE_739,7.1739254,1,399.75491,2.1765001,102.49,1,5,3
Fc1cc(cc(F)c1)CC(NC(=O)C(N1CCC(C(O)CCC)C1=O)C)C(O)C[NH2+]Cc1cc(OC)ccc1,BACE_740,7.167491,1,548.64178,1.8812,115.71,4,5,14
S1(=O)(=O)CC(Cc2cc(OC(C(F)(F)F)C(F)(F)F)c(N)c(F)c2)C(O)C([NH2+]Cc2nccc(c2)C(C)(C)C)C1,BACE_741,7.167491,1,602.58521,3.0220001,127.5,3,4,10
O1c2c(cc(cc2)-c2cc(OC)ccc2)C2(N=C(N)N(C)C2=O)CC1(C)C,BACE_742,7.167491,1,365.4256,2.7312,77.150002,0,4,2
Fc1ncccc1-c1cc(ccc1)C1([NH+]=C(N2C1=NCCC2)N)c1ccc(OC)cc1,BACE_743,7.154902,1,416.4707,1.7656,77.709999,0,3,4
O(C)c1ccc(cc1)C1(N=C(N)N(C)C1=O)C12CC3CC(C1)CC(C2)C3,BACE_744,7.154902,1,353.45801,3.2404001,67.919998,0,3,3
Clc1ccccc1-c1n(Cc2nc(N)c(NCCO)cc2)c(cc1)-c1ccc(Oc2cncnc2)cc1,BACE_748,7.154902,1,512.99011,4.8172002,111.11,3,5,9
O(c1cc(ccc1OC)C1(N=C(N)N(C)C1=O)c1cc(ccc1)-c1cccnc1)C1CCCC1,BACE_745,7.154902,1,456.53619,4.1027002,90.040001,0,5,6
O=C1N(C)C(=NC1(c1cc(ccc1)-c1cncnc1)c1cn(nc1)C1CCCC1)N,BACE_753,7.154902,1,401.46429,1.6867,102.29,0,5,4
O=C1N(C)C(=NC1(c1cc(ccc1)-c1cncnc1)c1cc(ncc1)C(C)C)N,BACE_746,7.154902,1,386.44971,2.3666999,97.360001,0,5,4
O1c2c(cc(cc2)-c2cc(OCC)ccc2)C2(N=C(N)N(C)C2=O)CC1(C)C,BACE_756,7.154902,1,379.45221,3.0799999,77.150002,0,4,3
Brc1cc2c(cc1)C1(CCC2)C[NH2+]CC1C(=O)N1CCC(CC1c1ccccc1)c1ccccc1,BACE_755,7.154902,1,530.51849,4.8762002,36.919998,1,1,3
O=C1N(C)C(=NC1(c1cc(ccc1)-c1nccnc1)c1ccncc1)N,BACE_747,7.154902,1,344.3699,0.86070001,97.360001,0,5,3
s1cc(cc1)C1(N=C(N)N(C)C1=O)c1cc(ccc1)-c1cncnc1,BACE_754,7.154902,1,349.40961,1.4026999,112.71,0,4,3
Fc1cc(cc(F)c1)CC(NC(=O)C(N1CCC(C(O)CCC)C1=O)C)C(O)C1[NH2+]CC(OCCC)C1,BACE_752,7.154902,1,526.63629,0.99409997,115.71,4,5,13
Fc1cc(cc(F)c1)CC(NC(=O)c1c2cc(ccc2n(c1)C(=O)N(CCCC)C)C(=O)[O-])C(O)C[NH2+]Cc1cc(OC)ccc1,BACE_751,7.154902,1,636.68549,3.8485999,140.53999,3,4,14
Fc1ccc(cc1OCC(F)F)[C@]1(N=C(N)N(C)C1=O)c1cc(C)c(OC(F)F)cc1,BACE_750,7.154902,1,443.36719,4.3594999,77.150002,0,4,7
Fc1ccc(cc1OCC(F)F)[C@]1(N=C(N)N(C)C1=O)c1ccc(OC(F)F)cc1,BACE_749,7.154902,1,429.3407,3.8733001,77.150002,0,4,7
s1ccnc1-c1cccc(CC(NC(=O)COC)C(O)C[NH2+]C2CC3(Oc4ncc(cc24)CC(C)(C)C)CCC3)c1F,BACE_757,7.1487417,1,597.76367,2.8355999,138.42,3,6,12
S(=O)(=O)(N(C)c1cc(cc(c1)C(=O)N[C@H]([C@H](O)[C@@H]1[NH2+]C(N(C)C1=O)(C)C)Cc1ccccc1)C(=O)N[C@H](C)c1ccc(F)cc1)C,BACE_87,7.1487417,1,654.77191,0.64359999,161.11,4,5,11
Fc1cc(cc(F)c1)CC(NC(=O)C)C(O)C[NH2+]C1(CCC(Nc2ncccc2)CC1)c1cc(ccc1)C(C)(C)C,BACE_759,7.1366773,1,565.71692,4.4289999,90.860001,4,3,11
S1(=O)(=O)N(c2cc(cc3c2n(cc3CC)CC1)C(=O)NC([C@H](O)C[NH2+]CC#C)Cc1ccccc1)C,BACE_758,7.1366773,1,509.64029,2.175,116.63,4,3,9
Fc1cc(cc(F)c1)CC(NC(=O)c1c2cccnc2n(c1)C(=O)N(CCOC)C)C(O)C[NH2+]Cc1cc(OC)ccc1,BACE_760,7.1366773,1,596.64478,2.4164,122.53,3,6,13
O=C(N)CC[C@H](N(C(=O)[C@@H](NC(=O)[C@@H](O)C)C(C)C)C)C(=O)N[C@H]([C@@H](O)CC(=O)N[C@@H](CC(C)C)C(=O)N[C@H](C(=O)N([C@H](CC1CCCCC1)C(=O)[O-])C)C)CC1CCCCC1,BACE_88,7.1366773,1,879.1145,1.7862999,280.70001,7,9,25
S1(=O)(=O)N(CCCC1)c1cc(ccc1)C(=O)NC(Cc1cc(F)cc(F)c1)C(O)C[NH2+]Cc1cc(OC)ccc1,BACE_761,7.1307683,1,574.65918,2.3889999,120.93,3,4,11
O=C(NC1CCCCC1)CCc1cc2cc(ccc2nc1N)-c1ccccc1C,BACE_89,7.1307683,1,387.5173,5.3734999,68.010002,2,2,5
FC(F)(F)c1cc(ccc1)-c1cc2c(OC(CC23N=C(N)N(C)C3=O)(C)C)cc1,BACE_762,7.1307683,1,403.39761,3.6898999,67.919998,0,3,2
S(=O)(=O)(N(C)c1cc(ccc1)C(=O)N[C@H]([C@@H](O)C[NH2+]Cc1cc(OC)ccc1)Cc1cc(F)cc(F)c1)C,BACE_763,7.124939,1,548.62189,1.928,120.93,3,4,12
S1(=O)(=O)CC(Cc2cc(OCCC(F)(F)F)c(N)c(F)c2)C(O)C([NH2+]Cc2cc(ccc2)C(C)(C)C)C1,BACE_764,7.124939,1,547.62567,1.9094,114.61,3,3,10
Fc1cc(cc(F)c1)CC(NC(=O)C(N1CCC(C(C)C)C1=O)CCc1ccccc1)C(O)C[NH2+]Cc1cc(OC)ccc1,BACE_765,7.1249385,1,608.7384,4.3346,95.480003,3,4,15
FC(F)(F)c1cc(ccc1)C[NH2+]C[C@@H](O)[C@@H](NC(=O)C=1C=C(N2CCCC2=O)C(=O)N(C=1)C1CCCC1)Cc1ccccc1,BACE_90,7.1191864,1,611.67438,3.3829,108.25,3,4,12
S(=O)(=O)(N(C)c1cc(cc(c1)/C(=N\O)/C)C(=O)N[C@H]([C@@H](O)C[NH2+]Cc1cc(OC)ccc1)Cc1cc(F)cc(F)c1)C,BACE_766,7.1191864,1,605.67322,1.7098,153.52,4,6,13
Fc1ccccc1C(=O)NC(Cc1cc2OCOc2cc1)C(O)C[NH2+]C1CC2(Oc3ncc(cc13)CC(C)(C)C)CCC2,BACE_767,7.1157713,1,590.70477,4.3332,106.52,3,6,10
Fc1ccc(NC(=O)c2ncc(cc2)C#N)cc1[C@]1(N=C(OC[C@@H]1F)N)CF,BACE_91,7.1135092,1,389.3313,2.3355,113.39,1,5,5
Fc1cc(cc(F)c1)CC(NC(=O)C)C(O)C[NH2+]C1(CCCCC1)c1cc(cc(OC)c1)C(C)(C)C,BACE_768,7.1135092,1,503.6442,4.2616,75.169998,3,3,10
FC1(F)CN2C(=NC1)[C@]([NH+]=C2N)(c1cc(ccc1)C#CCOC)c1ccc(OC(F)F)cc1,BACE_92,7.1100001,1,461.4321,2.4538,74.050003,0,3,6
O1C[C@H](NC(=O)c2cc(cc(c2)[C@@H](O)[NH2+][C@H](C\C=C\C1)c1ccccc1)C)[C@H](O)C[NH2+]Cc1cc(ccc1)C(C)C,BACE_93,7.1079054,1,559.73877,2.2483001,112.01,5,4,7
S1(=O)(=O)CC(Cc2cc(CC(OC)C(F)(F)F)c(N)c(F)c2)C(O)C([NH2+]Cc2cc(ccc2)C(C)(C)C)C1,BACE_769,7.1079054,1,561.65228,3.0917001,114.61,3,3,10
Fc1c2c(ccc1)C(N=C2N)(c1cc(ccc1)-c1cncnc1)c1nc(C)c(OC)c(c1)C,BACE_770,7.1051302,1,439.48419,3.8422,86.279999,0,5,4
S1(=O)(=O)CC(Cc2cc(-c3occc3)c(N)c(F)c2)C(O)C([NH2+]Cc2cc(ccc2)C(C)(C)C)C1,BACE_772,7.1023731,1,501.6333,2.6164999,118.52,3,3,7
S1(=O)(=O)N(c2cc(cc3n(cc(CC1)c23)CC)C(=O)NC([C@H](O)C[NH2+]CC(F)(F)F)Cc1ccccc1)C,BACE_771,7.1023731,1,553.61688,1.6526999,116.63,3,3,10
Brc1cc2n(ccc2cc1)CC(=O)NC(=[NH2+])NCc1cc(Cl)c(NC(=O)C)c(Cl)c1,BACE_773,7.1023731,1,512.20721,2.095,100.75,2,2,7
[NH+]=1[C@](N=C(C)C=1N)(C1CC1)c1cc(ccc1)-c1cc(cnc1)C#CC,BACE_94,7.1023731,1,329.41821,2.4388001,65.239998,0,2,3
Fc1ncccc1-c1cc(ccc1)C1([NH+]=C(N2C1=NCC2)N)c1ccc(OC(F)(F)F)cc1,BACE_775,7.09691,1,456.4155,3.8395,77.709999,0,3,5
Fc1ncccc1-c1cc(ccc1)C1([NH+]=C(N2C1=NCCC2)N)c1cc(OCC)c(OCC)cc1,BACE_774,7.09691,1,474.5499,2.4468,86.940002,0,4,7
Fc1ncccc1-c1cc(ccc1)C1([NH+]=C(N2C1=NCCCC2)N)c1ccc(OC(F)(F)F)cc1,BACE_776,7.09691,1,484.46869,4.4819002,77.709999,0,3,5
FCCCC(=O)c1cc(ccc1)[C@]1(N=C(N)N(C)C1=O)c1ccc(OC(F)F)cc1,BACE_778,7.09691,1,419.397,3.7484,84.989998,0,4,8
FCCC[C@@H](F)c1cc(ccc1)[C@]1(N=C(N)N(C)C1=O)c1ccc(OC(F)F)cc1,BACE_779,7.09691,1,423.40399,4.5783,67.919998,0,3,8
FC(F)Oc1ccc(cc1C)[C@@]1(N=C(N)N(C)C1=O)c1ccccc1,BACE_780,7.09691,1,345.34329,3.6573,67.919998,0,3,4
Fc1ccc(cc1-c1cncnc1)C1(N=C(N)N(C)C1=O)c1cn(nc1)C(C)C,BACE_781,7.09691,1,393.41751,1.2164,102.29,0,5,4
s1cc(cc1CC)C1(N=C(N)N(C)C1=O)c1cc(ccc1)-c1cncnc1,BACE_782,7.09691,1,377.4628,2.3522,112.71,0,4,4
Clc1scc(c1)C1(N=C(N)N(C)C1=O)c1cc(ccc1)-c1cncnc1,BACE_783,7.09691,1,383.85471,2.279,112.71,0,4,3
S1(=O)CC(Cc2cc(OC(COC)C(F)(F)F)c(N)c(F)c2)C(O)C([NH2+]Cc2cc(OC(C)C)ccc2)C1,BACE_784,7.09691,1,563.62512,2.0327001,126.83,3,4,12
O=C1N(C)C(=N[C@@]1(c1cc(ccc1)-c1cncnc1)c1cn(nc1)CC)N,BACE_95,7.09691,1,361.40051,0.63340002,102.29,0,5,4
O=C1N(C)C(=N[C@@]1(c1cc(ccc1)-c1cncnc1)c1cc(ncc1)C)N,BACE_777,7.09691,1,358.39651,1.2373,97.360001,0,5,3
Fc1cc(cc(F)c1)CC(NC(=O)c1c2cccnc2n(c1)C(=O)N(CCCC)C)C(O)C[NH2+]C1(CC1)c1cc(ccc1)CC,BACE_785,7.0915151,1,618.73651,6.1926999,104.07,3,4,13
O1CCCCOc2nc(cc(c2)C(=O)NC(Cc2cc1ccc2)C(O)C[NH2+]C(C)c1cc(ccc1)C(C)C)C,BACE_786,7.0809221,1,532.6936,5.0349998,97.290001,3,5,6
s1ccnc1NC1CCC([NH2+]CC(O)C(NC(=O)C)Cc2cc(F)cc(F)c2)(CC1)c1cc(ccc1)C(C)(C)C,BACE_787,7.070581,1,571.74463,3.8527,119.1,4,3,11
S1(Oc2cc(cc3c2n(cc3CC)CC1)C(=O)NC([C@H](O)C[NH2+]CC1CCOCC1)Cc1ccccc1)(=O)=O,BACE_788,7.0655017,1,556.69348,1.8435,131.85001,3,4,10
Fc1c2c(ccc1)C(N=C2N)(c1cc(ccc1)-c1cncnc1)c1cc(ncc1)C1CC1,BACE_789,7.0634861,1,421.4689,4.7136998,77.050003,0,4,4
FC(F)(F)c1cc(ccc1)C[NH2+]CC(O)C(NC(=O)c1cc(N2CCCC2=O)c2occ(c2c1)CC)Cc1ccccc1,BACE_790,7.0604806,1,594.64392,3.9589,99.389999,3,4,12
Fc1cc(cc(F)c1)CC(NC(=O)C(N1CCC(CCCC)C1=O)C)C(O)C1[NH2+]CC(OCCC)C1,BACE_791,7.0604806,1,510.6369,2.096,95.480003,3,4,13
FC1(F)COC(=NC1(C)c1cc(NC(=O)c2ncc(cc2)C)ccc1F)N,BACE_792,7.0604806,1,378.34839,2.9533,89.599998,1,4,3
Fc1cc(cc(F)c1)CC(NC(=O)C)C(O)C[NH2+]C1(CCCCC1)c1cc(ccc1)C1CCOC1,BACE_793,7.0555172,1,487.60181,2.9105999,75.169998,3,3,9
O=C(NCc1cccnc1)C(Cc1cc2cc(ccc2nc1N)-c1ccccc1C)C,BACE_794,7.0555172,1,410.5108,4.4106002,80.900002,2,3,6
Fc1cc(cc(F)c1)CC(NC(=O)C(N1CCC(CC(C)C)C1=O)C)C(O)C[NH2+]Cc1cc(OC)ccc1,BACE_795,7.0506101,1,532.6424,2.7787001,95.480003,3,4,13
Fc1c(cccc1OC)-c1cc(ccc1)C1(N=C(N2C1=NCCC2)N)c1ccncc1,BACE_796,7.0500002,1,415.4628,3.0639999,76.099998,0,4,4
FC(F)Oc1ccc(cc1)[C@@]1(N=C(N)N(C)C1=O)c1cc(ccc1)CCCCC,BACE_801,7.0457573,1,401.44958,5.4821,67.919998,0,3,8
S1(=O)(=O)N(CCCC1)c1cc(cc(c1)C(=O)N[C@H]([C@@H](O)C[NH2+]Cc1cc(OC)ccc1)Cc1cc(F)cc(F)c1)C(=O)C,BACE_797,7.0457573,1,616.6958,2.1289001,138.0,3,5,12
s1cc(cc1)C1(N=C(N)N(C)C1=O)c1cc(ccc1)-c1nccnc1,BACE_804,7.0457573,1,349.40961,1.3087,112.71,0,4,3
s1cc(cc1)C1(N=C(N)N(C)C1=O)c1cc(-c2cccnc2)c(F)cc1,BACE_803,7.0457573,1,366.41199,2.2363,99.82,0,3,3
FC(F)Oc1ccc(cc1)[C@@]1(N=C(N)N(C)C1=O)c1cc(ccc1)\C=C\C1CC1,BACE_802,7.0457573,1,397.41779,5.4734998,67.919998,0,3,6
FC(F)Oc1ccc(cc1)[C@@]1(N=C(N)N(C)C1=O)c1cc(ccc1)CCC,BACE_800,7.0457573,1,373.39639,4.5696998,67.919998,0,3,6
O1CCOc2c1cc(cc2)C1(N=C(N)N(C)C1=O)c1cc(ccc1)-c1cccnc1,BACE_799,7.0457573,1,400.4299,2.5192001,90.040001,0,5,3
O(C)c1cc(ccc1OC)C1(N=C(N)N(C)C1=O)c1cc(ccc1)-c1cccnc1,BACE_798,7.0457573,1,402.4458,2.7005999,90.040001,0,5,5
s1c(ccc1-c1cc(C#N)c(F)cc1)C12N=C(N)N(C)C(=O)C1CN(C2)c1ccccc1,BACE_257,7.0457573,1,445.5119,4.1146998,113.96,0,3,3
O1c2ncc(cc2C([NH2+]CC(O)C(NC(=O)C)Cc2ccccc2)CC12CCC2)CC,BACE_807,7.0409584,1,424.55579,1.7811,88.059998,3,4,8
S1(=O)(=O)N(CCCC1)c1cc(cc(NCC)c1)C(=O)NC(Cc1ccccc1)C(O)C[NH2+]C1CCOCC1,BACE_805,7.0409584,1,545.71393,0.40959999,132.96001,4,4,11
S1(=O)(=O)N(c2cc(cc3c2n(cc3CC)C1)C(=O)NC(Cc1ccccc1)C(O)C[NH2+]C)C,BACE_806,7.0409584,1,471.59229,0.96509999,116.63,3,3,8
O(C)c1ccc(cc1)C1(N=C(N2C1=NCCC2)N)c1cc(ccc1)-c1cccnc1,BACE_808,7.04,1,397.47229,2.8585,76.099998,0,4,4
Fc1cc(cc(F)c1)CC(NC(=O)C)C(O)C[NH2+]C1(CCc2nc(ncc2C1)C)c1cc(ccc1)C(C)(C)C,BACE_809,7.031517,1,537.66382,3.0681,91.720001,3,4,9
S(=O)(=O)(Nc1cc(cc(c1)C(C)(C)C)C1([NH2+]CC(O)C(NC(=O)C)Cc2cc(F)cc(F)c2)CCCCC1)C,BACE_810,7.031517,1,566.72333,3.1891,120.49,4,3,11
S1(=O)(=O)CC(Cc2cc(C3CC3)c(N)c(F)c2)C(O)C([NH2+]Cc2cc(ccc2)C(C)(C)C)C1,BACE_811,7.0268722,1,475.63901,3.7650001,105.38,3,2,7
O(C)c1cc(ccc1)C[NH2+]C[C@@H](O)[C@@H](NC(=O)c1c2c(n(c1)C(=O)N(CCCC)CCCC)cccc2)Cc1ccccc1,BACE_98,7.0268722,1,599.78278,5.8397002,100.41,3,4,16
O1c2c(cc(cc2)-c2cc(ccc2)C#N)[C@]2(N=C(N)N(C)C2=O)CC1(C)C,BACE_97,7.0268722,1,360.40909,2.6264999,91.709999,0,4,2
Clc1ccc(nc1)C(=O)Nc1cc([C@]2([NH+]=C(N)[C@@H]3[C@H](C2)C3)C)c(F)cc1,BACE_99,7.0177288,1,373.83179,1.0624,81.980003,1,2,3
Clc1ccc(nc1)C(=O)Nc1cc(C2(N=C(N)C3C(C2)C3)C)c(F)cc1,BACE_813,7.0177288,1,372.82379,2.7448001,80.370003,1,3,3
Fc1cc(cc(F)c1)CC(NC(=O)C(N1CCC(CCCC)C1=O)C)C(O)C1[NH2+]CC(O)C1,BACE_812,7.0177288,1,468.5571,0.815,106.48,4,4,10
O(C)c1cccnc1-c1cc2cc(CC(C(=O)NCCC(C)(C)C)C)c(nc2cc1)N,BACE_814,7.0132284,1,420.54721,4.5397,90.129997,2,4,8
O(C)c1ccc(cc1C)C1(N=C(C)C(=N1)N)c1cc(ccc1)-c1cncnc1,BACE_815,7.0132284,1,371.435,2.767,85.75,0,5,4
S(=O)(=O)(N(C)c1cc(cc(c1)C(=O)N[C@H]([C@H](O)C[NH2+]C1CC1)Cc1ccccc1)C(=O)c1ccccc1)C,BACE_100,7.0087738,1,536.66241,2.8557999,128.77,3,4,12
Fc1cc(ccc1)-c1cc2c(OC(CC23N=C(N)N(C)C3=O)(C)C)cc1,BACE_816,7.004365,1,353.39011,2.9531,67.919998,0,3,1
Clc1ccccc1-c1n(Cc2nc(N)ccc2)c(cc1)-c1ccc(Oc2cncnc2)cc1,BACE_102,7.0,1,453.92291,5.5479002,78.849998,1,4,6
S1(=O)(=O)N([C@]2(C[C@@H]([N@H+](CC2)Cc2cc(OC(C)C)c(O)cc2)C)CN1C)c1cc(F)ccc1,BACE_101,7.0,1,478.59991,1.3719,82.900002,1,3,5
O(C)c1ccc(cc1)[C@@]1([NH+]=C(N2C1=NCCC2)N)c1cc(ccc1)-c1cncnc1,BACE_817,7.0,1,399.46829,0.54799998,90.599998,0,4,4
o1cccc1C(=O)Nc1cc(ccc1)C1(N=C(N)N(C)C1=O)C1CCCCC1,BACE_819,7.0,1,380.44031,2.9233,100.93,1,4,4
O=C1N(C)C(=N[C@@]1(c1cc(ccc1)-c1cccnc1)c1cc(ncc1)C)N,BACE_820,7.0,1,357.40851,1.8654,84.470001,0,4,3
Fc1cc(cc(F)c1)CC(NC(=O)C)C(O)C[NH2+]C1(CCCCC1)c1cc(ccc1)C(C)=C,BACE_821,7.0,1,457.57581,3.8757,65.940002,3,2,9
Fc1ccc(cc1OCCCCF)[C@]1(N=C(N)N(C)C1=O)c1ccc(OC(F)F)cc1,BACE_822,7.0,1,439.40341,4.4032001,77.150002,0,4,9
O=C1N(C)C(=NC1(c1cc(ccc1)-c1cncnc1)c1cn(nc1)C)N,BACE_823,7.0,1,347.3739,0.28459999,102.29,0,5,3
FC1(F)CN2C(=NC1)C(N=C2N)(c1cc(ccc1)-c1cncnc1)c1ccc(OC)cc1,BACE_824,7.0,1,434.44131,2.6596,88.989998,0,5,4
S1(=O)(=O)CC(Cc2cc(OCCOC)c(N)c(F)c2)C(O)C([NH2+]Cc2cc(ccc2)C(C)(C)C)C1,BACE_825,7.0,1,509.65369,1.7831,123.84,3,4,10
Fc1cc(cc(F)c1)CC(NC(=O)C)C(O)C[NH2+]C1(CCC(NOC)CC1)c1cc(ccc1)C(C)(C)C,BACE_818,7.0,1,518.65887,3.0292001,87.199997,4,3,11
s1cc(cc1C1([NH2+]CC(O)C(NC(=O)C)Cc2cc(F)cc(F)c2)CCCCC1)C(C)(C)C,BACE_826,6.9829664,0,479.646,4.0039001,94.18,3,2,9
Brc1cc2c(n(cc2)CC(=O)NC(=[NH2+])NCc2cc(Cl)c(NC(=O)C)c(Cl)c2)cc1,BACE_827,6.9746943,0,512.20721,2.095,100.75,2,2,7
O1CC2(N=C1N)c1cc(ccc1Oc1c2cc(OC)cc1)-c1cncnc1,BACE_828,6.9706163,0,360.366,2.3956001,91.849998,0,6,2
FC1(F)CN2C(=NC1)C(N=C2N)(c1cc(ccc1)-c1cncnc1)c1ccncc1,BACE_829,6.9699998,0,405.40341,1.5254,92.650002,0,5,3
FC1(F)COC(=NC1(C)c1cc(NC(=O)c2ncc(OCC(F)(F)F)cc2)ccc1F)N,BACE_830,6.9665761,0,462.34579,3.4581001,98.830002,1,5,6
Clc1ccccc1-c1n(Cc2nc(N)c(OCCO)cc2)c(cc1)-c1ccc(OCCCCC)cc1,BACE_832,6.9586072,0,506.03571,6.9791002,82.529999,2,4,12
Fc1cc(cc(F)c1)C[C@H](NC(=O)C)[C@H](O)C[NH2+]C1(CCOCC1)c1cc(-n2nccc2)ccc1,BACE_834,6.9586072,0,485.54611,0.6164,92.989998,3,4,9
s1cc(nc1)-c1cc(ccc1)C1([NH2+]CC(O)C(NC(=O)C)Cc2cc(F)cc(F)c2)CCCCC1,BACE_833,6.9586072,0,500.62369,3.0977001,107.07,3,3,9
FC(F)(F)c1cc(ccc1)C[NH2+]CC(O)C(NC(=O)c1cc(N2CCCC2=O)c(OC)c(NCC)c1)Cc1ccccc1,BACE_831,6.9586072,0,599.6637,3.0815001,107.51,4,4,14
FC(F)Oc1ccc(cc1)[C@@]1(N=C(N)N(C)C1=O)c1cc(ccc1)C[C@@H](CC)C,BACE_835,6.9586072,0,401.44958,5.2776999,67.919998,0,3,7
S1(=O)(=O)N(CCCC1)c1cc(cc(c1)/C(=N\OCC=C)/C)C(=O)N[C@H]([C@@H](O)C[NH2+]Cc1cc(OC)ccc1)Cc1cc(F)cc(F)c1,BACE_837,6.9546771,0,671.77429,2.8520999,142.52,3,6,15
S(=O)(=O)(C(CCC)CCC)C[C@@H](NC(OCc1ccccc1)=O)C(=O)N[C@H]([C@H](O)C[NH2+]Cc1cc(OC)ccc1)Cc1ccccc1,BACE_103,6.9507818,0,668.8631,4.6362,156.02,4,6,21
O1c2c(cc(cc2)-c2cccnc2)C2(N=C(N)N(C)C2=O)CC1(C)C,BACE_838,6.9469213,0,336.3877,1.597,80.809998,0,4,1
S1(=O)(=O)N(CCCC1)c1cc(cc(NCC)c1)C(=O)NC(Cc1ccccc1)C(O)C[NH2+]C1CC1,BACE_839,6.9208188,0,501.66141,2.0701001,123.73,4,3,11
Fc1cc(cc(F)c1)CC(NC(=O)C)C(O)C[NH2+]C1(CCC(=O)CC1)c1cc(ccc1)C(C)(C)C,BACE_840,6.9208188,0,487.60181,2.7151999,83.010002,3,3,9
O(C)c1ccc(cc1C1CCCC1)C1(N=C(N)N(C)C1=O)c1cc(ccc1)-c1cccnc1,BACE_841,6.9208188,0,440.5368,4.4520001,80.809998,0,4,5
O1CCc2cc(ccc12)C1(N=C(N)N(C)C1=O)c1cc(ccc1)-c1cccnc1,BACE_842,6.9208188,0,384.43051,2.7916999,80.809998,0,4,3
OC(C(NC(=O)C(NC(=O)C(NC(=O)C)CC(C)C)C)CC(C)C)CC(C(=O)NCCCC)C,BACE_843,6.9208188,0,484.67239,2.2124,136.63,5,5,16
Fc1cc(cc(F)c1)CC(NC(=O)C)C(O)C[NH2+]C1(CCCCC1)c1cc(ccc1)-c1ccoc1,BACE_844,6.9208188,0,483.57001,3.1352,79.080002,3,3,9
Fc1ccc(cc1OCCF)[C@]1(N=C(N)N(C)C1=O)c1ccc(OC(F)F)cc1,BACE_845,6.9208188,0,411.35019,3.7607999,77.150002,0,4,7
Fc1cc(cc(F)c1)CC(NC(=O)c1c2c(n(c1)C(=O)N(CCCC)C)cc(cc2)C#N)C(O)C[NH2+]Cc1cc(OC)ccc1,BACE_846,6.9208188,0,618.69342,4.8009,124.2,3,5,13
S1(=O)(=O)CC(Cc2cc3c([nH]cc3CC(F)(F)F)cc2)C(O)C([NH2+]Cc2cc(ccc2)C(C)(C)C)C1,BACE_848,6.9208188,0,523.63068,3.4470999,95.150002,3,2,8
S1(=O)(=O)CC(Cc2cc(O)c(N)c(F)c2)C(O)C([NH2+]Cc2cc(ccc2)C(C)(C)C)C1,BACE_849,6.9208188,0,451.57458,1.663,125.61,4,3,6
Clc1ccc(nc1)C(=O)Nc1cc(C2(Oc3c(cccc3)C(=N2)N)C)c(F)cc1,BACE_850,6.9208188,0,410.8287,3.5183001,89.599998,1,4,3
Fc1cc(cc(F)c1)C[C@H](NC(=O)c1cc(cc(c1)C)C(=O)N(CCC)CCC)[C@H](O)[C@@H]1[NH2+]CC[N@@H+](C1)Cc1ccccc1,BACE_104,6.9208188,0,608.76147,2.8979001,90.690002,3,3,13
Fc1ccc(cc1-c1cncnc1)C1(N=C(N)N(C)C1=O)c1cn(nc1)CC(F)(F)F,BACE_847,6.9208188,0,433.3623,1.4974999,102.29,0,5,5
Fc1cc(cc(F)c1)CC(NC(=O)c1cc(cc(c1)C(=O)N(CCC)CCC)C([NH3+])C)C(O)C[NH2+]Cc1cc(OC)ccc1,BACE_851,6.9100947,0,612.75018,2.4486001,123.12,4,4,16
S(=O)(=O)(N(C)c1cc(cc(c1)C(=O)N[C@H]([C@@H](O)C[NH2+]Cc1cc(OC)ccc1)Cc1cc(F)cc(F)c1)C(=O)C)C,BACE_852,6.9065785,0,590.65863,1.6679,138.0,3,5,13
Fc1c2c(ccc1)C(N=C2N)(c1cc(ccc1)-c1cncnc1)c1ccncc1,BACE_853,6.9065785,0,381.405,2.6612999,77.050003,0,4,3
S(=O)(=O)(N(c1ccccc1OC)c1cc(ccc1)C(=O)NC(Cc1ccccc1)C(O)C[NH2+]C(C(=O)NC1CCCCC1)C)C,BACE_854,6.8996296,0,637.80933,3.5495999,150.03,4,5,14
S(=O)(=O)(N[C@@H]1C[C@H](C[C@@H](C1)C(=O)N[C@H]([C@@H](O)CC(=O)N[C@@H](CC(C)C)C(=O)N[C@H](C(=O)N([C@H](CC1CCCCC1)C(=O)N1CCC[C@H]1C(OC)=O)C)C)CC1CCCCC1)C(=O)N[C@H](C)C1CCCCC1)C,BACE_105,6.8927898,0,1034.3949,5.3263001,258.10001,6,10,24
Oc1ccc(cc1-c1nccc(c1)C#CC)C1(N=C(C)C(=N1)N)C1CC1,BACE_855,6.8860569,0,344.4097,4.2823,83.860001,1,4,3
Fc1ncccc1-c1cc2c(OC(CC23N=C(N)N(C)C3=O)(C)C)cc1,BACE_856,6.8860569,0,354.3782,2.1865001,80.809998,0,4,1
Fc1ncccc1-c1cc(ccc1)[C@]1([NH+]=C(N2C1=NCCCCC2)N)c1ccc(OC(F)(F)F)cc1,BACE_857,6.8860564,0,498.4953,4.9380999,77.709999,0,3,5
O(C)c1ccc(cc1C)C1(N=C(N)N(C)C1=O)c1cc(-c2cccnc2)c(cc1)C,BACE_858,6.8860564,0,400.47299,3.6894,80.809998,0,4,4
O=C1N(C)C(=NC1(c1cc(ccc1)-c1ccccc1)c1ccncc1)N,BACE_859,6.8860564,0,342.3938,2.7334001,71.580002,0,3,3
Fc1cc(cc(F)c1)CC(NC(=O)C)C(O)C[NH2+]C1(CCCCC1)c1cc(ccc1)C(CC)(C)C,BACE_860,6.8860564,0,487.64481,4.7342,65.940002,3,2,10
S1(=O)(=O)CC(Cc2cc(OC(F)(F)F)c(N)cc2)C(O)C([NH2+]Cc2cc(ccc2)C(C)(C)C)C1,BACE_861,6.8860564,0,501.58209,3.8448,114.61,3,3,8
S1(=O)(=O)CC(Cc2cc(CCC)c(N)c(F)c2)C(O)C([NH2+]Cc2cc(ccc2)C(C)(C)C)C1,BACE_862,6.8860564,0,477.65491,3.329,105.38,3,2,8
S1(=O)(=O)CC(Cc2cc(CCC(F)(F)F)c(N)c(F)c2)C(O)C([NH2+]Cc2cc(ccc2)C(C)(C)C)C1,BACE_863,6.8860564,0,531.62628,3.5845001,105.38,3,2,9
Clc1cc(ccc1)-c1cc2c(Oc3c(cc(OC)cc3)C23N=C(OC3)N)cc1,BACE_864,6.8860564,0,392.83499,4.8386998,66.07,0,4,2
s1cc(cc1C1([NH2+]CC(O)C(NC(=O)C)Cc2cc(F)cc(F)c2)CCCCC1)CC(C)(C)C,BACE_865,6.8827286,0,493.67261,4.4601002,94.18,3,2,10
FC(F)(F)c1nccc(c1)C1(N=C(N)c2c1cccc2)c1cc(ccc1)-c1cncnc1,BACE_866,6.8728952,0,431.41251,3.8266001,77.050003,0,4,4
Fc1c2c(ccc1)C(N=C2N)(c1cc(ccc1)-c1cncnc1)c1ccc(OC)cc1,BACE_867,6.8696661,0,410.44299,3.7955,73.389999,0,4,4
Fc1c2c(ccc1)C(N=C2N)(c1cc(ccc1)-c1cc(F)cnc1)c1ccncc1,BACE_868,6.8632793,0,398.40741,3.4949,64.160004,0,3,3
Clc1ccc(nc1)C(=O)Nc1cc(C2(N=C(OCC2)N)C)c(F)cc1,BACE_869,6.8632793,0,362.78589,2.7023001,89.599998,1,4,3
Fc1cc(cc(F)c1)CC(NC(=O)C)C(O)C[NH2+]C1(CCCCC1)c1onc(c1)CC(C)(C)C,BACE_870,6.8569851,0,478.595,3.4416001,91.970001,3,4,10
Fc1cc(cc(F)c1)CC(NC(=O)C)C(O)C[NH2+]C1(CCC(OC)CC1)c1cc(ccc1)C(C)(C)C,BACE_871,6.8538718,0,503.6442,3.4496,75.169998,3,3,10
S(=O)(=O)(N(C)c1cc(cc(c1)C(=O)NC(C(O)CC(OC)COCc1ccc(OC)cc1)COc1cc(F)cc(F)c1)C(=O)NC(C)c1ccccc1)C,BACE_872,6.8538718,0,769.85107,4.2817998,161.11,3,8,19
O=C1N(C)C(=N[C@]1(c1cc(nc(c1)C)C)c1cc(ccc1)-c1cncnc1)N,BACE_873,6.8538718,0,372.4231,1.5199,97.360001,0,5,3
Fc1cc(cc(F)c1)CC(NC(=O)C)C(O)C[NH2+]C1(CC1)c1cc(ccc1)C(C)(C)C,BACE_874,6.8538718,0,431.53851,3.9214001,65.940002,3,2,9
s1cc(cc1C)C1(N=C(N)N(C)C1=O)c1cc(ccc1)-c1cncnc1,BACE_875,6.8538718,0,363.43619,1.6853,112.71,0,4,3
Fc1cc(cc(F)c1)CC(NC(=O)C(N1CCC(NC(=O)C)(C(CC)C)C1=O)CCc1ccccc1)[C@H](O)[C@H]1[NH2+]Cc2c(C1)cccc2OC,BACE_876,6.8538718,0,691.82703,3.6991999,124.58,4,5,14
Brc1cc(ccc1N)CC1CS(=O)(=O)CC([NH2+]Cc2cc(ccc2)C(C)(C)C)C1O,BACE_877,6.8538718,0,496.4808,2.4733,105.38,3,2,6
S1(=O)(=O)C[C@@H](Cc2cc(F)c3NCC4(CCC(F)(F)CC4)c3c2)[C@H](O)[C@@H]([NH2+]Cc2cc(ccc2)C(C)(C)C)C1,BACE_106,6.8538718,0,565.71039,3.5256,91.389999,3,2,6
O1c2ncc(cc2C([NH2+]CC(O)C(NC(=O)C(C)C)Cc2cc3OCOc3cc2)CC12CCC2)CC(C)(C)C,BACE_878,6.8416376,0,538.69818,3.5927999,106.52,3,6,10
Fc1cc(cnc1)-c1cc2c(OC(CC23N=C(N)N(C)C3=O)(C)C)cc1,BACE_879,6.8386321,0,354.3782,1.8025,80.809998,0,4,1
S1(=O)(=O)CC(Cc2cc(CCCC)c(O)cc2)C(O)C([NH2+]Cc2cc(ccc2)C(C)C)C1,BACE_884,6.8239088,0,460.6492,3.8527,99.589996,3,3,9
O=C(N1CC[C@H](C[C@H]1c1ccccc1)c1ccccc1)[C@@H]1C[NH2+]C[C@]12CCCc1c2cccc1,BACE_107,6.8239088,0,451.62241,4.1278,36.919998,1,1,3
S1(=O)(=O)C[C@@H](Cc2cc(C[C@@H]3N(CCC)C(OC3)=O)c(O)cc2)[C@H](O)[C@@H]([NH2+]Cc2cc(ccc2)C(C)C)C1,BACE_108,6.8239088,0,545.71057,3.5397999,129.13,3,5,10
S1(=O)(=O)CC(Cc2cc(-c3ccoc3)c(N)c(F)c2)C(O)C([NH2+]Cc2cc(ccc2)C(C)(C)C)C1,BACE_885,6.8239088,0,501.6333,2.188,118.52,3,3,7
O(C)c1ccc(cc1C#N)C1(N=C(N)N(C)C1=O)c1cc(ccc1)-c1cccnc1,BACE_881,6.8239088,0,397.42929,2.5959001,104.6,0,5,4
S1(=O)(=O)N(c2c(CCC1)c(NCC)cc(c2)C(=O)NC(Cc1ccccc1)C(O)C[NH2+]C1CC1)C,BACE_880,6.8239088,0,501.66141,2.1400001,123.73,4,3,10
OC(C(NC(=O)C1CC(CCC1)C(N(C(=O)CC)C)(C)C)Cc1ccccc1)C[NH2+]Cc1cc(ccc1)C(C)C,BACE_883,6.8239088,0,550.79498,4.3534002,86.25,3,3,13
O=C1N(C)C(=N[C@]1(c1cc(nc(c1)C)CC)c1cc(ccc1)-c1cncnc1)N,BACE_882,6.8239088,0,386.44971,2.1868,97.360001,0,5,4
O1c2c(cc(cc2)-c2cncnc2)C2(N=C(N)N(C)C2=O)CC1(C)C,BACE_887,6.821023,0,337.37579,0.96890002,93.699997,0,5,1
Clc1cn(nc1C(=O)Nc1cc(C2(N=C(OCC2(F)F)N)C)c(F)cc1)C,BACE_888,6.821023,0,401.77081,2.4614,94.529999,1,4,3
S(=O)(=O)(N(C)c1cc(cc(c1)/C(=N\OCC=C)/C)C(=O)N[C@H]([C@@H](O)C[NH2+]Cc1cc(OC)ccc1)Cc1cc(F)cc(F)c1)C,BACE_886,6.821023,0,645.73712,2.3910999,142.52,3,6,16
S1C[C@H](NC(OC(C)(C)C)=O)C(=O)N[C@@H](C)C(=O)N[C@@H](CSC\C=C\C1)[C@@H](O)C[C@H](C(=O)N[C@@H](C(C)C)C(=O)NCCCC)C,BACE_109,6.8068752,0,673.92767,2.7214,225.56,6,9,13
Fc1cc(cc(F)c1)CC(NC(=O)c1c2cc(ccc2n(c1)C(=O)N(CCCC)C)C(F)(F)F)C(O)C[NH2+]Cc1cc(OC)ccc1,BACE_891,6.7958798,0,661.68188,5.8642998,100.41,3,4,14
Fc1cc(cc(F)c1)CC(NC(=O)C(N1CCC(C(C)C)C1=O)C)C(O)C1[NH2+]CC(OCCC)C1,BACE_892,6.7958798,0,496.61029,1.4354,95.480003,3,4,11
Fc1cc(cc(F)c1)CC(NC(=O)C)C(O)C[NH2+]C1(CCCCC1)c1cc(cc(c1)C(=O)C)C(C)(C)C,BACE_890,6.7958798,0,515.65491,4.0179,83.010002,3,3,10
Fc1ncccc1-c1cc(ccc1)C1([NH+]=C(N2C1=NCCC2)N)c1cc2OCOc2cc1,BACE_889,6.7958798,0,430.45419,1.5501,86.940002,0,4,3
Fc1cc(cc(F)c1)CC(NC(=O)C)C(O)C[NH2+]C1(CCCCC1)c1cc(ccc1)C(C#N)(C)C,BACE_893,6.779892,0,484.6011,3.6707001,89.730003,3,3,9
O(C)c1ccc(cc1C)[C@@]1(N=C(N)N(C)C1=O)C12CC3CC(C1)CC(C2)C3,BACE_110,6.7695513,0,367.48459,3.7265999,67.919998,0,3,3
Fc1cc(cc(F)c1)CC(NC(=O)C)C(O)C[NH2+]C1(CCCCC1)c1cc(cc(O)c1)C(C)(C)C,BACE_895,6.7695513,0,489.61771,4.0106001,86.169998,4,3,9
Clc1cc2CC(N=C(NC(Cc3ccccc3)C=3NC(=O)c4c(N=3)ccnc4)c2cc1)(C)C,BACE_899,6.7695513,0,457.95471,4.4309001,83.029999,1,4,5
Clc1cc2CC([NH+]=C(N[C@@H](Cc3ccccc3)C=3NC(=O)c4c(N=3)ccnc4)c2cc1)(C)C,BACE_111,6.7695513,0,458.96259,2.7485001,84.639999,2,3,5
Fc1cc(cc(F)c1)CC(NC(=O)C(N1CCC(C(C)C)C1=O)C)C(O)C[NH2+]Cc1cc(OC)ccc1,BACE_897,6.7695513,0,518.61578,2.3225,95.480003,3,4,12
FC(F)Oc1ccc(cc1)[C@@]1(N=C(N)N(C)C1=O)c1ccccc1,BACE_896,6.7695513,0,331.31671,3.1710999,67.919998,0,3,4
O(C)c1cc(ccc1)-c1cc(ccc1)C1(N=C(C)C(=N1)N)c1ccncc1,BACE_898,6.7695513,0,356.42041,2.9089,72.860001,0,4,4
Clc1ccccc1-c1n(Cc2nc(N)c(NCCO)cc2)c(cc1)-c1ccc(OCCCCC)cc1,BACE_894,6.7695513,0,505.0509,6.8042002,85.330002,3,3,12
S(=O)(=O)(N(C)c1cc(cc(c1)/C(=N\OCC(C)C)/C)C(=O)N[C@H]([C@@H](O)C[NH2+]Cc1cc(OC)ccc1)Cc1cc(F)cc(F)c1)C,BACE_900,6.7619538,0,661.77948,2.9661,142.52,3,6,16
Brc1cc(cc(c1)C(C)(C)C)C1([NH2+]CC(O)C(NC(=O)C)Cc2cc(F)cc(F)c2)CCCCC1,BACE_901,6.7594509,0,552.51428,5.0264001,65.940002,3,2,9
FCC([NH2+]CC(O)C1NC(=O)c2cc(cc(NCCCCOc3cc(C1)ccc3)c2)COC)c1cc(ccc1)C(C)(C)C,BACE_902,6.7520266,0,592.76379,5.2483001,96.43,4,4,9
S(=O)(=O)(N(C)c1cc2cc(c1)C(=O)NCCC\C=C\COCC(NC2=O)C(O)C[NH2+]Cc1cc(ccc1)C(C)C)C,BACE_907,6.7447276,0,587.75061,0.96390003,150.03,4,5,8
O=C1N(CCC1)c1cc(cc(NCC)c1)C(=O)N[C@H]([C@H](O)C[NH2+]C1CCCCC1)Cc1ccccc1,BACE_112,6.7447276,0,493.6608,2.4303999,98.279999,4,3,11
S(=O)(=O)(N(Cc1ccccc1)c1cc(ccc1)C(=O)NC(Cc1ccccc1)C(O)C[NH2+]C(C(=O)NC1CCCCC1)C)C,BACE_903,6.7447276,0,621.80988,2.9356999,140.8,4,4,14
Fc1cc(cc(F)c1)CC(NC(=O)C)C(O)C[NH2+]C1(CCCCC1)c1cc(ccc1)C1OCCC1,BACE_904,6.7447276,0,487.60181,3.1712999,75.169998,3,3,9
Fc1cc(cc(F)c1)CC(NC(=O)C)C(O)C[NH2+]C1(CCCCC1)c1cc(cc(c1)C)C(C)(C)C,BACE_905,6.7447276,0,487.64481,4.7642002,65.940002,3,2,9
s1c(C)c(cc1CC)C1(N=C(N)N(C)C1=O)c1cc(ccc1)-c1cncnc1,BACE_906,6.7447276,0,391.48929,2.6348,112.71,0,4,4
Fc1ccc(NC(=O)c2ncc(OCC)cc2)cc1[C@]1(N=C(OCC1(F)F)N)C,BACE_113,6.7351823,0,408.37439,2.7995,98.830002,1,5,5
O(C(=O)[C@H]1N(CCC1)C(=O)[C@H](N(C(=O)[C@@H](NC(=O)[C@@H](NC(=O)C[C@H](O)[C@@H](NC(=O)[C@@H](N(C(=O)[C@@H](NC(=O)[C@@H](O)C)C(C)C)C)CCC(=O)N)CC1CCCCC1)CC(C)C)C)C)CC1CCCCC1)C,BACE_114,6.7235384,0,991.26422,2.5771999,287.17999,7,12,27
S1(=O)(=O)N(c2c(CCC1)c(NCC)cc(c2)C(=O)NC(Cc1ccccc1)C(O)C[NH2+]C1CCOCC1)C,BACE_908,6.7212462,0,545.71393,0.4795,132.96001,4,4,10
Fc1ncccc1-c1cc(ccc1)[C@]1([NH+]=C(N2CC(N=C12)(C)C)N)c1ccc(OC(F)(F)F)cc1,BACE_910,6.7212462,0,484.46869,4.4219999,77.709999,0,3,5
O(C)c1cc(ccc1)-c1cc(ccc1)C1(NC(=[NH2+])N(C)C1=O)c1ccccc1,BACE_258,6.7212462,1,372.4397,2.1852,67.160004,1,2,4
Fc1ncccc1-c1cc(ccc1)[C@]1([NH+]=C(N2C1=NCCC2)N)c1cc2OCCOc2cc1,BACE_909,6.7212462,0,444.4808,1.5678,86.940002,0,4,3
S1(=O)(=O)CC(Cc2cc(CCC)c(O)cc2)C(O)C([NH2+]Cc2cc(ccc2)C(C)C)C1,BACE_913,6.7212462,0,446.62259,3.3965001,99.589996,3,3,8
S(=O)(=O)(N(c1cc(ccc1)C(=O)NC(Cc1ccccc1)C(O)C[NH2+]C(C(=O)NC1CCCCC1)C)c1ccc(cc1)C#N)C,BACE_911,6.7212462,0,632.79279,3.4449,164.59,4,5,13
S1C[C@H](NC(=O)[C@@H](NC(=O)[C@@H]2[NH2+]CCC[C@@H]2SC\C=C\C1)C)[C@@H](O)C[C@H](C(=O)NCCCC)C,BACE_115,6.7212462,0,515.75262,0.2348,174.74001,5,6,7
O(C)c1cc(ccc1)C[NH2+]C[C@@H](O)[C@@H](NC(=O)c1cc(ccc1)C(=O)N(CCC)CCC)Cc1ccccc1,BACE_116,6.7212462,0,532.6936,3.559,95.480003,3,4,15
O=C(NC[C@H]([NH3+])C(=O)N[C@@H](C(C)C)C(=O)N[C@@H](CC(C)C)C(=O)NC[C@](O)(CCc1ccccc1)C(=O)Nc1cc(ccc1)C(=O)[O-])c1nnn[n-]1,BACE_117,6.7212462,0,721.78333,-0.70310003,285.06,7,10,19
Fc1cc(cc(F)c1)CC(NC(=O)c1c2c(n(c1)C(=O)NCCCC)cccc2)C(O)C[NH2+]Cc1cc(OC)ccc1,BACE_912,6.7212462,0,579.65741,4.3860998,109.2,4,4,13
Fc1ccc(cc1-c1cncnc1)[C@]1([NH+]=C(N)c2c1cccc2F)c1cc(ncc1)C(F)(F)F,BACE_118,6.7033348,0,468.4014,2.5552001,78.660004,0,3,4
FC(F)(F)CCOc1cc(ccc1)[C@]1(N=C(N)N(C)C1=O)c1ccc(OC(F)F)cc1,BACE_915,6.6989698,0,443.36719,3.1501,77.150002,0,4,8
FC(F)Oc1cc(ccc1)[C@]1(N=C(N)N(C)C1=O)c1ccc(OC(F)F)cc1,BACE_916,6.6989698,0,397.32361,3.9765999,77.150002,0,4,6
S1(=O)(=O)CC(Cc2cc3c([nH]cc3CC)cc2)C(O)C([NH2+]Cc2cc(ccc2)C(C)(C)C)C1,BACE_917,6.6989698,0,469.6593,3.1916001,95.150002,3,2,7
Fc1cc(cc(F)c1)C[C@H](NC(=O)C)[C@H](O)C[NH2+]C(C)(C)c1cc(ccc1)C(C)(C)C,BACE_914,6.6989698,0,433.55441,3.1459999,65.940002,3,2,9
O(C)c1cc(ccc1)-c1cc(ccc1)CC[C@]1(N=C(N)N(C)C(=O)C1)C,BACE_119,6.6989698,0,351.44211,3.4451001,67.919998,0,3,5
S(=O)(=O)(N(C)c1cc(cc(c1)C(OC[C@]([NH3+])(Cc1ccccc1)CO)=O)C(=O)N[C@H](C)c1ccc(F)cc1)C,BACE_120,6.6989698,0,558.64148,1.5934,149.03,3,5,12
FC(F)(F)c1cc(ccc1)C[NH2+]C[C@@H](O)[C@@H](NC(=O)c1cc(N2CCCC2=O)c2nccc(c2c1)CC)Cc1ccccc1,BACE_121,6.6777806,0,605.6698,4.0690999,99.139999,3,4,12
Fc1cc(cc(F)c1)CC(NC(=O)C)C(O)C[NH2+]C1(CCCCC1)c1nn(cc1)CC(C)(C)C,BACE_923,6.6777806,0,477.61029,2.9509001,83.760002,3,3,10
Fc1cc(cc(F)c1)CC(NC(=O)c1c2cccnc2n(c1)C(=O)N(CC1CC1)CCC)C(O)C[NH2+]Cc1cc(OC)ccc1,BACE_924,6.6777806,0,620.70929,5.2519999,113.3,3,5,14
S(=O)(=O)(N(c1cc(ccc1)C(=O)NC(Cc1ccccc1)C(O)C[NH2+]Cc1cc(ccc1)C(F)(F)F)c1ccncc1)C,BACE_922,6.6777806,0,613.67041,3.5388999,124.59,3,4,13
O=C1N(C)C(=N[C@]1(C1CCCCC1)c1cc(NC(=O)COC)ccc1)N,BACE_921,6.6777806,0,358.43469,1.8278,97.019997,1,4,5
Fc1cc(cc(F)c1)CC(NC(=O)C)C(O)C[NH2+]C1(CCC(NC=O)CC1)c1cc(ccc1)C(C)(C)C,BACE_920,6.6777806,0,516.64301,2.8886001,95.040001,4,3,10
S(=O)(=O)(C)C1CCC([NH2+]CC(O)C(NC(=O)C)Cc2cc(F)cc(F)c2)(CC1)c1cc(ccc1)C(C)(C)C,BACE_919,6.6777806,0,551.70862,3.1784999,108.46,3,3,10
FC(F)(F)Oc1ccc(cc1)[C@@]1([NH+]=C(N2C1=NCCC2)N)c1cc(ccc1)CCC1CC1,BACE_918,6.6777806,0,443.48459,5.6915998,64.82,0,2,7
S1(=O)CC(Cc2cc(OC(COC)C(F)(F)F)c(N)c(F)c2)C(O)C([NH2+]Cc2cc(OC(F)(F)F)ccc2)C1,BACE_925,6.6736641,0,589.54327,3.4426999,126.83,3,4,12
Fc1cc(cc(F)c1)CC(NC(=O)C)C(O)C[NH2+]C1(CCCC1)c1cc(ccc1)C(C)(C)C,BACE_926,6.6575775,0,459.59171,3.8218,65.940002,3,2,9
Clc1ccccc1-c1n(Cc2nc(N)c(NCCCO)cc2)c(cc1)-c1ccc(OCCCCC)cc1,BACE_927,6.6575775,0,519.07751,6.8666,85.330002,3,3,13
S1(=O)(=O)CC(Cc2cc3c([nH]nc3CCC)cc2)C(O)C([NH2+]Cc2cc(ccc2)C(C)(C)C)C1,BACE_928,6.6575775,0,484.67389,3.1875,108.04,3,3,8
Ic1cc(cc(c1)C(C)(C)C)C1([NH2+]CC(O)C(NC(=O)C)Cc2cc(F)cc(F)c2)CCCCC1,BACE_929,6.6516953,0,599.51477,4.8562002,65.940002,3,2,9
Clc1cc(cc(Cl)c1NC(=O)C)CNC(=[NH2+])NC(=O)Cn1c2cc(OC)ccc2cc1,BACE_930,6.6497521,0,463.3371,1.3302,109.98,2,3,8
S1(=O)CC(Cc2cc(OC(COC)C(F)(F)F)c(N)c(F)c2)C(O)C([NH2+]Cc2nccc(c2)C(C)(C)C)C1,BACE_931,6.6458917,0,562.64038,1.7877001,130.49001,3,4,11
Fc1cc(cc(F)c1)C[C@H](NC(=O)C)[C@H](O)C[NH2+]C1(CC1)c1cc(ccc1)C(C(F)F)(C)C,BACE_932,6.6382723,0,467.5195,3.8831999,65.940002,3,2,10
O1c2c(cc(NC(=O)c3oc(cc3)C)cc2)C2(N=C(N)N(C)C2=O)CC1(C)C,BACE_933,6.6382723,0,382.41309,1.4642,110.16,1,5,2
s1cc(cc1)-c1cc(ccc1)C1(N=C(N)N(C)C1=O)c1ccncc1,BACE_937,6.6197886,0,348.42151,2.0308001,99.82,0,3,3
S(C(C)C)C(NC(=O)C(C(C)C)CC(O)C1NC(=O)c2cc(N(S(=O)(=O)C)C)cc(c2)C(=O)NC(c2cc(COC1)ccc2)c1ccccc1)C(=O)NCc1ccccc1,BACE_939,6.6197886,0,858.0769,4.9011002,216.92,5,8,14
O(C)c1cc(ccc1)C[NH2+]CC(O)C(NC(=O)c1c2c(n(c1)C(=O)N(CCC)CCC)cccc2)Cc1ccccc1,BACE_938,6.6197886,0,571.72961,4.9273,100.41,3,4,14
Fc1cc(cc(F)c1)CC(NC(=O)C)C(O)C[NH2+]C1(CCC(NC(OC)=O)CC1)c1cc(ccc1)C(C)(C)C,BACE_934,6.6197886,0,546.66901,3.6106,104.27,4,4,11
Fc1cc(cc(F)c1)CC(NC(=O)C)C(O)C[NH2+]C1(CCC(N(O)C(=O)C)CC1)c1cc(ccc1)C(C)(C)C,BACE_935,6.6197886,0,546.66901,2.7602,106.48,4,4,10
S(=O)(=O)(N(C)c1cc(cc(c1)C(=O)NC(C(O)CC(OC)COCc1ccccc1)COc1cc(F)cc(F)c1)C(=O)NC(C)c1ccccc1)C,BACE_936,6.6197886,0,739.82507,4.2982001,151.88,3,7,18
Fc1c2c(ccc1)C(N=C2N)(c1cc(ccc1)-c1cncnc1)c1cc(ncc1)C(F)(F)F,BACE_940,6.6179829,0,449.40302,4.0321002,77.050003,0,4,4
S(=O)(=O)(N(c1cc(cc(c1)/C(=N/OCC(C)C)/C)C(=O)N[C@H]([C@@H](O)C[NH2+]Cc1cc(OC)ccc1)Cc1cc(F)cc(F)c1)c1ccccc1)C,BACE_941,6.6161847,0,723.84888,5.1799002,142.52,3,6,17
S(=O)(=O)(N(c1cc(ccc1)C(=O)NC(Cc1ccccc1)C(O)C[NH2+]C1CCCCC1)c1ccccc1)C,BACE_942,6.6143937,0,536.70538,4.0219998,111.7,3,3,11
O1c2cc(ccc2OC1)C1(N=C(N)N(C)C1=O)c1cc(ccc1)-c1cccnc1,BACE_944,6.6020598,0,386.40329,2.5014999,90.040001,0,5,3
FC(F)(F)c1cc(ccc1)-c1cc(ccc1)C1(N=C(N)N(C)C1=O)c1ccncc1,BACE_945,6.6020598,0,410.39182,3.6756999,71.580002,0,3,4
S1(Oc2cc(cc3c2n(cc3CC)CC1)C(=O)NC([C@H](O)C[NH2+]C1CC1)Cc1ccccc1)(=O)=O,BACE_943,6.6020598,0,498.61441,2.9259,122.62,3,3,9
Fc1cc(cc(F)c1)CC(NC(=O)C)C(O)C[NH2+]C1(CCCCC1)c1cc(N2CCCCC2=O)ccc1,BACE_946,6.6020598,0,514.62708,2.9154999,86.25,3,3,9
Fc1c2c(ccc1)C(N=C2N)(c1cc(ccc1)-c1cc(cnc1)C#N)c1cc(ncc1)C(F)(F)F,BACE_947,6.5968795,0,473.42441,4.5391002,87.949997,0,4,4
Fc1cc(cc(F)c1)CC(NC(=O)C)C(O)C[NH2+]C1(CCCCC1)c1cc(ccc1)C(CO)(C)C,BACE_948,6.5850267,0,489.61771,3.1873,86.169998,4,3,10
FC(F)Oc1ccc(cc1)[C@@]1(N=C(N)N(C)C1=O)c1cc(ccc1)C#C,BACE_949,6.5850267,0,355.3381,4.2982001,67.919998,1,3,5
Clc1cc(ccc1)-c1cc2c(OC(CC23N=C(N)N(CC)C3=O)(C)C)cc1,BACE_950,6.5850267,0,383.87131,3.7607999,67.919998,0,3,2
n1cc(ccc1)-c1cc(ccc1)C1(N=C(N2C1=NCCC2)N)c1ccncc1,BACE_951,6.5799999,0,368.43439,1.7243,79.760002,0,4,3
Fc1cc(cc(F)c1)CC(NC(=O)C)C(O)C[NH2+]C1(CCCOC1)c1cc(-n2nccc2)ccc1,BACE_952,6.5686364,0,485.54611,1.1339999,92.989998,3,4,9
S(=O)(=O)(N(C)c1cc2cc(c1)C(=O)NCC\C=C\COCC(NC2=O)C(O)C[NH2+]Cc1ccccc1)C,BACE_954,6.5686364,0,531.64429,-0.68650001,150.03,4,5,7
O(C)c1ccc(cc1)C1(N=C(C)C(=N1)N)c1cc(ccc1)-c1cncnc1,BACE_956,6.5686364,0,357.40851,2.2808001,85.75,0,5,4
S1(=O)(=O)N(C2(CC([NH+](CC2)Cc2ccc(O)cc2)C)CN1C)c1cc(F)ccc1,BACE_955,6.5686364,0,420.52081,0.662,73.669998,1,2,3
O(C)c1cc(ccc1)-c1cc(ccc1)C1(N=C(N)N(C)C(=O)C1)C,BACE_259,6.5686364,1,323.38889,2.6677001,67.919998,0,3,3
O(C)c1cc(ccc1OC)C1(N=C(N)N(C)C1=O)C12CC3CC(C1)CC(C2)C3,BACE_953,6.5686364,0,383.48401,3.224,77.150002,0,4,4
O1c2c(cc(cc2)C2CCCCC2)C2(N=C(N)N(C)C2=O)CC1(C)C,BACE_957,6.5559554,0,341.4473,3.4203999,67.919998,0,3,1
Clc1cc(-c2cc3c(Oc4c(cc(OC)cc4)[C@@]34N=C(OC4)N)cc2)c(F)cc1,BACE_122,6.5528421,0,410.82541,5.0441999,66.07,0,4,2
O(C)c1ccc(cc1CC)C1(N=C(N)N(C)C1=O)C12CC3CC(C1)CC(C2)C3,BACE_958,6.5528421,0,381.51111,4.1827998,67.919998,0,3,4
Clc1ccccc1-c1n(Cc2nc(N)ccc2)c(cc1)-c1ccc(Oc2sccn2)cc1,BACE_959,6.5376019,0,458.96259,6.1415,94.199997,1,3,6
S(=O)(=O)(N(c1cc(ccc1)C(=O)NC(Cc1ccccc1)C(O)C[NH2+]Cc1cc(ccc1)C(F)(F)F)c1ncccc1)C,BACE_960,6.5376019,0,613.67041,4.0806999,124.59,3,4,13
Fc1cc(cc(F)c1)C[C@H](NC(=O)C)[C@H](O)C[NH2+]C1(CCOCC1)c1cc(ccc1)[C@H]1CCOC1,BACE_961,6.5376019,0,489.57458,0.89349997,84.400002,3,4,9
Fc1cc(cc(F)c1)C[C@H](NC(=O)C)[C@H](O)C[NH2+]C1(CC1)c1cc(ccc1)C(CF)(C)C,BACE_962,6.5376019,0,449.52899,3.7707,65.940002,3,2,10
O1CCCCNc2cc(ccc2)C(=O)NC(Cc2cc1ccc2)C(O)C[NH2+]Cc1cc(ccc1)C(C)C,BACE_963,6.5346169,0,502.6676,4.8088002,87.199997,4,3,6
FC1(F)COC(=NC1(C)c1cc(NC(=O)c2ncccc2)ccc1F)N,BACE_964,6.5316525,0,364.32181,2.4670999,89.599998,1,4,3
Clc1ccc(nc1)C(=O)Nc1cc(ccc1)C1(N=C(N)C(=O)N(C1)C)C,BACE_965,6.5301781,0,371.8208,1.3197,100.68,1,4,3
O=C1N(C)C(=NC1(c1cc(nc(c1)C)C(C)C)c1cc(ccc1)-c1cncnc1)N,BACE_966,6.5228786,0,400.47629,2.6493001,97.360001,0,5,4
Brc1cc(ccc1O)CC1CS(=O)(=O)CC([NH2+]Cc2cc(ccc2)C(C)C)C1O,BACE_968,6.5228786,0,483.439,2.7463,99.589996,3,3,6
S(=O)(=O)(N(C1CCCCC1)c1cc(ccc1)C(=O)NC(Cc1ccccc1)C(O)C[NH2+]C(C(=O)NC1CCCCC1)C)C,BACE_967,6.5228786,0,613.83099,3.2105,140.8,4,4,13
Brc1cscc1CC(NC1=NC(Cc2c1ccc(Cl)c2)(C)C)C(=O)[O-],BACE_972,6.5086384,0,440.76181,3.6789,92.760002,0,1,5
Clc1cc(cnc1)-c1cc(ccc1)C1(N=C(C)C(=N1)N)C1CC1,BACE_971,6.5086384,0,324.8074,3.7090001,63.630001,0,3,3
S(=O)(=O)(N(c1ccccc1C#N)c1cc(ccc1)C(=O)NC(Cc1ccccc1)C(O)C[NH2+]C(C(=O)NC1CCCCC1)C)C,BACE_970,6.5086384,0,632.79279,3.4449,164.59,4,5,13
S(=O)(=O)(N(C)c1cc(cc(c1)COC(=O)C([NH3+])(Cc1ccccc1)CO)C(=O)NC(C)c1ccc(F)cc1)C,BACE_969,6.5086384,0,558.64148,1.5934,149.03,3,5,12
Brc1cscc1C[C@H](NC1=[NH+]C(Cc2c1ccc(Cl)c2)(C)C)C(=O)[O-],BACE_123,6.5086384,0,441.76971,1.9965,94.370003,1,0,5
Fc1cc(cc(F)c1)CC(NC(=O)C)C(O)C[NH2+]C1(CCCCC1)c1cc(cc(N)c1)C(C)(C)C,BACE_973,6.4975729,0,488.6329,3.5314,91.959999,4,2,9
O(C)c1ccc(cc1)C1(N=C(n2nc(cc12)C)N)c1cc(ccc1)-c1cncnc1,BACE_976,6.4948502,0,396.44449,3.0836999,91.209999,0,5,4
s1cc(cc1C(C)C)C1([NH2+]CC(O)C(NC(=O)C)Cc2cc(F)cc(F)c2)CCCCC1,BACE_975,6.4948502,0,465.61938,3.5869999,94.18,3,2,9
Fc1cc(cc(c1)-c1cncnc1)C1(N=C(N)N(C)C1=O)c1ccc(OC(F)(F)F)cc1,BACE_974,6.4948502,0,445.36969,4.4306998,93.699997,0,5,5
Clc1ccc(nc1)C(=O)Nc1cc(ccc1)[C@]1([NH+]=C(N)CN(C)C1=O)C,BACE_124,6.4894552,0,372.8288,-0.57609999,102.29,1,3,3
O(CC)c1ccc(cc1)C1(N=C(N)N(C)C1=O)C12CC3CC(C1)CC(C2)C3,BACE_978,6.4814858,0,367.48459,3.5892,67.919998,0,3,4
Fc1cc(cc(F)c1)CC(NC(=O)C)C(O)C[NH2+]C1(CCCN(C1)C(=O)N)c1cc(ccc1)C(C)(C)C,BACE_977,6.4814858,0,517.6311,2.5908,112.27,4,3,9
FC(F)Oc1ccc(cc1)[C@@]1(N=C(N)N(C)C1=O)c1cc(ccc1)C#CC1CCCCC1,BACE_979,6.4814858,0,437.48169,5.9527001,67.919998,0,3,5
O(C)c1ccc(cc1)C1(N=C(C)C(=N1)N)c1cc(ccc1)-c1cccnc1,BACE_980,6.4814858,0,356.42041,2.9089,72.860001,0,4,4
Fc1cc(cc(F)c1)CC(NC(=O)C)C(O)C[NH2+]C1(CCCCC1)c1cc(N2C3CC(CC3)C2=O)ccc1,BACE_981,6.4685211,0,526.63782,2.9951999,86.25,3,3,9
Fc1cc(cc(F)c1)CC(NC(=O)C)C(O)C[NH2+]C1(CC1)c1cc(ccc1)CC(C)(C)C,BACE_982,6.4672456,0,445.56509,4.3776002,65.940002,3,2,10
S(=O)(=O)(N(C)c1cc(cc(c1)COCC([NH3+])(Cc1ccccc1)C)C(=O)NC(C)c1ccc(F)cc1)C,BACE_983,6.4634414,0,528.65863,2.4302001,111.73,2,3,11
S(C)c1cc(ccc1)-c1cc2c(OC(CC23N=C(N)N(C)C3=O)(C)C)cc1,BACE_984,6.4634414,0,381.49121,3.2894001,93.220001,0,3,2
Fc1cc(cc(F)c1)CC(NC(=O)C)C(O)C[NH2+]C1(CC1)c1cn(nc1)CC(C)(C)C,BACE_985,6.4609237,0,435.53049,2.1658001,83.760002,3,3,10
Clc1ccc(nc1)C(=O)Nc1cc(ccc1)C1(N=C(N)CNC1=O)C,BACE_986,6.4584208,0,357.79419,0.90039998,109.47,2,4,3
Fc1cc(cc(F)c1)CC(NC(=O)C)C(O)C[NH2+]C1(CCC(NC(=O)C)CC1)c1cc(ccc1)C(C)(C)C,BACE_987,6.4559321,0,530.66962,2.7729001,95.040001,4,3,10
O=C1N(Cc2ccc(cc2)CNC(=O)NCCCC)C(NC1(CC1CCCCC1)CCC1CCCCC1)=N,BACE_988,6.4559321,0,523.75311,7.2342,97.32,3,3,12
S1(=O)(=O)CC(Cc2cc(F)c(N)cc2)C(O)C([NH2+]Cc2cc(ccc2)C(C)(C)C)C1,BACE_989,6.4559321,0,435.5752,1.9304,105.38,3,2,6
s1cc(cc1C1([NH2+]CC(O)C(NC(=O)C)Cc2cc(F)cc(F)c2)CCCCC1)C(C)C,BACE_990,6.4534574,0,465.61938,3.7976999,94.18,3,2,9
S1(Oc2cc(cc3c2n(cc3CC)CC1)C(=O)NC([C@H](O)C[NH2+]CC#C)Cc1ccccc1)(=O)=O,BACE_991,6.4436975,0,496.59851,2.6164,122.62,4,3,9
s1ccc(C2(N=C(N)N(C)C2=O)c2cc(ccc2)-c2cncnc2)c1C,BACE_996,6.4317985,0,363.43619,1.6853,112.71,0,4,3
S(CCC(NC(=O)C(NC(=O)C)C(C)C)C(=O)NC(C(O)CC(C(=O)NCCCC)C)CC(C)C)C,BACE_993,6.4317985,0,530.76398,2.1510999,161.92999,5,6,18
s1cccc1-c1cc(ccc1)C1([NH2+]CC(O)C(NC(=O)C)Cc2cc(F)cc(F)c2)CCCCC1,BACE_994,6.4317985,0,499.63559,4.1219001,94.18,3,2,9
S1(=O)(=O)CC(Cc2cc(CC)c(O)cc2)C(O)C([NH2+]Cc2cc(ccc2)C(C)C)C1,BACE_995,6.4317985,0,432.5961,2.9403,99.589996,3,3,7
Fc1ncccc1-c1cc(ccc1)[C@@]1([NH+]=C(N2C1=NCCC2)N)c1ccc(OC(F)(F)F)cc1,BACE_992,6.4317985,0,470.44211,3.9019001,77.709999,0,3,5
Fc1cc(cc(F)c1)CC(NC(=O)C)C(O)C[NH2+]C1(CCN(CC1)C(=O)N)c1cc(ccc1)C(C)(C)C,BACE_997,6.4202166,0,517.6311,2.0732,112.27,4,3,9
Fc1cc(cc(F)c1)CC(NC(=O)C)C(O)C[NH2+]C1(CCC(CC1)C#N)c1cc(ccc1)C(C)(C)C,BACE_998,6.4202166,0,498.62769,3.7118001,89.730003,3,3,9
O1c2cc(ccc2OC1)C(=O)Nc1cc(ccc1)C1(N=C(N)N(C)C1=O)C1CCCCC1,BACE_999,6.4202166,0,434.48761,3.5237,106.25,1,5,4
Fc1cc(cc(F)c1)CC(NC(=O)C)C(O)C[NH2+]C1(CCCCC1)c1cc(ccc1)/C(=C/C)/C,BACE_1000,6.4202166,0,471.60239,4.2779999,65.940002,3,2,9
O(C)c1cc(ccc1)-c1cc(ccc1)[C@]1(N=C(N)N(C)C(=O)C1)C,BACE_125,6.4202166,0,323.38889,2.6677001,67.919998,0,3,3
O=C1N(CC2CCC(CC2)C(=O)[O-])C(=NC1(C1CCCCC1)c1ccccc1)N,BACE_1001,6.4089355,0,396.50259,3.6412001,98.82,0,2,5
O=C(NCCC(C)(C)C)C(Cc1cc2cc(ccc2nc1N)-c1ncccc1C#N)C,BACE_1003,6.4089355,0,415.5307,4.4349999,104.69,2,4,8
Fc1cc(cc(F)c1)C[C@H](NC(=O)C)[C@H](O)C[NH2+]C1(CC1)c1cc(ccc1)C(CF)(CF)C,BACE_1002,6.4089355,0,467.5195,3.6199999,65.940002,3,2,11
Fc1cc(cc(F)c1)CC(NC(=O)C)C(O)C[NH2+]C1(CCCCC1)c1nnn(c1)C12CC3CC(C1)CC(C2)C3,BACE_1004,6.406714,0,542.68359,3.4493001,96.650002,3,4,9
Fc1cc(cc(F)c1)CC(NC(=O)C)C(O)C[NH2+]C1(CCCN(O)C1)c1cc(ccc1)C(C)(C)C,BACE_1005,6.3979402,0,490.60571,2.8295,89.410004,4,3,9
S(=O)(=O)(NC1CCC([NH2+]CC(O)C(NC(=O)C)Cc2cc(F)cc(F)c2)(CC1)c1cc(ccc1)C(C)(C)C)C,BACE_1006,6.3979402,0,566.72333,2.5636001,120.49,4,3,11
S(=O)(=O)(N(C)c1cc2cc(c1)C(=O)N[C@@H](COC\C=C\C[C@H](NC2=O)c1ccccc1)[C@H](O)C[NH2+]Cc1cc(ccc1)C(C)C)C,BACE_126,6.3979402,0,649.82001,2.1199,150.03,4,5,9
Fc1c2c(ccc1)C(N=C2N)(c1cc(ccc1)-c1cncnc1)c1cc(OC)ncc1,BACE_1007,6.3968558,0,411.431,3.1867001,86.279999,0,5,4
Clc1ccccc1-c1n(Cc2nc(N)ccc2)c(cc1)-c1ccc(Oc2nnccc2)cc1,BACE_1009,6.3872161,0,453.92291,6.2504001,78.849998,1,4,6
Fc1cc(cc(F)c1)CC(NC(=O)C)C(O)C[NH2+]C1(CCCCC1)c1cc(N(C)C)ccc1,BACE_1010,6.3872161,0,460.57971,3.0397999,69.18,3,2,9
Clc1ccccc1-c1n(Cc2nc(N)ccc2)c(cc1)-c1ccc(Oc2cccnc2)cc1,BACE_1008,6.3872161,0,452.93481,6.1760001,65.959999,1,3,6
O(C)c1cc(ccc1)C[NH2+]CC(O)C(NC(=O)c1cc(N2CCCC2=O)c2NC(=O)N(c2c1)CC)Cc1ccccc1,BACE_1011,6.3767509,0,572.67462,2.5497999,133.27,4,5,12
Clc1ccccc1-c1n(Cc2nc(N)ccc2)c(cc1)-c1ccc(OCCCC#N)cc1,BACE_127,6.3767509,0,442.94,6.0500002,76.860001,1,3,9
S1(=O)(=O)N(CCCC1)c1cc(cc(c1)/C(=N\OCC(C)C)/C)C(=O)N[C@H]([C@@H](O)C[NH2+]Cc1cc(OC)ccc1)Cc1cc(F)cc(F)c1,BACE_1012,6.368556,0,687.81677,3.4270999,142.52,3,6,15
O1c2c(cc(OCC(C)C)cc2)C2(N=C(N)N(C)C2=O)CC1(C)C,BACE_1013,6.3655229,0,331.40939,2.4045999,77.150002,0,4,3
Fc1ccc(NC(=O)c2ncc(cc2)C#N)cc1[C@]1(N=C(OC[C@H]1F)N)C,BACE_128,6.3615108,0,371.34079,2.2837,113.39,1,5,3
S(=O)(=O)(N(c1cc(ccc1)C(=O)NC(Cc1ccccc1)C(O)C[NH2+]C1CC1)c1ccccc1)C,BACE_1014,6.3565474,0,494.6257,3.6654,111.7,3,3,11
FC1(F)COC(=NC1(C)c1cc(NC(=O)c2nn(cc2)C)ccc1F)N,BACE_1015,6.3506651,0,367.32571,1.7970001,94.529999,1,4,3
O(C)c1cc(ccc1)CN1CC(NC1=O)C(=O)NC(Cc1ccccc1)C(O)C[NH2+]Cc1cc(N(C)C)ccc1,BACE_260,6.3477535,1,546.68042,2.4159999,110.75,4,4,13
Clc1cc2CC(N=C(NC(Cc3cscc3-c3cn[nH]c3)C(=O)[O-])c2cc1)(C)C,BACE_1017,6.3467875,0,427.92709,2.4223001,121.44,1,2,6
Clc1cc(cc(Cl)c1NC(=O)C)CNC(=[NH2+])NC(=O)Cn1c2c(cc(OC)cc2)cc1,BACE_1018,6.3467875,0,463.3371,1.3302,109.98,2,3,8
Fc1cc(cc(F)c1)CC(NC(=O)C)C(O)C[NH2+]C1(CC1)c1nnn(c1)CC(C)(C)C,BACE_1016,6.3467875,0,436.51859,2.4152,96.650002,3,4,10
Clc1cc2CC([NH+]=C(N[C@@H](Cc3cscc3-c3cn[nH]c3)C(=O)[O-])c2cc1)(C)C,BACE_129,6.3467875,0,428.935,0.73989999,123.05,2,1,6
O1c2c(cc(cc2)-c2ccccc2)C2(N=C(N)N(C)C2=O)CC1(C)C,BACE_1019,6.3419886,0,335.3996,2.7476001,67.919998,0,3,1
Clc1ccccc1-c1n(Cc2nc(N)ccc2)c(cc1)-c1ccc(Oc2nccnc2)cc1,BACE_1020,6.3372421,0,453.92291,5.5672002,78.849998,1,4,6
Ic1cc(ccc1)C1([NH2+]CC(O)C(NC(=O)C)Cc2cc(F)cc(F)c2)CCCCC1,BACE_1021,6.3372421,0,543.40851,3.4558001,65.940002,3,2,8
Clc1sc(cc1C1(N=C(N)N(C)C1=O)c1cc(ccc1)-c1cncnc1)C,BACE_1023,6.3279023,0,397.8812,2.5616,112.71,0,4,3
Clc1cc2CC([NH+]=C(N[C@@H](Cc3ccccc3)C=3NC(=O)C(=CN=3)C#N)c2cc1)(C)C,BACE_130,6.3279023,0,432.92529,2.4410999,95.540001,2,3,5
FC(F)(F)Oc1ccc(cc1)C1(N=C(N)N(C)C1=O)C12CC3CC(C1)CC(C2)C3,BACE_1022,6.3279023,0,407.42941,5.3766999,67.919998,0,3,4
Clc1cc2CC(N=C(NC(Cc3ccccc3)C=3NC(=O)C(=CN=3)C#N)c2cc1)(C)C,BACE_1024,6.3279023,0,431.91739,4.1234999,93.93,1,4,5
s1cc(cc1C1([NH2+]C[C@@H](O)[C@@H](NC(=O)C)Cc2cc(F)cc(F)c2)CC1)CC(C)(C)C,BACE_131,6.3279023,0,451.5928,4.1034999,94.18,3,2,10
S(=O)(=O)(N(C)c1cc(cc(c1)C(=O)NC(C(O)CC(OC)COC(C)C)COc1cc(F)cc(F)c1)C(=O)NC(C)c1ccccc1)C,BACE_1025,6.318759,0,691.78229,3.441,151.88,3,7,17
Fc1cc(cc(F)c1)CC(NC(=O)C(N1CCC(COC)C1=O)C)C(O)C[NH2+]Cc1cc(OC)ccc1,BACE_1026,6.318759,0,520.58862,0.93229997,104.71,3,5,13
Fc1cc(cc(F)c1)CC(NC(=O)c1cc(cc(c1)C)C(=O)N(CCC)CCC)C(O)C1[NH2+]CC[NH2+]C1,BACE_1028,6.309804,0,518.63898,1.1085,102.86,4,3,11
S1(=O)(=O)Nc2cc(cc3c2n(cc3CC)CCC1)C(=O)NC(Cc1ccccc1)C(O)C[NH2+]C1CC1,BACE_1027,6.309804,0,511.65619,2.3410001,125.42,4,3,9
Fc1ccc(cc1)C1(N=C(C)C(=N1)N)c1cc(ccc1)-c1cccnc1,BACE_1029,6.309804,0,344.38489,3.1308,63.630001,0,3,3
Fc1cc(cc(F)c1)CC(NC(=O)C)C(O)C[NH2+]C1(CCC(Nc2cccnc2)CC1)c1cc(ccc1)C(C)(C)C,BACE_1030,6.3010302,0,565.71692,3.8872001,90.860001,4,3,11
O1CC(NC(=O)c2cc(cc(c2)C(=O)NCC\C=C\C1)C)C(O)C[NH2+]Cc1cc(ccc1)C(C)C,BACE_1031,6.3010302,0,480.61899,1.8769,104.27,4,4,6
n1ccc(cc1)C1(N=C(N)c2c1cccc2)c1cc(ccc1)-c1cncnc1,BACE_1032,6.3010302,0,363.41461,2.4558001,77.050003,0,4,3
S1CC(=NC1(c1cc(ccc1)-c1cc(OC)ccc1)c1ccncc1)N,BACE_1033,6.3010302,0,361.46011,3.3934,85.800003,0,4,4
s1nc(cc1)-c1cc2c(OC(CC23N=C(N)N(C)C3=O)(C)C)cc1,BACE_1034,6.3001623,0,342.41541,2.0060999,109.05,0,4,1
Clc1cc2CC(N=C(NC(Cc3cscc3C#CC)C(=O)[O-])c2cc1)(C)C,BACE_1035,6.2924299,0,399.9137,4.0071001,92.760002,0,1,5
FC(F)(F)Oc1ccc(cc1)C1(N=C(N)N(C)C1=O)c1cc(ccc1)-c1cccnc1OC,BACE_1036,6.2839966,0,456.41721,5.3786998,90.040001,0,5,6
S1(=O)CC(Cc2cc(O)c(N)c(F)c2)C(O)C([NH2+]Cc2cc(ccc2)C(C)(C)C)C1,BACE_1037,6.2757239,0,435.5752,1.567,119.37,4,2,6
O=C1N(C)C(=[NH2+])NC1(c1cc(ccc1)-c1cccnc1)c1ccccc1,BACE_261,6.2757239,1,343.40179,1.051,70.82,1,2,3
FC(F)Oc1ccc(cc1)[C@@]1(N=C(N)N(C)C1=O)c1cc(ccc1)/C(/F)=C/C1CC1,BACE_1038,6.2676063,0,415.40829,5.3832998,67.919998,0,3,6
Clc1ccccc1-c1n(Cc2nc(N)ccc2)c(cc1)-c1ccc(OCCCCC)cc1,BACE_1040,6.2596374,0,445.9837,7.5349002,53.07,1,2,9
S1(=O)(=O)N(C2C=C(C=C3N(CC[NH+](C23)CC1)CC)C(=O)NC(Cc1ccccc1)C(O)C[NH2+]C1CC1)C,BACE_1039,6.2596374,0,531.71051,-1.0182,119.38,3,3,9
Clc1ccc(nc1)C(=O)Nc1cc(ccc1)C1(N=C(N)c2c1cccc2)C,BACE_1041,6.2596374,0,376.8389,3.359,80.370003,1,3,3
ClC1=CN=C(NC1=O)C(NC1=NC(Cc2c1ccc(Cl)c2)(C)C)Cc1ccccc1,BACE_1045,6.251812,0,441.353,4.9089999,70.139999,1,3,5
Fc1ccc(cc1-c1cccnc1F)C1(N=C(N)N(C)C1=O)c1cc(C)c(OC)cc1,BACE_1042,6.251812,0,422.42731,3.9981999,80.809998,0,4,4
S1(=O)(=O)CC(Cc2cc(F)c3NCC4(CCC4)c3c2)C(O)C([NH2+]Cc2cc(ccc2)C(C)(C)C)C1,BACE_1044,6.251812,0,501.6763,3.3654001,91.389999,3,2,6
Fc1cc(cc(F)c1)CC(NC(=O)C)C(O)C[NH2+]C1(CCCCC1)c1cc(ccc1)C1CCOCOC1,BACE_1043,6.251812,0,517.62781,2.7620001,84.400002,3,4,9
Clc1cc2CC(N=C(NC(Cc3cscc3CCC3CC3)C(=O)[O-])c2cc1)(C)C,BACE_1046,6.2441254,0,429.9827,5.6774998,92.760002,0,1,8
Fc1cc(cc(F)c1)CC(NC(=O)C)C(O)C[NH2+]C1(CC1)c1cc(ccc1)C1(OCCC1)C,BACE_1049,6.2365718,0,459.54861,3.0197001,75.169998,3,3,9
Fc1cc(cc(F)c1)CC(NC(=O)C)C(O)C[NH2+]C1(CC1)c1cc(ccc1)C1OCCC1,BACE_1048,6.2365718,0,445.522,2.8146999,75.169998,3,3,9
OC(C(NC(=O)C1CC(CCC1)C(NC(=O)CC)(C)C)Cc1ccccc1)C[NH2+]Cc1cc(ccc1)C(C)C,BACE_1047,6.2365718,0,536.76837,4.1475,95.040001,4,3,13
Clc1ccccc1-c1scc(-c2ccc(OCCC)cc2)c1CC(=O)NC(=[NH2+])N,BACE_133,6.2291479,0,428.9549,3.3024001,118.18,0,2,8
O=C1N[C@@H](C[C@@H](CCCCCCCC(=O)N[C@H]1C)C)[C@@H](O)C[C@H](C(=O)NCCCC)C,BACE_134,6.2291479,0,439.63181,3.5567999,107.53,4,4,7
S(CC[C@H](NC(=O)CCC(C)C)C(=O)N[C@H]([C@@H](O)C[C@H](C(=O)NCCCC)C)CC(C)C)C,BACE_132,6.2291479,0,487.73929,3.5952001,132.83,4,5,18
O=C(NCC=C)c1ccc(cc1)-c1n(Cc2nc(N)ccc2)c(cc1)-c1ccccc1,BACE_1050,6.2291479,0,408.495,4.9268999,72.940002,2,2,7
Clc1ccccc1-c1n(Cc2nc(N)ccc2)c(cc1)-c1ccc(Oc2ccncc2)cc1,BACE_1051,6.2291479,0,452.93481,6.1760001,65.959999,1,3,6
IC1=CN=C(NC1=O)C(NC1=NC(Cc2c1ccc(Cl)c2)(C)C)Cc1ccccc1,BACE_1052,6.2291479,0,532.80438,4.8228002,70.139999,1,3,5
Fc1cc(cc(F)c1)CC(NC(=O)C(N1CCC(NC(=O)C)(C(CC)C)C1=O)CCc1ccccc1)[C@H](O)[C@H]1[NH2+]Cc2c(C1)cccc2,BACE_1053,6.221849,0,661.80103,3.7156,115.35,4,4,13
Brc1cc(ccc1)C(=O)Nc1ccc(cc1)-c1n(CC(=O)NC(=[NH2+])N)c(cc1)-c1ccccc1,BACE_135,6.221849,0,517.39709,3.198,114.74,1,2,7
Brc1ccccc1C1C[NH2+]CC1C(=O)N1CCC(CC1c1ccccc1)c1ccccc1,BACE_1054,6.221849,0,490.45459,4.0317001,36.919998,1,1,4
Clc1cc(ccc1)-c1cc2c(OC(CC23N=C(N)N(CC(F)(F)F)C3=O)(C)C)cc1,BACE_1055,6.2189631,0,437.84271,4.4194002,67.919998,0,3,3
O(CCC)c1cc(cc(N2CCCC2=O)c1)C(=O)N[C@H]([C@H](O)C[NH2+][C@H](C(=O)NC1CCCCC1)C)Cc1ccccc1,BACE_136,6.2182446,0,579.75012,2.6730001,124.58,4,5,14
O=C1N(C)C(N[C@@]1(CC1CCCCC1)CCC1CCCCC1)=N,BACE_137,6.2182446,0,319.4848,4.8098001,56.189999,1,2,5
Fc1cc(cc(F)c1)C[C@H](NC(=O)C)[C@H](O)C[NH2+]C1(CCC1)c1cc(ccc1)C(C)(C)C,BACE_1056,6.2146702,0,445.56509,3.3656001,65.940002,3,2,9
Brc1cc(ccc1)CC1CS(=O)(=O)CC([NH2+]Cc2cc(ccc2)C(C)(C)C)C1O,BACE_1057,6.2146702,0,481.46609,3.2198999,79.360001,2,2,6
Clc1cc2CC([NH+]=C(N[C@@H](Cc3cscc3CCC)C(=O)[O-])c2cc1)(C)C,BACE_138,6.2146702,0,404.9534,2.6466999,94.370003,1,0,7
Clc1cc2CC(N=C(NC(Cc3cscc3CCC)C(=O)[O-])c2cc1)(C)C,BACE_1058,6.2146702,0,403.9455,4.3291001,92.760002,0,1,7
O(C)c1ccc(cc1C)C1(N=C(N)N(C)C1=O)c1cc(-c2cccnc2)c(cc1)C#N,BACE_1059,6.2006593,0,411.45581,3.0820999,104.6,0,5,4
o1cc(cc1)-c1cc(ccc1)C1(N=C(N)N(C)C1=O)c1ccncc1,BACE_1060,6.2006593,0,332.3559,1.4726,84.720001,0,4,3
s1c2c(nc1C)C(=NC2(c1cc(ccc1)-c1cncnc1)c1ccc(OC)cc1)N,BACE_1063,6.2006593,0,413.4949,2.9809999,114.52,0,5,4
S1CCC(=NC1(C)c1cc(ccc1)-c1cc(OC)ccc1)N,BACE_1062,6.2006593,0,312.4292,3.1693001,72.910004,0,3,3
s1c2c(nc1C)C(=[NH+][C@@]2(c1cc(ccc1)-c1cncnc1)c1ccc(OC)cc1)N,BACE_139,6.2006593,0,414.50281,1.2986,116.13,0,4,4
Clc1cc2CC(N=C(NC(Cc3cscc3CC)C(=O)[O-])c2cc1)(C)C,BACE_1061,6.2006593,0,389.91891,3.8729,92.760002,0,1,6
Fc1cc(cc(F)c1)CC(NC(=O)C)C(O)C[NH2+]C1(CC1)c1nccc(c1)C(C)(C)C,BACE_1064,6.19382,0,432.52661,3.1993001,78.830002,3,3,9
O1CCCCNc2cc(cc(c2)C(=O)NC(Cc2cc1ccc2)C(O)C[NH2+]C(COC)c1cc(ccc1)C(C)(C)C)COC,BACE_1065,6.1752234,0,604.79932,4.7168002,105.66,4,5,10
S1(=O)(=O)CC(Cc2cc(OCCC)ccc2)C(O)C([NH2+]Cc2cc(ccc2)C(C)(C)C)C1,BACE_1066,6.1739254,0,460.6492,3.3276,88.589996,2,3,9
Fc1cc(cc(F)c1)CC(NC(=O)C)C(O)C[NH2+]C1(CCCCC1)c1cc(ccc1)CC,BACE_1067,6.1611509,0,445.56509,3.8199999,65.940002,3,2,9
Clc1ccccc1-c1n(CC(=O)NC(=[NH2+])N)c(cc1)-c1ccc(Oc2ccc(cc2)C(=O)C)cc1,BACE_140,6.154902,0,487.95749,3.6294,111.94,0,3,8
Fc1cc(cc(F)c1)CC(NC(=O)C)C(O)C[NH2+]C1(CCCCC1)c1cc(N2CCCOCC2)ccc1,BACE_1068,6.154902,0,516.64301,2.7899001,78.410004,3,3,9
O=C1c2c(cc(cc2)-c2cncnc2)C2(N=C(N)N(C)C2=O)CC1(C)C,BACE_1069,6.1530447,0,349.38651,1.3965,101.54,0,5,1
Brc1ccsc1CC(NC1=NC(Cc2c1ccc(Cl)c2)(C)C)C(=O)[O-],BACE_1070,6.1487417,0,440.76181,3.8210001,92.760002,0,1,5
S(=O)(=O)(C)c1cc(ccc1)C1([NH2+]CC(O)C(NC(=O)C)Cc2cc(F)cc(F)c2)CCCCC1,BACE_1071,6.1426673,0,495.60229,2.4036,108.46,3,3,9
Fc1cc(cc(F)c1)CC(NC(=O)C)C(O)C[NH2+]C1(CC1)c1cc(c[n+]([O-])c1)CC(C)(C)C,BACE_1072,6.1426673,0,462.55261,0.53680003,92.879997,3,2,10
Fc1ncccc1-c1cc(ccc1)[C@]1([NH+]=C(N2C1=NCCC2)N)c1cc2OC(F)(F)Oc2cc1,BACE_1073,6.1307683,0,466.43521,3.5843999,86.940002,0,4,3
Fc1ccc(OC)cc1-c1cc2c(Oc3c(cc(OC)cc3)C23N=C(OC3)N)cc1,BACE_1074,6.1307683,0,406.4064,4.3634,75.300003,0,5,3
Clc1cc2CC(N=C(NC(Cc3ccccc3)C=3NC(ON=3)=O)c2cc1)(C)C,BACE_1076,6.124939,0,396.87,4.5486999,83.279999,1,4,5
Clc1cc2CC([NH+]=C(N[C@@H](Cc3ccccc3)C3=NOC(=O)[N-]3)c2cc1)(C)C,BACE_141,6.124939,0,396.87,2.9698999,81.989998,1,4,5
Fc1cc(cc(F)c1)CC(NC(=O)C)C(O)C[NH2+]C1(CCCCC1)c1cc(N2CCCOCC2=O)ccc1,BACE_1075,6.124939,0,530.62653,1.8214,95.480003,3,4,9
Fc1cc(cc(F)c1)C[C@H](NC(=O)C)[C@H](O)C[NH2+]C1(CC1)c1cc(ccc1)[C@H]1CCOC1,BACE_1077,6.1191864,0,445.522,2.5539999,75.169998,3,3,9
Brc1cc(ccc1)CC1CS(=O)(=O)CC([NH2+]Cc2cc(ccc2)C(C)C)C1O,BACE_1078,6.1191864,0,467.43961,3.0137,79.360001,2,2,6
Clc1cc2CC(N=C(NC(Cc3cscc3C#C)C(=O)[O-])c2cc1)(C)C,BACE_1079,6.1191864,0,385.88708,4.0576,92.760002,1,1,5
Clc1ccc(nc1)C(=O)Nc1cc(ccc1)C12N=C(SCC1C2)N,BACE_1080,6.1191864,0,358.84521,2.7434001,105.67,1,4,3
Fc1ccc(NC(=O)c2ncc(cc2)C#N)cc1[C@]1(N=C(O[C@H](C1)C(F)(F)F)N)C,BACE_142,6.1101384,0,421.3483,2.9528999,113.39,1,5,4
Fc1cc(cc(F)c1)CC(NC(=O)C)C(O)C[NH2+]C1(CC1)c1cc(cnc1)CC(C)(C)C,BACE_1081,6.1079054,0,446.55319,3.227,78.830002,3,3,10
Clc1cc(cnc1)-c1cc2c(CC(CC23N=C(OC3)N)(C)C)cc1,BACE_1082,6.1029229,0,341.83459,3.8359001,60.5,0,3,1
FC(F)(F)Oc1ccc(cc1)[C@]1([NH+]=C(N2C1=NCCC2)N)c1cc(ccc1)-c1cncnc1,BACE_1083,6.1023731,0,453.4397,2.6842999,90.599998,0,4,5
S1CC(=NC1(c1cc(ccc1)-c1cccnc1)c1ccc(OC)cc1)N,BACE_1084,6.1023731,0,361.46011,3.3934,85.800003,0,4,4
O(C)c1cc(ccc1)-c1cc(ccc1)C1(N=C(C)C(=N1)N)C1CCN(CC1)C(=O)C,BACE_1088,6.09691,0,404.5047,2.2951,80.279999,0,4,4
OC(C(NC(=O)C1CC(CCC1)C(NC(=O)C)C(C)C)Cc1ccccc1)CC(C(=O)NCCCC)C,BACE_1085,6.09691,0,515.72778,4.3892002,107.53,4,4,14
Fc1ncccc1-c1cc2c(Oc3c(cc(OC)cc3)C23N=C(OC3)N)cc1,BACE_1087,6.09691,0,377.36841,3.6131999,78.959999,0,5,2
Fc1cc(cc(F)c1)CC(NC(=O)C)C(O)C[NH2+]C1(CCCCC1)c1cc(ccc1)C1CCCC1=O,BACE_1086,6.09691,0,499.61249,3.2605,83.010002,3,3,9
Fc1cc(cc(F)c1)CC(NC(=O)C)C(O)C[NH2+]C1(CCCCC1)c1cc(ccc1)CC(C)C,BACE_1090,6.0915151,0,473.61829,4.5279999,65.940002,3,2,10
Clc1ccccc1-c1n(Cc2nc(N)ccc2)c(cc1)-c1ccc(Oc2ncccc2)cc1,BACE_1089,6.0915151,0,452.93481,6.7178001,65.959999,1,3,6
O=C1N(CC(=NC1(C)c1cc(NC(=O)c2ncc(cc2)C#N)ccc1)N)C,BACE_1091,6.0899096,0,362.38519,0.32080001,124.47,1,5,4
Fc1cc(cc(F)c1)CC(NC(=O)C)C(O)C[NH2+]C1(CCCCC1)c1cc(N2CCCC2=O)ccc1,BACE_1092,6.0861859,0,500.60049,2.4593,86.25,3,3,9
Clc1cc2CC(N=C(NC(Cc3cscc3-c3occn3)C(=O)[O-])c2cc1)(C)C,BACE_1093,6.0861859,0,428.9119,2.5706,118.79,0,3,6
S(=O)(=O)(N(C)c1cc(cc(c1)C(=O)NC(C)c1ccc(F)cc1)-c1nc([nH]n1)C([NH3+])(Cc1ccccc1)C)C,BACE_1094,6.0851283,0,551.65552,1.9685,144.07001,3,4,9
Clc1cc(cc(Cl)c1NC(=O)C)CNC(=[NH2+])NC(=O)Cn1c2cc(ccc2cc1)CN(S(=O)(=O)C)C,BACE_1095,6.0757208,0,554.4693,0.47049999,146.50999,2,3,10
Clc1ccccc1-c1n(Cc2nc(N)ccc2)c(cc1)-c1ccc(Oc2ccccc2)cc1,BACE_1096,6.070581,0,451.94681,7.3266001,53.07,1,2,6
Fc1cc(cc(F)c1)CC(NC(=O)c1c2cc(ccc2n(c1)C(=O)N(CCCC)C)C(OCc1ccccc1)=O)C(O)C[NH2+]Cc1cc(OC)ccc1,BACE_1099,6.0655017,0,727.81598,6.3608999,126.71,3,6,17
Fc1cc(cc(F)c1)CC(NC(=O)C)C(O)C[NH2+]C1(CCCN(C1)C(OCc1ccccc1)=O)c1cc(ccc1)C(C)(C)C,BACE_1097,6.0655017,0,608.7384,5.0588999,95.480003,3,4,12
O=C1N(C)C(=NC1(C1CCCCC1)c1cc(NC(=O)c2n(ccc2)C)ccc1)N,BACE_1098,6.0655017,0,393.48209,3.1191001,92.720001,1,3,4
O(CCCC)c1ccc(cc1)C1(N=C(N)N(C)C1=O)C12CC3CC(C1)CC(C2)C3,BACE_1100,6.0604806,0,395.53769,4.5690999,67.919998,0,3,6
Fc1cc(cc(F)c1)CC(NC(=O)C)C(O)C[NH2+]C1(CC1)c1nn(cc1)CC(C)(C)C,BACE_1101,6.0604806,0,435.53049,2.5943,83.760002,3,3,10
S1(=O)(=O)CC(Cc2cc(CC)c(N)c(F)c2)C(O)C([NH2+]Cc2cc(ccc2)C(C)(C)C)C1,BACE_1103,6.0604806,0,463.6283,2.8728001,105.38,3,2,7
Fc1cc(cc(F)c1)CC(NC(=O)C(N1CCC(NC(=O)C)(C(CC)C)C1=O)CCc1ccccc1)C(O)C1[NH2+]Cc2c(C1)cccc2O,BACE_1102,6.0604806,0,677.80042,3.4482,135.58,5,5,13
FC(F)Oc1ccc(cc1)[C@@]1(N=C(N)N(C)C1=O)c1cc(ccc1)CC,BACE_1105,6.0457573,0,359.3699,4.1135001,67.919998,0,3,5
Fc1c(cccc1OC)-c1cc2c(Oc3c(cc(OC)cc3)C23N=C(OC3)N)cc1,BACE_1106,6.0457573,0,406.4064,4.3634,75.300003,0,5,3
Fc1ncc(cc1)-c1cc2c(Oc3c(cc(OC)cc3)C23N=C(OC3)N)cc1,BACE_1107,6.0457573,0,377.36841,3.6131999,78.959999,0,5,2
FC(F)(F)Oc1ccc(cc1)C1(N=C(N)N(C)C1=O)c1cc(ccc1)-c1ccc(OC)nc1,BACE_1104,6.0457573,0,456.41721,5.3786998,90.040001,0,5,6
O(c1cc2CN(C(CCC(=O)N(C)C3CCCCC3)C3CCCCC3)C(=[NH+]c2cc1)N)c1ccccc1,BACE_262,6.0457573,1,503.6987,4.7490001,72.769997,0,2,8
S1(Oc2c(N1c1cc(ccc1)C(=O)NC(Cc1ccccc1)C(O)C[NH2+]Cc1cc(ccc1)C(F)(F)F)cccc2)(=O)=O,BACE_1108,6.0409584,0,612.63928,4.5959001,120.93,3,3,11
S(=O)(=O)(N(C)c1cc(cc(c1)COCC([NH3+])(Cc1ccccc1)C(F)F)C(=O)NC(C)c1ccc(F)cc1)C,BACE_1109,6.0338583,0,564.63953,2.5945001,111.73,2,3,12
S(=O)(=O)(N(c1cc(ccc1C)C(=O)NC(Cc1ccccc1)C(O)C[NH2+]Cc1cc(ccc1)C(F)(F)F)c1ccccc1)C,BACE_1110,6.031517,0,626.70892,5.1757002,111.7,3,3,13
Fc1cc(cc(F)c1)CC(NC(=O)C)C(O)C[NH2+]C1(CCCCC1)c1cc(ccc1)C1CCCC1,BACE_1111,6.0268722,0,485.629,4.6125998,65.940002,3,2,9
O=C1N(CCCCCC(=O)[O-])C(=NC1(C1CCCCC1)c1ccccc1)N,BACE_1112,6.0222764,0,370.4653,3.2309999,98.82,0,2,8
Brc1cc(ccc1O)C[C@@H]1CS(=O)(=O)C[C@H]([NH2+]Cc2cc(ccc2)C2CC2)[C@H]1O,BACE_143,6.0222764,0,481.4231,3.3866999,99.589996,3,3,6
Clc1cc2c(OC3(CC2[NH2+]CC(O)C(NC(=O)C)Cc2ccccc2)CCC3)nc1,BACE_1113,6.0190883,0,430.94769,1.5031,88.059998,3,4,7
Clc1ccccc1-c1n(Cc2nc(N)ccc2)c(cc1)-c1ccc(Nc2cncnc2)cc1,BACE_1114,6.0087738,0,452.93811,5.5377998,81.650002,2,3,6
Fc1cc(cc(F)c1)C[C@H](NC(=O)C)[C@H](O)C[NH2+]C1(CC1)c1cc(-n2nccc2)ccc1,BACE_1115,6.0087738,0,441.49359,2.2769001,83.760002,3,3,9
O=C1N(C)C(=NC1(C1CCCCC1)c1ccccc1)N,BACE_1116,6.004365,0,271.35739,2.9709001,58.689999,0,2,2
S1(=O)(=O)CC(Cc2cc(CCO)c(O)cc2)C(O)C([NH2+]Cc2cc(ccc2)C(C)C)C1,BACE_1117,6.004365,0,448.59549,1.7146,119.82,4,4,8
S(=O)(=O)(N(C)c1cc(cc(c1)COCC([NH3+])(Cc1ccccc1)CF)C(=O)NC(C)c1ccc(F)cc1)C,BACE_1118,6.0013046,0,546.64911,2.4820001,111.73,2,3,12
Fc1cc(cc(F)c1)CC(NC(=O)C(N1CCC(CCCC)C1=O)CCc1ccccc1)C(O)C1[NH2+]Cc2c(C1)cccc2,BACE_1120,6.0,0,604.74969,5.1149998,86.25,3,3,13
Fc1cc(cc(F)c1)CC(NC(=O)C)C(O)C[NH2+]C1(CCCCC1)c1cc(N2CCCNC2=O)ccc1,BACE_1119,6.0,0,515.61517,2.8952999,98.279999,4,3,9
S1CCC(=NC1(C)c1cc(ccc1)-c1cncnc1)N,BACE_1121,6.0,0,284.3793,1.4069999,89.459999,0,4,2
Clc1cc(cc(Cl)c1NC(=O)C)C\N=C(\NC(=O)Cn1c2c(cccc2)cc1)/N,BACE_144,5.9956784,0,432.30319,3.029,101.51,1,3,6
Clc1cc(cc(Cl)c1NC(=O)C)CNC(=[NH2+])NC(=O)Cn1c2c(cccc2)cc1,BACE_1122,5.9956784,0,433.3111,1.3466001,100.75,2,2,7
Clc1ccc(nc1)C(=O)Nc1cc(ccc1)C1(N=C(N)N(C)C1=O)C,BACE_1123,5.9913998,0,357.79419,1.8579,100.68,1,4,3
O1CCCC1CN1C(=O)C(N=C1N)(C1CCCCC1)c1ccccc1,BACE_1124,5.9829664,0,341.4473,3.3297,67.919998,0,3,4
O=C1N(C)C(=NC1(C1CCCCC1)C1CCCCC1)N,BACE_1125,5.9665761,0,277.40509,3.5762,58.689999,0,2,2
Fc1cc(cc(F)c1)CN1C(=O)C(N=C1N)(C1CCCCC1)c1ccccc1,BACE_1126,5.9665761,0,383.4343,4.9654002,58.689999,0,2,4
Clc1cc2CC(N=C(NC(Cc3cscc3-c3cn(nc3)C)C(=O)[O-])c2cc1)(C)C,BACE_1127,5.9625735,0,441.9537,2.6282001,110.58,0,2,6
Fc1cc(cc(F)c1)CC(NC(=O)C)C(O)C[NH2+]C1(CCCCC1)c1cc(ccc1)-c1occc1,BACE_1129,5.9586072,0,483.57001,3.5637,79.080002,3,3,9
S1(=O)(=O)CC(Cc2ccccc2)C(O)C([NH2+]Cc2cc(ccc2)C(C)C)C1,BACE_1131,5.9586072,0,388.54349,2.2653,79.360001,2,2,6
S1(=O)(=O)CC(Cc2cc(ccc2)COCCC)C(O)C([NH2+]Cc2cc(ccc2)C(C)C)C1,BACE_1132,5.9586072,0,460.6492,2.9418001,88.589996,2,3,10
Fc1cc(cc(F)c1)CC(NC(=O)c1cc(ccc1)C(=O)N(CCC)CCC)C(O)C1[NH2+]Cc2c(C1)cccc2,BACE_1133,5.9586072,0,550.65918,4.0897999,86.25,3,3,11
S1(=O)(=O)N(C2(CC([NH+](CC2)Cc2cc3c([nH]nc3CC)cc2)C)CN1C)c1cc(F)ccc1,BACE_1134,5.9586072,0,472.5986,1.1892,82.120003,1,2,4
s1cc(nc1N)C(Cc1cc([N+](=O)[O-])ccc1OC)c1ccc(OC)cc1,BACE_1128,5.9586072,0,385.43689,3.6925001,128.75,1,3,7
Fc1cc(cc(F)c1)CC(NC(=O)c1c2c(n(c1)C(OCCCC)=O)cccc2)C(O)C[NH2+]Cc1cc(OC)ccc1,BACE_1130,5.9586072,0,580.64209,4.8389001,106.4,3,5,14
Fc1cc(cc(F)c1)C[C@H](NC(=O)c1cc(cc(c1)C)C(=O)N(CCC)CCC)[C@H](O)[C@@H]1[NH2+]CCN(C1)C(=O)c1ccccc1,BACE_145,5.939302,0,621.73712,3.799,106.56,3,4,12
Clc1ccccc1-c1n(Cc2nc(N)ccc2)c(cc1)-c1ccc(OCCC)cc1,BACE_1135,5.939302,0,417.9306,6.6224999,53.07,1,2,7
Clc1cccc(-c2cc3c(Oc4c(cc(OC)cc4)C34N=C(OC4)N)cc2)c1F,BACE_1136,5.9318142,0,410.82541,5.0441999,66.07,0,4,2
O1CC2(N=C1N)c1cc(ccc1Oc1c2cc(OC)cc1)-c1ccccc1,BACE_1137,5.9281182,0,358.38989,4.1743002,66.07,0,4,2
O=C(NC1CC1)c1ccc(cc1)-c1n(Cc2nc(N)ccc2)c(cc1)-c1ccccc1,BACE_1138,5.9208188,0,408.495,5.8118,72.940002,2,2,6
S1(=O)(=O)CC(Cc2cc(CO)c(O)cc2)C(O)C([NH2+]Cc2cc(ccc2)C(C)C)C1,BACE_1139,5.9208188,0,434.56891,1.3934,119.82,4,4,7
Fc1cc(cc(F)c1)CC(NC(=O)c1c2cccnc2n(c1)C(=O)N(CCCC)C)C(O)C1[NH2+]Cc2c(C1)cccc2,BACE_1140,5.9208188,0,576.65668,3.9958,104.07,3,4,9
S1(=O)(=O)N(C2(CC([NH+](CC2)Cc2cc(OCC)c(O)cc2)C)CN1C)c1cc(F)ccc1,BACE_1141,5.9208188,0,464.5733,0.99440002,82.900002,1,3,5
Fc1ncccc1-c1cc(ccc1)C1(N=C(OC1)N)c1ccc(OC(F)F)cc1,BACE_1142,5.9172144,0,399.36581,4.7048998,69.730003,0,4,5
O=C1N(Cc2ccccc2)C(=NC1(C1CCCCC1)c1ccccc1)N,BACE_1143,5.9065785,0,347.4534,4.5544,58.689999,0,2,4
FCCOc1ccc(cc1)[C@@]1(N=C(N)N(C)C1=O)c1ccccc1,BACE_1144,5.9065785,0,327.35281,2.7498,67.919998,0,3,5
S(=O)(=O)(N(C)c1cc(cc(c1)C(=O)NC)C(=O)NC(C(O)CC(C(=O)NC(C(C)C)C(=O)NCc1ccccc1)C)COCc1cc(F)cc(F)c1)C,BACE_1145,5.8996296,0,759.85962,2.8069999,191.62,5,7,18
Clc1cc2CC(N=C(NC(Cc3cscc3-c3n[nH]cc3)C(=O)[O-])c2cc1)(C)C,BACE_1146,5.8996296,0,427.92709,2.8508,121.44,1,2,6
n1cc(ccc1)-c1cc(ccc1)C1(N=C(C)C(=N1)N)c1ccccc1,BACE_1147,5.8860569,0,326.39441,2.9252999,63.630001,0,3,3
O=C1N(C)C(=NC(C1)(CCc1cc(ccc1)-c1ccccc1)C)N,BACE_1148,5.8860569,0,321.41611,3.4614999,58.689999,0,2,4
Fc1cc(cc(F)c1)CC(NC(=O)C)C(O)C[NH2+]C1(CCCN(C1)C(=O)C)c1cc(ccc1)C(C)(C)C,BACE_1149,5.8860564,0,516.64301,2.3076999,86.25,3,3,9
OC(C(NC(=O)c1cc(N(C(=O)C)c2ccccc2)ccc1)Cc1ccccc1)C[NH2+]C(C(=O)NC1CCCCC1)C,BACE_1150,5.8860564,0,571.72961,3.7753,115.35,4,4,12
Fc1cc(cc(F)c1)CC(NC(=O)C)C(O)C[NH2+]C1(CCCCC1)c1cc(N2CCOCC2=O)ccc1,BACE_1151,5.8860564,0,516.59991,1.7589999,95.480003,3,4,9
Fc1cc(cc(F)c1)CC(NC(=O)C)C(O)C[NH2+]C1(CCCCC1)c1cc(N2CCOC2=O)ccc1,BACE_1152,5.8860564,0,502.57339,3.2857001,95.480003,3,4,9
Fc1cc(cc(F)c1)C[C@H](NC(=O)C)[C@H](O)C[NH2+]Cc1cc(ccc1)C(C)(C)C,BACE_1153,5.8860564,0,405.50119,2.5634999,65.940002,3,2,9
Fc1cc(cc(F)c1)C[C@H](NC(=O)C)[C@H](O)C[NH2+]C1(CC1)c1cc(ccc1)C(C(F)(F)F)=C,BACE_1154,5.8860564,0,469.4675,3.9751999,65.940002,3,2,10
S1(=O)(=O)NCC2(N1c1cc(F)ccc1)CC([NH+](CC2)Cc1cc(OC(C)C)ccc1)C,BACE_1155,5.8860564,0,448.57391,1.4334,71.459999,1,2,5
O1CC2(N=C1N)CC(Cc1c2cc(cc1)-c1cncnc1)(C)C,BACE_1156,5.8703103,0,308.37759,2.5434,73.389999,0,4,1
O(C)c1cc(ccc1)C(=O)Nc1cc(ccc1)C1(N=C(N)N(C)C1=O)C1CCCCC1,BACE_1157,5.8664613,0,420.50409,3.7392001,97.019997,1,4,5
Fc1c(cccc1-c1cncnc1)C1(N=C(N)N(C)C1=O)c1ccc(OC(F)(F)F)cc1,BACE_1158,5.8664613,0,445.36969,4.4306998,93.699997,0,5,5
S(=O)(=O)(N(C)c1cc(cc(c1)COCC([NH3+])(Cc1ccccc1)CO)C(=O)NC(C)c1ccc(F)cc1)C,BACE_1159,5.8632793,0,544.65802,1.5420001,131.96001,3,4,12
Brc1cc(cc(F)c1N)C[C@@H]1CS(=O)(=O)C[C@H]([NH2+]Cc2cc(ccc2)C(F)(F)C)[C@H]1O,BACE_146,5.8632793,0,522.39899,1.6655,105.38,3,2,6
Fc1c2c(ccc1)C(N=C2N)(c1cc(nc(c1)C)C)c1cc(ccc1)-c1cncnc1,BACE_1161,5.8601208,0,409.45819,3.2265,77.050003,0,4,3
FC(F)(F)c1ccc(nc1)C(=O)Nc1cc(ccc1)C1(N=C(N)CN(C)C1=O)C,BACE_1160,5.8601208,0,405.37369,1.3842,100.68,1,4,4
O=C1N(CCCCCC)C(=NC1(C1CCCCC1)c1ccccc1)N,BACE_1162,5.8569851,0,341.4903,5.2119999,58.689999,0,2,7
Fc1ccc(cc1-c1cncnc1)[C@@]1(N=C(N)N(C)C1=O)c1ccc(OC(F)(F)F)cc1,BACE_1163,5.8569851,0,445.36969,4.4306998,93.699997,0,5,5
Brc1cc(ccc1O)CC1CS(=O)(=O)CC([NH2+]Cc2cc(OC(C)C)ccc2)C1O,BACE_1165,5.8538718,0,499.43839,2.2620001,108.82,3,4,7
S(Oc1cc(cc(OCC(=O)NCCCCC[NH3+])c1)C(=O)N[C@H](C)c1ccc(F)cc1)(=O)(=O)Cc1ccccc1,BACE_147,5.8538718,0,572.66809,2.6547,146.82001,3,4,15
Fc1cc(cc(F)c1)CC(NC(=O)C)C(O)C[NH2+]C1(CCCCC1)c1cc(N2CCNC2=O)ccc1,BACE_1164,5.8538718,0,501.58859,2.8329,98.279999,4,3,9
n1cc(ccc1)-c1cc(ccc1)C1(N=C(C)C(=N1)N)C1CCCCC1,BACE_1166,5.8538718,0,332.44211,3.4012001,63.630001,0,3,3
FC(F)(F)Oc1ccc(cc1)[C@@]1(N=C(N)N(C)C1=O)c1ccccc1,BACE_1167,5.8477116,0,349.30719,4.4854999,67.919998,0,3,4
FC(F)(F)Oc1ccc(cc1)C1([NH+]=C(N2C1=NCCC2)N)c1cc(ccc1)CCC,BACE_1168,5.8446641,0,417.44739,4.3432002,64.82,0,2,6
S1(=O)(=O)CC(Cc2cc3c([nH]nc3)cc2)C(O)C([NH2+]Cc2cc(ccc2)C(C)(C)C)C1,BACE_1169,5.8386321,0,442.59421,1.7818,108.04,3,3,6
FC1(F)c2c(cc(cc2)-c2cncnc2)C2(N=C(N)N(C)C2=O)CC1(C)C,BACE_1170,5.8259401,0,371.38391,2.0023,84.470001,0,4,1
S(=O)(=O)(N(C)c1cc(cc(c1)C(=O)NC(C(O)CC(OC)CNc1ccccc1)COc1cc(F)cc(F)c1)C(=O)NC(C)c1ccccc1)C,BACE_1171,5.8239088,0,724.81378,4.3028998,154.67999,4,6,17
S(=O)(=O)(N(C)c1cc(cc(c1)C(=O)NC(C(O)CC(OC)CNc1ccc(F)cc1)COc1cc(F)cc(F)c1)C(=O)NC(C)c1ccccc1)C,BACE_1172,5.8239088,0,742.8042,4.5084,154.67999,4,6,17
S1(=O)(=O)N(c2c3n(cc(c3c(cc2)C(=O)NC(C(O)CC(OC)COCc2ccc(OC)cc2)COc2cc(F)cc(F)c2)CC)CC1)C,BACE_1173,5.8239088,0,701.7771,4.1455998,136.94,2,7,15
O(C)c1cc(ccc1)C[NH2+]CC(O)C(NC(=O)c1c2c(n(c1)C(=O)N(CC)CC)cccc2)Cc1ccccc1,BACE_1174,5.8239088,0,543.67651,3.8799,100.41,3,4,12
S1(=O)(=O)N(C2(CC([NH+](CC2)Cc2cc(OC(C)C)ccc2)C)CN1c1ncccn1)c1cc(F)ccc1,BACE_1175,5.8239088,0,526.646,1.9582,88.449997,0,4,6
O(C)c1c(cc(cc1C)[C@@]1(N=C(C)C(=N1)N)c1cc(ccc1)-c1cncnc1)C,BACE_1176,5.8239088,0,385.46161,3.2532001,85.75,0,5,4
O=C1N(C)C(=N[C@@]1(C12CC3CC(C1)CC(C2)C3)c1ccccc1)N,BACE_148,5.8153086,0,323.43201,3.2567999,58.689999,0,2,2
Clc1cc(F)c(cc1)-c1cc2c(Oc3c(cc(OC)cc3)C23N=C(OC3)N)cc1,BACE_1177,5.8068752,0,410.82541,5.0441999,66.07,0,4,2
Fc1cc(cc(F)c1)CC(NC(=O)C)C(O)C[NH2+]C1(CCCCC1)c1oc(cn1)C(C)(C)C,BACE_1178,5.801343,0,464.56839,2.8282001,91.970001,3,4,9
Fc1cc(cc(F)c1)CC(NC(=O)C)C(O)C[NH2+]C1(CCCCC1)c1cc(-n2ccnc2)ccc1,BACE_1179,5.7958798,0,483.5733,2.365,83.760002,3,3,9
Fc1cc(cc(F)c1)CC(NC(=O)C(N1CCC(CCCC)C1=O)C)C(O)C1[NH2+]Cc2c(C1)cccc2,BACE_1180,5.7958798,0,514.62708,3.1029,86.25,3,3,10
Clc1cc(ccc1O)C[NH+]1CCC2(N(S(=O)(=O)N(C2)C)c2cc(F)ccc2)CC1C,BACE_1181,5.7958798,0,454.96579,1.3264,73.669998,1,2,3
s1c(ccc1CC(C)(C)C)C1([NH2+]CC(O)C(NC(=O)C)Cc2cc(F)cc(F)c2)CC1,BACE_1182,5.7904849,0,451.5928,4.1106,94.18,3,2,10
S1(=O)(=O)CC(Cc2ccccc2)C(O)C([NH2+]Cc2cc(ccc2)C(C)(C)C)C1,BACE_1183,5.7904849,0,402.5701,2.4714999,79.360001,2,2,6
Clc1ccccc1-c1n(Cc2nc(N)ccc2)c(cc1)-c1ccc(OCCCC)cc1,BACE_1184,5.782516,0,431.95709,7.0787001,53.07,1,2,8
O1CC2(N=C1N)c1cc(ccc1Oc1c2cc(OC)cc1)-c1cc(ccc1)C,BACE_1185,5.7772837,0,372.4165,4.6605,66.07,0,4,2
O1c2c(cc(cc2)-c2ccccc2OC)C2(N=C(N)N(C)C2=O)CC1(C)C,BACE_1191,5.7695513,0,365.4256,2.7312,77.150002,0,4,2
Clc1ccccc1-c1cc(ccc1)C[NH+]1CCC2(N(S(=O)(=O)NC2)c2cc(F)ccc2)CC1C,BACE_1188,5.7695513,0,501.0358,2.9063001,62.23,1,1,4
S1(=O)(=O)N(C2(CC([NH+](CC2)Cc2cc(OC(C)C)ccc2)C)CN1c1occn1)c1cc(F)ccc1,BACE_1190,5.7695513,0,515.62012,1.4726,88.699997,0,4,6
S1(=O)(=O)N(C2(CC([NH+](CC2)Cc2cc(OC(C)C)ccc2)C)CN1CC)c1cc(F)ccc1,BACE_1189,5.7695513,0,476.62711,1.9881001,62.669998,0,2,6
Fc1cc(cc(F)c1)C[C@H](NC(=O)C)[C@H](O)C[NH2+][C@@]1(C[C@H]1C)c1cc(ccc1)C(C(F)F)(C)C,BACE_1187,5.7695513,0,481.54599,3.1905,65.940002,3,2,10
Fc1cc(cc(F)c1)CC(NC(=O)C)C(O)C[NH2+]C1(CC1)c1cc(ccc1)C1OCCCC1,BACE_1186,5.7695513,0,459.54861,3.2709,75.169998,3,3,9
Clc1cc(cc(Cl)c1NC(=O)C(C)C)CNC(=[NH2+])NC(=O)Cn1c2c(cccc2)cc1,BACE_1192,5.7644715,0,461.36429,2.4760001,100.75,2,2,8
s1cc(cc1C1([NH2+]CC(O)C(NC(=O)C)Cc2cc(F)cc(F)c2)CCCCC1)CC,BACE_1193,5.7594509,0,451.5928,3.5459001,94.18,3,2,9
O=C(NC(C)C)c1ccc(cc1)-c1n(Cc2nc(N)ccc2)c(cc1)-c1ccccc1,BACE_1194,5.7495799,0,410.5108,5.0363998,72.940002,2,2,6
O1CC2(N=C1N)c1cc(ccc1Oc1c2cc(OC)cc1)-c1ccc(cc1)C,BACE_1195,5.7495799,0,372.4165,4.6605,66.07,0,4,2
S(=O)(=O)(N(C)c1nc(N(CC2CC2C)C)cc(c1)C(=O)NC(C(O)CC(OC)COCc1ccc(OC)cc1)COc1cc(F)cc(F)c1)C,BACE_1196,5.7447276,0,720.82349,4.2799001,148.14,2,8,19
S1(=O)(=O)CC(Cc2ccc(O)cc2)C(O)C([NH2+]Cc2cc(ccc2)C(C)C)C1,BACE_1197,5.7447276,0,404.54291,1.9979,99.589996,3,3,6
S(=O)(=O)(CCCCC)c1cc(ccc1)C(=O)N[C@H]([C@H](O)C[NH2+][C@H](C(=O)NC1CCCCC1)C)Cc1ccccc1,BACE_150,5.7447276,0,572.77899,3.5460999,137.56,4,4,15
S(=O)(=O)(N(C)c1nc2CC[C@@H](CCc3cc(C[C@]([NH3+])(C)C(OCc(c1)c2)=O)ccc3)C)C,BACE_149,5.7447276,0,460.6095,2.7265,112.59,1,4,2
S(=O)(=O)(N(C)c1cc(cc(c1)C(=O)NC(C)c1ccc(F)cc1)-c1onc(n1)C([NH3+])(Cc1ccccc1)C)C,BACE_1198,5.7375488,0,552.6402,2.2669001,141.42,2,5,9
Fc1cc(cc(F)c1)CC(NC(=O)C)C(O)C[NH2+]C1(CCCCC1)c1nn(cc1)C(C)(C)C,BACE_1199,5.7351823,0,463.58371,2.4166999,83.760002,3,3,9
Clc1cc2CC(N=C(NC(Cc3cscc3-c3ccncc3)C(=O)[O-])c2cc1)(C)C,BACE_1200,5.7328281,0,438.94971,3.2983,105.65,0,2,6
S(=O)(=O)(N(C)c1cc(cc(c1)C(=O)NC(C(O)CC(OC)COCC1CC1)COc1cc(F)cc(F)c1)C(=O)NC(C)c1ccccc1)C,BACE_1201,5.7304869,0,703.79303,4.5468998,151.88,3,7,18
Fc1cc(cc(F)c1)CC(NC(=O)C)C(O)C[NH2+]C1(CC1)c1cc(N2C3CC(CC3)C2)ccc1,BACE_1202,5.7212462,0,470.57458,3.5369,69.18,3,2,9
S(=O)(=O)(N(C)c1cc2cc(c1)C(=O)NC(c1cc(COCC(NC2=O)C(O)CC(C(C)C)C(=O)NCC(C)C)ccc1)CCCOC)C,BACE_1203,5.7212462,0,688.87439,2.619,171.75,4,7,13
Fc1ncccc1-c1cc2c(CC(CC23N=C(OC3)N)(C)C)cc1,BACE_1204,5.7194219,0,325.38,3.7609999,60.5,0,3,1
Clc1cc(-c2cc(ccc2)C2(N=C(OC2)N)c2ccc(OC)cc2)c(F)cc1,BACE_1205,5.7099652,0,396.84189,5.3140001,56.84,0,3,4
Fc1ncccc1-c1cc(ccc1)[C@@]1(N=C(N)N(C)C1=O)c1cn(nc1)CC,BACE_1206,5.7077441,0,378.40289,1.851,89.400002,0,4,4
Clc1cc(cnc1)-c1cc2c(CC(CC23N=C(SC3)N)(C)C)cc1,BACE_1207,5.7002749,0,357.90021,4.3941002,76.57,0,3,1
Fc1cc(cc(F)c1)CC(NC(=O)c1cc(cc(c1)C(=O)N(CCC)CCC)CC(OC)COC)C(O)C[NH2+]Cc1cc(OC)ccc1,BACE_1208,5.6989698,0,670.80621,3.993,113.94,3,6,20
S1CC(N=C(N)C1)(C)c1cc(ccc1)-c1cc(OC)ccc1,BACE_1209,5.6989698,0,312.4292,3.016,72.910004,0,3,3
S1CCC(N=C1N)(C)c1cc(ccc1)-c1cc(OC)ccc1,BACE_1210,5.6989698,0,312.4292,3.8299999,72.910004,0,3,3
Clc1ccc(cc1)-c1cc2c(Oc3c(cc(OC)cc3)C23N=C(OC3)N)cc1,BACE_1211,5.6946487,0,392.83499,4.8386998,66.07,0,4,2
Clc1ccc(nc1)C(=O)Nc1cc(ccc1)C1(N=C(OC1)N)C,BACE_1212,5.6946487,0,330.76889,2.4344001,89.599998,1,4,3
S(=O)(=O)(N(C)c1cc(cc(c1)C(=O)NC(C(O)CC(OC)COCC=C)COc1cc(F)cc(F)c1)C(=O)NC(C)c1ccccc1)C,BACE_1213,5.6925039,0,689.76642,3.3315001,151.88,3,7,18
S(=O)(=O)(N(C)c1cc(cc(c1)C(=O)NC(C)c1ccc(F)cc1)-c1nc(on1)C([NH3+])(Cc1ccccc1)C)C,BACE_1214,5.6861329,0,552.6402,2.2669001,141.42,2,5,9
Clc1cc(ccc1)-c1cc(ccc1)C1(N=C(OC1)N)c1ccc(OC)cc1,BACE_1215,5.6861329,0,378.8515,5.1085,56.84,0,3,4
O(C)c1ccc(cc1)C1(N=C(C(C)C)C(=N1)N)c1cc(ccc1)-c1cncnc1,BACE_1218,5.6777806,0,385.46161,3.4102001,85.75,0,5,5
Fc1cc(cc(F)c1)CC(NC(=O)C)C(O)C[NH2+]C1(CCCCC1)c1cc(ccc1)CC(C)(C)C,BACE_1217,5.6777806,0,487.64481,4.7342,65.940002,3,2,10
O=C1N(Cc2ccc(cc2)CNC(=O)NCCCC)C(NC1(CC1CCCCC1)CC1CCCCC1)=N,BACE_1216,5.6777806,0,509.7265,6.7779999,97.32,3,3,11
Clc1cnccc1-c1cc2c(Oc3c(cc(OC)cc3)C23N=C(OC3)N)cc1,BACE_1219,5.6757174,0,393.823,3.6881001,78.959999,0,5,2
s1ccnc1N1S(=O)(=O)N(C2(CC([NH+](CC2)Cc2cc(OC(C)C)ccc2)C)C1)c1cc(F)ccc1,BACE_1220,5.6575775,0,531.68573,2.0308001,103.8,0,3,6
Clc1ccc(cc1)C1(N=C(N)N(C)C1=O)c1ccccc1,BACE_1221,5.6478176,0,299.75491,3.03,58.689999,0,2,2
O=C(NCC)c1ccc(cc1)-c1n(Cc2nc(N)ccc2)c(cc1)-c1ccccc1,BACE_1222,5.6478176,0,396.48431,4.6588998,72.940002,2,2,6
S1(=O)(=O)CC(Cc2cc(OCCC)ccc2)C(O)C([NH2+]Cc2cc(ccc2)C(C)C)C1,BACE_1223,5.6382723,0,446.62259,3.1214001,88.589996,2,3,9
S1(=O)(=O)N(C2(CC([NH+](CC2)Cc2cc(OC(C)C)ccc2)C)CN1C(C)C)c1cc(F)ccc1,BACE_1224,5.6382723,0,490.65369,2.3656001,62.669998,0,2,6
O(C(C)(C)C)C(=O)N[C@@H](CC(C)C)C(=O)N[C@@H](Cc1ccccc1)C(=O)N[C@H]([C@@H](O)C[C@H](C(=O)NCC(C)C)C)CC(C)C,BACE_1225,5.6363878,0,618.84747,5.4004002,145.86,5,6,19
O1c2c(cc(cc2)-c2ncccc2)C2(N=C(N)N(C)C2=O)CC1(C)C,BACE_1226,5.6265364,0,336.3877,2.0255001,80.809998,0,4,1
Fc1cc(cc(F)c1)CC(NC(=O)C)C(O)C[NH2+]C1(CCOC1)c1cc(-n2nccc2)ccc1,BACE_1227,5.6197886,0,471.51959,0.55400002,92.989998,3,4,9
Fc1cc(cc(F)c1)CC(NC(=O)C)C(O)C[NH2+]C1(CC1)c1cc(N2C3CC(OC3)C2)ccc1,BACE_1228,5.6197886,0,472.54739,2.3092999,78.410004,3,3,9
S1(=O)(=O)N([C@]2(C[C@@H]([N@H+](CC2)Cc2cc(OC(C)C)ccc2)C)CN1C)c1cc(F)ccc1,BACE_151,5.6197886,0,462.60049,1.6393,62.669998,0,2,5
Fc1cc(cc(F)c1)CC(NC(=O)C)C(O)C[NH2+]C1(CCCCC1)c1ncnc(c1)C(C)(C)C,BACE_1229,5.6143937,0,475.59439,3.3563001,91.720001,3,4,9
Clc1cc2CC(N=C(NC(Cc3cscc3C3CC3)C(=O)[O-])c2cc1)(C)C,BACE_1230,5.6143937,0,401.9296,4.7651,92.760002,0,1,6
Clc1ccccc1-c1n(Cc2nc(N)ccc2)c(cc1)-c1ccc(OC)cc1,BACE_1231,5.6108341,0,389.87741,5.75,53.07,1,2,5
Clc1cc(ccc1)C1(N=C(N)N(C)C1=O)c1ccccc1,BACE_1232,5.6020598,0,299.75491,3.03,58.689999,0,2,2
Brc1cc(ccc1)[C@]1([NH+]=C(N2C1=NCCC2)N)c1ccc(OC(F)(F)F)cc1,BACE_1233,5.5850267,0,454.2637,3.6930001,64.82,0,2,4
n1cc(cnc1)-c1cc(ccc1)C1(N=C(C)C(=N1)N)Cc1ccccc1,BACE_1234,5.5850267,0,341.40909,2.3596001,76.519997,0,4,4
O=C(N[C@@H](Cc1ccc([N+](=O)[O-])cc1)C(=O)N[C@H]([C@@H](O)C[C@H](C(=O)NCC(C)C)C)CC(C)C)c1ccc([N+](=O)[O-])cc1,BACE_1235,5.5783958,0,599.67517,4.3088002,193.81,4,4,16
O=C1N(C)C(=NC1(c1ccccc1)c1ccncc1)N,BACE_1236,5.5718651,0,266.29791,1.215,71.580002,0,3,2
OC(C(NC(=O)C1CC(CCC1)C1(NC(=O)C)CCCC1)Cc1ccccc1)CC(C(=O)NCCCC)C,BACE_1237,5.5686364,0,527.73853,4.427,107.53,4,4,13
Clc1cc2CC(N=C(NC(Cc3ccccc3)C=3NC(=O)C=CN=3)c2cc1)(C)C,BACE_1238,5.5670309,0,406.9079,4.2445998,70.139999,1,3,5
S1(=O)(=O)CC(Cc2cc3c([nH]cc3)cc2)C(O)C([NH2+]Cc2cc(ccc2)C(C)(C)C)C1,BACE_1239,5.5606675,0,441.60611,2.2492001,95.150002,3,2,6
FC(F)(F)Oc1cc(ccc1)-c1cc2c(Oc3c(cc(OC)cc3)C23N=C(OC3)N)cc1,BACE_1240,5.5590911,0,442.3873,6.2941999,75.300003,0,5,4
Fc1cc(N2C3(CC[NH+](CC3)Cc3ccc(NC(=O)C)cc3)C(=NC2=O)NC2CCCCC2)ccc1,BACE_152,5.5528421,0,492.60818,3.0847001,78.239998,1,3,6
Brc1cc(ccc1OC)CC1CS(=O)(=O)CC([NH2+]Cc2cc(ccc2)C(C)C)C1O,BACE_1241,5.5528421,0,497.46552,2.9972999,88.589996,2,3,7
Clc1cc2CC(N=C(NC(Cc3ccccc3)C(=O)[O-])c2cc1)(C)C,BACE_1242,5.5466819,0,355.83801,3.6331,64.519997,0,1,5
Fc1ncccc1-c1cc(ccc1)[C@]1(N=C(OC1)N)c1ccc(OC)cc1,BACE_153,5.545155,0,363.38489,3.8829999,69.730003,0,4,4
O=C1N(C)C(=N[C@]1(C1CCCCC1)c1cc(NC(=O)CCC)ccc1)N,BACE_1243,5.545155,0,356.46191,3.2144001,87.790001,1,3,5
O1c2c(cc(cc2)-c2cc(OC(C)C)ccc2)C2(N=C(N)N(C)C2=O)CC1(C)C,BACE_1244,5.5430269,0,393.47879,3.4575,77.150002,0,4,3
Clc1cc2CC(N=C(NC(Cc3ccsc3)C(=O)[O-])c2cc1)(C)C,BACE_1245,5.5376019,0,361.86569,2.9305,92.760002,0,1,5
O=C1N(C)C(=NC(C1)(C)C1CC1c1cc(ccc1)\C=C\c1ccccc1)N,BACE_1246,5.5376019,0,359.46411,3.6726,58.689999,0,2,4
s1cc(cc1C(=O)CC)[C@]1(N=C(N)N(C)C1=O)c1cc(ccc1)-c1cccnc1F,BACE_1250,5.5228786,0,422.47531,3.4556,116.89,0,4,5
O=C(NCCCC)c1ccc(cc1)-c1n(Cc2nc(N)ccc2)c(cc1)-c1ccccc1,BACE_1249,5.5228786,0,424.53741,5.6388001,72.940002,2,2,8
O=C1N(Cc2ccc(cc2)CNC(=O)NCCCC)C(NC1(CCC1CCCCC1)CC(C)C)=N,BACE_1247,5.5228786,0,483.68921,6.2371998,97.32,3,3,12
O=C(NCCC)c1ccc(cc1)-c1n(Cc2nc(N)ccc2)c(cc1)-c1ccccc1,BACE_1248,5.5228786,0,410.5108,5.1826,72.940002,2,2,7
O1CCC(CC1)C1(N=C(C)C(=N1)N)c1cc(ccc1)-c1cc(OC)ccc1,BACE_1251,5.5228786,0,363.45279,2.7658999,69.199997,0,4,4
s1cc(nc1CC(C)(C)C)C1([NH2+]CC(O)C(NC(=O)C)Cc2cc(F)cc(F)c2)CC1,BACE_1252,5.5157003,0,452.5809,3.0646,107.07,3,3,10
O(C)c1ccc(cc1)C1(N=C(N)N(C)C1=O)c1ccccc1,BACE_1253,5.5086384,0,295.33578,2.3492,67.919998,0,3,3
S(=O)(=O)(n1cc(c2c1cccc2)C(=O)NC(Cc1ccccc1)C(O)C[NH2+]Cc1cc(OC)ccc1)CCCC,BACE_1254,5.5086384,0,564.71552,3.5754001,122.62,3,4,14
S(=O)(=O)(N(C)c1cc2cc(c1)C(=O)NC(COCc1cc(ccc1)C(NC2=O)c1ccc(OC)cc1)C(O)CC(C(C)C)C(=O)NCC(C)C)C,BACE_1255,5.5086384,0,722.89063,3.6745999,171.75,4,7,11
S1(=O)(=O)N(C2(CC([NH+](CC2)Cc2cc(OC(C)C)ccc2)C)CN1c1cccnc1)c1cc(F)ccc1,BACE_1256,5.5086384,0,525.65802,2.0653,75.559998,0,3,6
O1CC(N=C(N)C1)(C)c1cc(ccc1)-c1cc(OC)ccc1,BACE_1257,5.4948502,0,296.36359,2.2713001,56.84,0,3,3
Fc1cc(ccc1OC)[C@H](Cc1cc([N+](=O)[O-])ccc1OC)c1nc([nH]c1)N,BACE_155,5.4948502,0,386.37701,3.0414,116.3,2,3,7
O(C)C1CC(N=C1N)(c1cc(ccc1)-c1cccnc1)c1ccc(OC)cc1,BACE_1258,5.4948502,0,373.4476,2.5532,69.730003,0,4,5
O(C)c1ccc(cc1)[C@@]1([NH+]=C(N)[C@H](OC)C1)c1cc(ccc1)-c1cccnc1,BACE_154,5.4948502,0,374.4556,0.87080002,71.339996,0,3,5
Clc1cc(-c2cc3c(Oc4c(cc(OC)cc4)C34N=C(OC4)N)cc2)c(F)cc1C,BACE_1259,5.493495,0,424.85199,5.5303998,66.07,0,4,2
Clc1ccc(nc1)C(=O)Nc1cc(ccc1)C12N=C(OC1COCC2)N,BACE_1260,5.4814858,0,372.8056,1.8644,98.830002,1,5,3
O(C)c1cc(ccc1)-c1cc(ccc1)C1CC1C1(N=C(N)N(C)C(=O)C1)C,BACE_1261,5.4814858,0,363.45279,3.1884,67.919998,0,3,4
Clc1cc2CC(N=C(NC(Cc3ccccc3)C=3NC(=O)NN=3)c2cc1)(C)C,BACE_1262,5.4723701,0,395.88531,4.2502999,85.93,2,3,5
Brc1cc(ccc1)C1(N=C(N2C1=NCC(F)(F)C2)N)c1ccc(OC)cc1,BACE_1263,5.4699998,0,435.26529,3.6682999,63.209999,0,3,3
O=C1N(C)C(=NC1(c1ccccc1)c1ccccc1)N,BACE_1264,5.4685211,0,265.30981,2.3656001,58.689999,0,2,2
O=C(NC1CCC1)c1ccc(cc1)-c1n(Cc2nc(N)ccc2)c(cc1)-c1ccccc1,BACE_1265,5.4685211,0,422.52151,5.256,72.940002,2,2,6
S(=O)(=O)(N(c1cc(C(=O)NC(Cc2ccccc2)C(O)C[NH2+]Cc2cc(ccc2)C(F)(F)F)c(cc1)C)c1ccccc1)C,BACE_1267,5.4596705,0,626.70892,5.1757002,111.7,3,3,13
O(C)c1cc(ccc1)C1(N=C(N)N(C)C1=O)c1ccccc1,BACE_1266,5.4596705,0,295.33578,2.3492,67.919998,0,3,3
O(C)c1cc(ccc1)-c1cc(ccc1)C1(N=C(C)C(=N1)N)C,BACE_1268,5.4559321,0,293.36301,2.4366,59.970001,0,3,3
S(=O)(=O)(N(C)c1cc(cc(c1)C(=O)NC(C(O)CC(C(=O)NC(C(C)C)C(=O)NCc1ccc(F)cc1)C)COCc1cc(F)cc(F)c1)C(=O)NC(C)c1ccccc1)C,BACE_1269,5.4436975,0,867.9726,4.9734998,191.62,5,7,20
O=C1N(C)C(=[NH2+])NC1(c1ccccc1)c1ccccc1,BACE_263,5.4436975,1,266.31769,0.6832,57.93,1,1,2
S(=O)(=O)(N(c1ccccc1)c1nc(ccc1)C(=O)NC(Cc1ccccc1)C(O)C[NH2+]Cc1cc(ccc1)C(F)(F)F)C,BACE_1270,5.4400935,0,613.67041,4.5092001,124.59,3,4,13
S(=O)(=O)(N(C)c1cc2cc(c1)C(=O)NC(COCc1cc(ccc1)C(NC2=O)c1ccccc1)C(O)CC(C(C)C)C(=O)NCC(C)C)C,BACE_1271,5.4317985,0,692.86462,3.691,162.52,4,6,10
O=C(NC(=[NH2+])N)Cn1c(ccc1-c1ccccc1)-c1ccccc1,BACE_157,5.4317985,0,319.3804,1.6648999,85.639999,0,1,5
O=C(N[C@H]([C@@H](O)C[C@H](C(=O)NCCCC)C)Cc1ccccc1)[C@H]1C[C@H](CCC1)C(NC(=O)C)(C)C,BACE_156,5.4317985,0,501.7012,3.7512,107.53,4,4,13
FC(F)(F)c1ccc(cc1)\C=C\C(=O)N[C@@H](Cc1ccc([N+](=O)[O-])cc1)C(=O)N[C@H]([C@@H](O)C[C@H](C(=O)NCC(C)C)C)CC(C)C,BACE_1272,5.421361,0,648.71289,5.7178001,150.67,4,4,17
Fc1ccc(F)cc1-c1cc(ccc1)[C@@]1(N=C(N)N(C)C1=O)c1ccncc1,BACE_1274,5.419075,0,378.37469,3.1443999,71.580002,0,3,3
O(C)c1cc(ccc1OC)C(=O)N[C@@H](Cc1ccc([N+](=O)[O-])cc1)C(=O)N[C@H]([C@@H](O)C[C@H](C(=O)NCC(C)C)C)CC(C)C,BACE_1273,5.419075,0,614.72961,4.3815999,169.13,4,6,17
O1CC2(N=C1N)c1cc(ccc1Oc1c2cc(OC)cc1)-c1ccncc1,BACE_1275,5.4089355,0,359.37799,3.0237,78.959999,0,5,2
S(CCC(NC(=O)C(NC(=O)C)C)C(=O)NC(C(O)CC(C(=O)NCCCC)C)CC(C)C)C,BACE_1276,5.3979402,0,502.71078,1.3081,161.92999,5,6,17
Fc1cc(cc(F)c1)CC(NC(=O)C)C(O)C[NH2+]C1(CC1)c1cc(ccc1)C1OCCOC1,BACE_1277,5.3979402,0,461.52139,2.0414,84.400002,3,4,9
S(=O)(=O)(C)c1ccc(cc1)-c1ccccc1C1C[NH2+]CC1C(=O)N1CCOCC1c1ccccc1,BACE_1278,5.3979402,0,491.6217,1.8142,88.669998,1,3,5
O=C(N1CCC(CC1)c1ccccc1)C1C[NH2+]CC12CCCc1c2cccc1,BACE_1279,5.3979402,0,375.5264,2.5156,36.919998,1,1,2
S1(=O)(=O)N(C2(CC([NH+](CC2)Cc2cc(OC(C)C)ccc2)C)CN1c1ccncc1)c1cc(F)ccc1,BACE_1280,5.3979402,0,525.65802,2.0653,75.559998,0,3,6
Fc1cc(cnc1)-c1cc(ccc1)C1(N=C(N)C2N1CCCC2)C,BACE_1281,5.3979402,0,324.3952,2.5699,54.509998,0,2,2
Clc1ccc(nc1)C(=O)Nc1cc2c(CCC23N=C(SC3)N)cc1,BACE_1282,5.3979402,0,358.84521,3.1747,105.67,1,4,2
O=C1N(C)C(=NC(C1)(C)C1CC1c1cc(ccc1)CCc1ccccc1)N,BACE_1283,5.3979402,0,361.48001,4.1171999,58.689999,0,2,5
Brc1cc2c(S(=O)(=O)CC[C@@H]2OC(=O)[C@@H]2[NH2+]C[C@]3(C2)c2c(NC3=O)cccc2)cc1,BACE_158,5.3979402,0,492.36292,0.84570003,114.53,2,4,3
s1c(ccc1C(C)C)C1([NH2+]CC(O)C(NC(=O)C)Cc2cc(F)cc(F)c2)CCCCC1,BACE_1284,5.3968558,0,465.61938,4.0155001,94.18,3,2,9
OC(C(NC(=O)C1CC(CCC1)C(NC(=O)C)(C)C)Cc1ccccc1)C[NH2+]Cc1cc(ccc1)C(C)C,BACE_1285,5.3767509,0,522.74182,3.4806001,95.040001,4,3,12
Brc1cc(ccc1O)CC1CS(=O)(=O)CC([NH2+]Cc2cc(Cl)cc(Cl)c2)C1O,BACE_1286,5.3767509,0,510.2493,2.8808999,99.589996,3,3,5
O(C)c1cc(ccc1)-c1cc(ccc1)CCC=1N=C(N)N(C)C(=O)C=1,BACE_1287,5.3767509,0,335.3996,3.9566,70.139999,1,3,5
O(Cc1ncccc1)c1ccc(cc1CNc1cccnc1N)-c1cc2[nH]ccc2cc1,BACE_159,5.3767509,0,421.49371,3.7945001,88.849998,3,3,7
Clc1cc(Cl)ccc1C(=O)N[C@@H](Cc1ccc([N+](=O)[O-])cc1)C(=O)N[C@H]([C@@H](O)C[C@H](C(=O)NCC(C)C)C)CC(C)C,BACE_1288,5.3726339,0,623.56781,5.7431998,150.67,4,4,15
Fc1cc(cc(F)c1)C[C@H](NC(=O)c1cc(cc(c1)C)C(=O)N(CCC)CCC)[C@@H](O)C[NH2+]Cc1cc(OC)ccc1,BACE_160,5.3665314,0,582.70111,4.4562001,95.480003,3,4,15
Brc1cc(ccc1O)CC1CS(=O)(=O)CC([NH2+]Cc2nccc(c2)C(C)C)C1O,BACE_1289,5.3665314,0,484.427,1.8108,112.48,3,4,6
s1cc(cc1C1([NH2+]CC(O)C(NC(=O)C)Cc2cc(F)cc(F)c2)CCCCC1)C#C,BACE_1290,5.3649187,0,447.5611,3.7306001,94.18,4,2,8
Fc1cc(cc(F)c1)CC(NC(=O)C)C(O)C[NH2+]C1(CCCCC1)c1onc(c1)C(C)(C)C,BACE_1291,5.3509574,0,464.56839,3.4068,91.970001,3,4,9
S(=O)(=O)(N(c1cc(ncc1)C(=O)NC(Cc1ccccc1)C(O)C[NH2+]Cc1cc(ccc1)C(F)(F)F)c1ccccc1)C,BACE_1292,5.3400836,0,613.67041,3.9674001,124.59,3,4,13
O(C)c1cc(ccc1)-c1cc(ccc1)[C@@H]1C[C@@H]1C=1N=C(N)N(C)C(=O)C=1,BACE_161,5.3372421,0,347.41031,3.8431001,70.139999,1,3,4
O=C(N[C@@H](Cc1ccccc1)C(=O)N[C@H]([C@@H](O)C[C@H](C(=O)NCC(C)C)C)CC(C)C)c1c2c(ccc1)cccc2,BACE_1293,5.3306832,0,559.73877,5.4284,107.53,4,4,14
Fc1cc(cc(F)c1)CC(NC(=O)C)C(O)C[NH2+]C1(CC[NH2+]CC1)c1cc(ccc1)C(C)(C)C,BACE_1294,5.3279023,0,475.61429,0.76389998,82.550003,4,2,9
Clc1ccccc1-c1cc2c(Oc3c(cc(OC)cc3)C23N=C(OC3)N)cc1,BACE_1295,5.3115802,0,392.83499,4.8386998,66.07,0,4,2
Fc1cc(cc(F)c1)CC(NC(=O)C)C(O)C[NH2+]C1(CC1)c1oc(cn1)C(C)(C)C,BACE_1296,5.309804,0,422.48871,2.4716001,91.970001,3,4,9
O1CC(NC(=O)c2cc(cc(c2)C(=O)N[C@@H](C\C=C\C1)c1ccccc1)C)C(O)C[NH2+]Cc1cc(ccc1)C(C)C,BACE_1297,5.309804,0,556.71503,3.4891,104.27,4,4,7
O=C1N(Cc2ccc(cc2)CNC(=O)NCCCC)C(NC1(CC1CCCCC1)C)=N,BACE_1298,5.3010302,0,427.58289,4.5493002,97.32,3,3,9
O=C1NC(CN1Cc1ccccc1)(Cc1ccccc1)C(=O)NC(Cc1ccccc1)C(O)C[NH2+]Cc1cc(N(C)C)ccc1,BACE_264,5.3009434,1,606.77698,4.3000002,101.52,4,3,14
FC(F)(F)Oc1ccc(cc1)-c1cc2c(Oc3c(cc(OC)cc3)C23N=C(OC3)N)cc1,BACE_1299,5.2958493,0,442.3873,6.2941999,75.300003,0,5,4
O=C(N(C)C1CCCCC1)CCc1cc2cc(ccc2nc1N)-c1ccccc1C,BACE_1301,5.2839966,0,401.54379,5.5794001,59.220001,1,2,5
n1c(cccc1N)Cn1c(ccc1-c1ccccc1)-c1ccccc1,BACE_1300,5.2839966,0,325.4064,5.1020002,43.84,1,1,4
O1c2ncccc2C([NH2+]CC(O)C(NC(=O)C)Cc2ccccc2)CC12CCC2,BACE_1302,5.2773662,0,396.50259,0.8387,88.059998,3,4,7
[NH+]=1[C@@](C=2N(CCCN=2)C=1N)(c1cc(ccc1)Cc1ccccc1)c1ccccc1,BACE_1303,5.2757239,0,381.4928,2.7993,55.59,0,1,4
O=C1N(CCC1)c1cc(ccc1)C(=O)NC(Cc1ccccc1)C(O)C[NH2+]C(C(=O)NC1CCCCC1)C,BACE_1304,5.2757239,0,521.6709,1.8169,115.35,4,4,11
S(=O)(=O)(N(C)c1cc2cc(c1)C(=O)NCCCCCOCC(NC2=O)C(O)C[NH2+]Cc1ccccc1)C,BACE_1305,5.2757239,0,533.66022,-0.37689999,150.03,4,5,7
O=C([O-])C(NC1=NC(Cc2c1ccc(c2)C)(C)C)Cc1ccccc1,BACE_1306,5.2668028,0,335.41949,3.4549,64.519997,0,1,5
S(=O)(=O)(Nc1cc(ccc1)C(=O)NC(Cc1ccccc1)C(O)C[NH2+]C(C(=O)NC1CCCCC1)C)Cc1ccccc1,BACE_1307,5.2596374,0,607.78333,2.7298,149.59,5,4,14
O(C)c1ccc([N+](=O)[O-])cc1CC(c1ccc(OC)cc1)c1nc([nH]c1)N,BACE_1308,5.2441254,0,368.38651,2.8359001,116.3,2,3,7
S(=O)(=O)(N(C)c1cc(cc(c1)CNC(=O)C([NH3+])(Cc1ccccc1)C)C(=O)NC(C)c1ccc(F)cc1)C,BACE_1309,5.2426038,0,541.65741,1.8343,131.60001,3,3,10
Fc1cc(cnc1)-c1cc2c(CC(CC23N=C(OC3)N)(C)C)cc1,BACE_1310,5.2335873,0,325.38,3.3770001,60.5,0,3,1
n1c2c(cc(cc2)-c2ccccc2C#CC(C)(C)C)ccc1N,BACE_265,5.2146702,1,300.39691,5.3207002,38.91,1,1,2
S1(=O)(=O)N(C2(CC([NH+](CC2)Cc2cc3c([nH]cc3)cc2)C)CN1C)c1cc(F)ccc1,BACE_1311,5.2146702,0,443.5574,0.70709997,69.230003,1,1,3
s1cccc1-c1cc(ccc1)C1CC1C1(N=C(N)N(C)C(=O)C1)C,BACE_1312,5.2146702,0,339.4545,2.9307001,86.93,0,2,3
Fc1cc(cc(F)c1)CC(NC(=O)C)C(O)C[NH2+]C1(CCCCC1)c1cc(ccc1)C#N,BACE_1313,5.2076082,0,442.52139,2.7565,89.730003,3,3,8
S1(=O)(=O)CC(Cc2cc(Cc3cc(ccc3)C)c(O)cc2)C(O)C([NH2+]Cc2cc(ccc2)C(C)C)C1,BACE_1314,5.2076082,0,508.69199,4.4587002,99.589996,3,3,8
Brc1cc(ccc1C#N)COC(=O)[C@@H]1[NH2+]C[C@]2(C1)c1c(NC2=O)cccc1,BACE_162,5.2034259,0,427.2713,1.2889,95.800003,2,4,5
O1c2c(cc(cc2)-c2ccncc2)C2(N=C(N)N(C)C2=O)CC1(C)C,BACE_1315,5.2027326,0,336.3877,1.597,80.809998,0,4,1
OC(C(NC(=O)c1cc(Nc2ccccc2)ccc1)Cc1ccccc1)C[NH2+]C(C(=O)NC1CCCCC1)C,BACE_1316,5.2006593,0,529.69287,3.7853,107.07,5,3,12
Clc1cc(ccc1)-c1cc(ccc1)C1(OCCC(=N1)N)C,BACE_1317,5.2006593,0,300.78271,3.1054001,47.610001,0,2,2
Clc1cc(ccc1)-c1cc(ccc1)[C@@]1(OCCC(=[NH+]1)N)C,BACE_163,5.2006593,0,301.79059,1.423,49.220001,0,1,2
S1(=O)(=O)N(C2(CC([NH+](CC2)Cc2ccc(NC(=O)C)cc2)C)CN1C)c1cc(F)ccc1,BACE_1318,5.19382,0,461.57269,0.049800001,82.540001,1,2,4
S(=O)(=O)(N(C)c1cc(cc(c1)C(=O)NC(C(O)CC(OC)COc1ccccc1)COc1cc(F)cc(F)c1)C(=O)NC(C)c1ccccc1)C,BACE_1319,5.1870866,0,725.79852,4.4777999,151.88,3,7,17
O(C)c1ccccc1C[NH2+]CC(O)C(NC(=O)c1c2cccnc2n(c1)C(=O)N(CCCC)C)Cc1ccccc1,BACE_1320,5.1870866,0,558.6911,3.4649999,113.3,3,5,13
O=C1N(C)C(=NC(=C1)CCc1cc(ccc1)-c1ccccc1)N,BACE_1321,5.1870866,0,305.37369,3.973,60.91,1,2,4
Brc1ccc(cc1C(C)(C)C)C1([NH2+]CC(O)C(NC(=O)C)Cc2cc(F)cc(F)c2)CCCCC1,BACE_1322,5.1611509,0,552.51428,5.0264001,65.940002,3,2,9
O=C(N[C@@H](Cc1ccccc1)C(=O)N[C@H]([C@@H](O)C[C@H](C(=O)NCC(C)C)C)CC(C)C)c1ccccc1,BACE_1323,5.1592669,0,509.68011,4.52,107.53,4,4,14
Clc1cc2nc(n(c2cc1)[C@H](CC(=O)NCC1CCCCC1)CC)N,BACE_165,5.154902,0,362.89691,4.3636999,72.940002,2,2,6
O=C1N(Cc2ccc(cc2)CNC(=O)Nc2ccc(cc2)C#N)C(N[C@@]1(CC(C)C)C)=N,BACE_164,5.154902,0,432.5181,3.957,121.11,3,4,7
O1CC2(N=C1N)c1cc(ccc1Oc1c2cc(OC)cc1)-c1ccccc1C,BACE_1324,5.1536627,0,372.4165,4.6605,66.07,0,4,2
O=C1N(CC(=NC1(C)c1cc(NC(=O)c2ncc(nc2)C)ccc1)N)C,BACE_1325,5.1500282,0,352.39041,-0.42609999,113.57,1,5,3
O(C)c1ccc(cc1)Cc1cc(ccc1)[C@]1([NH+]=C(N2C1=NCCC2)N)c1ccccc1,BACE_1326,5.1487417,0,411.5188,2.7829001,64.82,0,2,5
O1c2c(cc(cc2)-c2ccc(OC)cc2)C2(N=C(N)N(C)C2=O)CC1(C)C,BACE_1327,5.1428485,0,365.4256,2.7312,77.150002,0,4,2
Clc1cc2CC(N=C(NC(Cc3ccccc3)C=3NC(=O)c4c(N=3)cccc4)c2cc1)(C)C,BACE_1328,5.1408615,0,456.96661,5.5815001,70.139999,1,3,5
O1CC(N=C1N)(c1cc(ccc1)-c1cccnc1)c1ccc(OC)cc1,BACE_1329,5.1272612,0,345.3945,3.2934999,69.730003,0,4,4
s1cc(cc1)-c1cc(ccc1)C1CC1C1(N=C(N)N(C)C(=O)C1)C,BACE_1331,5.124939,0,339.4545,2.5021999,86.93,0,2,3
O(C)c1ccccc1-c1cc(ccc1)C1CC1C1(N=C(N)N(C)C(=O)C1)C,BACE_1330,5.124939,0,363.45279,3.1884,67.919998,0,3,4
Fc1cc(cc(F)c1)CC(NC(=O)C)C(O)C[NH2+]C1(CCCCC1)c1cc(-n2nccn2)ccc1,BACE_1332,5.1135092,0,484.5614,2.4544001,96.650002,3,4,9
O=C1N(C)C(=NC1(C1CCCCC1)c1cc(NC(=O)CCOC)ccc1)N,BACE_1333,5.1045775,0,372.4613,2.076,97.019997,1,4,6
O(C)c1ccc(cc1)[C@@]1([NH+]=C(N)CC1)c1cc(ccc1)-c1cncnc1,BACE_166,5.1023731,0,345.4176,0.74519998,75.0,0,3,4
S(=O)(=O)(Nc1cc(ccc1)C(=O)NC(Cc1ccccc1)C(O)C[NH2+]C(C(=O)NC1CCCCC1)C)c1ccccc1,BACE_1334,5.1023731,0,593.75671,2.7228999,149.59,5,4,13
O(C)c1ccc(cc1)C1(N=C(N)CC1)c1cc(ccc1)-c1cncnc1,BACE_1336,5.1023731,0,344.4097,2.4275999,73.389999,0,4,4
S1CC(=NC1(C)c1cc(ccc1)-c1cc(OC)ccc1)N,BACE_1335,5.1023731,0,298.40259,2.9210999,72.910004,0,3,3
O1c2cc(ccc2OC1)C(=O)N[C@@H](Cc1ccccc1)C(=O)N[C@H]([C@@H](O)C[C@H](C(=O)NCC(C)C)C)CC(C)C,BACE_1337,5.0931263,0,553.68958,4.2880998,125.99,4,6,14
S(=O)(=O)(N1C(C)=C(C(=O)N[C@H]([C@H](O)C[NH2+]C2CC2)Cc2ccccc2)[C@H](CCC)C(C(=O)NOCc2ccccc2)=C1C)C,BACE_1338,5.0915151,0,625.79858,2.7697001,150.03,4,5,15
Fc1ccc(cc1)Cc1cc(ccc1)C1([NH+]=C(N2C1=NCCC2)N)c1ccccc1,BACE_1339,5.0861859,0,399.48331,3.0048001,55.59,0,1,4
Fc1ccncc1-c1cc(ccc1)C1(N=C(OC1)N)c1ccc(OC)cc1,BACE_1340,5.0861859,0,363.38489,3.4990001,69.730003,0,4,4
O(CCC)c1cc(ccc1)-c1cc(ccc1)C1CC1C1(N=C(N)N(C)C(=O)C1)C,BACE_1341,5.0757208,0,391.50601,4.0609002,67.919998,0,3,6
O1c2c(cc(N3CCCCC3)cc2)C2(N=C(N)N(C)C2=O)CC1(C)C,BACE_1342,5.0624318,0,342.4353,2.3085999,71.160004,0,3,1
Clc1cc(cc(Cl)c1)CNC(=[NH2+])NC(=O)Cn1c2c(cccc2)cc1,BACE_1343,5.057992,0,376.2598,2.2262001,71.650002,1,1,6
Clc1cc2nc(n(c2cc1)[C@H](CC(=O)NC1C2CC3CC1CC(C2)C3)CC)N,BACE_167,5.0506101,0,400.94489,4.4322,72.940002,2,2,5
S1CC(N=C1N)(C)c1cc(NC(=O)c2ncccc2)ccc1,BACE_1344,5.0467238,0,312.3894,2.3282001,105.67,1,4,3
O(C(C)C)C(=O)CN1C(C)=C(C(=O)N[C@H]([C@H](O)C[NH2+]C2CC2)Cc2ccccc2)[C@@H](C)C(C(=O)NOCc2ccccc2)=C1C,BACE_1345,5.0457573,0,619.77087,3.2404001,133.81,4,6,16
[nH]1c2cc(ccc2cc1)-c1cc(ccc1)CNc1cccnc1N,BACE_168,5.0409584,0,314.3837,3.1629,66.730003,3,1,4
S(CC)c1cc(ccc1)-c1ccc(cc1)C1CC1C=1N=C(N)N(C)C(=O)C=1,BACE_1346,5.0409584,0,377.5025,4.7501001,86.209999,1,2,5
O=C1N(C)C(=NC(C1)(C)C1CC1c1cc(ccc1)-c1ccccc1)N,BACE_1348,5.031517,0,333.42679,3.2047999,58.689999,0,2,3
s1cc(nc1C1([NH2+]CC(O)C(NC(=O)C)Cc2cc(F)cc(F)c2)CC1)CC(C)(C)C,BACE_1349,5.0287242,0,452.5809,3.0646,107.07,3,3,10
S1(=O)(=O)NCC2(N1c1cc(F)ccc1)CC([NH+](CC2)Cc1cc(OCC)ccc1)C,BACE_1351,5.0222764,0,434.54739,1.0559,71.459999,1,2,5
Brc1sccc1CC(NC1=NC(Cc2c1ccc(Cl)c2)(C)C)C(=O)[O-],BACE_1352,5.0222764,0,440.76181,3.9158001,92.760002,0,1,5
S(=O)(=O)(N1C(C)=C(C(=O)N[C@H]([C@H](O)C[NH2+]C2CC2)Cc2ccccc2)[C@@H](CC)C(C(=O)NOCc2ccccc2)=C1C)C,BACE_1350,5.0222764,0,611.77197,2.3134999,150.03,4,5,14
S(=O)(=O)(N(C)c1cc(cc(c1)C(=O)NC(C(O)CC(C(=O)NC1CC1)C)COCc1cc(F)cc(F)c1)C(=O)NC(C)c1ccccc1)C,BACE_1361,5.0,0,700.79242,4.2992001,162.52,4,6,16
O1CCC(=NC1(C)c1cc(ccc1)-c1cc(OC)ccc1)N,BACE_1370,5.0,0,296.36359,2.4245999,56.84,0,3,3
O1CC(NC(=O)c2cc(cc(c2)C(=O)NCC\C=C\C1)C)C(O)C[NH2+]Cc1ccccc1,BACE_1369,5.0,0,438.53931,0.68269998,104.27,4,4,5
S1(=O)(=O)CC(Cc2cc(OC(C(F)(F)F)C(F)(F)F)c(N)c(F)c2)C(O)C([NH2+]CC2CC2OC(C)(C)C)C1,BACE_1368,5.0,0,581.56439,1.9023,123.84,3,4,11
S1(=O)(=O)CC(Cc2cc(OC(C(F)(F)F)C(F)(F)F)c(N)c(F)c2)C(O)C([NH3+])C1,BACE_1367,5.0,0,455.36819,0.76770002,125.64,3,3,6
S(=O)(=O)(N(C)c1cc2cc(c1)CCCC(OCCOC)c1cc(COCC(NC2=O)C(O)CC(C(C)C)C(=O)NCC(C)C)ccc1)C,BACE_1366,5.0,0,689.90222,3.8060999,151.88,3,7,13
S(=O)(=O)(N(C)c1cc2cc(c1)C(=O)NC(OCCOC)c1cc(COCC(NC2=O)C(O)CC(C(C)C)C(=O)NCC(C)C)ccc1)C,BACE_1365,5.0,0,690.84723,2.0167,180.98,4,8,13
S(=O)(=O)(N(C)c1cc2cc(c1)C(=O)NC(COCc1cc(ccc1)C(NC2=O)c1ccccc1)C(O)CC(C(C)C)C(=O)NC)C,BACE_1364,5.0,0,650.78491,2.4992001,162.52,4,6,8
S1(=O)CC(Cc2cc(OC(COC)C(F)(F)F)c(N)c(F)c2)C(O)C([NH2+]CCCOC(C)(C)C)C1,BACE_1371,5.0,0,529.60889,0.60210001,126.83,3,4,13
Fc1cc(cc(F)c1)CC(NC(=O)C)C(O)C[NH2+]C1(CCCCC1)c1cc(ccc1)C1CCCCC1,BACE_1362,5.0,0,499.65549,5.0688,65.940002,3,2,9
Fc1cc(cc(F)c1)CC(NC(=O)C)C(O)C[NH2+]C1(CCCCC1)c1ccccc1,BACE_1363,5.0,0,417.5119,2.8776,65.940002,3,2,8
S(=O)(=O)(N(C)c1cc(cc(c1)C(=O)NC(C(O)CC(OC)C[NH2+]Cc1ccccc1)COc1cc(F)cc(F)c1)C(=O)NC(C)c1ccccc1)C,BACE_1360,5.0,0,739.84833,2.8011999,159.25999,4,6,18
S(=O)(=O)(N(C)c1cc(cc(c1)C(=O)NC(C(O)CC(OC)COCc1ccc(F)cc1)COc1cc(F)cc(F)c1)C(=O)NC(C)c1ccccc1)C,BACE_1358,5.0,0,757.81561,4.5036998,151.88,3,7,18
S(=O)(=O)(N(C)c1cc(cc(c1)C(=O)NC(C(O)CC(OC)COC)COc1cc(F)cc(F)c1)C(=O)NC(C)c1ccccc1)C,BACE_1357,5.0,0,663.72919,2.7147,151.88,3,7,16
S(=O)(=O)(N(C)c1cc(cc(c1)C(=O)NC(C(O)CC(OC)CO)COc1cc(F)cc(F)c1)C(=O)NC(C)c1ccccc1)C,BACE_1356,5.0,0,649.70258,2.3062,162.88,4,7,15
FC(F)(F)C([NH2+]CC(O)C1NC(=O)c2cc(cc(NCCCCOc3cc(C1)ccc3)c2)COC)c1cc(ccc1)C(C)(C)C,BACE_1355,5.0,0,628.74469,5.8551002,96.43,4,4,9
Fc1cc(cc(F)c1)CC(NC(=O)C)C(O)C[NH2+]C1(CCC(CC1)CCO)c1cc(ccc1)C(C)(C)C,BACE_1354,5.0,0,517.67078,3.7602999,86.169998,4,3,11
Fc1cc(cc(F)c1)CC(NC(=O)C)C(O)C[NH2+]C1(CCC[NH2+]C1)c1cc(ccc1)C(C)(C)C,BACE_1353,5.0,0,475.61429,1.2815,82.550003,4,2,9
S(=O)(=O)(N(C)c1cc(cc(c1)C(=O)NC(C(O)CC(OC)COCc1cc(OC)ccc1)COc1cc(F)cc(F)c1)C(=O)NC(C)c1ccccc1)C,BACE_1359,5.0,0,769.85107,4.2817998,161.11,3,8,19
S(=O)(=O)(N(C)c1cc(cc(c1)C[NH2+]CC([NH3+])(Cc1ccccc1)CO)C(=O)NC(C)c1ccc(F)cc1)C,BACE_1372,4.9956784,0,544.68121,0.045000002,139.34,4,3,12
S(=O)(=O)(N(C)c1cc(cc(c1)COCC([NH3+])Cc1ccccc1)C(=O)NC(C)c1ccc(F)cc1)C,BACE_1373,4.9956784,0,514.63202,2.2251999,111.73,2,3,11
O(CC)c1cc(ccc1)-c1ccc(cc1)C1CC1C=1N=C(N)N(C)C(=O)C=1,BACE_1374,4.9913998,0,361.43689,4.1918998,70.139999,1,3,5
O1C[C@@]2(N=C1N)c1cc(ccc1Oc1c2cc(OC)cc1)-c1cncnc1,BACE_1375,4.9829664,0,360.366,2.3956001,91.849998,0,6,2
Clc1ccc(nc1)C(=O)Nc1cc2c(CCC23N=C(OC3)N)cc1,BACE_1376,4.9673815,0,342.7796,2.6164999,89.599998,1,4,2
S(=O)(=O)(N(C)c1cc(cc(c1)C(=O)NCC([NH3+])(Cc1ccccc1)CO)C(=O)NC(C)c1ccc(F)cc1)C,BACE_1377,4.9665761,0,557.6568,0.9461,151.83,4,4,11
S(=O)(=O)(N1C(C)=C(C(=O)N[C@H]([C@H](O)C[NH2+]C2CC2)Cc2ccccc2)[C@@H](C(C)C)C(C(=O)NOCc2ccccc2)=C1C)C,BACE_1378,4.9586072,0,625.79858,2.5653,150.03,4,5,14
O=C1N(C)C(=NC(=C1)C1CC1c1ccc(cc1)-c1cc(ccc1)CCC)N,BACE_1380,4.9586072,0,359.46411,5.2581,60.91,1,2,5
S1(=O)(=O)NCC2(N1c1cc(F)ccc1)CC([NH+](CC2)Cc1cc(OC2CCCC2)ccc1)C,BACE_1379,4.9586072,0,474.61121,2.1092,71.459999,1,2,5
S1(=O)(=O)NCC2(N1c1cc(F)ccc1)CC([NH+](CC2)Cc1cc(OCC(C)C)ccc1)C,BACE_1381,4.9507818,0,462.60049,1.8989,71.459999,1,2,6
O1CC(N=C1N)(c1cc(ccc1)-c1cncnc1)c1ccc(OC)cc1,BACE_1382,4.9430952,0,346.38251,2.6654,82.620003,0,5,4
Clc1cc(cnc1)-c1cc(ccc1)[C@@]12N=C(O[C@@H]1CCCC2)N,BACE_169,4.9281178,0,327.80801,3.7929001,60.5,0,3,2
O=C1N(C)C(=NC(C1)(C)C1CC1c1cc(ccc1)-c1cccnc1)N,BACE_1383,4.9281178,0,334.41489,2.0541999,71.580002,0,3,3
O=C1Nc2c(cccc2)[C@]12C[C@@H]([NH2+]C2)C(OCc1ccc(cc1)C#N)=O,BACE_170,4.91364,0,348.37521,0.54049999,95.800003,2,4,5
O(C)c1nc(cnc1)-c1ccc(cc1)C1CC1C=1N=C(N)N(C)C(=O)C=1,BACE_1384,4.8996296,0,349.38651,2.5122001,95.919998,1,5,4
S(Oc1cc(ccc1)C(=O)NC(Cc1ccccc1)C(O)C[NH2+]C(C(=O)NC1CCCCC1)C)(=O)(=O)Cc1ccccc1,BACE_1385,4.8860564,0,608.76813,3.3771,146.78999,4,4,14
n1cc(ccc1)-c1cc(ccc1)C1(N=C(C)C(=N1)N)C,BACE_1386,4.8860564,0,264.32501,1.3024,63.630001,0,3,2
Clc1cc(cc(F)c1)-c1cc(ccc1)C12N=C(OC1COCC2)N,BACE_1387,4.8827286,0,346.7832,3.5257001,56.84,0,3,2
O(CCC)c1cc(ccc1)-c1ccc(cc1)C1CC1C=1N=C(N)N(C)C(=O)C=1,BACE_1388,4.8538718,0,375.4635,4.7156,70.139999,1,3,6
s1cccc1-c1ccc(cc1)C1CC1C=1N=C(N)N(C)C(=O)C=1,BACE_1389,4.850781,0,323.41211,3.5854001,89.150002,1,2,3
O=C(NCC1CCCCC1)CCc1cc2c(nc1N)cccc2,BACE_266,4.8477116,1,311.4213,3.6993999,68.010002,2,2,5
O(C)c1cc(ccc1)-c1ccc(cc1)C1CC1C=1N=C(N)N(C)C(=O)C=1,BACE_1390,4.8446641,0,347.41031,3.8431001,70.139999,1,3,4
S(C)c1cc(ccc1)-c1ccc(cc1)C1CC1C=1N=C(N)N(C)C(=O)C=1,BACE_1392,4.8268137,0,363.47589,4.4013,86.209999,1,2,4
S(=O)(=O)(N1C(C)=C(C(=O)N[C@H]([C@H](O)C[NH2+]C2CC2)Cc2ccccc2)[C@@H](C)C(C(=O)NOCc2ccccc2)=C1C)C,BACE_1391,4.8268137,0,597.74542,1.8573,150.03,4,5,13
O(C(=O)CN1C(C)=C(C(=O)N[C@H]([C@H](O)C[NH2+]C2CC2)Cc2ccccc2)[C@H](C)C(C(=O)NOCc2ccccc2)=C1C)C,BACE_1393,4.8181562,0,591.71771,2.5141001,133.81,4,6,15
O(C(=O)CN1C(C)=C(C(=O)N[C@H]([C@H](O)C[NH2+]C2CC2)Cc2ccccc2)[C@@H](C)C(C(=O)NOCc2ccccc2)=C1C)CC,BACE_1394,4.8096681,0,605.74432,2.8629,133.81,4,6,16
O=C(N[C@@H](Cc1ccccc1)C(=O)N[C@H]([C@@H](O)C[C@H](C(=O)NCC(C)C)C)CC(C)C)c1ccc([N+](=O)[O-])cc1,BACE_1395,4.8032713,0,554.67767,4.4144001,150.67,4,4,15
Fc1cc(cnc1)-c1cc(ccc1)C1(N=C(N)[C@@H]2N1CCCC2)C,BACE_1396,4.7958798,0,324.3952,2.5699,54.509998,0,2,2
O(C(=O)C=1[C@@H](C)C(=CN(CC(OC(C)C)=O)C=1C)C(=O)N[C@H]([C@H](O)C[NH2+]C1CC1)Cc1ccccc1)Cc1ccccc1,BACE_1398,4.7931743,0,590.72968,3.5281,121.78,3,6,16
S(=O)(=O)(N1C(C)=C(C(=O)N[C@H](C)c2ccccc2)[C@@H](C)C(C(=O)N[C@H]([C@H](O)C[NH2+]C2CC2)Cc2ccccc2)=C1C)C,BACE_1397,4.7931743,0,595.77258,2.3889,140.8,4,4,12
S(=O)(=O)(N1C(C)=C(C(=O)N[C@H](C)c2ccccc2)[C@@H](CC)C(C(=O)N[C@H]([C@H](O)C[NH2+]C2CC2)Cc2ccccc2)=C1C)C,BACE_1399,4.7904849,0,609.79919,2.8450999,140.8,4,4,13
S(=O)(=O)(N(C)c1cc(cc(-n2nnc(c2)C([NH3+])(Cc2ccccc2)C)c1)C(=O)NC(C)c1ccc(F)cc1)C,BACE_1400,4.7878122,0,551.65552,2.5664001,133.21001,2,4,9
O=C1N(C)C(=NC(C1)(C)C1CC1c1cc(ccc1)-c1cc(NC(=O)C)ccc1)N,BACE_1401,4.779892,0,390.47809,2.3252001,87.790001,1,3,4
O=C1N(C)C(=NC(=C1)[C@H]1C[C@H]1c1ccc(cc1)-c1cc(ccc1)C)N,BACE_171,4.767004,0,331.41089,4.3456998,60.91,1,2,3
O=C1N(C)C(N[C@](C1)(C)[C@@H]1C[C@H]1c1ccccc1)=N,BACE_172,4.7447276,0,257.3309,1.6864001,56.189999,1,2,2
n1cc(cnc1)-c1cc(ccc1)C1(N=C(C(C)C)C(=N1)N)c1ccccc1,BACE_1402,4.7447276,0,355.43561,3.4266,76.519997,0,4,4
O=C1N(C)C(=NC(C1)(C)C1CC1c1ccccc1)N,BACE_1403,4.7447276,0,257.3309,1.6864001,58.689999,0,2,2
S(=O)(=O)(N(C)c1cc(cc(c1)CNC(=O)C([NH3+])(Cc1ccccc1)CO)C(=O)NC(C)c1ccc(F)cc1)C,BACE_1404,4.7423215,0,557.6568,0.9461,151.83,4,4,11
Brc1ccccc1C1C[NH2+]CC1C(=O)N1CCC(CC1)c1ccccc1,BACE_1405,4.7212462,0,414.35861,2.4195001,36.919998,1,1,3
O=C(N1CCC(CC1)c1ccccc1)C1C[NH2+]CC1c1ccccc1,BACE_1406,4.7212462,0,335.46259,1.6711,36.919998,1,1,3
FC(F)(F)c1ccc(cc1)\C=C\C(=O)N[C@@H](Cc1ccccc1)C(=O)N[C@H]([C@@H](O)C[C@H](C(=O)NCC(C)C)C)CC(C)C,BACE_1407,4.7090755,0,603.71539,5.8234,107.53,4,4,16
Brc1cc(ccc1)CCC=1N=C(N)N(C)C(=O)C=1,BACE_1408,4.7033348,0,308.1738,3.2030001,60.91,1,2,3
O(C)c1cc(ccc1)-c1cc(ccc1)C1(N=C(N)CN1C(=O)C)C,BACE_1409,4.6989698,0,323.38889,1.7056,67.919998,0,3,3
O(C)c1cc(ccc1)[C@]1([NH+]=C(N2C1=NCCC2)N)c1ccccc1,BACE_1410,4.6925039,0,321.39621,0.80830002,64.82,0,2,3
O=C1N(C)C(=NC(=C1)C1CC1c1ccc(cc1)-c1cc(ccc1)CC#N)N,BACE_1411,4.6861329,0,356.42041,3.7732,84.699997,1,3,4
O=C1N(C)C(=NC(C1)(C)C1CC1c1cc(ccc1)-c1cc(ccc1)CO)N,BACE_1412,4.6819367,0,363.45279,2.6003001,78.919998,1,3,4
S1(=O)(=O)NCC2(N1c1cc(F)ccc1)CC([NH+](CC2)Cc1ccccc1)C,BACE_1413,4.6798539,0,390.49481,0.72350001,62.23,1,1,3
S(=O)(=O)(N1C(C)=C(C(=O)N[C@H]([C@H](O)C[NH2+]C2CC2)Cc2ccccc2)[C@@H](C(C(=O)NOCc2ccccc2)=C1C)c1ccccc1)C,BACE_1414,4.6695862,0,659.81482,2.8894999,150.03,4,5,14
FC(F)(F)c1cc(ccc1)C1([NH+]=C(N2C1=NCCC2)N)c1ccccc1,BACE_1415,4.6595559,0,359.36819,1.767,55.59,0,1,3
S(=O)(=O)(N(C)c1cc(cc(c1)COCC([NH3+])(Cc1ccccc1)CC)C(=O)NC(C)c1ccc(F)cc1)C,BACE_1416,4.6575775,0,542.68518,2.9539001,111.73,2,3,12
S(=O)(=O)(N(C)c1cc(cc(c1)C(OCC(O)(Cc1ccccc1)C[NH3+])=O)C(=O)NC(C)c1ccc(F)cc1)C,BACE_1417,4.6536469,0,558.64148,1.5934,149.03,3,5,12
S(=O)(=O)(N(C)c1cc(cc(c1)C(=O)NC(C)c1ccc(F)cc1)CCCC([NH3+])(Cc1ccccc1)CO)C,BACE_1418,4.6497521,0,542.68518,2.9065001,122.73,3,3,12
Brc1cc2c(SCC[C@@H]2OC(=O)[C@@H]2[NH2+]C[C@]3(C2)c2c(NC3=O)cccc2)cc1,BACE_173,4.6458917,0,460.36411,1.8615,97.309998,2,3,3
S1(=O)(=O)NCC2(N1c1cc(F)ccc1)CC([NH+](CC2)Cc1cc(OCCC)ccc1)C,BACE_1419,4.6363878,0,448.57391,1.5796,71.459999,1,2,6
O(C)c1cc(ccc1)C[NH2+]C[C@@H](O)[C@@H](NC(=O)C=1[C@H](CCC)C(C(=O)C)=C(N(CC(OC(C)C)=O)C=1C)C)Cc1ccccc1,BACE_1420,4.6345119,0,620.79871,3.171,121.78,3,6,17
O=C1N(C)C(=NC(=C1)C1CC1c1ccc(cc1)-c1cc(ccc1)CC)N,BACE_1421,4.6345119,0,345.4375,4.8018999,60.91,1,2,4
O(C)c1ccc(cc1)-c1cc(ccc1)C1CC1C1(N=C(N)N(C)C(=O)C1)C,BACE_1422,4.6326442,0,363.45279,3.1884,67.919998,0,3,4
S(=O)(=O)(Nc1cc(Nc2ncnc(c2)-c2ccccc2)ccc1C)C,BACE_174,4.6197886,0,354.42609,3.4874001,92.360001,2,3,5
O=C1N(C)C(=NC(=C1)C1CC1c1ccc(cc1)-c1cc(ccc1)COC)N,BACE_1423,4.6143937,0,361.43689,3.6635001,70.139999,1,3,5
O=C1N(C)C(=NC(=C1)C1CC1c1ccc(cc1)-c1cc(ccc1)CCO)N,BACE_1424,4.6108341,0,361.43689,3.5762,81.139999,2,3,5
O(C(=O)C1=CN(C=C(C(=O)N[C@H]([C@H](O)C[NH2+]C2CC2)Cc2ccccc2)[C@@H]1CCC)CC(OC(C)C)=O)C(C)(C)C,BACE_1425,4.6090651,0,570.73999,3.2746,121.78,3,6,17
S(=O)(=O)(N(C)c1cc(cc(c1)C(=O)NCC(O)(Cc1ccccc1)CO)C(=O)NC(C)c1ccc(F)cc1)C,BACE_1426,4.6038008,0,557.63361,2.2405,144.42,4,5,11
s1cc(nc1N)C1(CCCC1)c1ccc(OC)cc1,BACE_1427,4.6020598,0,274.3812,3.2837999,76.379997,1,2,3
O(C)c1cc(ccc1)-c1cc(ccc1)CCc1nc(N)ccc1,BACE_175,4.6020598,0,304.38559,4.4145002,48.139999,1,2,5
O(C(=O)[C@@H]1[NH2+]C[C@]2(C1)c1c(NC2=O)cccc1)C1(CCCCC1)C#N,BACE_176,4.5951662,0,340.3963,0.73659998,95.800003,2,4,2
O=C1N(C)C(=NC(=C1)C1CC1c1ccc(cc1)-c1ccccc1)N,BACE_1428,4.5917602,0,317.3844,3.8594999,60.91,1,2,3
Clc1cc2nc(n(c2cc1)CCCC(=O)N(C)C1CCCCC1)N,BACE_177,4.5850267,0,348.8703,3.6591001,64.150002,1,2,5
O(C)c1cc(ccc1)C[NH2+]C[C@@H](O)[C@@H](NC(=O)C1=CN(CC(OC(C)C)=O)C(C)=C(C(=O)C)[C@H]1C)Cc1ccccc1,BACE_1429,4.5833597,0,578.71899,1.7449,121.78,3,6,15
Fc1cc(NC[C@@H](O)[C@@H](NC(=O)C=2[C@H](C)C(C(=O)C)=C(N(CC(OC(C)C)=O)C=2C)C)Cc2ccccc2)ccc1,BACE_1430,4.5783958,0,565.67548,3.9821999,107.97,3,5,13
Clc1cc(cc(F)c1)-c1cc(ccc1)C12N=C(OC1CCCC2)N,BACE_1432,4.5751185,0,344.81039,5.1490002,47.610001,0,2,2
O(C)c1cc(NC[C@@H](O)[C@@H](NC(=O)C=2[C@H](CCC)C(C(=O)C)=C(N(CC(OC(C)C)=O)C=2C)C)Cc2ccccc2)ccc1,BACE_1431,4.5751185,0,605.76422,4.6726999,117.2,3,6,16
O(C(=O)C=1[C@@H](C)C(C(=O)N[C@H]([C@H](O)C[NH2+]C2CC2)Cc2ccccc2)=C(N(CCCOC(=O)C)C=1C)C)Cc1ccccc1,BACE_1433,4.5702477,0,604.75623,3.5105,121.78,3,6,17
Fc1cc(NC[C@@H](O)[C@@H](NC(=O)C=2[C@H](CCC)C(C(=O)C)=C(N(CC(OC(C)C)=O)C=2C)C)Cc2ccccc2)ccc1,BACE_1434,4.5670309,0,593.7287,4.8945999,107.97,3,5,15
O=C([O-])C(NC1=NC(Cc2c1cccc2)(C)C)Cc1ccccc1,BACE_1435,4.5654311,0,321.39291,2.9686999,64.519997,0,1,5
O=C([O-])[C@@H](\[NH+]=C\1/NC(Cc2c/1cccc2)(C)C)Cc1ccccc1,BACE_178,4.5654311,0,322.40091,1.2862999,66.129997,1,0,4
Fc1ccc(nc1)C(=O)Nc1cc(ccc1)C12N=C(OC1COCC2)N,BACE_1436,4.5638375,0,356.35101,1.4055001,98.830002,1,5,3
O(C(=O)C=1[C@@H](C)C(C(=O)N[C@H]([C@H](O)C[NH2+]C2CC2)Cc2ccccc2)=C(N(CC(=O)N(C(C)C)C)C=1C)C)Cc1ccccc1,BACE_1437,4.5497508,0,617.7981,3.6004,115.79,3,5,15
O1CCN(CC1)C(=O)CN1C(C)=C(C(=O)N[C@H]([C@H](O)C[NH2+]C2CC2)Cc2ccccc2)[C@H](C)C(C(OCc2ccccc2)=O)=C1C,BACE_1438,4.5466819,0,631.78162,2.5618,125.02,3,6,14
O(C(C)C)C(=O)CN1C(C)=C(C(=O)C)[C@@H](C)C(C(=O)N[C@H]([C@H](O)C[NH2+]C2CC2)Cc2ccccc2)=C1C,BACE_1439,4.5331326,0,512.66089,2.1932001,112.55,3,5,13
Fc1cc(NC[C@@H](O)[C@@H](NC(=O)C2=CN(CC(OC(C)C)=O)C(C)=C(C(=O)C)[C@H]2C)Cc2ccccc2)ccc1,BACE_1440,4.5331326,0,551.64893,3.4684999,107.97,3,5,13
Brc1ccc(cc1)COC(=O)C1[NH2+]CC2(C1)c1c(NC2=O)cccc1,BACE_1441,4.5301781,0,402.26181,1.41,72.010002,2,3,4
O(C(C)C)C(=O)CN1C=C(C(=O)N[C@H](C)c2ccccc2)[C@@H](CCC)C(=C1)C(=O)N[C@H]([C@H](O)C[NH2+]C1CC1)Cc1ccccc1,BACE_1442,4.5287085,0,617.7981,3.6570001,124.58,4,5,17
s1c(nnc1C([NH3+])(Cc1ccccc1)C)-c1cc(cc(N(S(=O)(=O)C)C)c1)C(=O)NC(C)c1ccc(F)cc1,BACE_1443,4.5243287,0,568.70581,2.8250999,156.52,2,4,9
Clc1ccc(nc1)C(=O)Nc1cc([C@@]2(N=C(N)C(=O)N(C2)C)C)c(F)cc1,BACE_1447,4.5228786,0,389.81131,1.5252,100.68,1,4,3
s1cccc1C1([NH2+]CC(O)C(NC(=O)C)Cc2cc(F)cc(F)c2)CCCCC1,BACE_1444,4.5228786,0,423.5397,2.6034999,94.18,3,2,8
Clc1ccc(nc1)C(=O)Nc1cc(ccc1)[C@@]1(N=C(N)CN(C)C1=O)C,BACE_1445,4.5228786,0,371.8208,1.1063,100.68,1,4,3
Clc1ccc(nc1)C(=O)Nc1cc(ccc1)[C@@]1(N=C(N)C(=O)N(C1)C)C,BACE_1446,4.5228786,0,371.8208,1.3197,100.68,1,4,3
[NH+]=1[C@@](C=2N(CCCN=2)C=1N)(c1cc(ccc1)C(C)(C)C)c1ccccc1,BACE_1448,4.5199928,0,347.47659,2.2251,55.59,0,1,3
O(C)c1cc(NC[C@@H](O)[C@@H](NC(=O)C2=CN(C=C(C(OC(C)(C)C)=O)[C@H]2CCC)CC(OC(C)C)=O)Cc2ccccc2)ccc1,BACE_1449,4.5171266,0,635.79022,4.8417001,126.43,3,7,18
O(C)c1cc(NC[C@@H](O)[C@@H](NC(=O)C2=CN(C=C(C(=O)N[C@H](C)c3ccccc3)[C@H]2CCC)CC(OC(C)C)=O)Cc2ccccc2)ccc1,BACE_1450,4.5058455,0,682.84821,5.2241001,129.23,4,6,18
O(C(=O)C1=CN(C=C(C(=O)N[C@H]([C@H](O)C[NH2+]C2CC2)Cc2ccccc2)[C@@H]1C)CC(OC(C)C)=O)C(C)(C)C,BACE_1451,4.4962091,0,542.68689,2.3622,121.78,3,6,15
s1cc(nc1N)C(Cc1ccccc1)c1ccc(OC)cc1,BACE_1452,4.4948502,0,310.4133,3.8145001,76.379997,1,2,5
O(C(C)C)C(=O)CN1C=C(C(=O)N[C@H](C)c2ccccc2)[C@@H](C)C(=C1)C(=O)N[C@H]([C@H](O)C[NH2+]C1CC1)Cc1ccccc1,BACE_1453,4.4841261,0,589.74487,2.7446001,124.58,4,5,15
O(C(C)C)C(=O)CN1C(C)=C(C(=O)C)[C@@H](CCC)C(C(=O)N[C@H]([C@H](O)C[NH2+]C2CC2)Cc2ccccc2)=C1C,BACE_1454,4.4801722,0,540.71399,3.1056001,112.55,3,5,15
O1C2CCCCC2(N=C1N)c1cc(ccc1)-c1cc(ccc1)C#N,BACE_1455,4.4685211,0,317.3844,4.158,71.400002,0,3,2
O(CC1CC1)c1cc(ccc1)-c1ccc(cc1)C1CC1C=1N=C(N)N(C)C(=O)C=1,BACE_1456,4.4672456,0,387.47421,5.6753001,70.139999,1,3,6
O(C)c1cc(ccc1)C([NH2+]CC(O)C(NC(=O)c1cc(N2CCCC2=O)c2c(n(cc2)CC)c1)Cc1ccccc1)(C)C,BACE_1457,4.4559321,0,583.7403,3.1849,100.41,3,4,12
O1C2CCCCC2(N=C1N)c1cc(ccc1)-c1cncnc1,BACE_1458,4.4522252,0,294.35101,2.5004001,73.389999,0,4,2
Brc1cc2c(OC(C[C@@]23N=C(N)N(C)C3=O)(C)C)cc1,BACE_179,4.4337983,0,338.19971,1.9776,67.919998,0,3,0
O1C2COCCC2(N=C1N)c1cc(ccc1)-c1cc(OC)ccc1,BACE_1459,4.4306259,0,324.37369,2.6394,66.07,0,4,3
[NH+]=1C(C=2N(CCCN=2)C=1N)(c1ccccc1)c1ccccc1,BACE_180,4.4202166,0,291.3703,0.8247,55.59,0,1,2
Clc1ccc(cc1)C1(CCCC1)c1nc(sc1)N,BACE_1460,4.4202166,0,278.80029,3.9646001,67.150002,1,1,2
O(C)c1cc(ccc1)C[NH2+]CC(O)C(NC(=O)c1c2c(n(c1)CCCC)cccc2)Cc1ccccc1,BACE_1461,4.4202166,0,500.6517,4.0005999,80.099998,3,3,13
O1C2CCCCC2(N=C1N)c1cc(ccc1)-c1cc(OC)ccc1,BACE_1462,4.4202166,0,322.40091,4.2627001,56.84,0,3,3
O1C2COCCC2(N=C1N)c1cc(NC(=O)c2nc(oc2)C)ccc1,BACE_1463,4.4179368,0,342.34921,0.32640001,111.97,1,6,3
O=C(N(C)C1CCCCC1)CCc1cc2c(nc1N)cccc2,BACE_267,4.415669,1,311.4213,3.5748,59.220001,1,2,4
s1cc(cc1)-c1cc2c(nc(N)cc2)cc1,BACE_268,4.4111681,1,226.29691,2.6273,67.150002,1,1,1
O(C(=O)C=1[C@H](C)C(C(=O)N[C@H]([C@H](O)C[NH2+]C2CC2)Cc2ccccc2)=C(N(CC(=O)N(C)C)C=1C)C)Cc1ccccc1,BACE_1464,4.4078231,0,589.74487,2.8741,115.79,3,5,14
O=C1N(C)C(=NC(=C1)C1CC1c1ccc(cc1)-c1ccccc1C)N,BACE_1465,4.4045038,0,331.41089,4.3456998,60.91,1,2,3
O(C)c1cc(cnc1)-c1cc(ccc1)CNc1cccnc1N,BACE_181,4.3979402,0,306.36169,2.2182,73.059998,2,3,5
S(=O)(=O)(N(Cc1ccccc1)C)c1cc(ccc1)C(=O)NC(Cc1ccccc1)C(O)C[NH2+]C(C(=O)NC1CCCCC1)C,BACE_1466,4.3872161,0,621.80988,2.9356999,140.8,4,4,14
S1CC[C@@](N=C1N)(C)c1ccc(OC)cc1,BACE_182,4.3851027,0,236.33321,2.3116,72.910004,0,3,2
Clc1ccc(nc1)C(=O)Nc1cc(ccc1)C12N=C(SCCC1C2)N,BACE_1467,4.3851027,0,372.8718,3.194,105.67,1,4,3
O=C1N(C)C(=N[C@@](C1)(CCc1ccccc1)C)N,BACE_183,4.3829994,0,245.32021,1.9431,58.689999,0,2,3
Fc1cc(cc(F)c1)CC(NC(=O)C)C(O)C[NH2+]C1(CC1)c1occ(n1)C(C)(C)C,BACE_1468,4.3677454,0,422.48871,2.4716001,91.970001,3,4,9
S(=O)(=O)(Cc1cc(ccc1)C(=O)NC(Cc1ccccc1)C(O)C[NH2+]C(C(=O)NC1CCCCC1)C)c1ccccc1,BACE_1469,4.3565474,0,592.76868,3.3447001,137.56,4,4,13
O(C)c1ccc(cc1C)[C@]1(N=C(N)N(C)C1=O)C12CC3CC(C1)CC(C2)C3,BACE_1470,4.3467875,0,367.48459,3.7265999,67.919998,0,3,3
Clc1cc(cnc1)-c1cc(ccc1)C12N=C(OC1COCC2)N,BACE_1471,4.3391347,0,329.78079,2.1696,69.730003,0,4,2
O1C2COCCC2(N=C1N)c1cc(ccc1)-c1cc(ccc1)C#N,BACE_1472,4.3334818,0,319.35721,2.5346999,80.629997,0,4,2
s1cc(cc1)-c1ccc(cc1)C1CC1C=1N=C(N)N(C)C(=O)C=1,BACE_1473,4.3325472,0,323.41211,3.1568999,89.150002,1,2,3
Fc1ncccc1-c1cc(ccc1)C12N=C(OC1CCCC2)N,BACE_1474,4.3306832,0,311.35339,3.7179999,60.5,0,3,2
Brc1ccccc1C1C[NH2+]CC1C(=O)N1CCOCC1c1ccccc1,BACE_1475,4.3279023,0,416.33151,1.5182,46.150002,1,2,3
S(=O)(=O)(Cc1ccccc1)c1cc(ccc1)C(=O)NC(Cc1ccccc1)C(O)C[NH2+]C(C(=O)NC1CCCCC1)C,BACE_1477,4.3010302,0,592.76868,3.3447001,137.56,4,4,13
O=C1N(Cc2ccc(cc2)CNC(=O)NCCCC)C(NC1(CCc1ccccc1)CC(C)C)=N,BACE_1476,4.3010302,0,477.6416,5.5644002,97.32,3,3,12
s1cc(cc1-c1ccc(cc1)C1CC1C=1N=C(N)N(C)C(=O)C=1)C,BACE_1478,4.294992,0,337.43869,4.0716,89.150002,1,2,3
O(C)c1nc(ccc1)-c1ccc(cc1)C1CC1C=1N=C(N)N(C)C(=O)C=1,BACE_1479,4.273273,0,348.39841,3.6628001,83.029999,1,4,4
O(C(C)C)c1cc(ccc1)-c1ccc(cc1)C1CC1C=1N=C(N)N(C)C(=O)C=1,BACE_1481,4.2676063,0,375.4635,4.5693998,70.139999,1,3,5
Clc1cc2nc(n(c2cc1)C(CC(C)C)CC(=O)NCc1cc(F)ccc1)N,BACE_1480,4.2676063,0,402.89291,4.6718998,72.940002,2,2,7
Brc1ccccc1C1C[NH2+]CC1C(=O)N1CCCCC1c1ccccc1,BACE_1482,4.2441254,0,414.35861,2.7477,36.919998,1,1,3
Clc1cc2nc(n(c2cc1)CCCC(=O)N(CC1CCCCC1)C)N,BACE_1483,4.2291479,0,362.89691,3.9895999,64.150002,1,2,6
o1cccc1-c1ccc(cc1)C1CC1C=1N=C(N)N(C)C(=O)C=1,BACE_1484,4.2291479,0,307.3465,3.0272,74.050003,1,3,3
O=C1N(C)C(=NC(=C1)C1CC1c1ccc(cc1)-c1cc(ccc1)C(=O)N)N,BACE_1485,4.2225733,0,360.40909,2.8303001,104.0,2,3,4
Brc1cc(ccc1O)CC1CS(=O)(=O)CC([NH2+]Cc2ccccc2)C1O,BACE_1486,4.1804562,0,441.35919,1.5520999,99.589996,3,3,5
O=C1N(C)C(=NC(=C1)C1CC1c1ccc(cc1)-c1cc(NC(=O)C)ccc1)N,BACE_1487,4.154902,0,374.4357,2.9798999,90.010002,2,3,4
S(=O)(=O)(N(C)c1cc(cc(OCCC([NH3+])(Cc2ccccc2)CO)c1)C(=O)NC(C)c1ccc(F)cc1)C,BACE_1488,4.1518106,0,544.65802,1.784,131.96001,3,4,12
Clc1cc2nc(n(c2cc1)C(CC(=O)NCc1ccccc1)CC)N,BACE_1489,4.1426673,0,356.84921,3.7584,72.940002,2,2,6
Clc1cc2CC(N=C(NC(Cc3ccccc3)c3nc4occc4cn3)c2cc1)(C)C,BACE_1490,4.1325326,0,430.92929,5.0834999,63.310001,0,4,5
Clc1cc(C[NH+]2CCC(NC(=O)COc3ccc(S(=O)(=O)N)cc3C)CC2)c(OC(C)C)c(OC)c1,BACE_269,4.1307683,1,541.0799,1.5249,129.77,2,5,10
Clc1cc2nc(n(c2cc1)C(CC(=O)NC(C(OC)=O)COC(C)(C)C)CC)N,BACE_1491,4.124939,0,424.92169,2.8178,108.47,2,5,10
O=C1N(Cc2ccc(cc2)CNC(=O)NCCCC)C(N[C@@]1(CC(C)C)C)=N,BACE_184,4.1079054,0,387.51901,3.5523,97.32,3,3,9
Clc1cc2nc(n(c2cc1)CCCC(=O)NCC1CCCCC1)N,BACE_1492,4.0809221,0,348.8703,3.7837,72.940002,2,2,6
O(C(=O)C1[NH2+]CC2(C1)c1c(NC2=O)cccc1)C1CCN(CC1)C(=O)C,BACE_1493,4.0772743,0,358.41159,-1.5515,92.32,2,4,3
O=C1Nc2c(cccc2)[C@]12C[C@@H]([NH2+]C2)C(OCc1ccccc1)=O,BACE_185,4.067019,0,323.36581,0.66159999,72.010002,2,3,4
Clc1cc2nc(n(c2cc1)C(CC(=O)NC(C(=O)[O-])COC(C)(C)C)CC)N,BACE_1494,4.0604806,0,409.88708,1.8890001,122.3,2,3,9
[nH]1c2cc(ccc2cc1)CCc1nc(N)ccc1,BACE_186,4.0268722,0,237.2997,2.6902001,54.700001,2,1,3
Clc1cc2nc(n(c2cc1)C(CC(=O)NCCC(C)(C)C)CC)N,BACE_1495,4.0222764,0,350.8862,3.9616001,72.940002,2,2,7
O1[C@@H]2COCC[C@@]2(N=C1N)c1cc(ccc1)-c1cncnc1,BACE_187,4.0030508,0,296.32379,0.87709999,82.620003,0,5,2
S1(=O)(=O)NCC2(N1c1cc(F)ccc1)CC([NH+](CC2)Cc1cc(OC)ccc1)C,BACE_1496,4.0030508,0,420.52081,0.70709997,71.459999,1,2,4
S(=O)(=O)(N(C)c1cc(cc(c1)C(OCC([NH2+]C)(Cc1ccccc1)CO)=O)C(=O)NC(C)c1ccc(F)cc1)C,BACE_1497,4.0,0,572.66809,1.7993,138.0,3,5,13
S(=O)(=O)(N(C)c1cc(cc(NCCC([NH3+])(Cc2ccccc2)CO)c1)C(=O)NC(C)c1ccc(F)cc1)C,BACE_1498,4.0,0,543.67322,1.6091,134.75999,4,3,12
S(CCC([NH3+])(Cc1ccccc1)CO)c1cc(cc(N(S(=O)(=O)C)C)c1)C(=O)NC(C)c1ccc(F)cc1,BACE_1499,4.0,0,560.72357,2.3422,148.03,3,3,12
S(=O)(=O)(CCC([NH3+])(Cc1ccccc1)CO)c1cc(cc(N(S(=O)(=O)C)C)c1)C(=O)NC(C)c1ccc(F)cc1,BACE_1500,4.0,0,592.72241,1.3264,165.25,3,4,12
S(=O)(=O)(N(C)c1cc(cc(c1)COCC([NH3+])(Cc1ccccc1)COC)C(=O)NC(C)c1ccc(F)cc1)C,BACE_1501,4.0,0,558.68457,1.9505,120.96,2,4,13
O(C)c1cc(ccc1)C(=O)NCC(O)C(NC(=O)c1c2cccnc2n(c1)C(=O)N(CCCC)C)Cc1ccccc1,BACE_1502,4.0,0,571.66669,4.3660998,125.79,3,6,12
S(=O)(=O)(NCC(O)C(NC(=O)c1c2cccnc2n(c1)C(=O)N(CCCC)C)Cc1ccccc1)c1cc(OC)ccc1,BACE_1503,4.0,0,607.7204,4.0690999,151.24001,3,6,13
OC(C(NC(=O)c1c2cccnc2n(c1)C(=O)N(CCCC)C)Cc1ccccc1)C[NH2+]C1CC1,BACE_1504,4.0,0,478.60641,3.3996,104.07,3,4,11
Brc1cc(ccc1O)CC1CS(=O)(=O)CC([NH3+])C1O,BACE_1505,4.0,0,351.23669,-0.23729999,110.62,3,3,2
n1cc(ccc1)-c1cc(ccc1)C1(N=C(C(C)C)C(=N1)N)C,BACE_1506,4.0,0,292.3782,2.4317999,63.630001,0,3,3
[NH+]=1[C@](N=C(c2ccccc2)C=1N)(C)c1cc(ccc1)-c1cccnc1,BACE_188,4.0,0,327.4024,1.4339,65.239998,0,2,3
n1cccc(NCc2cc(ccc2)-c2cccnc2)c1N,BACE_189,4.0,0,276.33569,2.2346001,63.830002,2,2,4
O1CCC(OC(=O)[C@@H]2[NH2+]C[C@]3(C2)c2c(NC3=O)cccc2)CC1,BACE_190,3.9430952,0,317.35959,-1.0807,81.239998,2,4,3
O(C)c1nccc(c1)-c1ccc(cc1)C1CC1C=1N=C(N)N(C)C(=O)C=1,BACE_1507,3.9355421,0,348.39841,3.2342999,83.029999,1,4,4
O=C1N(C)C(=NC(=C1)C1CC1c1ccc(cc1)-c1ccc(cc1)C)N,BACE_1508,3.924453,0,331.41089,4.3456998,60.91,1,2,3
O=C1NC(=NC(=C1)CCc1cc2[nH]ccc2cc1)N,BACE_191,3.8860567,0,254.2872,1.7381001,87.559998,3,2,3
O=C1N(C)C(=NC(C1)(C)[C@H]1C[C@@H]1c1ccccc1)N,BACE_1509,3.879426,0,257.3309,1.6864001,58.689999,0,2,2
Clc1cc2CC(N=C(NC(Cc3ccccc3)c3ncccn3)c2cc1)(C)C,BACE_1510,3.8629625,0,390.90851,4.5478001,50.169998,0,3,5
Fc1cc(cc(F)c1)CC(NC(=O)C)C(O)C[NH2+]C1(CCCCC1)c1occ(n1)C(C)(C)C,BACE_1511,3.8607507,0,464.56839,2.8282001,91.970001,3,4,9
S1(=O)CC(Cc2cc(OC(COC)C(F)(F)F)c(N)c(F)c2)C(O)C([NH3+])C1,BACE_1512,3.8239088,0,415.4234,-0.4666,128.63,3,3,7
s1c(ccc1C)-c1ccc(cc1)C1CC1C=1N=C(N)N(C)C(=O)C=1,BACE_1513,3.782516,0,337.43869,3.868,89.150002,1,2,3
Clc1cc(C[NH+]2CCC(NC(=O)COc3ccc(S(=O)(=O)N)cc3)CC2)c(OC(C)C)c(OC)c1,BACE_270,3.769551,1,527.05328,1.0387,129.77,2,5,10
O=C1N(C)C(=NC(=C1)CCc1ccccc1)N,BACE_1515,3.7670038,0,229.27769,2.4546001,60.91,1,2,3
Clc1cc2CC(N=C(NC(Cc3ccccc3)c3ocnn3)c2cc1)(C)C,BACE_1516,3.7330632,0,380.87061,4.0056,63.310001,0,4,5
Clc1cc2nc(n(c2cc1)CCCC(=O)NC(C)C)N,BACE_1517,3.7144427,0,294.77991,2.3211999,72.940002,2,2,5
Clc1cc2nc(n(c2cc1)CCCC(=O)N(Cc1cc(F)ccc1)C)N,BACE_1518,3.7121983,0,374.83969,3.5897999,64.150002,1,2,6
Brc1cc(ccc1)C12N=C(OC1CCCC2)N,BACE_1521,3.6989701,0,295.17499,3.5091,47.610001,0,2,1
O=C1N(C)C(=N[C@](C1)(CCc1ccccc1)C)N,BACE_1523,3.6989701,0,245.32021,1.9431,58.689999,0,2,3
O=C1N(C)C(=NC(=C1)CCc1ccc(cc1)-c1ccccc1)N,BACE_1519,3.6989701,0,305.37369,3.973,60.91,1,2,4
O1C2COCCC2(N=C1N)c1cc(NC(=O)c2ncccc2)ccc1,BACE_1520,3.6989701,0,338.3605,1.2,98.830002,1,5,3
O1C2CCCCC2(N=C1N)c1cc(NC(=O)c2ncccc2)ccc1,BACE_1522,3.6989701,0,336.3877,2.8232999,89.599998,1,4,3
Clc1cc(ccc1OCCCC)CSC(=[NH2+])N,BACE_192,3.6777806,0,273.80209,2.3017001,86.139999,0,2,7
s1cc(nc1N)C1(CCCC1)c1ccccc1,BACE_1524,3.6635404,0,244.35519,3.3002,67.150002,1,1,2
Oc1ccc(cc1C1CCCCC1)CC[NH3+],BACE_271,3.6575773,1,220.3306,2.1761,47.869999,2,1,3
Clc1cc2nc(n(c2cc1)C(CC(C)C)CC(=O)NCc1ncccc1)N,BACE_1525,3.6289322,0,385.8905,3.5309,85.830002,2,3,7
Clc1cc2nc(n(c2cc1)C(CC(=O)NCC1CC1)CC)N,BACE_1526,3.6143937,0,320.81711,4.0071001,72.940002,2,2,6
Clc1cc2nc(n(c2cc1)C(CC(C)C)CC(=O)NC(C)C)N,BACE_1527,3.6090648,0,336.85959,3.6092,72.940002,2,2,6
Clc1cc2nc(n(c2cc1)CCCC(=O)NCc1cc(F)ccc1)N,BACE_1528,3.6038005,0,360.81311,3.3838999,72.940002,2,2,6
Clc1cc2CC(N=C(NC(Cc3ccccc3)c3nc(ccn3)C)c2cc1)(C)C,BACE_1529,3.6020601,0,404.93509,4.8304,50.169998,0,3,5
o1cccc1C[N@H+](Cc1cc(ccc1)CCc1cccnc1N)C,BACE_193,3.6020601,0,322.4241,1.9561,56.490002,1,2,7
Clc1cc2nc(n(c2cc1)C(CC(=O)NCc1ccc(F)cc1)CC)N,BACE_1530,3.5783961,0,374.83969,3.9639001,72.940002,2,2,6
Clc1cc2nc(n(c2cc1)C(CC(=O)NCCC1CC[NH2+]C1)CC)N,BACE_1531,3.5686362,0,364.89291,1.0972,89.550003,3,2,7
n1cccc(NCc2ccccc2)c1N,BACE_194,3.5086384,0,199.25169,1.8668,50.939999,2,1,3
Clc1cc2nc(n(c2cc1)CCCC(=O)NC1CC[NH+](CC1)C)N,BACE_1532,3.4881167,0,350.8663,0.145,77.379997,2,2,5
Clc1cc2CC(N=C(NC(Cc3ccccc3)c3oc(nn3)C)c2cc1)(C)C,BACE_1533,3.4689045,0,394.89719,4.2663999,63.310001,0,4,5
Clc1cc2nc(n(c2cc1)C(CC(=O)NCc1cc(F)ccc1)CC)N,BACE_1534,3.4685211,0,374.83969,3.9639001,72.940002,2,2,6
Clc1cc2nc(n(c2cc1)C(CC(=O)N(CC1CCCCC1)C)CC)N,BACE_1535,3.4259686,0,376.92349,4.5696001,64.150002,1,2,6
Clc1cc2nc(n(c2cc1)CCCC(=O)NCc1ncccc1)N,BACE_1536,3.3705904,0,343.8107,2.2428999,85.830002,2,3,6
Clc1cc2nc(n(c2cc1)C(CC(=O)NCC[NH+]1CCOCC1)CC)N,BACE_1537,3.3565474,0,380.8923,0.44060001,86.610001,2,3,7
Clc1cc2nc(n(c2cc1)CCCC(=O)NCCC1CC[NH2+]C1)N,BACE_1538,3.352617,0,350.8663,0.51719999,89.550003,3,2,7
Fc1ccc(cc1)CC1CC[NH2+]CC1,BACE_196,3.3010299,0,194.26849,1.4164,16.610001,1,0,2
Clc1cc(ccc1)CN1C(=O)[C@](NC1=N)(CC(C)C)C,BACE_195,3.3010299,0,293.79181,3.3757999,56.189999,1,2,4
O=C1N(C)C(=NC(=C1)[C@H]1C[C@H]1c1ccccc1)N,BACE_197,3.2083094,0,241.28841,2.3411,60.91,1,2,2
[nH]1nnnc1C(NC1=NC(Cc2c1cccc2)(C)C)Cc1ccccc1,BACE_1539,3.1947711,0,346.42889,3.7088001,78.849998,0,4,5
Oc1ccc(cc1CC)CC[NH3+],BACE_272,3.1804562,1,166.2401,0.92729998,47.869999,2,1,3
Clc1cc2nc(n(c2cc1)C(CC(=O)NC(C)C)CC)N,BACE_1540,3.1580153,0,308.8064,2.9012001,72.940002,2,2,5
Clc1cc(ccc1)CN1C(=O)C(NC1=N)(C)C,BACE_198,3.154902,0,251.7121,2.1441,56.189999,1,2,2
Clc1cc2nc([nH]c2cc1)N,BACE_1541,3.1360826,0,167.5956,1.4715,54.700001,2,1,0
Clc1cc2nc(n(c2cc1)CCCO)N,BACE_199,3.1135092,0,225.6748,1.4887,64.07,2,2,3
Oc1ccc(cc1)CC([NH3+])C,BACE_273,3.09691,1,152.21359,0.3624,47.869999,2,1,2
Clc1cc2nc(n(c2cc1)CCCC(=O)NCC[NH+]1CCOCC1)N,BACE_1542,3.0824945,0,366.86569,-0.13940001,86.610001,2,3,7
n1c2c(nc(N)c1N1CCCC1)cccc2,BACE_200,3.0604808,0,214.2664,2.2544,55.040001,1,2,1
Clc1cc(ccc1)CCc1cccnc1N,BACE_201,3.0,0,232.70869,3.5697999,38.91,1,1,3
n1ccc2c(cccc2)c1N,BACE_202,3.0,0,144.1732,1.383,38.91,1,1,0
n1c2c(ccc1N)cccc2,BACE_203,3.0,0,144.1732,1.8115,38.91,1,1,0
Clc1cc2nc(n(c2cc1)C(CC(=O)NCc1ncccc1)CC)N,BACE_1544,3.0,0,357.83731,2.8229001,85.830002,2,3,6
Clc1cc2nc(n(c2cc1)C(CC(=O)NCC1CCOCC1)CC)N,BACE_1543,3.0,0,364.86969,2.5941999,82.169998,2,3,6
Brc1cc(ccc1)C1CC1C=1N=C(N)N(C)C(=O)C=1,BACE_1545,2.9531147,0,320.18451,3.0895,60.91,1,2,2
O=C1N(C)C(=NC(=C1)C1CC1c1cc(ccc1)-c1ccccc1)N,BACE_1546,2.7332981,0,317.3844,3.8594999,60.91,1,2,3
Oc1ccc(cc1)CC[NH3+],BACE_274,2.6989701,1,138.187,-0.0151,47.869999,2,1,2
O1CC[NH+](CC1)CC(O)COc1cc(ccc1C)C,BACE_204,2.6989701,0,266.35599,0.54100001,43.130001,1,3,5
O=C1NC(=NC(=C1)CCC)N,BACE_205,2.6989701,0,153.1817,0.92820001,71.769997,2,2,2
Clc1cc2nc(n(c2cc1)CCCC(=O)NCC1CC1)N,BACE_1547,2.5445461,0,306.79059,3.4270999,72.940002,2,2,6
