smiles,model_name,mol_idx,descriptor:MW,descriptor:nHeavyAtom,descriptor:TopoPSA,descriptor:SLogP,descriptor:nRot,descriptor:nRing
Fc1c(cc(cc1)Cn1c(C)cc(n1)C)Br,MOSES sample,1,283.144,16,17.82,3.44984,2,2
C(C(C)(CO)C)(c1ccc(cc1)S(=O)(N)=O)c1ccccc1,MOSES sample,2,319.426,22,80.39,2.4844,5,2
c12OCOc2ccc(c1)OCCN1Cc2nn(C)c(n2CC1)=O,MOSES sample,3,318.333,23,70.75,0.2051,4,4
c1cccc2OC(COc12)C(=O)Nc1ccc(C)cc1,MOSES sample,4,269.3,20,47.56,2.77352,2,3
CC(C)(C)c1nc(no1)COc1cc2OCC(=O)Nc2cc1,MOSES sample,5,303.318,22,86.48,2.277,3,3
c1cccc(c1COc1ccc(cc1)C(N(C)C)=O)Cl,MOSES sample,6,289.762,20,29.54,3.6208,4,2
c1(=O)n(nc(C(=O)N2CCC(CC2)C(N)=O)cc1)CCC,MOSES sample,7,292.339,21,98.29,-0.0092,4,2
Cn1c(c(cn1)CCC(N1CCCCC1CC(OCC)=O)=O)C,MOSES sample,8,321.421,23,64.43,1.99542,6,2
c1cc(CCNC(=O)C2CCCN(C(OC(C)(C)C)=O)C2)cnc1,MOSES sample,9,333.432,24,71.53,2.3874,4,2
CN(C)c1cccc(C(=O)Nc2ccc(CC(=O)N(C)C)cc2)c1,MOSES sample,10,325.412,24,52.65,2.6356,5,2
c1coc(CCNS(=O)(=O)Cc2cc(Cl)ccc2)c1,MOSES sample,11,299.779,19,59.31,2.5951,6,2
c1cc(sc1)CCC(=O)NCc1ccc(cc1)S(=O)(N)=O,MOSES sample,12,324.427,21,89.26,1.6445,6,2
c1(C(=O)Nc2cc(ccc2)C(=O)NC2CC2)cscc1,MOSES sample,13,286.356,20,58.2,2.8926,4,3
C(N1CCOCC1)(NCc1ccc(cc1)OCC(F)(F)F)=O,MOSES sample,14,318.295,22,50.8,2.1695,4,2
O=S(=O)(NCCn1ccnc1)c1c(F)cc(F)cc1F,MOSES sample,15,305.281,20,63.99,1.2789,5,2
COC(=O)N1CCC(NC(=O)N(C)CC2CC2)CC1,MOSES sample,16,269.345,19,61.88,1.2686,3,2
CCn1cc(c(n1)C)CN(C)C(=O)C1CC(=O)N(C1)C1CC1,MOSES sample,17,304.394,22,58.44,1.18072,5,3
CN(CC1CCCC1)c1nn2cc(C)nc2s1,MOSES sample,18,250.371,17,33.43,2.72562,3,3
C1CCc2c(N1C(COCc1[nH]c3c(n1)cccc3)=O)cccc2,MOSES sample,19,321.38,24,58.22,3.0589,4,4
N1(CCC(c2[nH]c3cccc(c3n2)C)CC1)S(=O)(c1nc[nH]c1)=O,MOSES sample,20,345.428,24,94.74,2.16272,3,4
CC(NC(=O)c1c(cc(OC)c(OC)c1)NC(C1C(C)C1)=O)C,MOSES sample,21,320.389,23,76.66,2.4365,6,2
Cc1ccc(CS(=O)(=O)c2ccc(O)cc2)cc1,MOSES sample,22,262.33,18,54.37,2.67452,3,2
c1ccnc(c1)-c1ccc2c(ccc(c2)-c2c(C(=O)N)ccnc2)n1,MOSES sample,23,326.359,25,81.76,3.4577,3,4
c1cc(C(F)(F)F)cc(CNCc2n3CCCCc3nn2)c1,MOSES sample,24,310.323,22,42.74,2.923,4,3
C(#Cc1ccc(cc1)C(=O)N(CCC)CC(F)F)CO,MOSES sample,25,281.302,20,40.54,2.1477,5,1
N#Cc1ccc(C(=O)N2CCn3c(nnc3-c3ccccc3)C2)cc1,MOSES sample,26,329.363,25,74.81,2.47278,2,4
n1(C(c2n[nH]c(c2)-c2ccccc2OC)=O)cc(nn1)C,MOSES sample,27,283.291,21,85.69,1.67372,3,3
Cc1ccc(C)c(S(N(C)CC(COC)O)(=O)=O)c1,MOSES sample,28,287.381,19,66.84,0.93124,6,1
C1CN(CCN1C(Cc1sccc1)=O)Cc1c(cccc1)C,MOSES sample,29,314.454,22,23.55,2.94342,4,3
C(Nc1cc(S(N)(=O)=O)ccc1C)(=O)C(C)Sc1ccccc1,MOSES sample,30,350.465,23,89.26,2.76172,5,2
CN1C=C(c2[nH]ncc2-c2ccccc2)C(C)(C)C1C(N)=O,MOSES sample,31,296.374,22,75.01,2.2431,3,3
c1cc(c(cc1)N1CCC(C1=O)NS(=O)(=O)CC)Cl,MOSES sample,32,302.783,19,66.48,1.3846,4,2
c1cc(C(N(C2CC2)C(C)C)=O)ccc1C(=O)NC(C#N)CCC,MOSES sample,33,327.428,24,73.2,3.12168,7,2
C(c1sc(CNC(=O)c2cc3sncc3cc2)cc1)C,MOSES sample,34,302.424,20,41.99,3.8502,4,3
c1(C(=O)NCc2ncccc2)n[nH]c(NC(=O)c2ccccc2)c1,MOSES sample,35,321.34,24,99.77,1.987,5,3
c1(c(-c2n(nc(c2)C(NC(C)c2ccccc2)=O)C)cccc1)OC,MOSES sample,36,335.407,25,56.15,3.5867,5,3
Cc1n[nH]cc1C(=O)NC1CCOc2ccccc21,MOSES sample,37,257.293,19,67.01,1.97172,2,3
CCOC(CC(C)CNC(N1C(C2CCCC2)CCC1)=O)=O,MOSES sample,38,310.438,22,58.64,2.9399,6,2
N1(C(COC2CCCC2)=O)CCN(CC1)Cc1cccc(c1)Cl,MOSES sample,39,336.863,23,32.78,2.9434,5,3
c1c(CCNCc2sc(C)nc2C)cc(cc1)F,MOSES sample,40,264.369,18,24.92,3.23134,5,2
C(c1c(cccc1)OCC)(=O)NCc1ccc(cc1)-n1cncn1,MOSES sample,41,322.368,24,69.04,2.596,6,3
C(NS(c1c(cc(F)cc1)F)(=O)=O)C1OCC2N(CCCC2)C1,MOSES sample,42,346.399,23,58.64,1.4964,4,3
C(c1ccc(cc1)Cl)C(CO)CNC(=O)CC(F)(F)F,MOSES sample,43,309.715,20,49.33,2.5596,6,1
c1ccn(c1)-c1oc(C)c(C(Nc2cc(OC)ccn2)=O)c1C#N,MOSES sample,44,322.324,24,93.08,2.9063,4,3
CC(=O)c1cc(NC(=O)c2ccccc2OC(C)C)c(F)cc1F,MOSES sample,45,333.334,24,55.4,4.2069,5,2
c12cc(Cl)cc(c1OCCO2)1c2nc[nH]c2nc(n1)N,MOSES sample,46,,,,,,
c1cnc(C(c2cc(cc(c2)Cl)Cl)N)nc1C,MOSES sample,47,268.147,17,51.8,3.13992,2,2
Cn1cnc2c(N3CCCC(C(=O)NCC4CC4)C3)ncnc21,MOSES sample,48,314.393,23,75.94,1.1059,4,4
c1(c(-c2n(C)c(SCC(c3cn(nc3)C)=O)nn2)cccc1)Cl,MOSES sample,49,347.831,23,65.6,2.844,5,3
c1(=O)c(-c2ccc(Cl)cc2)c[nH]c2c(cncc12)Cl,MOSES sample,50,291.137,19,45.75,3.8969,1,3
O=C(C(NC(=O)N)C)N(C(c1ccco1)C)Cc1ccccc1,MOSES sample,51,315.373,23,88.57,2.4262,6,2
c1(C2CC2)nc2onc(c2c(C(Nc2cc3OCCc3cc2)=O)c1)CC,MOSES sample,52,349.39,26,77.25,3.8498,4,5
C(C)Oc1c(-n2c(SC(C)C(=O)C)nnn2)ccc(c1)C,MOSES sample,53,306.391,21,69.9,2.43902,6,2
C(N(C(C(Oc1ccc(cc1)F)C)=O)C(C)C)C(=O)N,MOSES sample,54,282.315,20,72.63,1.3153,6,1
C(C(=O)NC(C)C)n1c(c2ccccc2nc1C1CC1)=O,MOSES sample,55,285.347,21,63.99,1.7985,4,3
COC(NCC(Nc1cn(nc1)-c1c(cccc1)F)=O)=O,MOSES sample,56,292.27,21,85.25,1.3059,4,2
c1(ccsc1C(=O)NC(C(C)(C)C)C#N)-n1cnnn1,MOSES sample,57,290.352,20,96.49,1.39188,3,2
CCC(C)OC(=O)c1cccc(S(=O)(=O)N2CCOCC2)c1,MOSES sample,58,327.402,22,72.91,1.6628,5,2
CC(NC(=O)c1csnn1)c1ccc2c(c1)OCCCO2,MOSES sample,59,305.359,21,73.34,2.1904,3,3
N(C(c1c(ccc(C)c1)C)=O)c1sc(c(c1C(N)=O)C)C,MOSES sample,60,302.399,21,72.19,3.33298,3,2
COc1ccc(Nc2cc(=O)nc3ccnn23)c(OC)c1,MOSES sample,61,,,,,,
c1(CCN(C)C(=O)Cc2c(C)noc2C)ccc(OC)cc1,MOSES sample,62,302.374,22,55.57,2.54364,6,2
c1cc(NC(COc2ccccc2)=O)ccc1C(N)=O,MOSES sample,63,270.288,20,81.42,1.803,5,2
COc1ccc(NC(=O)CCC2CCCC2)cc1-n1cnnn1,MOSES sample,64,315.377,23,81.93,2.5798,6,3
c12sc(c(c1c(=O)n(cn2)Cc1ccccc1)C)C,MOSES sample,65,270.357,19,34.89,3.12314,2,3
C1N(CCN(C1)C(NCC)=O)c1ccccc1C#N,MOSES sample,66,258.325,19,59.37,1.40978,2,2
N#Cc1ccc(Cl)cc1NC(CO)c1ccccc1,MOSES sample,67,272.735,19,56.05,3.35718,4,2
O(c1cccc(C)c1)CCC(=O)Nc1noc(c1)C,MOSES sample,68,260.293,19,64.36,2.69904,5,2
C1CC1c1n(-c2cccnc2)ncc1C(=O)N1C(CCCC1)C(C)C,MOSES sample,69,338.455,25,51.02,3.7954,4,4
c1c(ccc(OC(C)C(OCC(N)=O)=O)c1C)C,MOSES sample,70,251.282,18,78.62,1.09924,5,1
COCC(=O)NCC(Nc1cccc(c1)N1CCCCC1)=O,MOSES sample,71,305.378,22,70.67,1.378,6,2
s1c(C)c(C)c2c1nc(nc2SCC(OC)=O)C,MOSES sample,72,282.39,18,52.08,2.88166,3,2
n1(cnc2ccccc21)CCCNc1nc(-c2c(cccc2)O)ncc1,MOSES sample,73,345.406,26,75.86,3.7011,6,4
c1(NS(c2ccc(C)cc2)(=O)=O)noc(c1)C,MOSES sample,74,252.295,17,72.2,2.09224,3,2
C=CCn1nc2ccc(S(=O)(=O)N3CCC(C)CC3)cn2c1=O,MOSES sample,75,336.417,23,76.68,1.1026,4,3
c1c(=O)n(CCNS(=O)(=O)C)nc(-c2ccc(F)cc2)c1,MOSES sample,76,311.338,21,81.06,0.5986,5,2
c1c(C(=O)NC(C)c2c(Cl)ccc(c2Cl)F)c(n(C)nc1)=O,MOSES sample,77,344.173,22,63.99,2.7172,3,2
C(Nc1cc2c(SCC(N2C)=O)cc1)(=O)c1cnc2[nH]nc(C)c2c1,MOSES sample,78,353.407,25,90.98,2.58712,2,4
O1CCOCC1C(=O)NC(c1ncccc1)c1ccccc1OC,MOSES sample,79,328.368,24,69.68,1.7112,5,3
c1(ccccc1)C(NC(Cn1c(csc1=O)C)=O)C(N)=O,MOSES sample,80,305.359,21,94.19,0.56102,5,2
c1c(Cl)ccc(c1)C(CO)NC(=O)NCc1nc(ncc1)C,MOSES sample,81,320.78,22,87.14,1.97122,5,2
CCOc1cccc(-c2nnn(-c3ccc(OC)cc3)c2N)c1,MOSES sample,82,310.357,23,75.19,2.9238,5,3
S(c1ccccc1N1C(CCC1)=O)CCOc1cccc(c1)C#N,MOSES sample,83,338.432,24,53.33,3.85618,6,3
c1(ccc(C)cc1C)C(O)CSc1nc(n[nH]1)CC,MOSES sample,84,277.393,19,61.8,2.80964,5,2
c1(cc(S(=O)(N(c2ccccc2)CC(=O)NC)=O)ccc1)Cl,MOSES sample,85,338.816,22,66.48,2.2813,5,2
N(C(=O)CSc1nccc(c1)C#N)c1ccccc1OC(F)F,MOSES sample,86,335.335,23,75.01,3.28548,6,2
COc1ccc(cc1)C(=O)N(CC(OC)=O)CC,MOSES sample,87,251.282,18,55.84,1.3303,5,1
c1(c(C2Cc3ccccc3C2)nc(nc1C)N)C(=O)NCC,MOSES sample,88,296.374,22,80.9,1.99932,3,3
c1c2c(OCO2)cc(c1)OCC(=O)N1C(C2CC2)COCC1,MOSES sample,89,305.33,22,57.23,1.4315,4,4
C1CC(=CCC1)CCNC(=O)Nc1cc2c([nH]c(=O)o2)cc1,MOSES sample,90,301.346,22,87.13,3.1331,4,3
c1ccc(C(CNc2ccccc2)O)cc1C(F)(F)F,MOSES sample,91,281.277,20,32.26,3.8509,4,2
O=C(Nc1ccc(cc1)S(N)(=O)=O)Cc1cn2ccsc2n1,MOSES sample,92,336.398,22,106.56,1.2244,4,3
c12ccc(C(NCc3c(ccc(c3)Cl)OC)=O)nc2n(C)c(n1)N,MOSES sample,93,345.79,24,95.06,2.1425,4,3
O=C(Cc1cccc(OC)c1)Nc1c(O)cc(C)cc1,MOSES sample,94,271.316,20,58.56,2.89042,4,2
c1(ccc(Cl)cc1N)N1CCN(CC1)C(=O)C,MOSES sample,95,253.733,17,49.57,1.5907,1,2
Cc1nn(Cc2cc(-c3cccs3)on2)c(C)c1CCO,MOSES sample,96,303.387,21,64.08,2.79954,5,3
CCOCCNC(c1c(Cl)c2c(cccc2)[nH]1)=O,MOSES sample,97,266.728,18,54.12,2.5876,5,2
C(C)(C(=O)NCC1CCN(C(c2cn(nn2)C)=O)CC1)C,MOSES sample,98,293.371,21,80.12,0.4395,4,2
O=C(Nc1cc(C)on1)CN1c2c(OCC1=O)ccc(C(C)(C)C)c2,MOSES sample,99,343.383,25,84.67,2.64462,3,3
C(C(C)N(C(c1cc(c(F)cc1)F)=O)C)C(C)C,MOSES sample,100,255.308,18,20.31,3.4714,4,1
c12n(c(nn1)-c1cccc(NC(=O)C(OC)CC)c1)CCCCC2,MOSES sample,101,328.416,24,69.04,3.035,5,3
c1ccc(Cl)c(c1)C1OCCN(Cc2ccccn2)C1,MOSES sample,102,288.778,20,25.36,3.3085,3,3
n1c(-c2occc2)onc1CS(=O)(=O)c1ccc(O)cc1,MOSES sample,103,306.299,21,106.43,2.0091,4,3
C1(COC(c2c(ccs2)C)=O)OC(CC1)CC,MOSES sample,104,254.351,17,35.53,3.17092,4,2
Cc1cc(C)n(Cc2ccc(C(=O)N3CCOCC3C3CC3)cc2)n1,MOSES sample,105,339.439,25,47.36,2.79924,4,4
O=C(NCCc1cccc(F)c1)c1cc(-c2ccco2)on1,MOSES sample,106,300.289,22,68.27,3.0462,5,3
O=S(=O)(c1cc(ccc1)O)CCc1ccc(cc1)Cl,MOSES sample,107,296.775,19,54.37,3.062,4,2
[nH]1cc(c2c1cccc2)CC(N(C)C(C)c1ccncc1)=O,MOSES sample,108,293.37,22,48.99,3.325,4,3
c1cc(C(NC2CCN(C2)CC(F)(F)F)=O)sc1C,MOSES sample,109,292.326,19,32.34,2.42292,3,2
n1c(c(n2c1scc2)CN1CCN(Cc2onc(C)n2)CC1)C,MOSES sample,110,332.433,23,62.7,1.71344,4,4
C1CC(C)(CC1)C(=O)NCc1c(noc1CC)CC,MOSES sample,111,264.369,19,55.13,2.9959,5,2
c1c(NC(=O)N(Cc2c(occ2)C)C)ccc(-c2onc(n2)C)c1,MOSES sample,112,326.356,24,84.4,3.61034,4,3
O(c1ccccc1C(C(C)NC(c1cnc2ccc(cn12)C)=O)O)C,MOSES sample,113,339.395,25,75.86,2.50322,5,3
c1c(OCCNC(=O)c2c3c(onc3C)nc3CCCc23)cccc1,MOSES sample,114,337.379,25,77.25,2.82872,5,4
C1Nc2ncccc2N(C(=O)COc2c(cccc2)F)C1,MOSES sample,115,287.294,21,54.46,2.0582,3,3
c1(CC)ccc(C(Nc2ncccc2)C(=O)N)cc1,MOSES sample,116,255.321,19,68.01,2.2825,5,2
Brc1ccc(nc1)Cn1cnc(n1)C#N,MOSES sample,117,264.086,15,67.39,1.35558,2,2
CCNC(=O)NC1OC(CO)C(O)C(O)C1NC(C)=O,MOSES sample,118,291.304,20,140.15,-2.7508,4,1
CC1CN(CC(=O)N2CCC(C(N)=O)CC2)c2ccc(F)cc2N1,MOSES sample,119,334.395,24,78.67,1.17,3,3
c1cc2c(NCCS(=O)(=O)N)ncnc2s1,MOSES sample,120,258.328,16,97.97,0.3917,4,2
CCOc1cc(C(=O)NC2CCCC2)ccc1OCC(N)=O,MOSES sample,121,306.362,22,90.65,1.6218,7,2
Cc1cc(NC(=O)Cc2cc(Cl)c3c(c2)OCCCO3)no1,MOSES sample,122,322.748,22,73.59,2.97892,3,3
N(CC(c1ccc(C#N)cc1)O)(C)Cc1scc(C(=O)N)c1,MOSES sample,123,315.398,22,90.35,1.88408,6,2
c1(c(ccc(n1)N1CCCC1)N)Oc1c(C)nn(C)c1,MOSES sample,124,273.34,20,69.2,2.09822,3,3
Cc1nn(C)c(C)c1CCC(=O)N1CCn2c(nnc2C(C)C)C1,MOSES sample,125,330.436,24,68.84,1.72684,4,3
CCOC(=O)c1cccc2[nH]nc(-c3cccc(O)c3)c12,MOSES sample,126,282.299,21,75.21,3.1122,3,3
c1c(cccc1C#N)NC(c1ccc(OC2CCC2)cc1Cl)=O,MOSES sample,127,326.783,23,62.12,4.39528,4,3
CCC(C)Oc1ccc(NC(=O)Nc2ccncc2)cc1,MOSES sample,128,285.347,21,63.25,3.9029,5,2
c1c(cc(c(c1)OCCCC)Br)C(=O)NCC(N)=O,MOSES sample,129,329.194,19,81.42,1.8431,7,1
N(CC(=O)Nc1ccc(cc1)C(=O)NCc1ccccc1OC)C(=O)N,MOSES sample,130,356.382,26,122.55,1.232,7,2
N#Cc1cccc(NC(=O)Cc2ccc(F)c(F)c2)c1,MOSES sample,131,272.254,20,52.89,3.01768,3,2
COc1ccc(CC(=O)N(C)Cc2ccsc2)c(OC)c1,MOSES sample,132,305.399,21,38.77,2.9664,6,2
C(Sc1nc(c2c(CCC2)n1)C(F)(F)F)c1[nH]ccn1,MOSES sample,133,300.309,20,54.46,2.9995,3,3
c1cccc(c1)OCC(NCc1cn(CC)nc1)=O,MOSES sample,134,259.309,19,56.15,1.5982,6,2
Cn1nnc2c(=O)n(Cc3cccc(F)c3)cnc21,MOSES sample,135,259.244,19,65.6,0.7124,2,3
C1CC(NC(c2ccc3OCCCn23(=O)=O)=O)(CCC1)C(=O)OC,MOSES sample,136,,,,,,
O=C(Nc1ccccc1-c1ccccc1)c1ccc(-n2cnnc2)cc1,MOSES sample,137,340.386,26,59.81,4.1866,4,4
Cc1cccc(Nc2ncc(N)cc2Br)n1,MOSES sample,138,279.141,16,63.83,2.87332,2,2
C(C(=O)NCc1[nH]ccn1)CCc1ccc(cc1)C,MOSES sample,139,257.337,19,57.78,2.35722,6,2
CCOC(=O)c1csc(NC(=O)c2sc(C)cc2OC)n1,MOSES sample,140,326.399,21,77.52,2.95062,5,2
Cc1cnn(CC(=O)Nc2ccc(C(=O)N3CCCCC3)c(Cl)c2)c1,MOSES sample,141,360.845,25,67.23,3.10972,4,3
c1cc(C(=O)N2CCc3cc(F)ccc3C2)cc2CCC(Nc21)=O,MOSES sample,142,324.355,24,49.41,2.9089,1,4
C(=C)CN(C)C(Nc1ccccc1Br)=O,MOSES sample,143,269.142,15,32.34,3.0988,3,1
N(CC(=O)NC1CCN(CC1)S(C1CC1)(=O)=O)C(C(C)(C)C)=O,MOSES sample,144,345.465,23,95.58,0.2215,5,2
c12c(cc(OC)cc2)C(CC(N1)=O)C(Nc1cc(C)c(C)cc1)=O,MOSES sample,145,324.38,24,67.43,3.37654,3,3
C1CN(CC(C#N)N1)Cc1c(OCCC)n(C)nc1C,MOSES sample,146,277.372,20,66.11,0.8147,5,2
COc1ccc(C(=O)N=c2[nH]nc3cc(C)ccn23)cc1,MOSES sample,147,282.303,21,71.75,1.72052,2,3
c1(c(c(ncn1)-n1cncn1)N)Nc1c(ccc(c1)C)C,MOSES sample,148,281.323,21,94.54,1.99994,3,3
n1c(sc2c1cccc2)CCCn1cnc2c(c1=O)cnn2C,MOSES sample,149,325.397,23,65.6,2.3725,4,4
c1nc(C2OCCC2)sc1C(=O)NC(C(C)C)c1sccc1,MOSES sample,150,336.482,22,51.22,4.1832,5,3
C(n1cc(ccc1=O)NC(N(C1CCCc2c1cccc2)C)=O)COC,MOSES sample,151,355.438,26,63.57,3.036,5,3
CCOC(=O)c1csc(-c2ccc(OCC)c(N)c2)n1,MOSES sample,152,292.36,20,74.44,2.9677,5,2
C1CC(=O)N(C1)C(C(=O)NCC(=O)N)Cc1ccccc1,MOSES sample,153,289.335,21,92.5,-0.1784,6,2
Cc1ccc(-c2ccc(C(=O)N3CCc4ccccc4CC3)c(=O)[nH]2)cc1,MOSES sample,154,358.441,27,53.17,3.59132,2,4
c1(c(-n2nc(c(C(NC(C)C(OCC)=O)=O)c2C)C)cc(C)cc1)C,MOSES sample,155,343.427,25,73.22,2.78738,5,2
C(CC(NCCc1ccccc1F)=O)NC(Nc1ccccc1)=O,MOSES sample,156,329.375,24,70.23,2.6962,7,2
O=C(c1ccc(F)c(Cl)c1)N1CCC(C(O)C)CC1,MOSES sample,157,285.746,19,40.54,2.7121,2,2
S(=O)(N(CC)CC1CC1)(=O)c1ccc(N)cc1OC,MOSES sample,158,284.381,19,72.63,1.698,6,2
C(S(=O)(N1CCCC(C1)C(=O)N)=O)c1ccccc1,MOSES sample,159,282.365,19,80.47,0.7137,4,2
N(c1ccc(OC)c(c1)OC)C(NC(CO)C)=O,MOSES sample,160,254.286,18,79.82,1.2061,5,1
O=S(c1c(c(OC2CC2)cnc1)Br)(=O)N,MOSES sample,161,293.142,15,82.28,1.0327,3,2
N(C)(C(=O)CCCc1nc(C)no1)C(c1ncccc1)c1ccccc1,MOSES sample,162,350.422,26,72.12,3.34372,7,3
C(c1nn(C(C)C)c(c2ccccc12)=O)(=O)NCC(F)(F)F,MOSES sample,163,313.279,22,63.99,2.2695,3,2
COc1cccc(CNC(=O)CNC(C)c2ccccc2)c1,MOSES sample,164,298.386,22,50.36,2.6622,7,2
CC(C)n1cnnc1C1CCN(C(=O)C2CC(=O)c3ccccc32)CC1,MOSES sample,165,352.438,26,68.09,2.9352,3,4
COc1ccc(CCNC(=O)C2(c3ccccc3)CCC2)cc1OC,MOSES sample,166,339.435,25,47.56,3.4844,7,3
C(Nc1c2cc(ccc2ncc1)F)(NCc1cc(ccc1)C(N)=O)=O,MOSES sample,167,338.342,25,97.11,2.7945,4,3
COc1ccc(Br)cc1NC(=O)C1CCCO1,MOSES sample,168,300.152,17,47.56,2.5752,3,2
CCCNC(=O)Cn1ccc2ccc(NC(=O)c3ccsc3)cc21,MOSES sample,169,341.436,24,63.13,3.4813,6,3
CC1COCC(C)N1Cc1cnc2ncccn12,MOSES sample,170,246.314,18,42.66,1.3385,2,3
N(C(NCCC(C)C)=O)CCCN1C(CCCCC1)=O,MOSES sample,171,283.416,20,61.44,2.1244,7,1
C(=O)(Nc1c(OC)ccc(c1)Br)CCCCO,MOSES sample,172,302.168,17,58.56,2.5588,6,1
Cc1ccc(cc1CSc1n(c(N)nn1)C)C,MOSES sample,173,248.355,17,56.73,2.30644,3,2
n1c(NCC(N2CCN(CC2)c2scc(n2)C)=O)cc(nc1)C,MOSES sample,174,332.433,23,74.25,1.31064,4,3
CSc1nnc(SCC(=O)Nc2cc(C)nn2C)s1,MOSES sample,175,315.449,19,72.7,2.03272,5,2
c1(ccc(C(OC(C)C)=O)c(N)n1)-c1ccc(C)cc1,MOSES sample,176,270.332,20,65.21,3.20442,3,2
c1ccccc1-n1c(C(=O)N(C)c2cc(cc(C)c2)C)cnn1,MOSES sample,177,306.369,23,51.02,3.16074,3,3
C(C(Nc1cccc(c1)Cl)=O)NC(c1ccncc1)C,MOSES sample,178,289.766,20,54.02,3.0243,5,2
Cc1ccc(F)c(S(=O)(=O)N(C)c2cccc(O)c2)c1,MOSES sample,179,295.335,20,57.61,2.66482,3,2
C1CC(CCC1C)NC(=O)C(C1CCCC1)NC(=O)C,MOSES sample,180,280.412,20,58.2,2.3762,4,2
c12cc(C(=O)Nc3ccccc3)ccc1n(CC)nn2,MOSES sample,181,266.304,20,59.81,2.7035,3,3
c1(C(=O)Nc2nc(c(s2)-c2ccccc2)C)n(C)cc(c1)C(N)=O,MOSES sample,182,340.408,24,90.01,2.80822,4,3
c1([nH]c2ccccc2n1)CCC(=O)NCC(O)Cc1ccccc1,MOSES sample,183,323.396,24,78.01,2.2153,7,3
c1c(cccc1NC(=O)Cn1ccc(=O)[nH]c1=O)C(=O)NC1CC1,MOSES sample,184,328.328,24,113.06,0.0675,5,3
c1c(SC)cc(NC(=O)C2CC=CCC2)cc1,MOSES sample,185,247.363,17,29.1,3.7033,3,2
C(Oc1c(OC)cccc1)C(=O)N(CCO)C(C)C,MOSES sample,186,267.325,19,59,1.3033,7,1
COc1c(cc(NC(=O)NCc2cn(cc2)C)cc1)Cl,MOSES sample,187,293.754,20,55.29,3.0088,4,2
C(c1ccc(OCC(=O)C(C)(C)C)cc1)(NC(C)(C(OC)=O)C)=O,MOSES sample,188,335.4,24,81.7,2.362,6,1
O(CC(F)F)c1nc(ccc1)C(Nc1sc(C)c(CC)n1)=O,MOSES sample,189,327.356,22,64.11,3.30512,6,2
C1(C(Nc2ncnc(N3CCC(CC3)C)c2)C)CCCO1,MOSES sample,190,290.411,21,50.28,2.6923,4,3
Cc1nc2ccccc2nc1-c1ccc(N)cc1C#N,MOSES sample,191,260.3,20,75.59,3.0591,1,3
C(C(CO)Cc1cccc(Br)c1)(OC)=O,MOSES sample,192,273.126,15,46.53,1.7731,4,1
N#CCc1ccc(NC(=O)c2cc3ccccc3oc2=O)cc1,MOSES sample,193,304.305,23,83.1,3.11138,3,3
C1CCN(C1(C#N)c1ccc(OC)cc1)C(=O)c1ccccc1F,MOSES sample,194,324.355,24,53.33,3.48938,3,3
C1(CC=CCC1C(OC)=O)C(=O)N1CCCCC1C(N)=O,MOSES sample,195,294.351,21,89.7,0.6082,3,2
c1c(NC(Cc2ccsc2)=O)cc2occc2c1,MOSES sample,196,257.314,18,42.24,3.6755,3,3
Nc1nc(-c2sccc2)ncc1C(NC1CCCC1)=O,MOSES sample,197,288.376,20,80.9,2.4597,3,3
Cc1sc(=O)n(CC(=O)NCC2(c3ccc(F)cc3F)CC2)c1C,MOSES sample,198,352.406,24,51.1,2.65284,5,3
C1CCCN(C1)C(=O)CSc1nnnn1-c1cc(C)c(C)cc1,MOSES sample,199,331.445,23,63.91,2.38374,4,3
COc1c(C)cc(Cl)cc1COC(=O)C1NCCC1,MOSES sample,200,283.755,19,47.56,2.45222,4,2
N1(CCN(CC1)Cc1scnc1)CC(NC1CCCCC1)=O,MOSES sample,201,322.478,22,48.47,1.7096,5,3
c1c(S(N)(=O)=O)c(OC2CC2)cc(S(N)(=O)=O)c1,MOSES sample,202,292.338,18,129.55,-0.4774,4,2
c1(ccccc1)C(NC(c1ccco1)C)C(NCCC)=O,MOSES sample,203,286.375,21,54.27,3.1977,7,2
c1(OC)c(c(OC)cc(c1)OC)C(=O)N(CC)Cc1ccncc1,MOSES sample,204,330.384,24,60.89,2.7697,7,2
C(Nc1c(NC(=O)C)ccc(C)c1)(=O)Nc1cc(ccc1)SC,MOSES sample,205,329.425,23,70.23,4.31932,4,2
O(CC(=O)NC(C)c1ccc(C)cc1)c1ccccc1NC(=O)C,MOSES sample,206,326.396,24,67.43,3.20962,6,2
c1c2c(cc(NC(NCCC)=O)c1)sc(C(C)C)n2,MOSES sample,207,277.393,19,54.02,3.9512,4,2
C1N(C(COC)=O)CCN(C(=O)c2ccc3CCCCc3c2)C1,MOSES sample,208,316.401,23,49.85,1.4962,3,3
c1cc2c(n(C)c(=O)n2-c2ccc(C)c(c2)N)cc1,MOSES sample,209,253.305,19,52.95,2.21982,1,3
s1c(Cc2c(cccc2)OCC)c(nc1N)CC,MOSES sample,210,262.378,18,48.14,3.2772,5,2
c1c(cccc1)Cn1c(=O)c(ccc1)NC(=O)NCCCO,MOSES sample,211,301.346,22,83.36,1.4005,6,2
c1(S(=O)(CC(NCc2ccccn2)=O)=O)ccc(cc1)C(C)C,MOSES sample,212,332.425,23,76.13,2.2951,6,2
c1c(cccc1NCCC(c1ccc(cc1)Cl)=O)C#N,MOSES sample,213,284.746,20,52.89,3.89658,5,2
N(c1ccc(cc1)Cl)C(=O)NCc1ncn(n1)C,MOSES sample,214,265.704,18,71.84,1.7902,3,2
c1(C)nc(cc(n1)NC(C)c1cn(nc1)C(C)C)N1CCOCC1,MOSES sample,215,330.436,24,68.1,2.57212,5,3
C(=O)(N1CC(O)CCC1)NCC1(CCOCC1)c1c(cccc1)C,MOSES sample,216,332.444,24,61.8,2.20952,3,3
o1nc(C)c(C(C)C(Nc2cc(ccn2)OC)=O)c1C,MOSES sample,217,275.308,20,77.25,2.43724,4,2
c1(C#C)cc(NCC(Nc2ccc(S(N)(=O)=O)cc2)=O)ccc1,MOSES sample,218,329.381,23,101.29,1.3659,5,2
O=C(NCc1cc(Cl)c(cc1)Cl)NC(CCCO)C,MOSES sample,219,305.205,19,61.36,2.9536,6,1
N(C(c1c(Cl)ccc(S(N(C)C)(=O)=O)c1)=O)C1CCCCC1,MOSES sample,220,344.864,22,66.48,2.6528,4,2
N(C(=O)c1sc(cc1)C1OCCC1)(C)CCC(C)C,MOSES sample,221,281.421,19,29.54,3.7177,5,2
COc1ccc(OCC(=O)NC2(C#N)CCCCC2)cc1,MOSES sample,222,288.347,21,71.35,2.41668,5,2
C1C(C(OCC)=O)CCN(C1)C(=O)c1c(n2ccccc2nc1)=O,MOSES sample,223,329.356,24,80.98,1.1098,3,3
C(NCc1ccc(cc1)NC(NC(C)C)=O)(=O)N1CC(CCC1)CO,MOSES sample,224,348.447,25,93.7,2.1304,5,2
Cc1sc2c(-c3nnc(-c4cccs4)o3)c[nH]c2c1,MOSES sample,225,287.369,19,54.71,4.31632,2,4
C(CSc1nnc2ccccn12)(OC(c1ccccc1)C)=O,MOSES sample,226,313.382,22,56.49,3.1258,5,3
c12c(cc(=O)oc1cc(Oc1ccc(C)cc1)cc2)CC(NC)=O,MOSES sample,227,323.348,24,68.54,3.18222,4,3
c1(cccc(CNC2(C(=O)OC)CCC2)c1)NC(C)C,MOSES sample,228,276.38,20,50.36,2.6922,6,2
c1(c(cccc1)-n1cncc1)NC(=O)c1cc(ccc1)Cl,MOSES sample,229,297.745,21,46.92,3.778,3,3
c1(ccc(C(C)C)cc1)C(C1CN(C(C1)=O)CCOC)O,MOSES sample,230,291.391,21,49.77,2.3383,6,2
CCS(=O)(=O)N(C)Cc1nnc(-c2cccc(C)c2)o1,MOSES sample,231,295.364,20,76.3,1.82652,5,2
O=C(Nc1ccc(CN2CCOCC2)cn1)c1ccc(Cl)cc1F,MOSES sample,232,349.793,24,54.46,2.9586,4,3
c1c(ccc(c1)NC(CCc1csc(-c2ccccn2)n1)=O)F,MOSES sample,233,327.384,23,54.88,3.9155,5,3
C(OC)c1c(cccc1)NC(NCc1sccc1C)=O,MOSES sample,234,290.388,20,50.36,3.52462,5,2
C(C(CC)NC(NCCNC(c1ccc(cc1)F)=O)=O)O,MOSES sample,235,297.33,21,90.46,0.6256,7,1
c1c(cc(C(=O)C(C)Oc2cc(N)ccc2)cc1)OC,MOSES sample,236,271.316,20,61.55,2.9276,5,2
C1(CCCC1)NC(=O)CCn1nc(C)c2ccccc2c1=O,MOSES sample,237,299.374,22,63.99,2.15382,4,3
C#CCCOC(=O)C1CCN(S(=O)(=O)c2ccc(F)cc2)CC1,MOSES sample,238,339.388,23,63.68,1.7929,5,2
n1c([nH]c(c(CC(N2CCN(Cc3ccccc3)CC2)=O)c1C)=O)C,MOSES sample,239,340.427,25,69.3,1.27364,4,3
COc1cc2c(cc1OCF)C(C1CCCO1)NCC2,MOSES sample,240,281.327,20,39.72,2.3668,4,3
c1ccc(C(NC(CCC(F)(F)F)=O)C)cc1Cl,MOSES sample,241,279.689,18,29.1,3.8597,4,1
N1(Cc2ccc(n(c2)C)=O)CCOC2C(CCC12)OCC,MOSES sample,242,292.379,21,43.7,1.1536,4,3
C1(CCCCC1)CN(C(CNC(c1cc(c(F)cc1)F)=O)=O)C,MOSES sample,243,324.371,23,49.41,2.7333,5,2
COc1nc(OC)nc(C(=O)Nc2cccc(Cl)c2Cl)n1,MOSES sample,244,329.143,21,86.23,2.4479,4,2
CC(c1nc(c[nH]1)-c1nc(-c2ccc[nH]c2=O)no1)C,MOSES sample,245,271.28,20,100.46,1.9384,3,3
C1N(C(=O)c2sc(C)nc2)CCC21CCCN(C2=O)CCOC,MOSES sample,246,337.445,23,62.74,1.55262,4,3
CC(O)CN1CCN(c2ccc(C(F)(F)F)cn2)CC1C,MOSES sample,247,303.328,21,39.6,1.9917,3,2
c1c(COC)ccc(C(NC(CO)(C)C)=O)c1F,MOSES sample,248,255.289,18,58.56,1.4728,5,1
C(C)C(C(O)CNc1c2c(nc(C)n1)n(nc2)C)CC,MOSES sample,249,277.372,20,75.86,1.88072,6,2
COc1ccc(-n2cc(Br)c(C)n2)cc1,MOSES sample,250,267.126,15,27.05,2.95182,2,2
c1cc(cc(c1)-c1c(NC(=O)c2ccccc2)c2c(nccc2)o1)OC,MOSES sample,251,344.37,26,64.36,4.7557,4,4
c1cc(ccc1C(NC(c1ccccc1)(CO)C)=O)N(C)C,MOSES sample,252,298.386,22,52.57,2.3901,5,2
O=S(=O)(NCC(c1ccco1)O)c1ccc2CCCc2c1,MOSES sample,253,307.371,21,79.54,1.7802,5,3
O=C(Nc1cccc(N2CCCS2(=O)=O)c1)c1ccc(F)cc1,MOSES sample,254,334.372,23,66.48,2.6179,3,3
c1cc2c(C(C(OC)=O)CCN2C(CC=Cc2ccccc2)=O)cc1,MOSES sample,255,335.403,25,46.61,3.7834,4,3
c1c(OC(F)(F)F)c2c(cc1)CCNC2c1ccc(nc1)C,MOSES sample,256,308.303,22,34.15,3.52372,2,3
CC(C)(C)C(=O)NCCn1ccc(-c2ccncc2)n1,MOSES sample,257,272.352,20,59.81,2.1074,4,2
N1(CC2CCN(CCC2(O)C1)C(=O)c1cnccn1)c1ncccn1,MOSES sample,258,340.387,25,95.34,0.3701,2,4
CCCNC(CNC(CNC(=O)C1CCCC1)=O)=O,MOSES sample,259,269.345,19,87.3,-0.0648,7,1
CCc1ccc(N2CC(C(=O)Nc3ccccc3)CC2=O)cc1,MOSES sample,260,308.381,23,49.41,3.2406,4,3
Cc1ccc(N2CCC(NC(=O)c3cccn(C)c3=O)C2=O)cc1C,MOSES sample,261,339.395,25,71.41,1.53744,3,3
c1(c(=O)c2ccc(cc2[nH]c1)F)S(=O)(=O)c1ccc(C)cc1,MOSES sample,262,317.341,22,67,2.80842,2,3
Cc1c(CNCCc2c(cccc2)F)c(n(n1)C)C,MOSES sample,263,261.344,19,29.85,2.50834,5,2
c1cccc2C(C(N3CCCCC3)=O)CNCc21s,MOSES sample,264,,,,,,
CN(CC1CCCCC1)C(=O)c1ccn(C(F)F)n1,MOSES sample,265,271.311,19,38.13,2.9305,4,2
Cc1nn(CCO)c(c1CNCC1OCCc2c1cccc2)C,MOSES sample,266,315.417,23,59.31,1.89584,6,3
c1c(ccc(OC)c1)Sc1nccnc1C1CCN(CC1)C(=O)C,MOSES sample,267,343.452,24,55.32,3.3623,4,3
O=C(Cn1cc(N)cn1)Nc1c(Br)cc(cc1)F,MOSES sample,268,313.13,18,72.94,2.0056,3,2
CCOc1cc(C)ccc1NC(=O)NCc1ccco1,MOSES sample,269,274.32,20,63.5,3.30842,5,2
c1c(nc2n(c1=O)C(CC(NCCCOCC)=O)CS2)C,MOSES sample,270,311.407,21,73.22,1.13142,7,2
CCOc1ccccc1NS(=O)(=O)c1ccc(CO)cc1,MOSES sample,271,307.371,21,75.63,2.3784,6,2
Cc1ccc(S(=O)(=O)Nc2ccc3c(c2)NC(=O)C(C)O3)c(C)c1,MOSES sample,272,346.408,24,84.5,2.82364,3,3
c12nnn(c1ccc(C2)C(=O)Nc1onc(-c2cscc2)c1)CC,MOSES sample,273,,,,,,
C1COCCC1(CNS(CC)(=O)=O)c1cccc(c1)F,MOSES sample,274,301.383,20,55.4,1.8132,5,2
C(Cn1c(cccc1)=O)(NCc1cc(ccc1)-c1ccc(OC)cc1)=O,MOSES sample,275,348.402,26,60.33,2.8403,6,3
C(=O)(c1c(C)c2c(ccc(c2)O)oc1=O)NCc1ccncc1,MOSES sample,276,310.309,23,92.43,2.13202,3,3
c1(ccc(CCC(=O)N2CC(CC2C(OC)=O)O)cc1)C(N)=O,MOSES sample,277,320.345,23,109.93,-0.1471,5,2
CNC(=O)C1CN(C(=O)c2cccc(Cl)c2Cl)CCO1,MOSES sample,278,317.172,20,58.64,1.5804,2,2
C(N1CCN(S(=O)(=O)c2ccccc2)CC1)C(C)O,MOSES sample,279,284.381,19,60.85,0.3737,4,2
COc1cccc(CNc2cc(OC)ccc2F)c1,MOSES sample,280,261.296,19,30.49,3.455,5,2
C(Nc1c(cccc1C)C(C)C)(=O)CSc1c(=O)[nH]c(=O)[nH]n1,MOSES sample,281,334.401,23,107.71,1.62082,5,2
c12cccc(c2ccnc1C#N)CN1CC(OCC1)CCOC,MOSES sample,282,311.385,23,58.38,2.34378,5,3
CC(C)(C)OC(N1C(COc2c(cccc12)N)=O)=O,MOSES sample,283,264.281,19,81.86,1.9293,0,2
O=C(N(c1c(OC)cc(OC)cc1)CCO)C1CC1,MOSES sample,284,265.309,19,59,1.4391,6,2
O=S(=O)(c1cn[nH]c1)N1CCCC1c1ccco1,MOSES sample,285,267.31,18,79.2,1.5285,3,3
Cc1cc(C(C)NC(=O)C2CCCOC2)c(C)s1,MOSES sample,286,267.394,18,38.33,2.96874,3,2
c1c(F)cccc1S(=O)(NCCNC(c1ccccc1)=O)=O,MOSES sample,287,322.361,22,75.27,1.534,6,2
c1(-c2ccc3[nH]c(cc3c2)C)onc(n1)C(C)(C)OC,MOSES sample,288,271.32,20,63.94,3.40782,3,3
c12ccccc1n(CC(NC(=O)CCC(C)C)C(NC(C)C)=O)cn2,MOSES sample,289,344.459,25,76.02,2.4819,8,2
Cc1ccccc1NC(=O)C1CC(=O)n2cnnc2N1,MOSES sample,290,271.28,20,88.91,1.04962,2,3
Cc1n[nH]c(C)c1CCNC(=O)c1ccc2ccc(Cl)cc2n1,MOSES sample,291,328.803,23,70.67,3.20064,4,3
O=C(c1cnc2c(c1)CCCC2)N1CCCC(c2nncn2C2CC2)C1,MOSES sample,292,351.454,26,63.91,2.9066,3,5
o1c(=O)c(COC(c2sc(nc2C)C)=O)cc2ccccc12,MOSES sample,293,315.35,22,69.4,3.22334,3,3
c1cc(cc(c1)Oc1ccccc1)-n1nc(cc1N)C,MOSES sample,294,265.316,20,53.07,3.55522,3,3
c1(-c2onc(n2)-c2cccc(OC)c2OC)c(C)nn(C)c1,MOSES sample,295,300.318,22,75.2,2.46272,4,3
C1Oc2cc3nc(n(CC(C)C#N)c3cc2O1)C(C)C,MOSES sample,296,271.32,20,60.07,3.04808,3,3
CSc1ccccc1NC(=O)c1[nH]ncc1Br,MOSES sample,297,312.192,17,57.78,3.1464,3,2
O=C(Nc1c(ccc(c1)C)C)NCCC(=O)N(C)C,MOSES sample,298,263.341,19,61.44,1.90324,4,1
c1(c(c(c(Br)c(c1C)NC(=O)C)C)C)C(=O)OC,MOSES sample,299,314.179,18,55.4,3.11936,2,1
NC(=O)c1csc(C(=O)Oc2ccc3ccc(=O)oc3c2)c1,MOSES sample,300,315.306,22,99.6,2.1726,3,3
CNC(=O)Nc1ccc(S(=O)(=O)NC(C)C(C)C)cc1,MOSES sample,301,299.396,20,87.3,1.7607,5,1
C(c1nn2c(nc(cc2C)C)n1)(=O)NCc1cc2OCCOc2cc1,MOSES sample,302,339.355,25,90.64,1.44234,3,4
c1ccc(cc1)C1(CNC(CCOC)=O)CCCC1,MOSES sample,303,261.365,19,38.33,2.6511,6,2
n1(cnnn1)-c1ccc(OC(CSc2ccc(F)cc2)=O)cc1,MOSES sample,304,330.344,23,69.9,2.4991,5,3
C(N(CCc1ccccn1)C)(c1c2c(cccc2)n(CC)c1)=O,MOSES sample,305,307.397,23,38.13,3.3709,5,3
CC(C)(C)OC(NCC1(CC1)c1c(scc1)C(OC)=O)=O,MOSES sample,306,311.403,21,64.63,3.091,4,2
s1c(ccc1)CN(C(=O)NC1CCC(O)CC1)C,MOSES sample,307,268.382,18,52.57,2.193,3,2
n1(cnc2ccccc2c1=O)-c1ccc(c(c1)OC)OC,MOSES sample,308,282.299,21,53.35,2.4029,3,3
c12c(cc(nn2)N2CCN(C(=O)C3CCCO3)CC2)CCNC1=O,MOSES sample,309,331.376,24,87.66,-0.4099,2,4
NS(=O)(=O)c1ccc(NC(=O)C2CC2c2ccccc2)cc1,MOSES sample,310,316.382,22,89.26,2.0762,4,3
C(c1cnc(c(OC)c1)NC)(=O)NC(c1c(cc(F)cc1)F)C,MOSES sample,311,321.327,23,63.25,2.9011,5,2
C(c1ccco1)n1c(SCCOc2c(C)cccc2)nnc1C,MOSES sample,312,329.425,23,53.08,3.70734,7,3
c1c2cc(c(nc2ccc1)C(=O)NCCCN1CCOCC1)O,MOSES sample,313,315.373,23,74.69,1.3925,5,3
C(c1ccc(cc1)Oc1nccnc1C#N)(N(CC)CC)=O,MOSES sample,314,296.33,22,79.11,2.62258,5,2
c1(S(=O)(NC)=O)ccc(cc1)CCC(=O)NC,MOSES sample,315,256.327,17,75.27,0.2733,5,1
C1CCN(c2c1cc(cc2)NC(=O)NCc1ccccc1Cl)C(C)=O,MOSES sample,316,357.841,25,61.44,3.9608,3,3
c1(ncccn1)N1CCCC(C(Oc2ccc(Cl)cc2)=O)C1,MOSES sample,317,317.776,22,55.32,2.952,3,3
c1c(C(=O)NCCOCCO)noc1-c1ccc2c(c1)OCO2,MOSES sample,318,320.301,23,103.05,0.809,7,3
c1cc(C(=O)NCCS(N)(=O)=O)cc(OC)c1C,MOSES sample,319,272.326,18,98.49,0.02192,5,1
N(C(=O)N(CC1CCCO1)Cc1ccco1)CC1(C(=O)N)CCCC1,MOSES sample,320,349.431,25,97.8,2.0159,7,3
c1c(NC(CN(C)C(=O)CCc2ccsc2)=O)cccc1OC,MOSES sample,321,332.425,23,58.64,2.7864,7,2
c1cc2c(sc(n2)CNC(=O)c2c(NC)snc2C)cc1,MOSES sample,322,318.427,21,66.91,3.03292,4,3
c1(ccc(C(C)C)cc1)CC(Nc1ccon1)=O,MOSES sample,323,244.294,18,55.13,2.9792,4,2
c1cccc2c(C(NC(c3cccs3)C)=O)c[nH]c(c21)=O,MOSES sample,324,298.367,21,61.96,3.0806,3,3
n1(c(SC(C#N)C)nnc1C)CC(Nc1ncccn1)=O,MOSES sample,325,303.351,21,109.38,1.0194,5,2
c1(C(NCC(O)c2ccc(cc2)C(F)(F)F)=O)cc(=O)[nH]c(c1)C,MOSES sample,326,340.301,24,82.19,2.16552,4,2
N(CC(=O)OCC)(CCC)c1n2ncnc2nc(c1)C,MOSES sample,327,277.328,20,72.62,1.21222,6,2
C1CN(CCO1)C(CNC(=O)c1ccccc1)c1c(OC)cccc1,MOSES sample,328,340.423,25,50.8,2.4985,6,3
C(CCC(=O)Nc1ccc(cc1Br)C)(O)C,MOSES sample,329,286.169,16,49.33,2.85702,4,1
C1(C(=O)NC(C)(C)C)(CCOCC1)c1ccc(F)cc1F,MOSES sample,330,297.345,21,38.33,2.9277,2,2
O(C)c1ccc(OCCC(NCC(O)C)=O)cc1,MOSES sample,331,253.298,18,67.79,0.9611,7,1
n12nc(cc1nc(C(=O)NCCCC)cc2OCC)C,MOSES sample,332,276.34,20,68.52,1.96632,6,2
o1nc(cc1C)C(=O)NC1CCN(CC1)C(=O)c1cn2ncccc2c1,MOSES sample,333,353.382,26,92.74,1.66532,3,4
FC(COC(c1ccc(cc1)N1C(=O)NCC1)=O)F,MOSES sample,334,270.235,19,58.64,1.6381,4,2
c1sccc1C(=O)OCC(=O)Nc1c(C)cccc1C(C)C,MOSES sample,335,317.41,22,55.4,3.97542,5,2
C(CNC(=O)Cc1nc(sc1)-c1ccccc1)Cc1nc(C)no1,MOSES sample,336,342.424,24,80.91,2.79302,7,3
c1c(C(=O)Nc2c(C)ccc(C)c2)cc(C)c(c1S(=O)(=O)N)C,MOSES sample,337,332.425,23,89.26,2.81998,3,2
C(n1c(c2ccccc2s1)=O)CC(Nc1cccc(c1)Cl)=O,MOSES sample,338,332.812,22,51.1,3.7452,4,3
O=C(C(NC(c1cccc(c1)Cl)=O)C)N1Cc2c(cccc2)CC1,MOSES sample,339,342.826,24,49.41,3.0432,3,3
c1(c(cccc1)F)S(=O)(=O)N1CC(N2CCOCC2)C1,MOSES sample,340,300.355,20,49.85,0.5308,3,3
n1(-c2cc(c(C)cc2)C)c(nnn1)SCCCCC(=O)N,MOSES sample,341,305.407,21,86.69,2.02684,7,2
COC(=O)C(C)CN(C)S(=O)(=O)c1cccc(F)c1,MOSES sample,342,289.328,19,63.68,1.2553,5,1
Cc1ccc(-n2nnnc2CNS(=O)(=O)c2cccs2)cc1,MOSES sample,343,335.414,22,89.77,1.51072,5,3
O1C(c2c(scc2)C(N2CCC(C(=O)N)CC2)=O)OCC1,MOSES sample,344,310.375,21,81.86,1.131,3,3
COc1ccc(CNC(=O)N(C)C2CC(C)CCC2)cc1OC,MOSES sample,345,320.433,23,50.8,3.4239,5,2
O=C(NC1c2ccccc2OCC1)C(NC(C)=O)C,MOSES sample,346,262.309,19,67.43,1.151,3,2
c1(Cn2ccnc2Cc2cccc(Br)c2)cc(no1)C,MOSES sample,347,332.201,20,43.85,3.58112,4,3
C#CCC(OC(=O)c1cnn(C)c1C)c1ccccn1,MOSES sample,348,269.304,20,57.01,2.04492,4,2
c1c(ccc2CCCc12)C(Nc1cc(c(cc1)C)S(=O)(C)=O)=O,MOSES sample,349,329.421,23,63.24,3.13952,3,3
c12c(ccc(F)c2)CN(C(=O)Nc2ccnc(C)c2)CC1,MOSES sample,350,285.322,21,45.23,3.11932,1,3
COc1cc(OC)cc(C(=O)NCC(O)c2ccsc2)c1,MOSES sample,351,307.371,21,67.79,2.2287,6,2
O=S(=O)(N1CCC(C)CC1)Nc1ccc(c(c1)OC)OC,MOSES sample,352,314.407,21,67.87,2.0924,5,2
c1(nc2n(cc(C)cc2)c(=O)c1)CSc1ccc(C)cn1,MOSES sample,353,297.383,21,47.26,2.99864,3,3
c1c(ncc(c1)C(OC(C)COC)=O)C(N(C)C)=O,MOSES sample,354,266.297,19,68.73,0.9751,5,1
Cc1c(ccc(c1)C(O)CCC(NCCCC)=O)F,MOSES sample,355,267.344,19,49.33,2.86402,7,1
S(=O)(c1c(ccc(c1)C#CCO)Cl)(N(CC)CC)=O,MOSES sample,356,301.795,19,57.61,1.7143,4,1
O=C(Nc1ccccc1)c1nnn(-c2ccc(OCC)cc2)c1C,MOSES sample,357,322.368,24,69.04,3.22672,5,3
CN1CCN(C(=O)c2ccc(Br)cc2)C(C)(C)C1=O,MOSES sample,358,325.206,19,40.62,2.1419,1,2
c1(c(-c2ccccc2)nccn1)C1N(C(=O)c2cccnc2)CCCC1,MOSES sample,359,344.418,26,58.98,3.906,3,4
N(CC(=O)NC1CC1)C(=O)c1nc(sc1)Cc1cccc(Cl)c1,MOSES sample,360,349.843,23,71.09,2.3957,6,3
c1c2c(C(=O)NCC(NCCCC)=O)nc3c(cccc3)n2nc1,MOSES sample,361,325.372,24,88.39,1.5286,6,3
C(NC(=O)C(C)(c1ccccc1)C)c1cc(n(n1)C)-c1ncccc1,MOSES sample,362,334.423,25,59.81,3.0761,5,3
Cc1ccccc1OCCN1C(=O)COc2ccc(N)nc21,MOSES sample,363,299.33,22,77.68,1.77662,4,3
c1(-c2ccc3OCCc3c2)onc(CSc2nnc(s2)C)n1,MOSES sample,364,332.41,22,73.93,3.12372,4,4
C1(CN(C(CO1)C)Cc1ccccc1NC(=O)C)C,MOSES sample,365,262.353,19,41.57,2.2542,3,2
COCC(C)NC(=O)c1ccc(CNC(=O)Nc2ccccc2)cc1,MOSES sample,366,341.411,25,79.46,2.773,7,2
Nc1n(-c2ccc(cc2F)F)nnc1C(=O)OCC,MOSES sample,367,268.223,19,83.03,1.3044,3,2
c1ccc2c(NC(=O)N(C2=O)CCOC)c1Br,MOSES sample,368,299.124,17,64.09,1.0987,3,2
c1(C(C)(O)CNC(=O)Nc2c(ccc(F)c2)Cl)cccs1,MOSES sample,369,328.796,21,61.36,3.5698,4,2
OCCN(CC(C)O)S(c1ccc(cc1)C(=O)C)(=O)=O,MOSES sample,370,301.364,20,94.91,0.253,7,1
c1(c(nnc(C)n1)C)NCc1cc(ccc1)Cl,MOSES sample,371,248.717,17,50.7,2.75394,3,2
N#CC(Cc1cccs1)C(=O)Nc1cccc(Cl)c1,MOSES sample,372,290.775,19,52.89,3.72248,4,2
Clc1cc(Br)cc2c1CCNC2C1CC1,MOSES sample,373,286.6,15,12.03,3.6993,1,3
c1(CC(Nc2cc3c(cc2)n(C(C)C)c(o3)=O)=O)ccc(F)cc1,MOSES sample,374,328.343,24,64.24,3.4957,4,3
c1c(c(ncc1)OCCC)C(Nc1scc(C)n1)=O,MOSES sample,375,277.349,19,64.11,2.88762,5,2
CNC(c1cc(ccc1)OCc1noc(C2CC2)n1)=O,MOSES sample,376,273.292,20,77.25,1.8856,5,3
c1(c(ccc(c1)-n1cc(C(NC2CCCC2)=O)nn1)C)C,MOSES sample,377,284.363,21,59.81,2.55654,3,3
O=C(N1CCCCC1CC)Nc1ccccc1OC,MOSES sample,378,262.353,19,41.57,3.4916,3,2
CC(C)Cc1ccc(C(=O)N2CCC(O)CC2)cc1,MOSES sample,379,261.365,19,40.54,2.482,3,2
Cc1ccc2nc(-c3ccncc3)cc(C(=O)Nc3c(C)non3)c2c1,MOSES sample,380,345.362,26,93.8,3.54894,3,4
N(c1nccs1)C(C1CCCN1C(OC(C)(C)C)=O)=O,MOSES sample,381,297.38,20,71.53,2.4811,2,2
O=S(NCCCNC(c1[nH]nc(C)c1)=O)(c1ccc(cc1)F)=O,MOSES sample,382,340.38,23,103.95,0.95562,7,2
C(OC(c1ccc(C)c(OC)c1)=O)C(Nc1ccc(c(c1)F)F)=O,MOSES sample,383,335.306,24,64.63,3.07732,5,2
O=C(CCC1CCCO1)NCC1CN2CCCCC2CO1,MOSES sample,384,296.411,21,50.8,1.3151,5,3
C(OC(C)(C)C)(=O)N1CCC2(CC1)CN(C(=O)C2)c1ccccc1,MOSES sample,385,330.428,24,49.85,3.4406,1,3
COc1ccccc1CC(=O)Nc1cc(F)ccc1F,MOSES sample,386,277.27,20,38.33,3.1546,4,2
N#CC(CCC(=O)NCc1ccccc1)c1ccccc1F,MOSES sample,387,296.345,22,52.89,3.52948,6,2
o1cccc1-c1noc(CCC(NC(C)Cc2cc(ccc2)O)=O)n1,MOSES sample,388,341.367,25,101.39,2.7152,7,3
c1(nnc(SCC(Nc2ccc(F)c(c2)Cl)=O)n1C)C(C)C,MOSES sample,389,342.827,22,59.81,3.4618,5,2
O=C(Nc1ccc(c(C(=O)NC)c1)F)Cc1c(Cl)cccc1F,MOSES sample,390,338.741,23,58.2,3.159,4,2
c12c(ncc(NC(c3c(F)cccc3)=O)c1)n(nc2)C(C)C,MOSES sample,391,298.321,22,59.81,3.4036,3,3
c1ccc(cc1CNC(CNc1ccc(cc1)C(=O)N)=O)C,MOSES sample,392,297.358,22,84.22,1.82222,6,2
Cc1nc(cs1)CN(c1c(Cl)cc2c(nc(s2)C)c1)C,MOSES sample,393,323.874,20,29.02,4.65944,3,3
COc1c(OC)cc(CNC(=O)C(c2ccccc2)c2ccccc2)cc1,MOSES sample,394,361.441,27,47.56,4.1521,7,3
c1nnnn1-c1ccc(OC(=O)C2CCN(CC2)C(=O)C(C)C)cc1,MOSES sample,395,343.387,25,90.21,1.4623,4,3
CC(C)c1cc(C(=O)NCc2ncc(-c3ccccc3)[nH]2)nn1C,MOSES sample,396,323.4,24,75.6,2.8636,5,3
n1c(cc(cc1)-c1cc(n[nH]1)C1CCN(CC1)C(=O)CO)OC,MOSES sample,397,316.361,23,91.34,1.1786,4,3
c12cc(c(cc1C(NCC2)c1scc(C)n1)Cl)F,MOSES sample,398,282.771,18,24.92,3.47912,1,3
CC(c1ccsc1)C(Nc1ccc(OCC(N)=O)cc1)=O,MOSES sample,399,304.371,21,81.42,2.3544,6,2
C(c1cccc(c1NCc1ccncc1)Cl)(=O)OC,MOSES sample,400,276.723,19,51.22,3.1337,4,2
CCN(C)C(=O)c1cnc(-c2ccc(OC)cc2)nc1N(C)C,MOSES sample,401,314.389,23,58.56,2.3101,5,2
CCC(NC(=O)Nc1cc(N2CCCC2=O)ccc1Cl)CC,MOSES sample,402,323.824,22,61.44,3.7769,5,2
O=S(NC1CC1)(c1ccc(N2CCCCC2)c(c1)N)=O,MOSES sample,403,295.408,20,75.43,1.6998,4,3
n1(CCO)cc(cn1)NC(=O)NCc1nn(C)cn1,MOSES sample,404,265.277,19,109.89,-0.6744,5,2
c12c(nc(-c3ccco3)n2CCC)ccc(c1)C(=O)C,MOSES sample,405,268.316,20,48.03,3.9089,4,3
n1(c(CCC(N2CCCC2C(N(C)C)=O)=O)nc2ccccc21)C,MOSES sample,406,328.416,24,58.44,1.5851,4,3
n12cnc(cc2CN(CC1)C(=O)c1ccccc1O)=O,MOSES sample,407,271.276,20,75.43,0.6049,1,3
N#Cc1cc(c(OCC(NC(CC)C)=O)cc1)Cl,MOSES sample,408,266.728,18,62.12,2.50518,5,1
O=C(Cc1cccs1)Nc1ccnn1Cc1ccc(Cl)cc1,MOSES sample,409,331.828,22,46.92,3.8275,5,3
c1(C)n(Cc2c(F)cc(cc2)F)c(=O)sc1C,MOSES sample,410,255.289,17,22,2.85314,2,2
c1(S(n2nccc2)(=O)=O)c(ccc(C)c1C)Cl,MOSES sample,411,270.741,17,51.96,2.39034,2,2
C1c2sc3n(nc(-c4ccccc4F)n3)c2CCN1,MOSES sample,412,274.324,19,42.22,2.2426,1,4
c1c(F)ccc(c1)C(O)CN1C(C(C)(C)Nc2c1cccc2)=O,MOSES sample,413,314.36,23,52.57,3.0964,3,3
Cc1[nH]ncc1S(=O)(=O)Nc1ccsc1C(=O)OC(C)C,MOSES sample,414,329.403,21,101.15,2.14562,5,2
Cc1c(c(NC(CC(C)n2nc(cc2)C)=O)ccc1)C,MOSES sample,415,271.364,20,46.92,3.39816,4,2
COc1cccc(CC(=O)Nc2ccc(S(C)(=O)=O)cc2)c1,MOSES sample,416,319.382,22,72.47,2.2799,5,2
C1(CCCN1C(c1occc1)=O)C(NC1CCN(CC1)C(C)=O)=O,MOSES sample,417,333.388,24,82.86,1.0113,3,3
C1N(C(N(C)C)=O)CCN(C1)C(=O)NCc1cccc(COCC)c1,MOSES sample,418,348.447,25,65.12,1.7319,5,2
C(=O)(c1ccc(cc1)NC(=O)N)OC(C(Nc1ccc(C)cc1)=O)C,MOSES sample,419,341.367,25,110.52,2.66962,5,2
Cc1nc(NC(=O)Cn2nc3c(N4CCCCC4)nccn3c2=O)n[nH]1,MOSES sample,420,357.378,26,126.1,-0.05348,4,4
Cc1ccc(CC(=O)N2CCC(NC(=O)c3cccs3)CC2)cn1,MOSES sample,421,343.452,24,62.3,2.41502,4,3
CC(NC(=O)N1CCc2ccccc21)c1ccc(-n2cncn2)cc1,MOSES sample,422,333.395,25,63.05,3.1006,3,4
C1CCC(CN1C(NCc1c(OC(C)C)cccc1)=O)OCC,MOSES sample,423,320.433,23,50.8,3.1843,6,2
c1(OC)c(cccc1)CNC(=O)CCC(C#N)c1ncccc1,MOSES sample,424,309.369,23,75.01,2.79398,7,2
c1(c2c(cccc2)ncn1CC(Oc1ccc(C(=O)OCC)cc1)=O)=O,MOSES sample,425,352.346,26,87.49,2.1788,5,3
C1CN(CCN1C(Cn1ccccc1=O)=O)c1cccc(c1)OC,MOSES sample,426,327.384,24,54.78,1.2057,4,3
O=C(Nc1ccc2c(c1)COC2)NC1CCc2cc(F)ccc21,MOSES sample,427,312.344,23,50.36,3.6649,2,4
O=C(CCOc1cc(cc(c1)C)C)N1CCC(C(N)=O)CC1,MOSES sample,428,304.39,22,72.63,1.79624,5,2
COc1cccc(-c2noc(-c3cc(OC)c4c(c3)OCCO4)n2)c1,MOSES sample,429,340.335,25,75.84,3.192,4,4
CCc1nc2n(n1)CCCC2NC(=O)c1ccc(C)[nH]c1=O,MOSES sample,430,301.35,22,92.67,1.10212,3,3
O(c1c(Cl)cc(F)cc1)C(C(C)NC(=O)c1occc1)=O,MOSES sample,431,311.696,21,68.54,2.796,4,2
O=C(CNC(=O)c1ccco1)Nc1nccs1,MOSES sample,432,251.267,17,84.23,1.1046,4,2
C1CC1C(Nc1cnc(cc1)N(C(C(C)C)=O)CC)=O,MOSES sample,433,275.352,20,62.3,2.439,5,2
N1(C(c2c3c(cccc3)c(n(C)n2)=O)=O)C(c2ccc(F)cc2)CC1,MOSES sample,434,337.354,25,55.2,2.6598,2,4
C1CCCN(C1)S(c1c(C)c(N)ccc1C)(=O)=O,MOSES sample,435,268.382,18,63.4,2.06024,2,2
O=C(CN1CCc2ccccc2C1)NC1CCC2(CC1)OCCO2,MOSES sample,436,330.428,24,50.8,1.8466,3,4
CN(C)C(=O)c1ccc(NCC(=O)NC(C)(C#N)C(C)C)cc1,MOSES sample,437,316.405,23,85.23,1.85478,6,1
C(Sc1nncn1C)(C)c1nnc(o1)-c1sccc1,MOSES sample,438,293.377,19,69.63,2.7799,4,3
c1(ccc(cc1)-n1c(=O)c2CCCc2nc1SCC(=O)N)Cl,MOSES sample,439,335.816,22,77.98,1.952,4,3
C1(NC(=O)C2Cc3cc(OC)ccc3OC2)CCOCC1,MOSES sample,440,291.347,21,56.79,1.5415,3,3
c1(C(N(C)C(c2ccc(cc2)F)C)=O)ccncc1,MOSES sample,441,258.296,19,33.2,3.0539,3,2
Nc1ccc2nc(-c3cccc(C(F)(F)F)c3)[nH]c2c1,MOSES sample,442,277.249,20,54.7,3.8309,1,3
Cc1nc(-n2ccc3c(cnc4nc(C)nn43)c2=O)sc1C,MOSES sample,443,312.358,22,77.97,1.81016,1,4
COC(=O)C(CC(C)C)NC(=O)c1ccc(C)s1,MOSES sample,444,269.366,18,55.4,2.37402,5,1
c1n(C)nc(c1CNC(c1ccc(cc1)C(C)(C)C)=O)C,MOSES sample,445,285.391,21,46.92,2.95602,3,2
Cc1cnn(C)c1C(=O)Nc1nc(-c2cc(F)ccc2O)cs1,MOSES sample,446,332.36,23,80.04,2.94902,3,3
COc1cccc2cc(C(=O)Nc3c(cccc3)F)c(=O)oc21,MOSES sample,447,313.284,23,68.54,3.193,3,3
C(NC(=O)Nc1c(F)ccc(F)c1)C1OCCC1,MOSES sample,448,256.252,18,50.36,2.2653,3,2
c1(-c2nnc(NC(CCC)=O)s2)cnccc1,MOSES sample,449,248.311,17,67.77,2.3387,4,2
c1(ccc(NC(=O)N2CC(NS(=O)(C)=O)CC2)cc1F)C,MOSES sample,450,315.37,21,78.51,1.28952,3,2
c1(cc(N)cc2NC(=O)COc12)N(CC)CCCC,MOSES sample,451,263.341,19,67.59,2.2261,5,2
CCn1ncc(CNC(=O)c2cnn(-c3ccccc3)c2C)c1C,MOSES sample,452,323.4,24,64.74,2.63554,5,3
C(C)(c1ccc(C)cc1)NC(=O)c1ccc(OCC(N)=O)cc1,MOSES sample,453,312.369,23,81.42,2.35012,6,2
c1(F)c(ccc(F)c1)NC(=O)c1sc(cc1)C(OC)=O,MOSES sample,454,297.282,20,55.4,3.0652,3,2
n1c2ccccc2[nH]c1C1CN(C(=O)Nc2cc(C)c(C)cc2)C1,MOSES sample,455,320.396,24,61.02,3.81104,2,4
O=C(CCCn1cnnn1)Nc1n[nH]c(-c2ccco2)n1,MOSES sample,456,288.271,21,127.41,0.4701,6,3
c1ccccc1S(=O)(Cc1noc(n1)CCC)=O,MOSES sample,457,266.322,18,73.06,1.996,5,2
CN(Cc1ccc2nonc2c1)c1nc2ccccc2cc1CO,MOSES sample,458,320.352,24,75.28,2.8997,4,4
c1c(ccc(c1)C(=O)Nc1ccccc1)NC(c1scnc1C)=O,MOSES sample,459,337.404,24,71.09,3.95612,4,3
CCOc1ccccc1NC(=O)c1cc(-c2cccnc2)[nH]n1,MOSES sample,460,308.341,23,79.9,3.1227,5,3
O=S(CC)(=O)Nc1cc2oc(=O)c(C(=O)OCC)cc2cc1,MOSES sample,461,325.342,22,102.68,1.7313,5,2
CNC(=O)CSc1nnc(-c2cccc(Br)c2)n1C,MOSES sample,462,341.234,19,59.81,2.0827,4,2
O=C(c1cn(-c2ccc(cc2)C)nn1)N(CC=C)CC=C,MOSES sample,463,282.347,21,51.02,2.38992,6,2
c1(ccc(C)cc1Cl)OCCCNC(NC(c1n(cnn1)C)C)=O,MOSES sample,464,351.838,24,81.07,2.60622,7,2
c1(cc(CN(Cc2ccc(-n3nc(C)cc3C)cc2)C)oc1)C#N,MOSES sample,465,320.396,24,57.99,3.58582,5,3
C1N(C(=O)c2c(NC(=O)c3ccccn3)cccc2)CCN(C1)C,MOSES sample,466,324.384,24,65.54,1.7215,3,3
C(OC(=O)c1c2c(c(=O)oc1C)cccc2)C(NC(C)C)=O,MOSES sample,467,303.314,22,85.61,1.78282,4,2
c1c(ccc(F)c1)-n1c2oc(N)c(C(OC(C)C)=O)c2c(n1)N,MOSES sample,468,318.308,23,109.3,2.4872,3,3
C(n1ncc(c(c1=O)CO)-c1ccccc1OCC)C,MOSES sample,469,274.32,20,64.35,1.8212,5,2
Clc1c(C(=O)NCc2ccncc2)cc(cc1)N,MOSES sample,470,261.712,18,68.01,2.2472,3,2
O=C(N=c1[nH]c2ccccc2[nH]1)C1CC(=O)N(CC(F)(F)F)C1,MOSES sample,471,326.278,23,81.32,1.3341,2,3
C1CCC(C(C(NCc2n(cnn2)CC)=O)N2CCCC2=O)C1,MOSES sample,472,319.409,23,80.12,1.0954,6,3
c1n2c(ccc1C)ncc(c2=O)NCc1ccccc1,MOSES sample,473,265.316,20,46.4,2.61502,3,3
c1(F)ccc(-c2cc(c(cc2)C(=O)N(CC(=O)NC2CC2)C)F)cc1,MOSES sample,474,344.361,25,49.41,2.9824,5,3
o1c2c(cc(cc2)CC)cc1C(=O)N1CC(CC1C(=O)OC)O,MOSES sample,475,317.341,23,79.98,1.7436,3,3
c1(C)c(sc(C)n1)CNC(NC1CC(C(F)(F)F)CCC1)=O,MOSES sample,476,335.395,22,54.02,3.68024,3,2
[nH]1nc(c(c1)S(=O)(NCc1c(CC)cccc1)=O)N,MOSES sample,477,280.353,19,100.87,1.0328,5,2
c1c(ccc(C(N)c2c(n(CCC)ccc2)=O)c1)C,MOSES sample,478,256.349,19,48.02,2.61482,4,2
O(C(c1cnn(C)c1CC)=O)CCNc1nnccc1,MOSES sample,479,275.312,20,81.93,1.0414,6,2
CCOc1ccc2[nH]c(C(=O)NCC(C)C)cc2c1,MOSES sample,480,260.337,19,54.12,2.9524,5,2
COCC(=O)NC(C)c1ccc(OC2CCCC2)cc1,MOSES sample,481,277.364,20,47.56,2.8316,6,2
c1cncc(c1)C(=O)NCc1ccc(-n2cccn2)nc1,MOSES sample,482,279.303,21,72.7,1.5923,4,3
c1ccc(CN(C)c2ccc(S(=O)(=O)C)cc2N)cn1,MOSES sample,483,291.376,20,76.29,1.7037,4,2
C(c1nn(-c2c(cccc2)F)cc1)(N1C2C(OCC1)CCCC2)=O,MOSES sample,484,329.375,24,47.36,2.795,2,4
c1cccc2c1N(C(C(C)Oc1ccc(C(=O)N)cc1)=O)CC2,MOSES sample,485,310.353,23,72.63,2.1421,4,3
NC(=O)c1c(NCC(=O)N2CCCCC2)ccc(C(F)(F)F)c1,MOSES sample,486,329.322,23,75.43,2.2287,4,2
C(Cn1nc(cc1C)C)(Nc1cc(OC)c(OC)c(OC)c1)=O,MOSES sample,487,319.361,23,74.61,2.16444,6,2
c1cc(c(cc1OC)C(N(c1ncccc1)CC(F)(F)F)=O)OC,MOSES sample,488,340.301,24,51.66,3.3079,5,2
C1(C(NCc2c([nH]c(cc2C)C)=O)=O)CC1c1c(ccc(F)c1)F,MOSES sample,489,332.35,24,61.96,2.68984,4,3
c12nn(c(n1CCN(C2)CC(Nc1ccccc1)=O)=O)C,MOSES sample,490,287.323,21,72.16,0.0361,3,3
Cc1cc(NC(c2onc(C)n2)C)nc(N2CCOCC2)n1,MOSES sample,491,304.354,22,89.2,1.48614,4,3
c1(CCN(C(C2CCN(C(=O)N)CC2)=O)C)nc2c(cccc2)[nH]1,MOSES sample,492,329.404,24,95.32,1.3545,4,3
n1c(c(nn1-c1ccc(cc1)OC)C(=O)N(CC)CCO)CO,MOSES sample,493,320.349,23,100.71,0.2226,7,2
o1c(c(nc1SCC(Nc1nc2CCCc2s1)=O)C)C,MOSES sample,494,309.416,20,68.02,2.96744,4,3
CCN(Cc1ccccc1)C(=O)Cn1cnc(C#N)n1,MOSES sample,495,269.308,20,74.81,1.19848,5,2
n1(c2nc(nn2c(cc1C)=O)SCc1ccc(cc1)F)C,MOSES sample,496,304.35,21,52.19,2.16782,3,3
S(=O)(C)(NCCNC(=O)N(Cc1ccc(c(c1)F)F)C)=O,MOSES sample,497,321.349,21,78.51,0.6554,6,1
N(C(=O)C1CC1)c1sc2c(n1)CCN(S(C(C)C)(=O)=O)C2,MOSES sample,498,329.447,21,79.37,1.5879,4,3
c1c(c(ccc1)-n1nc(NC(=O)c2csc(c2C)C)cc1)OC,MOSES sample,499,327.409,23,56.15,3.81154,4,3
N1C(N(C(=C(C(=O)OCC)C1c1cc(ccc1)F)CC)CC)=O,MOSES sample,500,320.364,23,58.64,3.1391,5,2
C(NS(=O)(=O)CC)c1ccc(NC(=O)CCC)cc1,MOSES sample,501,284.381,19,75.27,1.8645,7,1
O=C(CCOC)Nc1ccc(Oc2ccncc2)cc1,MOSES sample,502,272.304,20,60.45,2.8489,6,2
O=C(C1CSc2n(C1)c(c(cn2)C)=O)Nc1scc(C)n1,MOSES sample,503,322.415,21,76.88,1.67724,2,3
c1(nc2ccccc2[nH]1)CNC(=O)c1sc(NC(C(C)C)=O)cc1,MOSES sample,504,342.424,24,86.88,3.1489,5,3
C1(Cc2c(N1CC(NCCc1n(ccn1)C(F)F)=O)cccc2)C,MOSES sample,505,334.37,24,50.16,2.3881,6,3
C1(Nc2sc3c(ccc(c3)OC)n2)CCN(CC1)C(N)=O,MOSES sample,506,306.391,21,80.48,2.2599,3,3
CC(NC(=O)Cc1c[nH]c2ncccc12)c1ccccn1,MOSES sample,507,280.331,21,70.67,2.3778,4,3
c1(OC)c(cc(C(=O)NC(C)c2ccccc2)cc1OC)OC,MOSES sample,508,315.369,23,56.79,3.2034,6,2
CC(O)(CNC(=O)C1(C#N)CCCC1)c1ccc2c(c1)OCO2,MOSES sample,509,316.357,23,91.58,1.82298,4,3
c1cc(ccc1C1(C(Nc2ccnc(C)c2)=O)CC1)Br,MOSES sample,510,331.213,20,41.99,3.82282,3,3
c1(NC(Cc2ccc[nH]2)=O)cc(ccc1)-n1nnnc1C,MOSES sample,511,282.307,21,88.49,1.48002,4,3
N(C(=O)C(NC(=O)c1ccc(c(F)c1)C)C)CC(C)C,MOSES sample,512,280.343,20,58.2,2.02462,5,1
C(=O)(C)c1cccc(NCC(=O)NC(C)c2ccccc2)c1,MOSES sample,513,296.37,22,58.2,3.1785,6,2
CN(C(C(OC(=O)c1ccc(s1)C)C)=O)Cc1ccccc1,MOSES sample,514,317.41,22,46.61,3.26042,5,2
CC(c1sccn1)N1CCN(Cc2nnc(n2C2CC2)C)CC1,MOSES sample,515,332.477,23,50.08,2.25672,5,4
Cc1ccc(NC(=O)CCSc2nn3cnnc3o2)c(C)c1,MOSES sample,516,317.374,22,85.32,2.45504,5,3
c1ccccc1C(NCc1cnc2n1c(cc(n2)C)C)c1ccccc1,MOSES sample,517,342.446,26,42.22,4.22534,5,4
Clc1cc(C(Nc2c(=O)n(C)ccc2)=O)ccc1OCC,MOSES sample,518,306.749,21,60.33,2.6897,4,2
O(c1ccc(cc1S(Nc1ncccc1C)(=O)=O)F)C,MOSES sample,519,296.323,20,68.29,2.33852,4,2
CC1CCCC(NC(=O)N2CCC3(CC(N4CCOCC4)C3)C2)C1,MOSES sample,520,335.492,24,44.81,2.4614,2,4
C(Cn1c(c2c(nc1)n1ncc(c1nn2)-c1ccccc1)=O)CC,MOSES sample,521,320.356,24,77.97,2.3013,4,4
c12c(n(-c3cc(OC)c(cc3)OC)nn2)ncnc1OCC#N,MOSES sample,522,312.289,23,107.97,1.13008,5,3
N1(CCOCC1)CC(C(CC)CC)C(Nc1ccc(nc1)C)=O,MOSES sample,523,319.449,23,54.46,2.71312,7,2
n1c(n(S(=O)(c2ccc(cc2)C)=O)cc1)Oc1ccc(cc1)F,MOSES sample,524,332.356,23,61.19,3.35992,4,3
c1(ccccc1)C(c1nnnn1-c1ccc(Cl)cc1)N1CCOCC1,MOSES sample,525,355.829,25,56.07,2.7373,4,4
O=S(N)(=O)c1cc(C(=O)NC2(CC2)c2cccc(c2)Cl)co1,MOSES sample,526,340.788,22,102.4,1.9995,4,3
CCn1c(C(=O)NCc2ccco2)cc2ccccc21,MOSES sample,527,268.316,20,47.17,3.1842,4,3
COc1cc(C(=O)Nc2ccc(F)cc2F)cc(OC)c1C,MOSES sample,528,307.296,22,47.56,3.54272,4,2
c12nccn2CC(CN(Cc2cocc2)C1)C(=O)N1CCOCC1,MOSES sample,529,330.388,24,63.74,0.9669,3,4
O=C(CN1CCOC(Cn2cccn2)C1)N(C1CCCCC=1)C1CC1,MOSES sample,530,344.459,25,50.6,2.0328,6,4
CC(CN(C)C(=O)c1cccc(Cl)c1)c1ccccn1,MOSES sample,531,288.778,20,33.2,3.6107,4,2
c1cc(c(c(NC(=O)c2sccc2SC)c1CC)C=CO)O,MOSES sample,532,335.45,22,69.56,4.519,5,2
c1c(S(Nc2c(C)cccc2C)(=O)=O)ccc(NC(C(C)C)=O)c1,MOSES sample,533,346.452,24,75.27,3.69874,5,2
O=C(C(C)NC(Nc1ccccc1)=O)NCCCC,MOSES sample,534,263.341,19,70.23,2.1129,6,1
c1(c(C(=O)CCC(=O)N2CCNC(C2)=O)cc(cc1)F)F,MOSES sample,535,296.273,21,66.48,0.8861,4,2
c1cc(ccc1)C(c1ncccc1)Nc1ccc(-c2nc(no2)C)cn1,MOSES sample,536,343.39,26,76.73,4.03652,5,4
c1(n(nc(C)c1CC(=O)Nc1cc(ccc1F)C)-c1ccccc1)C,MOSES sample,537,337.398,25,46.92,4.11786,4,3
n1(nc(C)n(c1=O)Cc1nc2ccsc2c([nH]1)=O)C(C)(C)C,MOSES sample,538,319.39,22,85.57,1.45452,2,3
o1nc(c(c1C)C(N1CCN(C2CCCC2O)CC1)=O)C,MOSES sample,539,293.367,21,69.81,0.96264,2,3
c1cc(cc(F)c1)CC(N(Cc1nc2c([nH]1)cc(cc2)C)C)=O,MOSES sample,540,311.36,23,48.99,3.21152,4,3
C(=O)(c1csc(CO)n1)Nc1sc2CCCc2n1,MOSES sample,541,281.362,18,75.11,1.8329,3,3
c1(n(-c2ccccc2)nnn1)CS(=O)(c1c(c(cc(c1C)C)C)C)=O,MOSES sample,542,356.451,25,77.74,2.86988,4,3
Cc1ccccc1CN(C)C(=O)CCNS(=O)(=O)c1cccnc1,MOSES sample,543,347.44,24,79.37,1.71702,7,2
C(N(C(CC)CC)C)(=O)c1c(F)c(OC)ccc1,MOSES sample,544,253.317,18,29.54,3.0949,5,1
OCCN(CCO)C(CCc1cc(N)c(cc1)C)=O,MOSES sample,545,266.341,19,86.79,0.32302,7,1
c1ccc(cc1CCC(Nc1c(C(=O)N)n(nc1C)C)=O)O,MOSES sample,546,302.334,22,110.24,1.10432,5,2
c12c(cc3c(nc(n3CCO)C(Cl)(Cl)Cl)c1)OCCCO2,MOSES sample,547,351.617,21,56.51,3.0166,2,3
C(C1CCNCC1)(OCCc1ccc(cc1)Cl)=O,MOSES sample,548,267.756,18,38.33,2.4253,4,2
s1ccc(c1)CC(=O)N1C(c2onc(n2)C2CC2)CCC1,MOSES sample,549,303.387,21,59.23,2.9147,4,4
c1(nc(oc1C)CN(C)Cc1nc(no1)-c1sccc1)C,MOSES sample,550,304.375,21,68.19,3.03494,5,3
c1cc2c(OCO2)cc1CNc1nc(SC)ncc1,MOSES sample,551,275.333,19,56.27,2.5393,4,3
N(C(c1ccc(cc1)OC)=O)c1ccc(C(=O)C)cc1,MOSES sample,552,269.3,20,55.4,3.1501,4,2
C(c1ccc(NC(=O)NCc2nc(C3CC3)no2)cc1)(=O)NC,MOSES sample,553,315.333,23,109.15,1.6283,5,3
Cc1nnc(NC(=O)c2cc(-c3ccccc3)[nH]n2)s1,MOSES sample,554,285.332,20,83.56,2.48892,3,3
Cc1cc(C)cc(-c2ccc(-n3cnnc3)nc2C)c1,MOSES sample,555,264.332,20,43.6,3.25456,2,3
c1ccc2nnn(CCC(=O)NCCCC)c(c2c1)=O,MOSES sample,556,274.324,20,76.88,1.0979,6,2
c1(cc(C2CCCN2C(=O)Cc2ccc[nH]2)no1)C(C)C,MOSES sample,557,287.363,21,62.13,3.0323,4,3
n1(CC(Nc2c(C)cccc2C)=O)nnc(COc2ccccc2)n1,MOSES sample,558,337.383,25,81.93,2.50764,6,3
Cc1csc(CNc2ccc(NC(=O)CC(C)C)cc2)n1,MOSES sample,559,303.431,21,54.02,4.04822,6,2
N(Cc1ccccc1)C(C(C(C)C)Sc1ncnc(N)n1)=O,MOSES sample,560,317.418,22,93.79,1.8869,6,2
CC(CO)NC(=O)c1ccn(-c2ccc(F)cc2)n1,MOSES sample,561,263.272,19,67.15,1.122,4,2
CN(C(=O)c1cccc(OC)c1O)Cc1cnn(-c2ccccc2)c1,MOSES sample,562,337.379,25,67.59,2.8587,5,3
c1(cccc(c1)C#N)NC(=O)Cn1c2ccccc2nc1,MOSES sample,563,276.299,21,70.71,2.54668,3,3
n1cccn(CCCNC(c2c(cccc2)OC(F)F)=O)c1=O,MOSES sample,564,323.299,23,73.22,1.6648,7,2
O=C(Nc1scc(n1)CC(OCC)=O)c1coc2CCCC(=O)c12,MOSES sample,565,348.38,24,98.5,2.613,5,3
Cc1cc(S(=O)(=O)N(C)C)cnc1N1CCCC1,MOSES sample,566,269.37,18,53.51,1.24052,3,2
O=C(Nc1cccc2ccccc12)c1cnn(-c2ccccc2)n1,MOSES sample,567,314.348,24,59.81,3.6728,3,4
Cc1ccnc2nc(C(=O)Nc3nnc(-c4ccccc4)s3)nn12,MOSES sample,568,337.368,24,97.96,2.20352,3,4
c1(ccc(C(F)(F)F)cn1CC(Nc1cc2c(cc1)COC2)=O)=O,MOSES sample,569,338.285,24,60.33,2.536,3,3
CCN(S(=O)(=O)c1c2c([nH]c1)cccc2)CC(NC(C)C)=O,MOSES sample,570,323.418,22,82.27,1.7031,6,2
c1(c(cc(C(=O)Nc2c(OC)cccc2)cc1OC)OC)OC,MOSES sample,571,317.341,23,66.02,2.9733,6,2
C=CCNC(=O)c1c2cccc(Cl)c2c(OC)cn1,MOSES sample,572,276.723,19,51.22,2.8126,4,2
c1(NC(=O)Cn2cccc(c2=O)C(F)(F)F)ccccc1,MOSES sample,573,296.248,21,51.1,2.5058,3,2
CCC1CCCCN1C(NCc1cscn1)=O,MOSES sample,574,253.371,17,45.23,2.6172,3,2
N(C(=O)NCC1(CC1)CO)C1CCCN(C1=O)Cc1ccccc1,MOSES sample,575,331.416,24,81.67,1.2493,6,3
c1c(C)ncc(c1)C(=O)Nc1c(nn(c1C)-c1ccc(cc1)C)C,MOSES sample,576,320.396,24,59.81,3.75328,3,3
[nH]1nc(-c2c(cccc2)OC)c(CN2CCN(C(C(N)=O)C)CC2)c1,MOSES sample,577,343.431,25,87.48,1.0767,6,3
c1(c(C)sc(n1)Cc1[nH]c(c2c(C)c(C(=O)OC)sc2n1)=O)C,MOSES sample,578,349.437,23,84.94,2.74376,3,3
c1cccc(-c2ncoc2C(N2C(COCC2)(C)C)=O)c1,MOSES sample,579,286.331,21,55.57,2.5926,2,3
CN(C(=O)c1sc(-c2ccsc2)nc1C)c1ccccc1C#N,MOSES sample,580,339.445,23,56.99,4.3283,3,3
O=C(Nc1ncccn1)c1ccc(C(c2ccccc2)=O)cc1,MOSES sample,581,303.321,23,71.95,2.9599,4,3
c1(OCc2cccc(NC(C)=O)c2)cc(Cl)ccc1C(N)=O,MOSES sample,582,318.76,22,81.42,2.9763,5,2
N(c1cc(ncc1)C)C(Cc1c[nH]c2ccccc12)=O,MOSES sample,583,265.316,20,57.78,3.05252,3,3
N1(CCN(CC1)c1nc(cc(n1)C)NCC)Cc1nocc1,MOSES sample,584,302.382,22,70.32,1.52702,5,3
COc1ccc(OC)c(CNC(=O)Nc2cccc(OC(F)F)c2)c1,MOSES sample,585,352.337,25,68.82,3.6269,7,2
c1cc(C(=O)NCc2n[nH]c(C3CC3)c2)cc2ccccc21,MOSES sample,586,291.354,22,57.78,3.3703,4,4
CCn1c(=O)c2c(nc3n(C(C)C)c(C)c(C)n23)n(C)c1=O,MOSES sample,587,303.366,22,66.23,1.36704,2,3
Cc1c(Cn2c(=O)ccc(c2)SCC(C)C)c(on1)C,MOSES sample,588,292.404,20,48.03,3.24954,5,2
C1CC(CC(=O)N)CCN1C(=O)NCCCSc1ccccc1,MOSES sample,589,335.473,23,75.43,2.4658,7,2
CNC(=O)c1cccc(NC(=O)NCc2ccccn2)c1,MOSES sample,590,284.319,21,83.12,1.7629,4,2
c1cnc(cc1)Cn1c(cc(C(F)F)n1)NC(c1cc(C)n[nH]1)=O,MOSES sample,591,332.314,24,88.49,2.54782,5,3
Brc1ccccc1S(=O)(=O)Nc1c(cccc1C)N,MOSES sample,592,341.23,19,72.19,3.14052,3,2
CCOc1ccc(C(=O)N(Cc2cc3cc(C)ccc3[nH]c2=O)C)cc1,MOSES sample,593,350.418,26,62.4,3.50742,5,3
O(c1cc2c(SC(C)(C)C(=O)N2)cc1N)CC,MOSES sample,594,252.339,17,64.35,2.4903,2,2
C1CCCN(C(c2cccc(c2)C(=O)OCc2ccccn2)=O)C1,MOSES sample,595,324.38,24,59.5,3.0647,4,3
C1Oc2ccc(C)cc2C(C1C(=O)NCCCOCC)=O,MOSES sample,596,291.347,21,64.63,1.72912,6,2
C(=O)(Nc1cccc(NC(=O)C)c1)N1CCN(CC1)C(C)=O,MOSES sample,597,304.35,22,81.75,1.341,2,2
c1cc2c(cc1)CC(C(N1CC(CCC1)O)=O)N(C2)C(=O)C,MOSES sample,598,302.374,22,60.85,0.9431,1,3
O=c1n(cccc1NC(NC1CCOCC1)=O)Cc1ccccc1,MOSES sample,599,327.384,24,72.36,2.1971,4,3
c1ccc(cc1)N(C(=O)c1nn(cc1)-c1ccc(cc1)F)CC,MOSES sample,600,309.344,23,38.13,3.6781,4,3
n1c(c2C(CC(Cc2[nH]1)(C)C)=O)-c1ccc(Cl)cc1,MOSES sample,601,274.751,19,45.75,3.8852,1,3
CC(=O)Nc1ccc(CNC(=O)c2ccoc2)cc1,MOSES sample,602,258.277,19,71.34,2.168,4,2
c1c(SC)cccc1NC(C(C)Sc1n(N)c(C)nn1)=O,MOSES sample,603,323.447,21,85.83,2.14152,5,2
O=C(OC)C(C1CC1)c1c(cc(cc1)Br)F,MOSES sample,604,287.128,16,26.3,3.2548,3,2
Cc1cc(CCNC(=O)Nc2ccc(C#N)cc2)on1,MOSES sample,605,270.292,20,90.95,2.2189,4,2
c1(ccc(-n2c(C)c(nn2)C(NCCCC)=O)cc1)Br,MOSES sample,606,337.221,20,59.81,2.86812,5,2
Cc1ccc(CNS(=O)(=O)N2CCCCC2)c(C)c1,MOSES sample,607,282.409,19,49.41,2.12374,4,2
O(CC)C(N1CCN(CC1)Cc1ccc(c(c1)F)C(OC)=O)=O,MOSES sample,608,324.352,23,59.08,1.8864,4,2
c1c(N)cc(cc1)C(c1cc(Cl)ccc1OC)=O,MOSES sample,609,261.708,18,52.32,3.1618,3,2
CCOC(=O)c1ncsc1NC(=O)c1ccc(-c2ccccc2)o1,MOSES sample,610,342.376,24,81.43,3.8321,5,3
c1c(ccc2n(C)c(nc21)C1CC1)NC(c1ccc(C)[nH]c1=O)=O,MOSES sample,611,322.368,24,79.78,2.69972,3,4
CCN(Cc1ccccc1NC(=O)NC(C)CCC)C(C)=O,MOSES sample,612,305.422,22,61.44,3.3651,7,1
c1c(C(=O)NCCNC(=O)OC(C)(C)C)c(F)ccc1,MOSES sample,613,282.315,20,67.43,2.0802,4,1
N(C(C1CC1)=O)c1ccc(c(C)c1)NC(=O)c1cc(c(OC)cc1)F,MOSES sample,614,342.37,25,67.43,3.74352,5,3
Cc1cc(NC(=O)CCc2nc(C)no2)c2ncccc2c1,MOSES sample,615,296.33,22,80.91,2.80594,4,3
C1CC(CCC1)S(=O)(=O)N(CC)CC(NCc1ccccc1)=O,MOSES sample,616,338.473,23,66.48,2.2872,7,2
O=C(C1N(CCC1)C(=O)c1cc(ncc1)F)OC,MOSES sample,617,252.245,18,59.5,0.9983,2,2
n1cc(ccc1C)OCC#CCNC(=O)C(C)(OC)C,MOSES sample,618,276.336,20,60.45,1.31342,5,1
C(N1CCC(CC1)NC(=O)OC(C)(C)C)C(=O)c1cc([nH]c1C)C,MOSES sample,619,335.448,24,74.43,2.80334,4,2
c1c(c(CC(=O)Nc2cc(CO)ccc2)ccc1)Cl,MOSES sample,620,275.735,19,49.33,3.0135,4,2
Cc1occc1CN(C)C(=O)Cn1cc(Br)ccc1=O,MOSES sample,621,339.189,20,55.45,2.17082,4,2
c1(C(OCC)=O)nc(on1)COc1c(n(C)nc1C)C,MOSES sample,622,280.284,20,92.27,1.17564,5,2
COCc1ccc(C(=O)N2CC3CC(O)C(O)CC3C2)o1,MOSES sample,623,295.335,21,83.14,0.6298,3,3
CC(NC(=O)NCc1cccnc1)c1ccccc1Cl,MOSES sample,624,289.766,20,54.02,3.2954,4,2
c1ccc2c(N(CC(N(C(=O)NC3CC3)C)C)CCCO2)c1,MOSES sample,625,303.406,22,44.81,2.4678,4,3
c1(cnc(NCCCOC)c(c1)Cl)C(F)(F)F,MOSES sample,626,268.666,17,34.15,3.2022,5,1
O=C1C(CCN1c1ccccc1)NC(NCc1nc(sc1)NC)=O,MOSES sample,627,345.428,24,86.36,1.7895,5,3
N(C(=O)Cn1c2c(cccc2)nc1CO)C(C)CC,MOSES sample,628,261.325,19,67.15,1.4433,5,2
c1c(NC(=O)c2ccn(n2)C)c(OCC2CCCO2)ccc1,MOSES sample,629,301.346,22,65.38,2.2302,5,3
FC(c1nc2n[nH]cc2c(NCc2ccncc2)n1)(F)F,MOSES sample,630,294.24,21,79.38,2.3788,3,3
C1CN(C(c2cc(Br)cc(c2)F)=O)C(CCC1)(CO)C,MOSES sample,631,344.224,20,40.54,3.3554,2,2
C1CC(C(=O)c2ccc3c(N(CC(=O)N3)CCC)c2)CC1,MOSES sample,632,286.375,21,49.41,3.228,4,3
Cc1nnc2c(NC(=O)c3ccccn3)cccn12,MOSES sample,633,253.265,19,72.18,1.68502,2,3
C(NC(=O)c1cccn2c1cnc2)CCCN1CCOCC1,MOSES sample,634,302.378,22,58.87,1.1765,6,3
O(CC(=O)Nc1c(c(C)ccc1)C)C(=O)c1ccccc1SCC#N,MOSES sample,635,354.431,25,79.19,3.71462,6,2
CCCN1CCN(C(=O)c2cc(-c3ccncc3)nc3ccccc23)C(=1)1,MOSES sample,636,,,,,,
Cc1occc(=O)c1OCc1nc(C(=O)NC(C)(C)C)co1,MOSES sample,637,306.318,22,94.57,2.04352,4,2
CCn1nc(C(=O)N2CCc3ccccc32)c(=O)c2ccccc21,MOSES sample,638,319.364,24,55.2,2.6193,2,4
c1cc2c(n3c(=O)oc(c3=O)=Cc3ccc(cc3)O)[nH]nc2cc1,MOSES sample,639,321.292,24,95.52,2.7928,2,4
COc1cccc(C(=O)N2CCC3OC(C)CC3C2)c1OC,MOSES sample,640,305.374,22,48,2.3433,3,3
C(C)(C)OCc1ccccc1CNC(=O)Cc1[nH]ccc1,MOSES sample,641,286.375,21,54.12,2.7986,7,2
N(Cc1cc(no1)C(C)C)(C(=O)C1(CC1)c1cc(ccc1)C)C,MOSES sample,642,312.413,23,46.34,3.79662,5,3
c1c(Cn2c(NC(=O)c3c(C)nn(C)c3OC)ccn2)cccc1,MOSES sample,643,325.372,24,73.97,2.23422,5,3
CC(=O)c1cccc(S(=O)(=O)N(C)Cc2ccc(F)cc2F)c1,MOSES sample,644,339.363,23,54.45,2.9881,5,2
c1c(cccc1C(N(C)C)=O)NC(=O)CNc1c(C)cccc1CC,MOSES sample,645,339.439,25,61.44,3.30982,6,2
CCCCCNC(=O)C1CCN(S(=O)(=O)c2cnn(C)c2)CC1,MOSES sample,646,342.465,23,84.3,1.1272,7,2
c1c2c(c(c(n2Cc2ccccc2)C)C(=O)OCC)c(n(c1C)C)C,MOSES sample,647,,,,,,
COc1cc2c(cc1OC)C(C)N(C(=O)Nc1ccc(C)cc1)CC2,MOSES sample,648,340.423,25,50.8,4.16342,3,3
c1(cc(C(=O)N(C)Cc2ccccc2)n(CC)n1)C(C)C,MOSES sample,649,285.391,21,38.13,3.2986,5,2
N#Cc1nn(cn1)-c1c2c(sc(CC)c2)ncn1,MOSES sample,650,256.294,18,80.28,1.70608,2,3
Cc1c(C(F)(F)F)n[nH]c1NC(=O)c1cscn1,MOSES sample,651,276.243,18,70.67,2.44572,2,2
O=S(=O)(CC(C)C)c1ccc(cc1)CC(=O)NCc1occc1,MOSES sample,652,335.425,23,76.38,2.5682,7,2
CCC(C(=O)NCC(=O)OC)n1c(=O)oc2ccccc21,MOSES sample,653,292.291,21,90.54,0.8348,5,2
C1CC(=O)CCC1(C(=O)c1c(OC)cccc1)C,MOSES sample,654,246.306,18,43.37,3.0273,3,2
c1(C)[nH]c(c(C(=O)N(C)Cc2ccc(C)s2)cc1)=O,MOSES sample,655,276.361,19,53.17,2.32544,3,2
CCn1cc(C(=O)NCc2cc(=O)[nH]c(-c3cccnc3)n2)cn1,MOSES sample,656,324.344,24,105.56,0.9783,5,3
c1c2c(cc(F)c1)C(CC2)NCC(NCc1c(OC)cccc1)=O,MOSES sample,657,328.387,24,50.36,2.7276,6,3
C1(NC(c2cc3cc(C)ccc3[nH]2)CC(=O)N1)=O,MOSES sample,658,243.266,18,73.99,1.74692,1,3
O=C(CCCn1cncn1)N1CCC2(CCCC2)CC1,MOSES sample,659,276.384,20,51.02,2.2411,4,3
n1c(CCOc2c(Cl)cccc2)scc1CCO,MOSES sample,660,283.78,18,42.35,2.9528,6,2
c1c(OCC(F)(F)F)nccc1CNC(C1COCC1)=O,MOSES sample,661,304.268,21,60.45,1.6754,5,2
C1C(=O)N(Cc2ccc(CNC(=O)c3ccsc3)cc2)CCC1,MOSES sample,662,328.437,23,49.41,3.1906,5,3
O(C)C(c1cc(cc(c1O)NC(C)=O)Br)=O,MOSES sample,663,288.097,16,75.63,1.8997,2,1
S(CC(=O)NCCC#N)c1n(c(=O)c2c(ccc(c2)F)n1)CC,MOSES sample,664,334.376,23,87.78,1.67748,6,2
c1c(ccc(n1)N1CCC(C(=O)N)CC1)NC(C(C)C)=O,MOSES sample,665,290.367,21,88.32,1.3778,4,2
CC(C)C(=O)N1CCN(CC1)C(=O)CC1CC2CC1CC2,MOSES sample,666,292.423,21,40.62,2.1395,3,3
c1(C)cc(nc(NC(=O)N(C(C)c2c(ccc(c2)F)F)C)n1)C,MOSES sample,667,320.343,23,58.12,3.59654,3,2
O=S(=O)(N1CCOCC1)c1c(COc2ccccn2)cccc1,MOSES sample,668,334.397,23,68.73,1.6815,5,3
O(C)C(=O)c1cc(NCc2ccncn2)c(Cl)cc1Cl,MOSES sample,669,312.156,20,64.11,3.1821,4,2
N(C(N(C)C(C)c1ccco1)=O)CC(=O)Nc1c(Cl)cccc1,MOSES sample,670,335.791,23,74.58,3.2741,5,2
c1cc(ccc1C#N)-c1oc(-c2noc(c2C)C)nn1,MOSES sample,671,266.26,20,88.74,2.88012,2,3
N(C(C1N(S(CC)(=O)=O)CCCC1)=O)c1c(cccc1)OCC,MOSES sample,672,340.445,23,75.71,2.228,6,2
c1(ncn(Cc2noc(c2)C(C)C)c(c1C)=O)C1CCC1,MOSES sample,673,287.363,21,60.92,2.97892,4,3
O=S(NCc1sc2c(n1)CCOC2)(=O)c1cc(F)c(C)cc1,MOSES sample,674,342.417,22,68.29,2.14182,4,3
c1cc(CNC(=O)c2nn3CCCOc3c2)ccc1OC,MOSES sample,675,287.319,21,65.38,1.6042,4,3
c1c(C#N)cc(Cn2nccc2NC(=O)COCC)cc1,MOSES sample,676,284.319,21,79.94,1.77808,6,2
N1(CCC(Cc2ccccc2)CC1)C(=O)Cc1cnc(C)cc1,MOSES sample,677,308.425,23,33.2,3.41382,4,3
CCCC(=O)N(C)Cc1nc2ccsc2c(=O)[nH]1,MOSES sample,678,265.338,18,66.06,1.7431,4,2
Cn1nc(c(c1C)CC(=O)Nc1cnc(-n2cncn2)cc1)C,MOSES sample,679,311.349,23,90.52,1.19384,4,3
CN(C)c1nc(N)nc(CN(C)CCOc2ccccc2)n1,MOSES sample,680,302.382,22,80.4,1.0306,7,2
COC(=O)c1nn(C)c(C)c1NC(=O)c1c[nH]c(=O)cn1,MOSES sample,681,291.267,21,118.97,-0.14928,3,2
c1(cccc(c1)C(OC)=O)NC(CSc1ccccn1)=O,MOSES sample,682,302.355,21,68.29,2.599,5,2
c12ccccc2n2c(c(ccc2n1)C(=O)Nc1ccc(cc1)F)N,MOSES sample,683,320.327,24,72.42,3.4611,2,4
Cc1nc(NC(c2c(C)n(C)nc2)=O)sc1SCC#N,MOSES sample,684,307.404,20,83.6,2.36142,4,2
O=S(C(F)F)(c1ccc(CNc2cc(Cl)c(F)cc2)cc1)=O,MOSES sample,685,349.761,22,46.17,4.0875,5,2
CCOC(=O)Cn1nc(-c2ccc(C)cc2)c2c1CCNC2,MOSES sample,686,299.374,22,56.15,2.06732,4,3
C(Oc1cc2CCCc2cc1)C(=O)Nc1c(=O)c(Br)c[nH]c1,MOSES sample,687,363.211,22,71.19,2.6436,4,3
n1c(-c2cnccn2)n(CCCOc2cccc(C)c2)cc1,MOSES sample,688,294.358,22,52.83,3.11762,6,3
N(C(=O)COc1c(C(C)=O)ccc(c1)OC)C(C1CCCO1)C,MOSES sample,689,321.373,23,73.86,1.9603,7,2
c1ccc2cc(C(=O)NCC(C)(N3CCOCC3)C)[nH]c2c1Cl,MOSES sample,690,335.835,23,57.36,2.6619,4,3
c1(c[nH]nc1)S(=O)(N(C1CC1)Cc1c(cccc1)F)=O,MOSES sample,691,295.339,20,66.06,1.9021,5,3
C(=O)(c1cc(c(cc1)OC)OC)NCc1cc(ccc1)O,MOSES sample,692,287.315,21,67.79,2.3394,5,2
CCC(OCC)C(=O)Nc1c(Cl)cc(cc1)OC,MOSES sample,693,271.744,18,47.56,3.1022,6,1
N(CC(c1ccccc1C(F)(F)F)O)C(=O)c1cnc(cc1)N,MOSES sample,694,325.29,23,88.24,2.146,4,2
CCCc1cc(C(=O)NCc2cnc(C)cn2)no1,MOSES sample,695,260.297,19,80.91,1.65552,5,2
C(Sc1c2c(n(nn2)CCC)ncn1)C(N(C)C)=O,MOSES sample,696,280.357,19,76.8,0.8116,5,2
O=C(OCC)N1CCN(CC(=O)Nc2ccccc2Cl)CC1,MOSES sample,697,325.796,22,61.88,2.0526,4,2
Cc1snc(SC)c1S(=O)(=O)c1ccccc1,MOSES sample,698,285.415,17,47.03,3.00622,3,2
c1cccc2c(cccc12)CNC(c1n[nH]c(-c2ccco2)c1)=O,MOSES sample,699,317.348,24,70.92,3.7529,4,4
c1(CNS(c2c(onc2C)C)(=O)=O)ccnc(c1)OCC1CC1,MOSES sample,700,337.401,23,94.32,1.95374,7,3
CC(=O)c1sc(NC(=O)c2cccs2)nc1-c1ccccc1,MOSES sample,701,328.418,22,59.06,4.3265,4,3
O=C(Nc1cc(F)ccc1F)c1ccc(OCC(F)F)nc1,MOSES sample,702,314.238,22,51.22,3.256,5,2
c1ccc(F)c(c1)CN(C)C(CN1c2ccccc2OCCC1=O)=O,MOSES sample,703,342.37,25,49.85,2.5998,4,3
COc1cc(NC(C)(C)C)nc(C2CCN(S(C)(=O)=O)CC2)n1,MOSES sample,704,342.465,23,84.42,1.8346,4,2
N#CCCN(C1CC1)S(=O)(=O)Cc1ccccc1,MOSES sample,705,264.35,18,61.17,1.89448,6,2
c1(cccc(c1)CC(Nc1ccc2C(C(Nc2c1)=O)=O)=O)F,MOSES sample,706,298.273,22,75.27,2.1417,3,3
C1CN(C(C2CC3CCC2C3)=O)CCN1CC(=O)N(CC)CC,MOSES sample,707,321.465,23,43.86,1.4352,5,3
COc1ccc2[nH]cc(C3=CCN(CC(=O)N4CCCC4)CC3)c2c1,MOSES sample,708,339.439,25,48.57,2.888,4,4
c12nc(CC(=O)OCC)nn1c1c(c(n2)NCCO)cccc1,MOSES sample,709,315.333,23,101.64,0.7873,6,3
c1cc(oc1)CCC(N1CC(C(CC1)C(C)(C)C)O)=O,MOSES sample,710,279.38,20,53.68,2.4677,3,2
Nc1c2c(ccc1)n(cc(c2=O)C(NCCO)=O)C1CC1,MOSES sample,711,287.319,21,97.35,0.6407,4,3
c1ccc(cc1)C(CC(Nc1ccc2c([nH]c(=O)[nH]2)c1)=O)(C)C,MOSES sample,712,309.369,23,77.75,3.1626,4,3
CN(Cc1nnc2n1CCC2)C(=O)c1ccccc1N1CCCC1,MOSES sample,713,325.416,24,54.26,2.0967,4,4
c1(ccccn1)CNC(CC12CC3CC(CC(C3)C2)C1)=O,MOSES sample,714,284.403,21,41.99,3.3043,4,5
O=C(N1CCN(CC1)C(CCC(C)C)=O)NC1CCCCC1,MOSES sample,715,309.454,22,52.65,2.6091,4,2
c1csc(n1)Cn1c(=O)c2cnn(-c3ccccc3)c2nc1,MOSES sample,716,309.354,22,65.6,2.087,3,4
N(C(=O)C)c1ccc(C(=O)CN2CCCc3ccccc23)cc1,MOSES sample,717,308.381,23,49.41,3.2805,4,3
N1(CCNC(NC(CO)c2ccccc2)=O)CCOCC1,MOSES sample,718,293.367,21,73.83,0.3514,6,2
Clc1ccc(cc1)C1(C(NCCNC(=O)c2cnccc2)=O)CC1,MOSES sample,719,343.814,24,71.09,2.3128,6,3
NC(=O)c1cc(c(C(=O)C)cc1)NCC1OCCC1,MOSES sample,720,262.309,19,81.42,1.579,5,2
C(Nc1cc(cc(c1)F)F)C(=O)NC(C1CC1)C1CC1,MOSES sample,721,280.318,20,41.13,2.6815,6,3
O=C(NCc1cnccc1)COc1cc(N2CCCC2=O)ccc1,MOSES sample,722,325.368,24,71.53,1.9036,6,3
c1c(Cl)cnc(NC(=O)c2ccc(cc2)OCC=C)c1,MOSES sample,723,288.734,20,51.22,3.5521,5,2
c1(F)ccc(N(C)C(=O)c2nccc3c2cccc3)cc1,MOSES sample,724,280.302,21,33.2,3.6505,2,3
COCCNC(=O)c1cc(NC(C)=O)n(-c2ccccc2)n1,MOSES sample,725,302.334,22,85.25,1.2069,6,2
CCC1(CO)CCN(C(=O)CCSc2ccccn2)CC1,MOSES sample,726,308.447,21,53.43,2.5749,6,2
C(c1c2OC(Cc2ccc1)(C)C)(=O)N1CCN(CC1)C(CO)=O,MOSES sample,727,318.373,23,70.08,0.6768,2,3
C(c1scc(c1)C)NS(=O)(c1cnc(cc1)N)=O,MOSES sample,728,283.378,18,85.08,1.51222,4,2
c1ccccc1Cc1sc(C(NCCCO)=O)cn1,MOSES sample,729,276.361,19,62.22,1.8461,6,2
c1cc(cc(-c2cn3ccc(cc3n2)CO)c1)OCCC,MOSES sample,730,282.343,21,46.76,3.2824,5,3
O=C(c1cccc(OCC=C)c1)N(C(C)C)C1CCC1,MOSES sample,731,273.376,20,29.54,3.6545,6,2
C(C1CCOCC1)(NC(C1(CCCC1)CCOC)=O)c1cccnc1,MOSES sample,732,346.471,25,60.45,3.2624,7,3
N(C1(c2ccccc2)CC1)C(=O)c1csc(n1)NC(=O)C,MOSES sample,733,301.371,21,71.09,2.5206,4,3
c12CCN(Cc1cccc2)CC#CCNC(CC(C)C)=O,MOSES sample,734,284.403,21,32.34,2.2104,4,2
C(N1Cc2c(CC1)cc(OC)c(OC)c2)(c1noc(C)c1)=O,MOSES sample,735,302.33,22,64.8,2.19872,3,3
CC(C(=O)N1CCCC(C1)C(=O)Nc1c(C(=O)OC)cccc1)C,MOSES sample,736,332.4,24,75.71,2.3063,4,2
COc1ccc(Cn2nc(C)c3c(C)noc3c2=O)cc1,MOSES sample,737,285.303,21,70.15,2.05824,3,3
FC(CNC(C1c2ccccc2CC(=O)N1C(C)C)=O)(F)F,MOSES sample,738,314.307,22,49.41,2.1993,3,2
n1n(CCO)c(CC)c(c1CC)-c1nc2ccccc2s1,MOSES sample,739,301.415,21,50.94,3.2769,5,3
O=C(CNC1(c2ccccc2)CCC1)Nc1nncs1,MOSES sample,740,288.376,20,66.91,2.1456,5,3
C1C2CC3CC(CC1(C(Nc1nn(CCCOC)cc1)=O)C3)C2,MOSES sample,741,317.433,23,56.15,3.0745,6,5
N(c1c(CC)onc1C)C(N1CC(CC(C1)C)C)=O,MOSES sample,742,265.357,19,58.37,3.05522,2,2
C(CC(=O)Nc1ccc(C)cc1)Sc1nc(cc(n1)C)C,MOSES sample,743,301.415,21,54.88,3.52276,5,2
CCc1c(C(=O)N(Cc2cn(C)nc2)C)[nH]c(C)c1C(OC)=O,MOSES sample,744,318.377,23,80.22,1.67782,5,2
c1nccc(c1)C(CNc1cc(c(C#N)cc1)C(F)(F)F)(C)C,MOSES sample,745,319.33,23,48.71,4.36178,4,2
C(F)(F)(F)Cn1ncc(NC(=O)N(C)Cc2cc(C#N)ccc2)c1,MOSES sample,746,337.305,24,73.95,2.98098,4,2
O=C(NCCOC)CN1CCN(CC1)CC(F)F,MOSES sample,747,265.304,18,44.81,-0.3683,7,1
C(NCCN1CCN(C(=O)c2ccco2)CC1)(COC)=O,MOSES sample,748,295.339,21,75.02,-0.2,6,2
c1(Cl)cc(c(cc1OC)NC(=O)c1cn(C)nc1)OC,MOSES sample,749,295.726,20,65.38,2.343,4,2
O=C(c1cc2cn[nH]c2cc1)Nc1c(cccc1)OC,MOSES sample,750,267.288,20,67.01,2.8238,3,3
c1ccc(cc1F)-n1nnc(C(=O)NCc2nc(C)cs2)c1,MOSES sample,751,317.349,22,72.7,2.10132,4,3
O=C(Nc1ccc(C(=O)Nc2ccccn2)cc1)c1cccc(F)c1,MOSES sample,752,335.338,25,71.09,3.7253,4,3
O=C(NCc1cn[nH]n1)c1nc(N2CCCC2)ncc1Cl,MOSES sample,753,307.745,21,99.69,0.7783,4,3
CC1(O)CCN(C(=O)CCc2cnccn2)CC1O,MOSES sample,754,265.313,19,86.55,-0.2466,3,2
n1c([nH]c2ccccc12)C1CN(C1)C(=O)c1cc(C)n[nH]1,MOSES sample,755,281.319,21,77.67,1.83402,2,4
c1(c2n(c(cc(n2)CC)N2CCC(CC2)OCC(C)C)nc1)C(=O)N,MOSES sample,756,345.447,25,85.75,2.032,6,3
o1c(CSc2n(N)c(-c3c(F)cccc3)nn2)nc(CCC)n1,MOSES sample,757,334.38,23,95.65,2.4258,6,3
c1(C(O)c2ccc3c(c2)OCCO3)ccc(C)cc1,MOSES sample,758,256.301,19,38.69,2.84792,2,3
n1cn(CCOC(c2cc(c(C)s2)CC)=O)nc1,MOSES sample,759,265.338,18,57.01,2.06742,5,2
c1c(ccc2c1C1CCC(=O)N1C(CC(=O)NCc1cnccc1)C2)C,MOSES sample,760,349.434,26,62.3,2.68472,4,4
CCCNC(=O)c1cc(-c2cnc(N3CCCC3)nc2C)on1,MOSES sample,761,315.377,23,84.15,2.18002,5,3
C(C#Cc1ccc(cc1)S(=O)(=O)N)NC(C(CC)CC)=O,MOSES sample,762,308.403,21,89.26,1.2379,5,1
c1(cc(OC)c(c(c1)OC)OC)NC(=O)c1ccc(nc1)C,MOSES sample,763,302.33,22,69.68,2.66812,5,2
CNc1snc(C)c1C(=O)NCc1cccc2c1OCCO2,MOSES sample,764,319.386,22,72.48,2.19442,4,3
C(NC(C)=O)(C1c2c(CCN1)c(C)ccc2O)CC,MOSES sample,765,262.353,19,61.36,1.80212,3,2
c1(Br)cccc(c1)-n1c(c(nn1)C#N)C,MOSES sample,766,263.098,15,54.5,2.2099,1,2
C(CNC(=O)c1ccc(cc1)S(=O)(NC)=O)(F)(F)F,MOSES sample,767,296.27,19,75.27,0.8868,4,1
c1c2c(n(C)c(n2)CN(C(c2ccncc2)=O)C)ccc1,MOSES sample,768,280.331,21,51.02,2.2405,3,3
NC(CC1CCN(C(COc2c(C(C)C)cccc2)=O)CC1)=O,MOSES sample,769,318.417,23,72.63,2.3028,6,2
CC(C)n1cccc(-c2nnc(NC(=O)Cc3ccccc3)o2)c1=O,MOSES sample,770,338.367,25,90.02,2.6604,5,3
C1C(N2CCC(C(N(C3CC3)Cc3ccc(C)o3)=O)C2=O)C1,MOSES sample,771,302.374,22,53.76,2.08992,5,4
Cc1c(c2c(ncnc2SCC2OCCCC2)s1)C,MOSES sample,772,294.445,19,35.01,3.96934,3,3
O=C(C)c1cn(C)c(C(=O)NCC(C)(c2ccccc2)C)c1,MOSES sample,773,298.386,22,51.1,2.9353,5,2
C(C)(=O)c1ccccc1NCc1cc(ccc1)C(N(C)C)=O,MOSES sample,774,296.37,22,49.41,3.2031,5,2
Cc1cc(cc(c1)NC(C(=O)Nc1ccc(S(C)(=O)=O)cc1)C)C,MOSES sample,775,346.452,24,75.27,3.14604,5,2
n1c(SCc2c(Br)cc(C#N)cc2)scn1,MOSES sample,776,312.217,16,49.57,3.46458,3,2
O=C1CCc2cc(C(=O)N3CCCc4ccccc43)ccc2N1,MOSES sample,777,306.365,23,49.41,3.1643,1,4
c1c(cc(nc1)-n1ncnc1)C(N(C)CCOc1ccccc1C)=O,MOSES sample,778,337.383,25,73.14,2.12172,6,3
c1(C(=O)OCC(=O)NCc2ccc(cc2)F)sc2c(CCC2)c1,MOSES sample,779,333.384,23,55.4,2.8491,5,3
n1c(SCC(=O)NCCc2cc(C)ccc2OC)nc(nc1N)N,MOSES sample,780,348.432,24,129.04,0.80402,7,2
CC1CCC(C(N)=O)CN1C(=O)NCc1ccccn1,MOSES sample,781,276.34,20,88.32,0.877,3,2
n1(-c2ccc(OC)cc2)c(=O)c2c(n3c(nc(n3)C)nn2)cc1,MOSES sample,782,308.301,23,87.2,1.14042,2,4
C(CC)CC(C(=O)NC1c2c(CCC1)[nH]c(cc2)=O)C,MOSES sample,783,276.38,20,61.96,2.6948,5,2
Cc1n(c(=O)n(C)c(c1-c1nc(sc1)-c1ncccc1)=O)C,MOSES sample,784,314.37,22,69.78,1.57792,2,3
c1(n(c2c(n(CC(OCC)=O)cn2)c(=O)[nH]1)C)=O,MOSES sample,785,252.23,18,98.98,-1.0136,3,2
N#CC(CC(=O)NCc1ccncc1)c1cccnc1,MOSES sample,786,266.304,20,78.67,1.79028,5,2
C1(C(C1)C)CNC(NC1c2c(CC1NC(C)=O)cccc2)=O,MOSES sample,787,301.39,22,70.23,1.7437,4,3
c1cc(cc(C(=O)NCCNC(Cc2c3c(cccc3)[nH]c2)=O)c1)O,MOSES sample,788,337.379,25,94.22,1.9622,6,3
Cc1nn2c(c1C)nc(C(C)C)cc2N(CC1CCOCC1)C,MOSES sample,789,316.449,23,42.66,3.33234,4,3
c1(-c2nnc(CNC(c3cc(ccc3)OC)=O)o2)sccc1,MOSES sample,790,315.354,22,77.25,2.7367,5,3
O=C(CC(c1cc(C(F)(F)F)ccc1)NC(C1(C#N)CCC1)=O)N,MOSES sample,791,339.317,24,95.98,2.43198,5,2
COc1ccccc1N1CCN(CCCC#N)CC1,MOSES sample,792,259.353,19,39.5,2.12098,5,2
N(C(c1ccc(nn1)OC)=O)c1c(C)ccc(C(OC(C)C)=O)c1,MOSES sample,793,329.356,24,90.41,2.61112,5,2
c1(cccc(c1NC(NCCS(=O)(=O)N(CC)CC)=O)C)C,MOSES sample,794,327.45,22,78.51,2.09654,7,1
C1C(C1)c1nc2c(n1C(C)(C)C)ccc(c2)NC(=O)CCOC(C)C,MOSES sample,795,343.471,25,56.15,4.4223,6,3
CCCC(C)N(C)S(=O)(=O)c1ccc(OC)c(N)c1,MOSES sample,796,286.397,19,72.63,2.0865,6,1
c1(OC)c2CCNC(C3Oc4ccccc4OC3)c2c(OC)cc1,MOSES sample,797,327.38,24,48.95,2.7306,3,4
O(CC)C(C(=O)N1CCC(C(NCc2ccco2)=O)CC1)CC,MOSES sample,798,322.405,23,71.78,1.9495,7,2
C(=O)(Nc1cc(F)ccc1C)CN(C(=O)c1ccc(cc1)C#N)CC,MOSES sample,799,339.37,25,73.2,3.1066,5,2
[nH]1c(nc(cc1=O)C)SCC(=O)NCc1ccc(cc1)C,MOSES sample,800,303.387,21,74.85,1.79524,5,2
c1(cc(OC)c(OC)cc1)C(=O)Nc1cn(nc1)CC1CC1,MOSES sample,801,301.346,22,65.38,2.5626,6,3
c1(cc(ccc1)CO)NCc1cccc(Cl)c1F,MOSES sample,802,265.715,18,32.26,3.5835,4,2
CC(C)(C)CC(NCC(NC(C(=O)N1CCCCC1)C)=O)=O,MOSES sample,803,311.426,22,78.51,1.056,5,1
C1C(=O)N(c2c(cc(cc2Cl)C)C)CC1C(N1CCN(CC1)C)=O,MOSES sample,804,349.862,24,43.86,2.08374,2,3
Cc1noc(C)c1CN1CCN(C(=O)COc2ccc(F)cc2)CC1,MOSES sample,805,347.39,25,58.81,2.15374,5,3
N(C(=O)C1CCCN1C(OC(C)(C)C)=O)Cc1cc(ccc1)N,MOSES sample,806,319.405,23,84.66,2.2845,3,2
c1(C)c2c([nH]c(nc2sc1C)CN1CCCCC1)=O,MOSES sample,807,277.393,19,48.99,2.58734,2,3
CC(n1c(C)cc(c1C)C(=O)COc1ccc(S(=O)(C)=O)cc1)C,MOSES sample,808,349.452,24,65.37,3.35104,6,2
C(NCc1ccco1)(CCCc1nc2c(scc2)c(=O)[nH]1)=O,MOSES sample,809,317.37,22,87.99,2.2167,6,3
c1c(NS(c2ccc(CC(OC)=O)cc2)(=O)=O)cc(OC)cc1,MOSES sample,810,335.381,23,81.7,2.2115,6,2
c1cc(-c2csc(NC(=O)c3c4ccccc4[nH]n3)n2)ccc1F,MOSES sample,811,338.367,24,70.67,4.0778,3,4
Nc1ccccc1NC(Nc1c(C)cc(cc1C)C)=O,MOSES sample,812,269.348,20,67.15,3.83806,2,2
COc1c(O)cc(-c2cc(no2)C2(CC2)C(=O)N2CCCC2)cc1,MOSES sample,813,328.368,24,75.8,2.7098,4,4
C(c1ccc(OC)cc1)(C1CCCN1CCOC)=O,MOSES sample,814,263.337,19,38.77,1.9887,6,2
Cc1occc1CNS(=O)(c1cnn(C)c1C)=O,MOSES sample,815,269.326,18,77.13,1.10844,4,2
Nc1cccc(OCCOCC2CCCO2)c1F,MOSES sample,816,255.289,18,53.71,1.9823,6,2
C(=C)COc1ccc(CNc2c(OC)nccc2)cc1,MOSES sample,817,270.332,20,43.38,3.2671,7,2
c1ccc(cc1)-c1sc(N(C)C)c(C(=O)OCC)c1N,MOSES sample,818,290.388,20,55.56,3.24,4,2
CN(Cc1ccsc1)C(=O)CCn1cnc2sccc2c1=O,MOSES sample,819,333.438,22,55.2,2.5682,5,3
O=C(CNc1ccc(-c2nnnn2C2CC2)cc1)N1CCCCC1,MOSES sample,820,326.404,24,75.94,2.0994,5,4
CCc1onc(C)c1C1CCCN1C(=O)Cc1ccccc1,MOSES sample,821,298.386,22,46.34,3.45162,4,3
CCCCN(C)C(=O)Cn1c(C(C)O)nc2ccccc21,MOSES sample,822,289.379,21,58.36,2.3481,6,2
c1(C2CN(Cc3ccc(OCC#C)c(c3)OC)CC2)ccccc1O,MOSES sample,823,337.419,25,41.93,3.4023,6,3
Cc1onc(c1C(NCC(Cc1ccccc1)O)=O)-c1ccccc1,MOSES sample,824,336.391,25,75.36,2.98342,6,3
c1(F)c(F)c(ccc1S(=O)(=O)Nc1c(n[nH]c1)C)F,MOSES sample,825,291.254,19,74.85,1.93622,3,2
Cc1nn(C)c(C)c1C(=O)NCC(=O)OC(C)(C)C,MOSES sample,826,267.329,19,73.22,1.10844,3,1
Cc1cnc(C(=O)N=c2sc3ccccc3n2C)cn1,MOSES sample,827,284.344,20,60.14,2.07932,1,3
c1c2c(OCOc3nc4ccccc4nc3-2)ccc1,MOSES sample,828,250.257,19,44.24,3.0255,0,4
C(C1CC1)OCCN(C)C(c1c(C)c2c(ccc(c2)C)o1)=O,MOSES sample,829,301.386,22,42.68,3.54824,6,3
c1(cccs1)S(N(CCCO)C(C)(C)C)(=O)=O,MOSES sample,830,277.411,17,57.61,1.9197,5,1
c1c(cc(Cl)c(c1)OC)NC(Cn1cnnn1)=O,MOSES sample,831,267.676,18,81.93,0.9738,4,2
C(C)(C)OCCCNC(Cc1c(nc([nH]c1=O)C)C)=O,MOSES sample,832,281.356,20,84.08,0.86054,7,1
Fc1ccccc1CC(NC(C(=O)N1CCC1)C)=O,MOSES sample,833,264.3,19,49.41,1.1052,4,2
c1(ccsc1)CNC(C1COCC(=O)N1Cc1ccccc1)=O,MOSES sample,834,330.409,23,58.64,1.7919,5,3
O=C(COC(=O)C1CC1c1ccccc1)NC1CCCC1,MOSES sample,835,287.359,21,55.4,2.3921,5,3
c1c2c(cnc(CC(=O)NC3CCCC3)c2)cc(N)c1,MOSES sample,836,269.348,20,68.01,2.4183,3,3
c1cnc2c(c1)c(C(=O)Nc1ccc(C(C)=O)cc1)ccc2Cl,MOSES sample,837,324.767,23,59.06,4.3431,3,3
O=S(c1cc(ccc1C)C(=O)NC(CCC)C)(=O)C,MOSES sample,838,283.393,19,63.24,2.31692,5,1
N(Cc1ccc(Cl)cc1)C(=O)C(C)Sc1cc(nc(n1)C)C,MOSES sample,839,335.86,22,54.88,3.54384,5,2
c1c2CCCc2ccc1CNC(=O)c1cc(-c2nccn2CCC)[nH]c1,MOSES sample,840,348.45,26,62.71,3.7069,6,4
N(c1cccc(c1)C#N)C(=O)COc1ccccc1-c1nc(no1)C,MOSES sample,841,334.335,25,101.04,2.9342,5,3
COCCN1C(=O)Cc2ccccc2C1C(=O)NCc1cccs1,MOSES sample,842,344.436,24,58.64,2.1367,6,3
O(CC(=O)Nc1cc(c(cc1)C)C)c1c2ccccc2ncn1,MOSES sample,843,307.353,23,64.11,3.26414,4,3
c1(ccc(F)c(c1)NC(CCC1C(N=C(C)N=C1C)=O)=O)C,MOSES sample,844,303.337,22,70.89,2.88852,4,2
C(c1cc(C(N2CCN(CC2)C(CO)=O)=O)n[nH]1)(C)C,MOSES sample,845,280.328,20,89.53,-0.1902,3,2
CCN(C(=O)COc1cccc(F)c1)CC(NCC)=O,MOSES sample,846,282.315,20,58.64,1.1891,7,1
COC(=O)CNc1ccc(NC(=O)c2ccc(OC)cc2)cc1,MOSES sample,847,314.341,23,76.66,2.5324,6,2
C(COc1cc2c(nc(N(CC)CC)s2)c2c1nccc2)C#N,MOSES sample,848,326.425,23,62.04,3.98318,6,3
c1(NC(C)C)nc(-c2ccc(COC)nc2C)ccc1,MOSES sample,849,271.364,20,47.04,3.41872,5,2
c1c(c(CC(NCC(C)C)=O)ccc1Cl)OC,MOSES sample,850,255.745,17,38.33,2.6633,5,1
CC(C)COC1CCN(C(=O)CCn2nc3ccccn3c2=O)CC1,MOSES sample,851,346.431,25,68.84,1.5497,6,3
Cn1cc(NC(=O)c2nc(-c3ncccn3)no2)cn1,MOSES sample,852,271.24,20,111.62,0.5124,3,3
O=S(N1CCCC1C(=O)Nc1c(C)c(ccc1)C)(CCC)=O,MOSES sample,853,324.446,22,66.48,2.44614,5,2
c1(CC)sc(C(=O)OCc2nc(N)nc(N)n2)cc1C,MOSES sample,854,293.352,20,117.01,1.32532,4,2
C(NC)(Cc1ccc(cc1)NC(=O)C(CC)OC)=O,MOSES sample,855,264.325,19,67.43,1.3386,6,1
c1(cc(NC(=O)c2ccc3SCC(Nc3c2)=O)ccc1)C#C,MOSES sample,856,308.362,22,58.2,2.9644,2,3
NC(=O)c1ccc(N2CCOCC2)c(NC(=O)C2CCCC2)c1,MOSES sample,857,317.389,23,84.66,1.7508,4,3
n1oc2c(c(c(Br)cn2)Br)c1,MOSES sample,858,277.903,11,38.92,2.7478,0,2
c1(-c2ccc(cc2)Cl)c(Cl)c(n(cn1)CCn1nccc1)=O,MOSES sample,859,335.194,22,52.71,3.1138,4,3
CC(=O)N(C)C1CC2(CCN(S(=O)(=O)C3CC3)CC2)c2ccccc21,MOSES sample,860,362.495,25,57.69,2.4355,3,4
CCNc1nnc(SCC(=O)NCc2ccccc2)s1,MOSES sample,861,308.432,20,66.91,2.3784,7,2
c1(c(cc(F)cc1)F)N1CCCc2c1nc(s2)C(NC1CC1)=O,MOSES sample,862,335.379,23,45.23,3.3978,3,4
o1c(nc(n1)C1CC1)CCC(N1CC(Oc2c(cccc2C)C)C1)=O,MOSES sample,863,341.411,25,68.46,2.78624,6,4
c1c2sc(nc2c(cc1)F)C(=O)Nc1ncc(s1)C,MOSES sample,864,293.348,19,54.88,3.45262,2,3
N(C(=O)C)c1ccc(CC(Nc2ccc(Cl)cc2)=O)cc1,MOSES sample,865,302.761,21,58.2,3.4796,4,2
CN1C(=O)CCC(C(=O)NCC(=O)C(C)(C)C)C1c1cccnc1,MOSES sample,866,331.416,24,79.37,1.7225,4,2
CC(C)S(=O)(=O)c1ccccc1C(=O)NC(C)C(=O)NC(C)(C)C,MOSES sample,867,354.472,24,92.34,1.9017,5,1
CN(CC(=O)Nc1cc(-c2ccccn2)n[nH]1)C(=O)c1cccs1,MOSES sample,868,341.396,24,90.98,2.2439,5,3
Cc1c(C(C)C)cc2c(c1)-c1c(CCO2)c(n[nH]1)CO,MOSES sample,869,272.348,20,58.14,2.93572,2,3
c1(cc(c(C)cc1)Cl)NC(c1cc(NC(C)=O)ccc1)=O,MOSES sample,870,302.761,21,58.2,3.85912,3,2
COC(=O)CCNC(=O)C(N)c1cc(C#N)ccc1F,MOSES sample,871,279.271,20,105.21,0.37648,5,1
c1(ccc(C(Nc2nnc(CCCC)s2)=O)cc1)NC(=O)C,MOSES sample,872,318.402,22,83.98,3.0914,6,2
COc1ccccc1OCC(=O)NCCc1nc2ccccc2[nH]1,MOSES sample,873,325.368,24,76.24,2.3092,7,3
CCOC(C1=C(CN2c3ccccc3CC2)NC(=O)NC1C)=O,MOSES sample,874,315.373,23,70.67,1.5676,4,3
c1cn(c([nH]c1=O)=O)CC(=O)NC(C(=O)N)c1cc(F)ccc1,MOSES sample,875,320.28,23,127.05,-0.9815,5,2
s1c2c(ccc(c2)Cl)nc1NC(=O)CCCn1cncn1,MOSES sample,876,321.793,21,72.7,2.9601,5,3
C1(C)c2ccccc2N(C(CS(c2cccs2)(=O)=O)=O)C1,MOSES sample,877,321.423,21,54.45,2.6721,3,3
Cc1ccccc1CNc1ccc(C(=O)N2CCOCC2)cc1,MOSES sample,878,310.397,23,41.57,3.07952,4,3
c1(cc2c(cccc2c(c1)O)Br)OC,MOSES sample,879,253.095,14,29.46,3.3165,1,2
C(Nc1occ(n1)C(Nc1ncccc1)=O)(c1cccs1)=O,MOSES sample,880,314.326,22,97.12,2.6357,4,3
n1cn2CCN(C(=O)c3ccoc3)Cc2c1COC(C)C,MOSES sample,881,289.335,21,60.5,2.0571,4,3
n1nc(n2CCC(NCc3sc(nc3C)C(C)C)c21)C(C)C,MOSES sample,882,319.478,22,55.63,3.52442,5,3
c1(S(=O)(NCCn2ccnc2)=O)ccc(CC(C)C)cc1,MOSES sample,883,307.419,21,63.99,2.0601,7,2
c1cnc(cc1)C(=O)NCC(CC)c1ccccc1,MOSES sample,884,254.333,19,41.99,3.0052,5,2
CN(CC(=O)NC)C(c1c(N)ccc(c1)Br)=O,MOSES sample,885,300.156,17,75.43,0.8493,3,1
c1ccc(cn1)Cn1c2c(cn1)CN(CC2COC)Cc1occc1,MOSES sample,886,338.411,25,56.32,2.6652,6,4
N1(CCN(C(=O)C(C)CCC)CC1)Cc1c(onc1C)C,MOSES sample,887,293.411,21,49.58,2.37184,5,2
c1([nH]ncc1)C1CCCN(C(C2CCN(CC2)C(COC)=O)=O)C1,MOSES sample,888,334.42,24,78.53,1.0007,4,3
c1c(cc(CCC(=O)NC2CCCNC2=O)cc1)OC,MOSES sample,889,276.336,20,67.43,1.0226,5,2
c1ccccc1N(CC)CC(=O)N(CC(C)C#N)CC,MOSES sample,890,273.38,20,47.34,2.52108,7,1
Cc1nc(C2CCCN2c2ncnc3c2cnn3C)no1,MOSES sample,891,285.311,21,85.76,1.39622,2,4
Fc1cc(F)c(cc1)S(NCCC(=O)NCc1occc1)(=O)=O,MOSES sample,892,344.339,23,88.41,1.5426,7,2
c1c(c(ccc1)Cl)C(NC(NCCN(c1ccccc1)C)=O)CC,MOSES sample,893,345.874,24,44.37,4.2267,7,2
O=C(N1CCCCC1)c1c(CCC)[nH]c(c(c1)C(C)=O)=O,MOSES sample,894,290.363,21,70.24,2.1561,4,2
c1c(O)c2c(C(NCC2)c2c(ncs2)C)cc1OC,MOSES sample,895,276.361,19,54.38,2.40082,2,3
c1(c(ccc2c1nc1n2CCC1)Cl)C(F)(F)F,MOSES sample,896,260.646,17,17.82,3.6547,0,3
O=S(=O)(CCCOS(N(c1ccc(cc1)C)C)(=O)=O)N,MOSES sample,897,322.408,20,106.77,0.37122,7,1
CC1CN(c2ncc(cc2)S(=O)(N(C)c2ccccc2)=O)CCC1,MOSES sample,898,345.468,24,53.51,3.143,4,3
CC(CCn1cccn1)NC(=O)NCC(C)(O)c1ccsc1,MOSES sample,899,322.434,22,79.18,1.9301,7,2
c1scc(CCNC(=O)C(c2ccccc2)CC)c1,MOSES sample,900,273.401,19,29.1,3.6006,6,2
C1CC1(c1noc(c1)C)C(N(CC)c1ccc(c(F)c1)F)=O,MOSES sample,901,306.312,22,46.34,3.34592,4,3
CCOc1ccc(OC)cc1NC(=O)Cc1c(C)noc1C,MOSES sample,902,304.346,22,73.59,2.87994,6,2
c1ccnc(C(NCc2c(ccc3ccccc32)OC)=O)c1,MOSES sample,903,292.338,22,51.22,3.1734,4,3
C1(CCOCC1)C(Nc1cc(C(=O)OCCCC)ccc1)=O,MOSES sample,904,305.374,22,64.63,3.0086,6,2
O=S(=O)(N(C)Cc1c(noc1C)C)c1cc(c(OC)cc1F)C,MOSES sample,905,342.392,23,72.64,2.56826,5,2
CCOC(=O)C(c1ccc(Cl)c(Cl)c1)(C(F)(F)F)NCC,MOSES sample,906,344.16,21,38.33,3.9236,5,1
C(Oc1c(cccc1)OC)C(=O)NC(CC(C)C)(C)C#N,MOSES sample,907,290.363,21,71.35,2.51858,7,1
c1c(ccc(c1)NC(c1cc(C(C)C)on1)=O)C(C(C)C)=O,MOSES sample,908,300.358,22,72.2,3.889,5,2
c1(F)ccccc1N1CCN(c2nn3c(cc2)nnn3)CC1,MOSES sample,909,299.313,22,62.45,0.985,2,4
c1ccc(Cn2c3c(c(n(C)c2=O)=O)n(CC=C)cn3)cc1,MOSES sample,910,296.33,22,61.82,1.131,4,3
C(NC(=O)C1CC1)(C(Oc1cccc(c1)C)=O)C(C)C,MOSES sample,911,275.348,20,55.4,2.45122,5,2
c1(-c2cc(ccc2)NCc2c(cccc2)OCC=C)nnco1,MOSES sample,912,307.353,23,60.18,3.9135,7,3
c1(nc2ccc(NC(=O)NC(C)(CO)CC)cc2o1)C,MOSES sample,913,277.324,20,87.39,2.41872,4,2
C1C2N(C(CC1)COC2)c1c(c(C)c(C)nn1)C#N,MOSES sample,914,258.325,19,62.04,1.72282,1,3
O=S(=O)(c1cn[nH]c1)NCC1(CC1)Sc1ccccc1,MOSES sample,915,309.416,20,74.85,2.0129,6,3
c1c(c(-n2cccn2)ccc1F)NCc1c([nH]nc1C)C,MOSES sample,916,285.326,21,58.53,2.96344,4,3
c1cnc(c(NC)n1)C1CN(c2nccc(n2)OC)C1,MOSES sample,917,272.312,20,76.06,0.9207,4,3
c1ccc2N(C(CCc2c1)=O)CC(=O)N1CC(NCC1)=O,MOSES sample,918,287.319,21,69.72,-0.0758,2,3
c1ccccc1N(C(=O)c1c2CCc3ccccc3-c2[nH]n1)C,MOSES sample,919,303.365,23,48.99,3.4519,2,4
C(n1c(C)c(C(OCC(NC2C(CCCC2)C)=O)=O)cn1)C,MOSES sample,920,307.394,22,73.22,2.06312,5,2
N(c1cc(C)ccc1O)Cc1cc(OC)c(O)c(OC)c1,MOSES sample,921,289.331,21,70.95,3.03552,5,2
c1(c(S(N2CC(CCC2)C)(=O)=O)cc(Cl)cc1)OC,MOSES sample,922,303.811,19,46.61,2.7692,3,2
c1c(-c2cccnc2)nc(s1)N1CCN(CC1)Cc1ccccc1,MOSES sample,923,336.464,24,32.26,3.5273,4,4
CCOC(=O)c1cc(C)sc1NC(=O)Cc1cc(C)no1,MOSES sample,924,308.359,21,81.43,2.71084,5,2
C(C(C)C(=O)Nc1c(OCC2CC2)cccc1)C,MOSES sample,925,247.338,18,38.33,3.46,6,2
O=C(c1cc(ccc1)Cn1nc(-c2c(ccs2)C)oc1=O)N,MOSES sample,926,315.354,22,91.12,2.02042,4,3
n1(N)c(SCc2onc(n2)-c2c(cccc2OC)OC)nnc1C,MOSES sample,927,348.388,24,114.11,1.65982,6,3
C1CC=C(CC1)CCNC(=O)c1cccc2CCCNc21,MOSES sample,928,284.403,21,41.13,3.665,4,3
n1cn(-c2nnc(OC)cc2)c(-c2ccc(s2)-c2c(C)cccc2)n1,MOSES sample,929,349.419,25,65.72,3.76982,4,4
N(c1ccc(cc1)Cl)C(c1c(nc2c(CCCC2)c1)N)=O,MOSES sample,930,301.777,21,68.01,3.4483,2,3
CN(C)c1ncnc(c1N)Nc1cc(c(C#N)cc1)Cl,MOSES sample,931,288.742,20,90.86,2.39348,3,2
O=C(c1nn(c(=O)c2c1cccc2)C(C)C)N(CCOC)C,MOSES sample,932,303.362,22,64.43,1.6958,5,2
c1coc(CNC(=O)CNS(=O)(c2ccc(cc2)C(C)(C)C)=O)c1,MOSES sample,933,350.44,24,88.41,2.1718,6,2
c12c(occ2CC(=O)N2CCNC(=O)C2)cccc1,MOSES sample,934,258.277,19,62.55,0.9337,2,3
N(C(=O)c1c(F)cc(OC)cc1)c1c2n(ccc1)nc(n2)C1CC1,MOSES sample,935,326.331,24,68.52,3.0067,4,4
c1c(=O)[nH]c(=O)n(c1)CCC(=O)NC(C)c1c(C)oc(c1)C,MOSES sample,936,305.334,22,97.1,1.01394,5,2
C1OCCC(C(=O)Nc2ccc(C(=O)NC(C)C)cc2)C1,MOSES sample,937,290.363,21,67.43,2.1899,4,2
O(C)c1ccc(cc1C)CNC(=O)C1C2OC(CC2)C1,MOSES sample,938,275.348,20,47.56,2.18732,4,3
Cc1nnnn1-c1ccccc1C(=O)NCc1ccccc1Cl,MOSES sample,939,327.775,23,72.7,2.55412,4,3
c1(ccccc1)N(CCNC(c1c[nH]c(=O)cc1)=O)CC,MOSES sample,940,285.347,21,65.2,1.6312,6,2
C(N(C)C)(=O)c1[nH]nc(-c2cc3c(o2)cccc3)c1,MOSES sample,941,255.277,19,62.13,2.5247,2,3
C1CC(CCC1)C1N(CCC1)C(=O)CCc1onc(C)n1,MOSES sample,942,291.395,21,59.23,2.88192,4,3
c1(CNCCOC)cc(c(OC)c(Cl)c1OC)Cl,MOSES sample,943,294.178,18,39.72,2.7466,7,1
c1cc(c(cc1)CNC(CNC(=O)Nc1cnccc1C)=O)C,MOSES sample,944,312.373,23,83.12,2.13634,5,2
c1c(C)sc(C(NC(CC)c2cc([nH]c(n2)C(C)(C)C)=O)=O)c1,MOSES sample,945,333.457,23,74.85,3.31842,4,2
C#CCN1CCC(C(N2CCCC(C2)n2ncc(c2)C)=O)CC1,MOSES sample,946,314.433,23,41.37,1.70022,3,3
CCCCS(=O)(=O)N1CCNC(=O)C1c1ccccc1,MOSES sample,947,296.392,20,66.48,1.2894,5,2
c1(cc(ccc1)C(=O)Nc1ccn(n1)-c1ccccc1)Br,MOSES sample,948,342.196,21,46.92,3.8871,3,3
c1(F)ccc(cc1)CNc1nnnn1-c1ccccc1,MOSES sample,949,269.283,20,55.63,2.4135,4,3
CC(CNC(=O)c1cccs1)CN(C)C(=O)OC(C)(C)C,MOSES sample,950,312.435,21,58.64,2.9809,5,1
c1cc(ccc1)C(OC(Cn1ncc2c(c1=O)cccc2)C)=O,MOSES sample,951,308.337,23,61.19,2.642,4,3
c1(OCCNC(C2CCN(C(C)=O)CC2)=O)cccnc1,MOSES sample,952,291.351,21,71.53,0.8351,5,2
c1c(Cn2c(C)ncc2)cccc1NC(NCCC(NCC#C)=O)=O,MOSES sample,953,339.399,25,88.05,1.50082,7,2
CN1CCN(C(=O)CCc2nc3ccccc3n2C(F)F)CC1,MOSES sample,954,322.359,23,41.37,2.138,4,3
c1ccc(cc1F)C(=O)Nc1cc(ccc1C)S(=O)(NC(C)C)=O,MOSES sample,955,350.415,24,75.27,3.07312,5,2
CCOC(=O)c1c(C)csc1NC(=O)c1cccc(OC)c1,MOSES sample,956,319.382,22,64.63,3.49412,5,2
N1(c2nc3ccccn3c(=O)c2)c2ccccc2CC1,MOSES sample,957,263.3,20,37.61,2.3887,1,4
O1COc2c1cc(cc2)C(=O)N1Cc2c(CC1)nc(s2)NC(C)=O,MOSES sample,958,345.38,24,80.76,2.0287,2,4
C(NCCC)(=O)c1cc(ccc1Br)OC,MOSES sample,959,272.142,15,38.33,2.5975,4,1
C1CC(C)CCN1S(NC(c1nc2ccccc2[nH]1)C)(=O)=O,MOSES sample,960,322.434,22,78.09,2.1902,4,3
C(c1ccccc1Br)n1cnc2c(scc2)c1=O,MOSES sample,961,321.199,18,34.89,3.2688,2,3
Cc1cc(C)nc(N2CCCC(c3n[nH]c(-c4ccccc4)n3)C2)n1,MOSES sample,962,334.427,25,70.59,3.26254,3,4
Cc1cc(NCCc2noc(C(C)C)n2)nc(-c2ccncc2)n1,MOSES sample,963,324.388,24,89.62,3.00802,6,3
CN(C)C(C(=O)N1CCC(CC1)(C(=O)OC)c1ccccc1)C,MOSES sample,964,318.417,23,49.85,1.6699,4,2
C1C(NCCN1Cc1c(S(C(F)F)(=O)=O)cccc1Cl)=O,MOSES sample,965,338.763,21,66.48,1.2681,4,2
CCc1c(CC(Nc2cc(ccc2-n2cccn2)Cl)=O)c(no1)C,MOSES sample,966,344.802,24,72.95,3.56572,5,3
CCOC(=O)c1cnn(-c2ccc(F)cc2F)c1C,MOSES sample,967,266.247,19,44.12,2.63562,3,2
c1cc(ccc1F)S(N(CC(=O)NC)CC)(=O)=O,MOSES sample,968,274.317,18,66.48,0.5823,5,1
c1cc(C(N(CC)C(C)c2ccccc2)=O)ccc1CNC(=O)N,MOSES sample,969,325.412,24,75.43,3.0782,6,2
C(C(N1CC2(CC1)CCN(c1ncc(cn1)C)CC2)=O)(C)C,MOSES sample,970,302.422,22,49.33,2.25992,2,3
C(CNC(=O)c1cc2c(cc1)[nH]cn2)(O)c1ccc(cc1)Cl,MOSES sample,971,315.76,22,78.01,2.6797,4,3
C(c1cc(ccc1)NCC(=O)N1CC(C)CC(C1)C)(N)=O,MOSES sample,972,289.379,21,75.43,1.7019,4,2
C1C(C1)c1sc(nn1)NC(c1oc(C)c(S(=O)(N)=O)c1)=O,MOSES sample,973,328.375,21,128.18,1.21662,4,3
c1(c(=O)n(CCC)c(cc1)C(C)(C)C)-c1nc(NCC)sc1,MOSES sample,974,319.474,22,46.92,4.1111,5,2
c1c(ccc(c1)Nc1ncnc2c1[nH]cn2)C(=O)NC,MOSES sample,975,268.28,20,95.59,1.4561,3,3
c1nc(ncc1)-n1cc(NCc2c(C)nc(s2)C)cn1,MOSES sample,976,286.364,20,68.52,2.34774,4,3
c1ccnc(c1C(NCc1ccco1)=O)Sc1ccccc1,MOSES sample,977,310.378,22,55.13,3.7558,5,3
O(CCNC(C1CCN1C(=O)OC(C)(C)C)=O)c1ccc(cc1)F,MOSES sample,978,338.379,24,67.87,2.3301,5,2
c1ccccc1Oc1nccc(CNC(c2cnc(cc2)OC)=O)c1,MOSES sample,979,335.363,25,73.34,3.2075,6,3
c1(c[nH]c2c1cccc2)CC(=O)N(C)Cc1cc(on1)C,MOSES sample,980,283.331,21,62.13,2.66542,4,3
O=C(NCCCC(=O)N1CCC(O)CC1)c1ccccc1,MOSES sample,981,290.363,21,69.64,1.1799,5,2
Cn1cc(S(=O)(=O)NCCn2cnc3ccccc32)cn1,MOSES sample,982,305.363,21,81.81,0.7483,5,3
C(NC(c1ccoc1C)=O)c1cccc(OCC)c1,MOSES sample,983,259.305,19,51.47,2.91672,5,2
C12CN(CC(CC1)N(C2)S(CCC)(=O)=O)C(c1occc1)=O,MOSES sample,984,326.418,22,70.83,1.5558,4,4
N1(CCN(c2nccnc2)CC1)C(=O)Cn1ccc(=O)n(C)c1=O,MOSES sample,985,330.348,24,93.33,-1.3142,3,3
c1cccc(c1)CC(Nc1cc(ccc1OC)S(N)(=O)=O)=O,MOSES sample,986,320.37,22,98.49,1.5238,5,2
c1c2c(ccc1)C1CN(C(=O)c3cc(=O)c(c[nH]3)OC)CC1CC2,MOSES sample,987,324.38,24,62.4,2.1855,2,4
O=C(NCC(NCCC(OC)=O)=O)c1cscc1,MOSES sample,988,270.31,18,84.5,0.1572,6,1
CCNC(=O)CCn1cnc2c(oc3ccccc32)c1=O,MOSES sample,989,285.303,21,77.13,1.6689,4,3
C1COC2C1N(CC(C2)C(=O)NC1CCC1)Cc1ccc(F)cc1,MOSES sample,990,332.419,24,41.57,2.4738,4,4
c1c(cc(c(NC(=O)COc2ccccc2C#N)c1)Br)C,MOSES sample,991,345.196,21,62.12,3.6467,4,2
c1cc(ccc1C)S(=O)(=O)Nc1sc(c(CC)n1)C(N)=O,MOSES sample,992,325.415,21,102.15,1.91362,5,2
C(C(N(CC)C1=CCCCC1)=O)Sc1nc(N)nc(n1)N,MOSES sample,993,308.411,21,111.02,1.4345,5,2
O(C)c1c(cc(cc1)S(N)(=O)=O)NC(c1ccc(OC)cc1)=O,MOSES sample,994,336.369,23,107.72,1.6035,5,2
Fc1c(CCC(=O)NCC(O)c2ccc(C(C)C)cc2)cn(C)n1,MOSES sample,995,333.407,24,67.15,2.465,7,2
c1ccncc1C(=O)OC(C)C(c1c(C)c(c(C)[nH]1)C(C)=O)=O,MOSES sample,996,314.341,23,89.12,2.65734,5,2
c1sccc1C(C(Nc1cnc(nc1)CC)=O)C,MOSES sample,997,261.35,18,54.88,2.8427,4,2
c12c([nH]c(=O)n(c2nc(C(=O)OCC=CC)cc1C)CC)=O,MOSES sample,998,303.318,22,94.05,1.14602,4,2
c1c(CCC)cc2[nH]c(cc(=O)n2n1)-c1ccncc1,MOSES sample,999,,,,,,
CCOC(=O)CSc1nc(-c2ccccc2OC)n[nH]1,MOSES sample,1000,293.348,20,77.1,2.1355,6,2
CNC(=O)c1cccc(CCNCc2ccccc2C(F)(F)F)c1,MOSES sample,1001,336.357,24,41.13,3.3973,6,2
COc1ccccc1C(C#N)NC(=O)C1CC(=O)N(C(C)C)C1,MOSES sample,1002,315.373,23,82.43,1.63298,5,2
c1(ccccc1)Cc1n[nH]c(CNC(c2sc(C)nc2C)=O)n1,MOSES sample,1003,327.413,23,83.56,2.39884,5,3
Cc1nc2ccccc2n1CC(=O)OCC(=O)N1CCCCCC1,MOSES sample,1004,329.4,24,64.43,2.29052,4,3
c1(C(=O)Nc2nc(C)cs2)ccc(o1)-c1ccc(cc1C)C#N,MOSES sample,1005,323.377,23,78.92,4.14392,3,3
O=C(C1CCC1)N1CCN(c2ccnc(N3CCOCC3)n2)CC1,MOSES sample,1006,331.42,24,61.8,0.7619,3,4
C(C)(C)(OC(N1CN(C(OC(C)(C)C)=O)CC1)=O)C,MOSES sample,1007,272.345,19,59.08,2.4317,0,1
c12CC(C(Nc3c(N(C)C)ccc(Cl)c3)=O)Oc2cccc1,MOSES sample,1008,316.788,22,41.57,3.3482,3,3
C(c1ccc(SCC(F)(F)F)c(c1)N)CC(=O)N,MOSES sample,1009,278.299,18,69.11,2.3411,5,1
c1c(Cl)c(c(S(N2CCOCC2)(=O)=O)cc1N)F,MOSES sample,1010,294.735,18,72.63,1.0822,2,2
Cc1ccccc1NC(C(c1nnc2CCCCCn21)C#N)=O,MOSES sample,1011,309.373,23,83.6,2.5588,3,3
COc1ccc(CC(=O)N2CC=C(c3ccccc3)CC2)cc1F,MOSES sample,1012,325.383,24,29.54,3.6927,4,3
C(c1cnccn1)CC(=O)NC(C(C)C)c1c(cc(cc1)F)F,MOSES sample,1013,319.355,23,54.88,3.2009,6,2
CC(C(=O)Nc1c(cccc1)Cl)S(=O)(c1ccccc1)=O,MOSES sample,1014,323.801,21,63.24,3.1409,4,2
Cc1ccc(C)c(S(=O)(=O)CC(=O)NC2CCC(C)CC2)c1,MOSES sample,1015,323.458,22,63.24,2.77204,4,2
Cc1ccc(NCC(=O)N2CCC(C(N)=O)CC2)c(C)c1,MOSES sample,1016,289.379,21,75.43,1.43924,4,2
C(=O)(Cc1ccccc1F)Nc1c(C)cccc1C,MOSES sample,1017,257.308,19,29.1,3.62374,3,2
CC(C)CC(CO)NC(=O)c1nc2c(F)cccc2s1,MOSES sample,1018,296.367,20,62.22,2.5722,5,2
CC(=C)Cn1c(=O)c2c3CCCc3sc2n2c1nnc2CC,MOSES sample,1019,314.414,22,52.19,2.7329,3,4
c1(ccc(cc1)NC(NCCCOC1CCCC1)=O)-c1ncc[nH]1,MOSES sample,1020,328.416,24,79.04,3.5475,7,3
Oc1cccc(c1)C(=O)OCc1ccc(c(c1)F)OC,MOSES sample,1021,276.263,20,55.76,2.8969,4,2
CN(C)c1nc(-c2cccnc2)nc2c1CCN(C(=O)CC1CC1)C2,MOSES sample,1022,337.427,25,62.22,2.2894,4,4
c1c(=O)n(CC(=O)N2CC(OCC2)CCC)c2c(cccc2)c1,MOSES sample,1023,314.385,23,51.54,2.029,4,3
COCc1c(ccc(c1)o1ccc(c(c1)OC)=O)CC#N,MOSES sample,1024,,,,,,
c1c(cc(CO)cc1)NC(=O)c1cc(c2ccccc2o1)=O,MOSES sample,1025,295.294,22,79.54,2.5376,3,3
N#CC(c1nc(C)cc(n1)C)C(c1cn(nc1C)CC)=O,MOSES sample,1026,283.335,21,84.46,2.10834,4,2
c1c(ccc(c1)S(CCOC)(=O)=O)Br,MOSES sample,1027,279.155,14,43.37,1.8692,4,1
O=C(Nc1ccccc1Br)c1cnc(cc1)C(OC)=O,MOSES sample,1028,335.157,20,68.29,2.883,3,2
C1CCC(CN1C(C1CCCCC1)=O)C(=O)N=c1[nH]cc[nH]1,MOSES sample,1029,304.394,22,81.32,1.589,2,3
O=C(CCn1cnc2c(ncnc12)N)Nc1ccc(F)cc1,MOSES sample,1030,300.297,22,98.72,1.5764,4,3
c1ccc2CCN(C(NC3CC=CC3)=O)Cc2c1OC,MOSES sample,1031,272.348,20,41.57,2.4815,2,3
c1c(C)c(NC(c2sccc2C(C)C)=O)ncc1,MOSES sample,1032,260.362,18,41.99,3.82722,3,2
COc1cc(CC(=O)Nc2c([nH]c(=O)[nH]c2)=O)ccc1,MOSES sample,1033,275.264,20,104.05,0.253,4,2
c1sc(cc1)CNC(c1ccccc1)C(OC)=O,MOSES sample,1034,261.346,18,38.33,2.752,5,2
CCCNC(=O)C1CCN(S(=O)(=O)Cc2ccccc2)CC1,MOSES sample,1035,324.446,22,66.48,1.7546,6,2
c1(CSc2nnc(-c3cccs3)n2N)nc2sccn2c1,MOSES sample,1036,334.455,21,74.03,2.7219,4,4
CC(C)NC(=O)Nc1ccccc1NC(=O)COc1ccccc1F,MOSES sample,1037,345.374,25,79.46,3.3731,6,2
C(C(C)CC(=O)OCC)NC(=O)N1CCc2c1cccc2,MOSES sample,1038,290.363,21,58.64,2.348,5,2
FC(F)(F)c1ccc(OCC(O)Cn2nnc3ccccc32)nc1,MOSES sample,1039,338.289,24,73.06,2.285,5,3
O1COc2c1cc(CNC(=O)Nc1nn(cc1)C)cc2,MOSES sample,1040,274.28,20,77.41,1.4705,3,3
CC(=O)N1CCCC1C(=O)Nc1ccccc1N1CC(C)OC(C)C1,MOSES sample,1041,345.443,25,61.88,2.2496,3,3
c1c(cc2OCCCOc2c1)C(C1NCCCC1)=O,MOSES sample,1042,261.321,19,47.56,2.1727,2,3
Cc1cccc(NC(=O)CSc2nnc(NC(=O)C3CC3)s2)c1,MOSES sample,1043,348.453,23,83.98,2.92582,6,3
COc1cc(OC)cc(C(=O)Nc2cccc(-c3ccn[nH]3)c2)c1,MOSES sample,1044,323.352,24,76.24,3.3462,5,3
COc1ccc(Cl)cc1CN1CC(C(N)=O)c2ccccc21,MOSES sample,1045,316.788,22,55.56,2.9377,4,3
C(Nc1cc(on1)C)(COc1ccc(Br)cc1F)=O,MOSES sample,1046,329.125,19,64.36,2.90212,4,2
O=S(=O)(N1CCCC1c1cc(CCC)no1)c1nc[nH]c1,MOSES sample,1047,310.379,21,92.09,1.876,5,3
c1(NCC)cc(C)nc(n1)CCc1cc(N)c(C)cc1,MOSES sample,1048,270.38,20,63.83,2.89264,5,2
CC(NCCNC(=O)c1ccc(c(OCC)c1)OC)=O,MOSES sample,1049,280.324,20,76.66,0.9598,7,1
O=C(c1c(cccc1)F)NCc1nc2scc(n2c1)C,MOSES sample,1050,289.335,20,46.4,2.77332,3,3
s1c(ncc1)NC(c1ccc(Oc2ccccc2)o1)=O,MOSES sample,1051,286.312,20,64.36,3.7807,4,3
N(Cc1cc(c(OC)c(OC)c1)OC)C(=O)N1CC(OC(C)C1)C,MOSES sample,1052,338.404,24,69.26,2.0312,5,2
CCN(Cc1nc(-c2ccccc2)no1)C(=O)c1cc2ccccc2o1,MOSES sample,1053,347.374,26,72.37,4.1451,5,4
Cc1sc(c(C(N2CCCN(S(=O)(C)=O)CC2)=O)c1)C,MOSES sample,1054,316.448,20,57.69,1.47244,2,2
s1c(C(NCC)=O)ccc1-c1ccnc2c1ccn2C,MOSES sample,1055,285.372,20,46.92,3.0515,3,3
C(C(N1CCC(C)CC1)=O)Sc1ccc(NC(C)=O)cc1,MOSES sample,1056,306.431,21,49.41,2.9956,4,2
O=C(COc1cccc(C)c1)NC1C(N(CC1)c1ccccc1)=O,MOSES sample,1057,324.38,24,58.64,2.29552,5,3
c1cccc(-n2nnc(CC(Nc3cnccc3)=O)c2C)c1,MOSES sample,1058,293.33,22,72.7,2.15192,4,3
c1cccc2C(CCOc12)NC(=O)N(CCC#N)CCC(F)(F)F,MOSES sample,1059,341.333,24,65.36,3.38788,5,2
C1C(NC(=O)c2c(C)c3c(o2)c(c(Cl)cc3)C)C1,MOSES sample,1060,263.724,18,42.24,3.59524,2,3
CCC1CN(c2cc(OC)ncn2)CCC(=O)N1Cc1ccccc1,MOSES sample,1061,340.427,25,58.56,2.5027,5,3
Cc1cc(C)n2nc(SCC(=O)Nc3cc(C)on3)nc2n1,MOSES sample,1062,318.362,22,98.21,1.76836,4,3
CCc1nnc(NC(=O)CCC(=O)N2CCc3ccccc32)s1,MOSES sample,1063,330.413,23,75.19,2.4085,5,3
n1cnc(n1C(C)C)C(OC1CC2CCC1C2)C,MOSES sample,1064,249.358,18,39.94,3.1252,4,3
Cc1cnn(Cc2nc3cnccn3c2NCc2ccco2)c1,MOSES sample,1065,308.345,23,73.18,2.48762,5,4
Oc1cc2c(ccc(CNc3sccn3)c2)cc1,MOSES sample,1066,256.33,18,45.15,3.614,3,3
c1(nc2ccccc2s1)CN(C)C(NCC(=O)N(CC)CC)=O,MOSES sample,1067,334.445,23,65.54,2.3061,6,2
Cc1occc1C(=O)Nc1ccnc2c(F)cccc12,MOSES sample,1068,270.263,20,55.13,3.52762,2,3
c1c(c(cc(-c2cc3c(o2)CCCC3)c1)Cl)C(=O)N,MOSES sample,1069,275.735,19,56.23,3.5777,2,3
CC(c1onc(n1)CNc1cccc(Br)c1C)C,MOSES sample,1070,310.195,18,50.95,3.87602,4,2
Fc1ccc(C(=O)Nc2nc3ccccc3[nH]2)cc1F,MOSES sample,1071,273.242,20,57.78,3.0934,2,3
C1(c2sc(CNCc3ccccc3-n3ccnc3)cn2)CC1,MOSES sample,1072,310.426,22,42.74,3.496,6,4
O=C(N(C)C1CCCCC1C)CCn1ncc(=O)c2ccccc12,MOSES sample,1073,327.428,24,55.2,2.8237,4,3
N(c1cccc(c1)NC(CC)=O)Cc1cnc(C)s1,MOSES sample,1074,275.377,19,54.02,3.41212,5,2
N(c1c(cc(c(OC)c1)Cl)C(=O)N)C(c1ccccc1Cl)=O,MOSES sample,1075,339.178,22,81.42,3.3532,4,2
C1(CCCCC1)NC(=O)Nc1ccc(C(OC)=O)cc1,MOSES sample,1076,276.336,20,67.43,2.9274,3,2
C(NCCc1ccccc1)(=O)Cn1c2ccccc2nc1,MOSES sample,1077,279.343,21,46.92,2.3952,5,3
Fc1cc(C(=O)OCC(=O)Nc2c(F)ccc(c2)F)cc(c1)F,MOSES sample,1078,327.233,23,55.4,3.0385,4,2
O=C(N1CCN(C)C(CC1)=O)c1ccccc1Br,MOSES sample,1079,311.179,18,40.62,1.7534,1,2
c1c(S(=O)(=O)C(F)F)ccc(C(Nc2ccc(cn2)Cl)=O)c1,MOSES sample,1080,346.742,22,76.13,2.9836,4,2
c1cc(ccc1C(=O)N1CCN(CC1)CCn1cccn1)N(C)C,MOSES sample,1081,327.432,24,44.61,1.4071,5,3
C1(COCCN1C(NCc1cc(ccc1)C#N)=O)CC(C)C,MOSES sample,1082,301.39,22,65.36,2.51478,4,2
n1nc(n2nc(-c3c(C)n(nc3)C)sc12)C1CCCC1,MOSES sample,1083,288.38,20,60.9,2.55232,2,4
C1COCCN1C(CN(C)C(=O)c1ccc(N2C(CCC2)=O)cc1)=O,MOSES sample,1084,345.399,25,70.16,0.7442,4,3
c12c(oc(C(OCC)=O)n2)CN(C1)C(OC(C)(C)C)=O,MOSES sample,1085,282.296,20,81.87,2.102,2,2
c1ccc(S(=O)(=O)Cc2[nH]c(c3c(cccc3)n2)=O)cc1,MOSES sample,1086,300.339,21,79.89,1.897,3,3
c1ccc2CC(CNc3c(cccn3)C#N)Oc2c1,MOSES sample,1087,251.289,19,57.94,2.36888,3,3
Nc1cc(CSc2ccccc2)nn1CCO,MOSES sample,1088,249.339,17,64.07,1.7499,5,2
C(NC1CCN(CC1)S(CC)(=O)=O)(=O)c1c2c(cccc2)ccc1,MOSES sample,1089,346.452,24,66.48,2.3837,4,3
n1(ncc(C(NC(Nc2cccc(C)c2)=O)C)c1)C,MOSES sample,1090,258.325,19,58.95,2.61122,3,2
C(CCC)CN(C1CC1)C(=O)c1c(C)sc(c1)C,MOSES sample,1091,265.422,18,20.31,4.15974,6,2
C(S(=O)(N1CCOCC1)=O)Cn1c(=O)onc1-c1ccccn1,MOSES sample,1092,340.361,23,107.53,-0.4397,5,3
N#Cc1ccc(NC(=O)CCCOc2ccccc2C#N)cc1,MOSES sample,1093,305.337,23,85.91,3.22766,6,2
N#Cc1ccc(C(=O)NCCc2csc(-c3ccccn3)n2)cc1,MOSES sample,1094,334.404,24,78.67,3.04928,5,3
C(Nc1c(C)cccn1)(c1nn2c(ccnc2n1)C)=O,MOSES sample,1095,268.28,20,85.07,1.38844,2,3
c1(nc(CCC(=O)N(CC(N)=O)C)on1)Cc1ccc(cc1)F,MOSES sample,1096,320.324,23,102.32,0.6758,7,2
C(N1CC2CCC(NC2C1=O)C(NCc1noc(C)c1)=O)C(C)C,MOSES sample,1097,334.42,24,87.47,0.83422,5,3
COC1CCN(C(=O)Nc2cc(OC)c(OC)cc2F)CC1,MOSES sample,1098,312.341,22,60.03,2.4856,4,2
OC(CNCc1ccccn1)c1ccc(Cl)c(Cl)c1,MOSES sample,1099,297.185,19,45.15,3.2116,5,2
O=c1n2c(ncc1C(N1C3CCCC3OCC1)=O)cccc2,MOSES sample,1100,299.33,22,63.91,1.088,1,4
COc1cc(ccc1)CNC(c1c(n(-c2cc(F)ccc2)nc1)C)=O,MOSES sample,1101,339.37,25,56.15,3.25842,5,3
C(N(C)C(=O)c1c(cccc1)NC(c1cnccc1)=O)CC,MOSES sample,1102,297.358,22,62.3,2.8159,5,2
c1c(CNC(CCc2ccc(Cl)cc2)=O)c(-n2cncn2)ncc1,MOSES sample,1103,341.802,24,72.7,2.5647,6,3
Cc1ccnc(NC(=O)c2ccccc2-n2cccn2)c1,MOSES sample,1104,278.315,21,59.81,2.82802,3,3
COCc1cc(C(=O)Nc2cc(-n3nc(C)cc3C)ccc2)ccn1,MOSES sample,1105,336.395,25,69.04,3.28284,5,3
C(=O)(N(c1sccn1)C)c1ccc(cc1)S(C(F)F)(=O)=O,MOSES sample,1106,332.353,21,67.34,2.416,4,2
CCCCc1nnc(NC(=O)CCn2cnc3ccccc32)s1,MOSES sample,1107,329.429,23,72.7,3.2592,7,3
O1CCOc2cc(c(cc21)Br)S(=O)(n1ccnc1)=O,MOSES sample,1108,345.174,19,70.42,1.6538,2,3
C1N(CCC1)C(CCNC(NC(c1ccccc1)CO)=O)=O,MOSES sample,1109,305.378,22,81.67,1.0317,6,2
C(=O)(CC)Nc1cc2c(n(CC(NCc3ccccc3)=O)cc2)cc1,MOSES sample,1110,335.407,25,63.13,3.3062,6,3
Clc1c(cc(NC(=O)NCCOC)c(c1)OC)C,MOSES sample,1111,272.732,18,59.59,2.42492,5,1
Brc1cn(nc1)C(C(Nc1ccc(cc1)C#N)=O)C,MOSES sample,1112,319.162,19,70.71,2.71698,3,2
FC(CN(C(C)C)S(=O)(c1c(nn(c1C)C)C)=O)(F)F,MOSES sample,1113,313.345,20,55.2,1.99834,4,1
Cc1nc(C)cc(NC(=O)c2cc(Cl)c3c(c2)OCO3)n1,MOSES sample,1114,305.721,21,73.34,2.72784,2,3
O=C(c1ccccc1)N1CCN(C(=O)c2cccs2)CC1,MOSES sample,1115,300.383,21,40.62,2.3463,2,3
N(c1cc(ccc1)C)c1cc(nc(n1)C)N1CCN(C(=O)CC)CC1,MOSES sample,1116,339.443,25,61.36,2.89564,4,3
C(N)(c1cnn(c1N)-c1nc(C(C)(C)C)nc(C)c1)=O,MOSES sample,1117,274.328,20,112.71,0.94932,2,2
c12c(C(NC(=O)C3CCCc4cn[nH]c43)CCCO2)cccc1,MOSES sample,1118,311.385,23,67.01,2.8597,2,4
c1(NC(c2scnc2C)=O)cc(c(F)cc1)F,MOSES sample,1119,254.261,17,41.99,2.98202,2,2
C(=O)(N)c1ccc(NC(=O)COC(=O)c2c(C)c(C)cc(c2C)C)cc1,MOSES sample,1120,354.406,26,98.49,2.81468,5,2
CCc1onc(C)c1NC(=O)C1c2ccccc2Oc2ccccc21,MOSES sample,1121,334.375,25,64.36,4.42172,3,4
O=C(NCc1ccc(OCC2CC2)nc1)c1ccc(=O)n(CC)n1,MOSES sample,1122,328.372,24,86.11,1.377,7,3
COCc1cc(=O)n(CC(=O)N(C)Cc2ccccc2)c(N)n1,MOSES sample,1123,316.361,23,90.45,0.6305,6,2
C(C)n1cc(cn1)-c1nc2c(ccc(Cl)c2)n1C,MOSES sample,1124,260.728,18,35.64,3.1101,2,3
n1(-c2ccccc2)ncc(c1)Cn1c(c2sccc2nc1)=O,MOSES sample,1125,308.366,22,52.71,2.692,3,4
COc1ncccc1NC(=O)Cc1cc(ccc1Cl)Cl,MOSES sample,1126,311.168,20,51.22,3.5782,4,2
Cc1ccccc1CCC(=O)NCCn1nc(-n2cccn2)ccc1=O,MOSES sample,1127,351.41,26,81.81,1.48642,7,3
c1cccc(c1)CCN1CCN(C(CCNC(=O)OC)=O)CC1,MOSES sample,1128,319.405,23,61.88,1.1194,6,2
c1(C(C(Sc2nnc(CO)n2C2CC2)C)=O)ccccc1OC,MOSES sample,1129,333.413,23,77.24,2.4774,7,3
CCn1c(=O)c(C)nc2cc(C(=O)NCC(C)C)ccc21,MOSES sample,1130,287.363,21,63.99,2.11062,4,2
C(OCCOc1c(cc(Br)cc1)C)C,MOSES sample,1131,259.143,14,18.46,3.17282,5,1
OC(C)CN1CCN(C(c2c(nccc2)SC)=O)CC1,MOSES sample,1132,295.408,20,56.67,0.9421,4,2
C(NC(C)=O)CNC(C(Oc1ccc(c(C)c1)C)C)=O,MOSES sample,1133,278.352,20,67.43,1.32304,6,1
c1c(C)nc2sc(-c3ccncc3)nn2c1=O,MOSES sample,1134,244.279,17,60.15,1.52142,1,3
c1(nnc(CCC(=O)N(C)C)o1)-c1cc(oc1C)C,MOSES sample,1135,263.297,19,72.37,1.96724,4,2
COc1cc(NC(=O)NC(C)C(C)CO)c(OC)cc1Cl,MOSES sample,1136,316.785,21,79.82,2.4956,6,1
Cc1ccc(-c2cc(CN3CCc4[nH]nc(C5CC54)c4C3)n[nH]2)o1,MOSES sample,1137,,,,,,
O(c1cc(ccc1C(=O)OC)S(NC(C)c1ccccc1)(=O)=O)C,MOSES sample,1138,349.408,24,81.7,2.5213,6,2
c1c(cc(OC(=O)c2c(nn3c2nc(cc3C)C)C)cc1)OC,MOSES sample,1139,311.341,23,65.72,2.88236,3,3
n1c(n[nH]c1COc1c(C)cccc1C)-c1cc(c(cc1)C)N,MOSES sample,1140,308.385,23,76.82,3.55816,4,3
Cc1cccc(c1NCC(=O)N(C1CCCCC1)C)C,MOSES sample,1141,274.408,20,32.34,3.50644,4,2
O=C(c1nc(sc1)C)NCCc1cccc2c1nccc2,MOSES sample,1142,297.383,21,54.88,2.97222,4,3
CCCNC(=O)NCc1ccc(OCc2cccnc2)cc1,MOSES sample,1143,299.374,22,63.25,2.8698,7,2
CC1CC1CNC(=O)C(NC(=O)c1ccco1)C(C)C,MOSES sample,1144,278.352,20,71.34,1.8062,6,2
C(C(N1Cc2c(c(nn2-c2ccccc2)C(OC)=O)C1)=O)C(C)C,MOSES sample,1145,327.384,24,64.43,2.5472,4,3
Cc1nc(CS(=O)(=O)c2nc(C)cs2)no1,MOSES sample,1146,259.312,16,85.95,1.11684,3,2
C1N(c2n(nnn2)-c2ccccc2C)CCN(C1)C(=O)NC(C)C,MOSES sample,1147,329.408,24,79.18,1.21072,3,3
O(c1cccc(C)c1)CCN(C)C(=O)C1CC(=O)N(C1)C(C)C,MOSES sample,1148,318.417,23,49.85,2.08912,6,2
O=C(N(C(C)C)C)c1sc(nc1)Cc1ccc(cc1)F,MOSES sample,1149,292.379,20,33.2,3.3534,4,2
c1c(cc(C2NC(NC(C)=C2C(OCCOC)=O)=O)cc1)OC,MOSES sample,1150,320.345,23,85.89,1.5127,6,2
C(OC(=O)c1sc2ncn(C)c(=O)c2c1C)C,MOSES sample,1151,252.295,17,61.19,1.48012,2,2
Cc1cc(Cl)c(S(=O)(=O)Cc2ccno2)cc1C,MOSES sample,1152,285.752,18,60.17,2.91874,3,2
CC(C)c1cc(C(=O)NCCCc2nnc3ccccn23)nc(n1)C,MOSES sample,1153,338.415,25,85.07,2.31372,6,3
C(C)(c1c(Cl)cccc1)NC(c1nccc(N)c1)=O,MOSES sample,1154,275.739,19,68.01,2.8082,3,2
O=S(=O)(C)N1CCC(C(N2CCCCCC2)=O)CC1,MOSES sample,1155,288.413,19,57.69,1.0606,2,2
c1ccsc1CNC(NCc1cc(OC)cc(c1)C)=O,MOSES sample,1156,290.388,20,50.36,3.06452,5,2
Cc1ccc(N2CCC(C(=O)NCc3cscn3)C2=O)cc1C,MOSES sample,1157,329.425,23,62.3,2.42924,4,3
CC(N1CCN(c2cc(-c3ccccc3)ncn2)CC1)C(=O)N,MOSES sample,1158,311.389,23,75.35,1.1394,4,3
CCCOc1ccc(-c2nc(COC)c(C)c(=O)[nH]2)cc1,MOSES sample,1159,288.347,21,64.21,2.68052,6,2
c1c(C)c2CCNC(c3c(F)cncc3)c2c(c1)F,MOSES sample,1160,260.287,19,24.92,2.90332,1,3
c1(C(=O)Oc2ccc(cc2)Br)cc(C(=O)N)cn1C,MOSES sample,1161,323.146,19,74.32,2.1057,3,2
c1n(ncn1)CCOc1ccc(NC(c2ccccn2)=O)cc1,MOSES sample,1162,309.329,23,81.93,2.0044,6,3
c1c(ccc(SCCCn2ccc(=O)c3c2ccs3)c1)OC,MOSES sample,1163,331.462,22,31.23,4.254,6,3
C1C2(CN(Cc3c(C)onc3C)CC2)C(N(CC2CCC2)C1)=O,MOSES sample,1164,317.433,23,49.58,2.51594,4,4
c1sc(NC(Nc2ccc(C(NCC)=O)cc2C)=O)nc1C1CC1,MOSES sample,1165,344.44,24,83.12,3.72262,5,3
n12c(C(NC3CCCCCC3)=O)nnc2cccc1,MOSES sample,1166,258.325,19,59.29,2.1819,2,3
c1ccoc1C(C=c1sc(=Cc2ccc(cc2)F)c([nH]1)=O)=O,MOSES sample,1167,315.325,22,63.07,1.6607,3,3
Cn1ncc(CCNC(=O)CC23CC4CC(CC(C4)C2)C3)c1C1CC1,MOSES sample,1168,341.499,25,46.92,3.5627,6,6
Cc1oc(C(=O)Nc2cccc(-c3cn[nH]c3)c2)cc1S(N)(=O)=O,MOSES sample,1169,346.368,24,131.08,1.87782,4,3
CC(Oc1ccccc1)C(=O)NCC1CCN(c2ncccn2)CC1,MOSES sample,1170,340.427,25,67.35,2.2767,6,3
c1(CC(=O)NCCCC(N)=O)c2c(cc(cc2)C)oc1,MOSES sample,1171,274.32,20,85.33,1.66542,6,2
Cc1cc(Br)ccc1CNC(=O)NCc1cscn1,MOSES sample,1172,340.246,19,54.02,3.21342,4,2
Cc1ccc2c(c1)C(C(=O)NCCc1ccccc1)CNC2,MOSES sample,1173,294.398,22,41.13,2.54072,4,3
CNC(=O)Nc1ccc2nn(-c3ccc(F)cc3)nc2c1,MOSES sample,1174,285.282,21,71.84,2.3109,2,3
O=C(CNC(=O)c1ccc(C)cc1Br)N(CC)CC,MOSES sample,1175,327.222,19,49.41,2.35572,5,1
CCCC(=O)Nc1ccc(NC(=O)c2scnc2C2CC2)cc1,MOSES sample,1176,329.425,23,71.09,4.0114,6,3
CC(C)N(Cc1nc2ccc(Cl)cc2c(=O)[nH]1)C(=O)C1CC=CC1,MOSES sample,1177,345.83,24,66.06,3.2797,4,3
n1nnn(c1CN1CC=C(c2ccc(O)cc2)CC1)-c1ccccc1,MOSES sample,1178,333.395,25,67.07,2.6572,4,4
O=C(N(CC)CC(NCC)=O)Cc1ccc(Br)cc1,MOSES sample,1179,327.222,19,49.41,1.9762,6,1
c1c(S(=O)(=O)CC2Oc3ccccc3OC2)cc(cc1)C,MOSES sample,1180,304.367,21,52.6,2.60872,3,3
C(Nc1[nH]nc(c1)-c1ccncc1)(=O)c1ccc(nc1)SC,MOSES sample,1181,311.37,22,83.56,2.8409,4,3
C(=O)(NCC)NC1CCN(CC1)C(Nc1ccccc1OC)=O,MOSES sample,1182,320.393,23,82.7,2.0106,4,2
CC1CN(CC(C)O1)Cc1cc(cc2CC(Oc21)CC)N,MOSES sample,1183,290.407,21,47.72,2.5915,3,3
C(CCNC(NCCc1cnccc1)=O)c1nc(cs1)C,MOSES sample,1184,304.419,21,66.91,2.32102,7,2
CC(C)NC(=O)Nc1ccc(C(=O)N2CCc3sccc3C2)cc1,MOSES sample,1185,343.452,24,61.44,3.4765,3,3
c1c(NC(=O)C(CCOC)C)cc(C(F)(F)F)cc1C(F)(F)F,MOSES sample,1186,343.267,23,38.33,4.3353,5,1
CN(C(=O)NCCN1CCN(C(=O)C(C)C)CC1)C1CCCCC1,MOSES sample,1187,338.496,24,55.89,1.7607,5,2
CCS(=O)(=O)c1ccc(O)c(NC(=O)C2CC2C)c1,MOSES sample,1188,283.349,19,83.47,1.7803,4,2
c1cc(C(Cc2ccccc2)=O)ccc1NC(=O)CC#N,MOSES sample,1189,278.311,21,69.96,2.96418,5,2
n1(nc(cc1C)C)CCC(=O)NC(CC)c1cc(ccc1F)F,MOSES sample,1190,321.371,23,46.92,3.43574,6,2
C=CCCC(=O)Nc1ccc(-c2csc(C)n2)cc1,MOSES sample,1191,272.373,19,41.99,4.02322,5,2
CCC(c1ccc(F)cc1)n1nnc(-c2nc(C(C)C)cs2)c1N,MOSES sample,1192,345.447,24,69.62,4.2457,5,3
n1c(C(N2CC(CCC2)c2[nH]ncc2)=O)cc2n1CCCO2,MOSES sample,1193,301.35,22,76.04,1.4085,2,4
n1c(cccc1)CNC(c1cc(n(-c2ccc(cc2)F)n1)N)=O,MOSES sample,1194,311.32,23,85.83,1.9186,4,3
CC(C)C(CNC(=O)N(C)Cc1ccccn1)c1cccnc1,MOSES sample,1195,312.417,23,58.12,3.0578,6,2
N(C(C)C)c1c(c(nc(n1)CCC)OCCC)N,MOSES sample,1196,252.362,18,73.06,2.6204,7,1
C1CCN(C1C(NCc1cscc1)=O)C(=O)CCC,MOSES sample,1197,280.393,19,49.41,2.1554,5,2
c1(NCCc2nc3CCC(Cc3c(n2)C)C)ccc(cc1)C(=O)C,MOSES sample,1198,323.44,24,54.88,3.76702,5,3
Cc1cc(C(=O)N2CCCC2)ccc1NC(=O)NCCO,MOSES sample,1199,291.351,21,81.67,1.34482,4,2
c1cc(sc1)-c1cc(C(N2CC(C)OC(C2)C)=O)no1,MOSES sample,1200,292.36,20,55.57,2.6525,2,3
C(OCC(F)(F)F)CCNC(=O)N1C(C)CCCC1C,MOSES sample,1201,296.333,20,41.57,2.9279,5,1
Cc1ccc(SCC(=O)N(C)C2CC2)cc1C,MOSES sample,1202,249.379,17,20.31,3.01634,4,2
c1c(C(=O)NC2CC2)c(N)nc(n1)COc1ccccc1,MOSES sample,1203,284.319,21,90.13,1.53,5,3
c1ccc(C)c(C(C)Nc2cccc(C(=O)N3CCOCC3)c2C)c1,MOSES sample,1204,338.451,25,41.57,3.94894,4,3
c1(nc(cs1)Cn1ncc(-c2ccccc2)c1)CC,MOSES sample,1205,269.373,19,30.71,3.6173,4,3
CC(C)c1nnc2CN(C(CCOc3ccc(C)c(C)c3)=O)CCn12,MOSES sample,1206,342.443,25,60.25,2.82964,5,3
c1c(ccc2NC(=O)CCc21)C(NC1(CCCCC1)C#N)=O,MOSES sample,1207,297.358,22,81.99,2.52758,2,3
CN(C(=O)CCNC(c1c(OC)cc(OC)cc1)=O)C,MOSES sample,1208,280.324,20,67.87,0.9119,6,1
N(c1c(ccc(Cl)c1)Cl)C(N1CCCC(C(OC)=O)C1)=O,MOSES sample,1209,331.199,21,58.64,3.4103,2,2
N(C1CCc2c1cccc2)C(=O)c1c2ccccc2[nH]n1,MOSES sample,1210,277.327,21,57.78,2.9802,2,4
O=C(CCc1nc(Cc2ccccc2)no1)NCc1ccccn1,MOSES sample,1211,322.368,24,80.91,2.3044,7,3
c1c(onc1-c1ccccc1)C(=O)N(C)Cc1cn(C)nc1,MOSES sample,1212,296.33,22,64.16,2.3473,4,3
N1(CC(C#N)(C)C)CCN(C(=O)c2cc(ccc2F)C)CC1,MOSES sample,1213,303.381,22,47.34,2.4417,3,2
N(CC)(C(=O)C1CN(C(C1)=O)C1CCCC1)CC,MOSES sample,1214,252.358,18,40.62,1.6459,4,2
n1n(c2ccc(C(=O)NCC3OCCC3)cc2n1)CCC,MOSES sample,1215,288.351,21,69.04,1.7501,5,3
c1c2c(nc(C(=O)Nc3cc(c(cc3)C)F)cn2)ccc1,MOSES sample,1216,281.29,21,54.88,3.32962,2,3
c1(C)c(nc(s1)NC(=O)c1scnc1C1CC1)CC,MOSES sample,1217,293.417,19,54.88,3.60012,4,3
O=S(=O)(C1CN(C(=O)C(C)(C)C)C1)NC1CCC(C)CC1,MOSES sample,1218,316.467,21,66.48,1.7414,3,2
CNc1ncnc(Nc2nc3c(C)cccc3s2)c1N,MOSES sample,1219,286.364,20,88.75,2.76222,3,3
O=C(OCC)c1c2ncn(c(=O)c2[nH]c1)C(C)Cc1ccccc1,MOSES sample,1220,325.368,24,76.98,2.705,5,3
COCC(C)NC(=O)C1CC(=O)N(c2ccc(F)c(Cl)c2)C1,MOSES sample,1221,328.771,22,58.64,1.9831,5,2
c1cc(CC)sc1S(N(CCC(F)(F)F)C)(=O)=O,MOSES sample,1222,301.355,18,37.38,2.8834,5,1
CCn1cc(NC(=O)c2cc3c(C)cc(C)cc3[nH]2)ccc1=O,MOSES sample,1223,309.369,23,66.89,3.21864,3,3
N(C(CNC(=O)C(C)(C)C)=O)c1onc(-c2ccccc2)c1,MOSES sample,1224,301.346,22,84.23,2.4424,4,2
c1cccc(NC(N(C)Cc2cccs2)=O)c1OCC,MOSES sample,1225,290.388,20,41.57,3.8107,5,2
c1(C)[nH]c(c(C)c1C(OCC)=O)C(NC(CC)CC)=O,MOSES sample,1226,280.368,20,71.19,2.72664,6,1
c1(ccc(Cl)cc1)N1CC(C(=O)N(CCCC)C)CC1=O,MOSES sample,1227,308.809,21,40.62,2.9514,5,2
c1ccc(NC(c2c(ccs2)NC(c2sccc2)=O)=O)cc1C#N,MOSES sample,1228,353.428,24,81.99,4.18588,4,3
CCCCOCC(Nc1ccc(C(NC)=O)cc1)=O,MOSES sample,1229,264.325,19,67.43,1.8014,7,1
c1cccc(c1)NC(Nc1sc2C(CCCc2n1)=O)=O,MOSES sample,1230,287.344,20,71.09,3.3061,2,3
CC(NS(=O)(=O)c1ccc2c(c1)CCC(=O)N2)c1cccs1,MOSES sample,1231,336.438,22,75.27,2.6723,4,3
Clc1cccc(c1)CNc1cc(OCCOC)ncn1,MOSES sample,1232,293.754,20,56.27,2.7673,7,2
n1c(c(ncc1)-n1nccc1)C1N(C(NCC(C)C)=O)CCC1,MOSES sample,1233,314.393,23,75.94,2.1648,4,3
O=C(c1ccco1)N1CCCC1c1ccccc1Nc1ncccn1,MOSES sample,1234,334.379,25,71.26,3.7905,4,4
O=C(C)c1c([nH]c(C(=O)NCc2ccccc2C)c1C)C,MOSES sample,1235,284.359,21,61.96,3.07256,4,2
OC(CNC(Nc1c(OC)ccc(Br)c1)=O)C,MOSES sample,1236,303.156,17,70.59,1.96,4,1
C1C(C)OC(CN1CCCNC(=O)NCCOC)C,MOSES sample,1237,273.377,19,62.83,0.4313,7,1
C1(=Nc2c(c(-c3cc(C)cc(C)c3OC)c1C#N)CCC#N)N,MOSES sample,1238,,,,,,
C1CC1N(c1c(N)cc(F)cc1)CCCOCC,MOSES sample,1239,252.333,18,38.49,2.8033,7,2
c1cc(NC(=O)N(C)CCOc2ccccc2)cnc1-n1ncnc1,MOSES sample,1240,338.371,25,85.17,2.205,6,3
c1c(F)cc(c(C)c1)NC(C(Oc1ccccc1)C)=O,MOSES sample,1241,273.307,20,38.33,3.54012,4,2
c1c(C(=O)N(C)C(C)C)ccc(NC(=O)c2ccccc2COC)c1,MOSES sample,1242,340.423,25,58.64,3.5657,6,2
C(C)(c1cccc(c1)OCC(F)(F)F)NC(c1cccnc1)=O,MOSES sample,1243,324.302,23,51.22,3.5137,5,2
Nc1n(nnc1S(=O)(CCC)=O)-c1nonc1N,MOSES sample,1244,273.278,18,155.81,-1.0016,4,2
N1C(COCC1)c1nc(SC(C(=O)OC)C)[nH]n1,MOSES sample,1245,272.33,18,89.13,0.1192,4,2
C1N(CCCCC1)C(c1cc(OC)c(c(c1)Cl)OC(C)=O)=O,MOSES sample,1246,325.792,22,55.84,3.2901,3,2
N(c1c(C(C)=O)cccc1)C(CCCSc1ccccc1)=O,MOSES sample,1247,313.422,22,46.17,4.4002,7,2
CCOC(=O)c1c(NC(=O)c2cc3ccccn3n2)sc(C)c1C,MOSES sample,1248,343.408,24,72.7,3.44164,4,3
c1(Cl)cc(C)c(OCc2c(CO)nnn2CC)cc1,MOSES sample,1249,281.743,19,60.17,2.33112,5,2
C1(CC(CN1C)C(=O)N1CC(c2nc(no2)C)CCC1)=O,MOSES sample,1250,292.339,21,79.54,0.56232,2,3
Cc1nc(C(C)(C)NC(COc2ccccc2OCC)=O)sc1,MOSES sample,1251,334.441,23,60.45,3.28052,7,2
c1cc(=NC(c2c(C)nc(o2)CC)=O)n(Cc2ccccc2)cc1,MOSES sample,1252,321.38,24,60.39,3.13632,4,3
CC1CN(CCCNC(=O)c2ccc(F)cc2Cl)CC(C)O1,MOSES sample,1253,328.815,22,41.57,2.7082,5,2
c1cc(C(=O)N(C)C)ccc1NC(=O)c1c2cccnc2ccc1,MOSES sample,1254,319.364,24,62.3,3.1889,3,3
N(C(Cc1c(noc1C)C)=O)C(C(=O)N)COC,MOSES sample,1255,255.274,18,107.45,-0.54956,6,1
C(=O)(CCc1ccccc1F)N(C)Cc1c(C)n(CC)nc1C,MOSES sample,1256,317.408,23,38.13,3.25014,6,2
N(CCC)C(CN(S(c1cc(c(OC)cc1C)C)(=O)=O)C)=O,MOSES sample,1257,328.434,22,75.71,1.45874,7,1
COc1cc(C2NCCc3c2ccc2cc[nH]c32)ccn1,MOSES sample,1258,279.343,21,49.94,2.8066,2,4
Cn1ccc(cc1=O)C(=O)N1CCC2(CC1)C(CCCC2)=O,MOSES sample,1259,302.374,22,59.38,1.7508,1,3
c12n(c(nn1)C)nc(-c1n(C)nc(C)c1Br)s2,MOSES sample,1260,313.184,17,60.9,1.96564,1,3
CCN(Cc1ccccc1Cl)S(=O)(=O)N(CC)CC,MOSES sample,1261,304.843,19,40.62,2.7485,7,1
O=C(CSc1nncn1-c1ccccc1)c1ccc2c(c1)CCCC2,MOSES sample,1262,349.459,25,47.78,4.1211,5,4
n1(c(c2c(c3ccccc3o2)nc1)=O)-c1c(Cl)cccc1,MOSES sample,1263,296.713,21,48.03,3.7853,1,4
Cn1c(SCCC(=O)Nc2ccc(Cl)cc2)nnc1C1CC1,MOSES sample,1264,336.848,22,59.81,3.4668,6,3
c1ncc(cc1C)C(N1CCN(C(C)COC)CC1)=O,MOSES sample,1265,277.368,20,45.67,1.18272,4,2
N#Cc1c(COc2c(cccc2)OC)n(-c2ccc(Cl)cc2)nn1,MOSES sample,1266,340.77,24,72.96,3.37998,5,3
C(COC)OC(C)C(=O)N=c1sccn1Cc1ccccc1,MOSES sample,1267,320.414,22,52.82,2.0767,7,2
c1(C(=O)Nc2sc(c(n2)C)C(OC)=O)nc(C)sc1,MOSES sample,1268,297.361,19,81.18,2.25534,3,2
Cc1nnc(C)c2c(C)n(CC(=O)NCc3ccco3)c(C)c12,MOSES sample,1269,312.373,23,72.95,2.57438,4,3
C(=O)(NC(C)C)c1nc(ccc1)C(NC(C)c1cnn(c1)C)=O,MOSES sample,1270,315.377,23,88.91,1.4443,5,2
C1(c2oc(nn2)CNc2ccc(C(NC(C)C)=O)c(c2)C)CC1,MOSES sample,1271,314.389,23,80.05,3.00572,6,3
O=S(NCC#Cc1cc(ccc1)Cl)(c1sccc1)=O,MOSES sample,1272,311.815,19,46.17,2.7315,3,2
CN1C(=O)C(c2c1ccc(c2)C(N1CC(=O)NCC1)C)(C)C,MOSES sample,1273,301.39,22,52.65,1.4334,2,3
O1CCN(c2cncc(c2)Br)CC1,MOSES sample,1274,243.104,13,25.36,1.6807,1,2
CCNS(=O)(=O)c1ccc(CC(=O)OC)cc1,MOSES sample,1275,257.311,17,72.47,0.7003,5,1
C(c1ccc(C2N(C(NC3CCCCNC3=O)=O)CCC2)cc1)#N,MOSES sample,1276,326.4,24,85.23,2.07348,2,3
O=S(=O)(Oc1cccc(c1)C(NC)=O)c1cc(OC)ccc1,MOSES sample,1277,321.354,22,81.7,1.8225,5,2
Brc1cc(c(cc1OC)OC)NC(C)=O,MOSES sample,1278,274.114,15,47.56,2.4247,3,1
c1cc(ccc1Oc1ncccn1)NC(=O)c1cccc(OC)c1,MOSES sample,1279,321.336,24,73.34,3.5298,5,3
c1(OC)cc(ccc1CCC(Nc1cn[nH]c1)=O)OC,MOSES sample,1280,275.308,20,76.24,1.9982,6,2
COc1cccc2c1OCC(CNC(=O)CCc1ccccn1)C2,MOSES sample,1281,326.396,24,60.45,2.3903,6,3
c1(cc(no1)C)C(=O)N1CCN(CC1)c1cccc(Cl)c1,MOSES sample,1282,305.765,21,49.58,2.59882,2,3
CNC(=O)C1CCCN(c2nc(C(F)(F)F)cc(=O)[nH]2)C1,MOSES sample,1283,304.272,21,78.09,0.7511,2,2
c1cccc2c1CCN(C2)C(=O)C1CCCN(C(=O)CCC)C1,MOSES sample,1284,314.429,23,40.62,2.61,3,3
c12ncc(c(=O)n1c(C)ccc2)C(NC1CC(CCC1)C(F)(F)F)=O,MOSES sample,1285,353.344,25,63.47,2.85382,2,3
C(OC1CCCCC1C#N)(c1ccc(cc1)-n1ccnn1)=O,MOSES sample,1286,296.33,22,80.8,2.50648,3,3
c12CN(C(C(C)NS(=O)(C)=O)=O)CCn1cc(n2)C(=O)N,MOSES sample,1287,315.355,21,127.39,-1.7381,4,2
n1c(NC(NCCSc2cn[nH]n2)=O)sc(n1)C,MOSES sample,1288,285.358,18,108.48,0.87842,5,2
C1(CC1)N(C(=O)CNC(=O)c1cccs1)Cc1cscc1,MOSES sample,1289,320.439,21,49.41,2.7306,6,3
c1c(cc(CC(C(N2CC(CCC2)(CO)O)=O)C)cc1)Cl,MOSES sample,1290,311.809,21,60.77,1.8644,4,2
c1cc(O)cc(NC(=O)c2cccc(c2)N(C)C)c1,MOSES sample,1291,256.305,19,52.57,2.7105,3,2
c1(CN2CCN(CC2)c2[nH]c(C)c(C)c(C)n2)n2cccnc2nc1,MOSES sample,1292,,,,,,
C(CC(=O)NCc1ncccc1)c1c(onc1C)C,MOSES sample,1293,259.309,19,68.02,1.93544,5,2
n1oc(C)c(c1C)C(C#N)Cc1c(OC)cc(cc1)OC,MOSES sample,1294,286.331,21,68.28,3.15852,5,2
c1ccsc1CC(N1CC(Cn2ncnc2)CCC1)=O,MOSES sample,1295,290.392,20,51.02,1.8209,4,3
N(C(=O)CNC(c1sccc1)=O)CCCN1CCOCC1,MOSES sample,1296,311.407,21,70.67,0.3164,7,2
n1n(C2CN(C2)c2ncc(c(n2)C)C(C)=O)cc(c1)C,MOSES sample,1297,271.324,20,63.91,1.55384,3,3
C(CNC(c1ccc2c(c1)n(cc2)C)=O)n1c2ccccc2nc1,MOSES sample,1298,318.38,24,51.85,2.958,4,4
N(Cc1ccc(cc1)C(=O)NCCC(O)C(C)(C)C)C(=O)C,MOSES sample,1299,306.406,22,78.43,1.8496,6,1
C1(Cc2sc3ncn4nnnc4c3c2CC1)CCC,MOSES sample,1300,273.365,19,55.97,2.639,2,4
c1c(OCC(=O)NCCn2nc(cc2)-c2ccccn2)cccc1,MOSES sample,1301,322.368,24,69.04,2.1403,7,3
CC(C)(C)OC(=O)NCCNC(=O)c1ccc2ncsc2c1,MOSES sample,1302,321.402,22,80.32,2.5508,4,2
COC(=O)c1ccc(NC(=O)CSc2nc3ccccc3o2)cc1,MOSES sample,1303,342.376,24,81.43,3.3452,5,3
C1CN(CCC1)C(=O)C1CN(C1)S(=O)(c1nc(n(C)c1)C)=O,MOSES sample,1304,326.422,22,75.51,0.36152,3,3
c1(nc(-c2ccc3[nH]cc(c3c2)CC)no1)-c1nc[nH]n1,MOSES sample,1305,280.291,21,96.28,2.5654,3,4
C(=O)(Nc1ccc(C(=O)OC)cc1)C(CC(=O)c1ccccc1)C,MOSES sample,1306,325.364,24,72.47,3.3208,6,2
c1c2c(oc(cc2CC(=O)NCc2ncc[nH]2)=O)cc(c1Cl)C,MOSES sample,1307,331.759,23,87.99,2.33682,4,3
N(C(Nc1c2OCOc2ccc1)=O)c1cccc(C#N)c1,MOSES sample,1308,281.271,21,83.38,2.93098,2,3
C(C(c1c(C[nH]c(c1)C)=O)=O)Sc1n(cnn1)C,MOSES sample,1309,,,,,,
c1cc(cc(OC)c1C(=O)NCC(C)(C)c1ccncc1)SC,MOSES sample,1310,330.453,23,51.22,3.5197,6,2
O(c1ccc(F)cc1)CC(NCc1c(onc1CC)CC)=O,MOSES sample,1311,306.337,22,64.36,2.6337,7,2
c1cc(C(=O)NCCCOc2cccc3c2nccc3)ccc1,MOSES sample,1312,306.365,23,51.22,3.4337,6,3
C(NC)(CCCN(C)C(=O)c1ccc(cc1)C(F)(F)F)=O,MOSES sample,1313,302.296,21,49.41,2.3036,5,1
FC(F)(C(N)c1cc(c(Br)cc1)OC)F,MOSES sample,1314,284.075,15,35.25,3.0198,2,1
c1cc(-c2cc(C(N3C(CCCC3C)C)=O)on2)ccc1,MOSES sample,1315,284.359,21,46.34,3.7447,2,3
CC(C)CCNC(=O)CNc1cc(F)c(F)cc1F,MOSES sample,1316,274.286,19,41.13,2.6781,6,1
c1cc2OCC(NS(c3cccs3)(=O)=O)c2cc1,MOSES sample,1317,281.358,18,55.4,2.1601,3,3
Cc1c(onc1CC)NC(N1CCC(C(c2ccccc2)O)CC1)=O,MOSES sample,1318,343.427,25,78.6,3.52292,4,3
C1CCOC1C(NC(CSc1nnc(n1N)C(F)(F)F)=O)C,MOSES sample,1319,339.343,22,95.06,0.7865,5,2
n1c(c(=O)[nH]c2c1cc(cc2)C(N(C1CCCCC1)CC)=O)C,MOSES sample,1320,313.401,23,66.06,3.02632,3,3
c1c(ccc(C)c1Cl)S(N(C)C(c1ccccn1)C#N)(=O)=O,MOSES sample,1321,335.816,22,74.06,2.9288,4,2
n1c(-c2cccc(C)c2)noc1CCC(Nc1c(c(F)ccc1)C#N)=O,MOSES sample,1322,350.353,26,91.81,3.6271,5,3
CCNC(c1c(C)nc(N)nc1C1c2c(cccc2)CCC1)=O,MOSES sample,1323,310.401,23,80.9,2.58512,3,3
c1(C)oc(CNC(=O)CSc2ccc(C)cc2)cc1,MOSES sample,1324,275.373,19,42.24,3.30494,5,2
c1ccnc2c(cccc12)OCC(=O)Nc1c(F)ccc(c1)F,MOSES sample,1325,314.291,23,51.22,3.5305,4,3
CN1CC(C(N2CCN(CC2)Cc2ccccc2)=O)CC1=O,MOSES sample,1326,301.39,22,43.86,0.8091,3,3
COc1cccc(C(=O)OCc2cc(=O)n3cccc(C)c3n2)c1F,MOSES sample,1327,342.326,25,69.9,2.50762,4,3
c1ccccc1CNC(=O)COc1ccc(cc1N)OC,MOSES sample,1328,286.331,21,73.58,1.9726,6,2
c1cnc(cn1)N1CCC2C(CCCO2)(C1)COCC,MOSES sample,1329,277.368,20,47.48,1.8886,4,3
N(C1CCCN(C1)C(=O)OC(C)(C)C)(CC#C)CC#C,MOSES sample,1330,276.38,20,32.78,1.9543,3,1
COC(=O)C1CC(O)CN1Cc1ccc(C(F)(F)F)c(F)c1,MOSES sample,1331,321.27,22,49.77,1.9527,3,2
C1CC(CCO1)N1C(CC(C1)C(NCCc1[nH]c2c(n1)cccc2)=O)=O,MOSES sample,1332,356.426,26,87.32,1.2491,5,4
CC(NC(=O)CN(CC)C(=O)CSc1ccc(c(c1)F)F)(C)C,MOSES sample,1333,344.427,23,49.41,2.8201,6,1
C(CNC(=O)C(S(=O)(c1ccc(cc1)OC)=O)C)CC,MOSES sample,1334,299.392,20,72.47,1.7737,7,1
CC(=O)c1c(C)[nH]c(C(=O)Nc2ccnc3ccnn23)c1C,MOSES sample,1335,297.318,22,92.15,2.12914,3,3
O=C(c1ccncc1)N1CCC(c2cnccn2)CC1,MOSES sample,1336,268.32,20,58.98,1.8914,2,3
c1(ccc(cc1)C(=O)OCC)NCC(c1ccccc1)O,MOSES sample,1337,285.343,21,58.56,3.0088,6,2
O(C)c1cc(-c2nn3c(nnc3CCC)s2)cc(c1OC)N,MOSES sample,1338,319.39,22,87.56,2.4047,5,3
C1(N(c2c(cccc2)CC)CC(C(=O)N2CCc3c2cccc3)C1)=O,MOSES sample,1339,334.419,25,40.62,3.1912,3,4
C1OCCN(C1)C(c1ccc2c([nH]c([nH]2)=O)c1)C(C)C,MOSES sample,1340,275.352,20,61.12,1.8855,3,3
c1(-c2c3c(CCN(S(=O)(C)=O)C3)on2)ccc(CC)cc1,MOSES sample,1341,306.387,21,63.41,2.2217,3,3
O=C(c1ccc(cc1)S(=O)(=O)N(c1c(C)cccc1C)C)N,MOSES sample,1342,318.398,22,80.47,2.22744,4,2
c1(n(C2CC2)nnn1)SCC(=O)NC(CC)C,MOSES sample,1343,255.347,17,72.7,1.0148,6,2
NC(=O)c1cc(Cl)ccc1NCC(=O)NC1CC1,MOSES sample,1344,267.716,18,84.22,1.1294,5,2
c1cccc(c1CNC(=O)c1c(ccc(C)c1)O)OC,MOSES sample,1345,271.316,20,58.56,2.63922,4,2
c1c(ccc(c1F)NC(C)=O)NC(CCCn1ncnc1)=O,MOSES sample,1346,305.313,22,88.91,1.7945,6,2
Cc1noc(C)c1CN1CCN(C(=O)C2CC2)CC1,MOSES sample,1347,263.341,19,49.58,1.34564,3,3
N(C1CCCc2cn(nc12)CCOC)C(c1sccc1)=O,MOSES sample,1348,305.403,21,56.15,2.3984,5,3
c1c(cccc1NC(=O)c1ccc(N(C)C)cc1)C#C,MOSES sample,1349,264.328,20,32.34,2.9862,3,2
N#CC(CC(=O)NCCc1ccccc1)c1ccco1,MOSES sample,1350,268.316,20,66.03,2.63578,6,2
c1cc(ccn1)C(C)NC(=O)c1c(ccc(-n2cccc2)c1)Cl,MOSES sample,1351,325.799,23,46.92,4.0167,4,3
O=C(c1c(cccc1F)F)NC(Cc1ccc(cc1)Cl)CO,MOSES sample,1352,325.742,22,49.33,2.9516,5,2
Oc1ccc(S(C(C(OC)=O)c2ccccc2)=O)cc1,MOSES sample,1353,290.34,20,63.6,2.4141,4,2
C(C)Oc1cc(ccc1)NCC(=O)Nc1c(cccc1)C(C)=O,MOSES sample,1354,312.369,23,67.43,3.3385,7,2
c1ccc(OCC(O)CNc2nccnc2C#N)c2c1cccc2,MOSES sample,1355,320.352,24,91.06,2.35328,6,3
C(OCc1cccc(c1)CNC(c1ccc(=O)n(c1)C)=O)C,MOSES sample,1356,300.358,22,60.33,1.8518,6,2
c1(nc(ccc1)C)Nc1nccnc1C1CN(C(=O)C)CCC1,MOSES sample,1357,311.389,23,71.01,2.64952,3,3
Cc1cc(=O)[nH]c(-c2ccc(NC(=O)c3cc(C)n(C4CC4)c3C)cc2)n1,MOSES sample,1358,362.433,27,79.78,3.75086,4,4
c12c(=O)n(C)c3c(c2cc(cc1)C)oc(N)c(C(C)=O)c3=O,MOSES sample,1359,298.298,22,95.3,1.73812,1,3
C(c1ccnn1C)NC(=O)NCCOCC(C)C,MOSES sample,1360,254.334,18,68.18,0.8919,7,1
C1OC(CC1)C(=O)NC(Cc1c2ccccc2[nH]c1)C(=O)OC,MOSES sample,1361,316.357,23,80.42,1.5472,5,3
FC(CC(Oc1ccc(cc1)NC(=O)C1CC1)=O)(F)F,MOSES sample,1362,287.237,20,55.4,2.8929,4,2
c1(CNC(NC(C)c2c(C)cccc2)=O)nc(C)ccc1,MOSES sample,1363,283.375,21,54.02,3.25884,4,2
c1c(NCC(N2CCc3c2cccc3)=O)ccc(c1)C(=O)N,MOSES sample,1364,295.342,22,75.43,1.7867,4,3
C1CC(c2ccccc2C1)NC(=O)c1cccc(OCC(N)=O)c1,MOSES sample,1365,324.38,24,81.42,2.3581,5,3
CCOC(c1cccc(S(NCc2cocc2)(=O)=O)c1)=O,MOSES sample,1366,309.343,21,85.61,1.9348,6,2
CCCc1nc(NCC2CCCO2)c(N)c(OCC)n1,MOSES sample,1367,280.372,20,82.29,2.0009,7,2
C(NC(Cn1nccc1)C)(Nc1sc(nn1)-c1ccccc1)=O,MOSES sample,1368,328.401,23,84.73,2.6118,5,3
C(COc1c(NCc2ccc(cc2)C(N)=O)cccc1)C,MOSES sample,1369,284.359,21,64.35,3.1864,7,2
CCOC(=O)c1cc2c(=O)n(-c3ccc(C)cc3)ccn2n1,MOSES sample,1370,297.314,22,65.6,1.97032,3,3
N(C(C)C(NC(C)CC)=O)C(=O)Nc1cc2c(n(C)c(=O)o2)cc1,MOSES sample,1371,334.376,24,105.37,1.5562,5,2
COc1ccc(N2CC(C(=O)NCC(F)(F)F)CC2=O)cc1OC,MOSES sample,1372,346.305,24,67.87,1.7352,5,2
OC(c1cnccc1)CCc1ccc(OC)c(c1)C,MOSES sample,1373,257.333,19,42.35,3.06482,5,2
c12c(ccc(c2)N)OC(C(N1Cc1cc(ccc1)OC)=O)(CC)CC,MOSES sample,1374,340.423,25,64.79,3.7618,5,3
Cc1ccc(Cc2nc3cc(N)ccc3[nH]2)cc1C,MOSES sample,1375,251.333,19,54.7,3.35274,2,3
c1c2c(ccc1)oc(C(=O)NCc1nnc(n1C)C(C)C)c2,MOSES sample,1376,298.346,22,72.95,2.6147,4,3
c1(C(NCC(Nc2c(cccc2)F)=O)=O)nccnc1,MOSES sample,1377,274.255,20,83.98,0.9842,4,2
C1(CN(C1)S(=O)(=O)CCCC)C(=O)Nc1cc(nn1C)C,MOSES sample,1378,314.411,21,84.3,0.72872,6,2
Cc1c(C(=O)Nc2nnc(C3CC3)s2)oc2c(C)cccc12,MOSES sample,1379,313.382,22,68.02,4.03084,3,4
O=C(OCC(N1CCCCCC1)=O)c1cccn1C,MOSES sample,1380,264.325,19,51.54,1.5845,3,2
c1c(ncc(C(=O)NC(c2occc2)C)c1)OCC(F)F,MOSES sample,1381,296.273,21,64.36,2.8095,6,2
CCN(C(CSc1[nH]c2ccc(cc2n1)C)=O)CC,MOSES sample,1382,277.393,19,48.99,2.83182,5,2
c1c(ccc(c1F)F)C(NC(=O)NCCNC(=O)OC(C)(C)C)C,MOSES sample,1383,343.374,24,79.46,2.8497,5,1
c1cc(ccc1)C(=O)C(NC(=O)NCC(=O)OC)C,MOSES sample,1384,264.281,19,84.5,0.73,5,1
c1(onc(CC)n1)COc1ccc2c(COC2)c1,MOSES sample,1385,246.266,18,57.38,2.2412,4,3
C(=Cc1ccccn1)c1cc(NC(=O)c2csnc2C)ccc1,MOSES sample,1386,321.405,23,54.88,4.26922,4,3
c12c(CCN(C1)C(c1sccc1C)=O)c(ccc2)NC(C)=O,MOSES sample,1387,314.41,22,49.41,3.21342,2,3
CC(Oc1ccccc1)C(=O)N1CCN(c2ncccn2)CC1,MOSES sample,1388,312.373,23,58.56,1.5927,4,3
N#Cc1cc(-c2c(OC)cc(C)c(C)c2C)[nH]c1N,MOSES sample,1389,255.321,19,74.83,3.06944,2,2
CCOC1CN(C(=O)Nc2cc(OC)ccc2F)CCC1,MOSES sample,1390,296.342,21,50.8,2.8671,4,2
c1(OC)cc(nn1C)C(Nc1oc(nn1)-c1csc(C)n1)=O,MOSES sample,1391,320.334,22,107.96,1.49592,4,3
COc1ccc(Cl)cc1NC(=O)CC(C#N)c1ccccn1,MOSES sample,1392,315.76,22,75.01,3.37958,5,2
c12c(C(=O)N3CCC(Cc4nn(C)c(=O)n4CC)CC3)[nH]nc1CCC2,MOSES sample,1393,358.446,26,88.81,0.9084,4,4
c1cc(c(c(F)c1)F)NCc1nc(cs1)C(F)(F)F,MOSES sample,1394,294.248,19,24.92,4.0522,3,2
C(c1nc(c(C(=O)Nc2nc(cs2)C)cn1)N)C(C)C,MOSES sample,1395,291.38,20,93.79,2.27452,4,2
c1ccnc(n1)-c1sc(C(=O)Nc2ccc3c(c2)COC3)c(C)n1,MOSES sample,1396,338.392,24,77,3.19102,3,4
FC(Oc1c(scc1)C(N1CCN(C(C)=O)CC1)=O)F,MOSES sample,1397,304.318,20,49.85,1.6538,3,2
C(OC)(c1cc(c(NCC(CC)(O)C)c(c1)F)F)=O,MOSES sample,1398,273.279,19,58.56,2.3243,5,1
c1ccc(cc1NC(=O)Cc1nc2c(c([nH]1)=O)c1CCCc1s2)F,MOSES sample,1399,343.383,24,74.85,2.7936,3,4
c1(cccc(C)c1)Cc1nn(c(c2ccccc21)=O)CC(=O)NC,MOSES sample,1400,321.38,24,63.99,2.04172,4,3
s1c(nc2c1cc(N)cc2)-c1cc(cc(c1)O)F,MOSES sample,1401,260.293,18,59.14,3.3902,1,3
O=C(Cn1nc(N2CCOCC2)ccc1=O)Nc1ccccc1O,MOSES sample,1402,330.344,24,96.69,0.4242,4,3
C1(NC2(CCOCC2)c2c1cc(-c1cccnc1)cc2)=O,MOSES sample,1403,280.327,21,51.22,2.4977,1,4
Cc1cc(CN(C)C(=O)NCCCc2c(C)noc2C)no1,MOSES sample,1404,306.366,22,84.4,2.36206,6,2
c12cc(c(=O)[nH]c1cc(C)cc2C)CNc1cc(ccc1OC)OC,MOSES sample,1405,338.407,25,63.35,3.77424,5,3
C1CN(CC(N2C(COCC2)C)=O)C(=O)N1Cc1ccccc1,MOSES sample,1406,317.389,23,53.09,1.1715,4,3
C1C(C2CC2)N(CCO1)C(=O)c1cccc(c1F)F,MOSES sample,1407,267.275,19,29.54,2.2158,2,3
S(=O)(c1cc(c(F)cc1)NC(=O)C(C)OCC)(N)=O,MOSES sample,1408,290.316,19,98.49,0.8366,5,1
c1c2c(cc(CCN(Cc3ccc(C(=O)N(C)C)[nH]3)C)o2)ccc1,MOSES sample,1409,325.412,24,52.48,3.1372,6,3
c1n(ncc1)Cc1ccc(cc1)CNC(=O)Nc1sc(nn1)CC,MOSES sample,1410,342.428,24,84.73,2.667,6,3
c1ccnc(COc2ccc(NC(=O)c3nn4c(C)ccnc4n3)cc2)c1,MOSES sample,1411,360.377,27,94.3,2.65902,5,4
C1CC(CC(N2CCC3(C(=O)NC3)CC2)=O)(C)CC1,MOSES sample,1412,264.369,19,49.41,1.6954,2,3
N(C(=O)c1cc(Cl)c(c(Cl)c1)OC)Cc1c(C)n[nH]c1,MOSES sample,1413,314.172,20,67.01,2.96352,4,2
COc1ccc(SCC(=O)Nc2ncc(C)s2)cc1,MOSES sample,1414,294.401,19,51.22,3.19092,5,2
Cn1cc(-c2cncn2C(c2c(OC)cccc2)C)cn1,MOSES sample,1415,282.347,21,44.87,2.9015,4,3
c1(ccc(F)c(c1)C#N)S(N1c2ccccc2CC1)(=O)=O,MOSES sample,1416,302.33,21,61.17,2.44878,2,3
c1(ccc(N2CCN(C(=O)OC(C)(C)C)CC2)cn1)C#N,MOSES sample,1417,288.351,21,69.46,2.01038,1,2
C1(c2sccn2)CN(CCO1)Cc1cccc(c1Cl)Cl,MOSES sample,1418,329.252,20,25.36,4.0234,3,3
[nH]1cc(c(n1)-c1ccc(Cl)cc1)CNc1c[nH]nc1,MOSES sample,1419,273.727,19,69.39,3.0653,4,3
c1(Br)ccc(nc1)NC(c1nc(oc1C)CC)=O,MOSES sample,1420,310.151,18,68.02,2.95522,3,2
C(Nc1cc(c(OC)cc1OC)F)(=O)C(C(C)C)NC(C)=O,MOSES sample,1421,312.341,22,76.66,1.9421,6,1
CC(C(Nc1cc(NC(=O)c2ccnnc2)ccc1)=O)CC,MOSES sample,1422,298.346,22,83.98,2.7135,5,2
C1CN(Cc2ccncc2)CCN1C(=O)C(Oc1c(C)cccc1C)C,MOSES sample,1423,353.466,26,45.67,2.81014,5,3
CCS(=O)(N(C(c1cc(ccc1)NC(CC)=O)=O)C)=O,MOSES sample,1424,298.364,20,83.55,1.4568,5,1
Nc1cccc(NC(=O)CSc2ncccn2)c1,MOSES sample,1425,260.322,18,80.9,1.7896,4,2
COC(=O)c1ccccc1Cc1cc(C(F)(F)F)[nH]n1,MOSES sample,1426,284.237,20,54.98,2.8059,3,2
n1c2n(c(cc1C(N1CCCCC1)=O)Nc1ccccc1)ncc2C#N,MOSES sample,1427,346.394,26,86.32,2.97068,3,4
c1nn(C)c(C)c1-c1nn2c(nnc2s1)Cc1ccc(cc1)OC,MOSES sample,1428,340.412,24,70.13,2.49412,4,4
c1ccc(CN(CCN2CCOCC2)Cc2nccs2)cc1,MOSES sample,1429,317.458,22,28.6,2.4775,7,3
N#Cc1cc(F)c(N2CCN(C(=O)c3ccc(O)cc3)CC2)c(F)c1,MOSES sample,1430,343.333,25,67.57,2.50448,2,3
o1c(C(Sc2nc(-c3cccs3)n[nH]2)C)nc(C)n1,MOSES sample,1431,293.377,19,80.49,3.07792,4,3
c1c2c(ccc1C(N1CCC(NC(=O)c3occc3)CC1)=O)cccc2,MOSES sample,1432,348.402,26,62.55,3.4674,3,4
C(NCC(O)(C(=O)OC)CCC)(c1cc(cc(C)c1)C)=O,MOSES sample,1433,293.363,21,75.63,1.73744,6,1
COC(=O)C(C)n1cnc2c(cnn2-c2ccc(F)cc2)c1=O,MOSES sample,1434,316.292,23,79.01,1.4553,3,3
C(N)(=O)CN1CCN(C(C2(c3cccs3)CCCCC2)=O)CC1,MOSES sample,1435,335.473,23,66.64,1.5795,4,3
N(c1ccc(C)c2cn[nH]c12)C(c1sccc1)=O,MOSES sample,1436,257.318,18,57.78,3.18512,2,3
c1c(C)n[nH]c1C(=O)NCCc1c2cccnc2n(c1)CC(C)C,MOSES sample,1437,325.416,24,75.6,2.69632,6,3
O=S(=O)(c1c(n(nc1C)C(C(NCc1ccccc1)=O)C)C)N,MOSES sample,1438,336.417,23,107.08,1.02474,5,2
CC(C)CCn1c(S(C)(=O)=O)nc2cc(Cl)ccc21,MOSES sample,1439,300.811,19,51.96,3.1393,4,2
c12cc(C(N(CCO)C3CCCCC3)=O)oc2c2ccccc2o1,MOSES sample,1440,327.38,24,66.82,3.9462,4,4
N1C(COC(=O)C(C)C)=C(C(OC)=O)C(C=1C)C(=O)N(CC)CC,MOSES sample,1441,338.404,24,85.27,1.5718,7,1
CN(CCCCNC(=O)NC1CC1)c1ccccc1,MOSES sample,1442,261.369,19,44.37,2.3646,7,2
c1c(CC(=O)OC2CCN(CC2)C(=O)OCC)c(cc(F)c1)F,MOSES sample,1443,327.327,23,55.84,2.6714,4,2
Cc1cc(NC(=O)c2cnc(CCC)s2)no1,MOSES sample,1444,251.311,17,68.02,2.64432,4,2
COc1ccc(C(=O)NCCNC(=O)c2ccccc2N)cc1,MOSES sample,1445,313.357,23,93.45,1.4372,6,2
c1cc(COC(CNC)=O)cc(C(F)(F)F)c1OC,MOSES sample,1446,277.242,19,47.56,1.9766,5,1
C1CCCCN1C(C(Oc1ccc(C(=O)OC)cc1)C)=O,MOSES sample,1447,291.347,21,55.84,2.253,4,2
CN(C(c1c2ncccn2nc1)=O)CC(=O)NC1CC1,MOSES sample,1448,273.296,20,79.6,0.0799,4,3
C(=O)(Cc1ccc(cc1)OC)Nc1ccc2c(C(=O)NCCO2)c1,MOSES sample,1449,326.352,24,76.66,1.9986,4,3
O1c2c(OCC1)cc(cc2)CN(C(=O)c1c([nH]nc(c1C)C)=O)C,MOSES sample,1450,329.356,24,84.52,1.43014,3,3
c1c(cc(OC(F)F)cc1)CNC(c1c(non1)C)=O,MOSES sample,1451,283.234,20,77.25,1.90942,5,2
O(c1c(c(ccc1)C)F)C(=O)c1cn(c(cc1)=O)C,MOSES sample,1452,261.252,19,48.3,2.05202,2,2
c1c(OC)cc(c(c1)CN1c2c(cccc2CC1)N)OC,MOSES sample,1453,284.359,21,47.72,2.8487,4,3
O=C(Nc1ccccc1C(OC)=O)c1ccc(NC(=O)C)cc1,MOSES sample,1454,312.325,23,84.5,2.6839,4,2
Cc1noc(C(C)OC(=O)c2cc(Cl)ccc2Cl)n1,MOSES sample,1455,301.129,19,65.22,3.60282,3,2
COC(=O)CN(Cc1nc(-c2ccc(F)cc2)oc1)C,MOSES sample,1456,278.283,20,55.57,2.0855,5,2
C12CN(Cc3c(-c4ccco4)n[nH]c3)CC2CCC1O,MOSES sample,1457,273.336,20,65.29,1.8724,3,4
c1(ccc(cc1)S(NCCC(=O)NCc1ccccc1)(=O)=O)C,MOSES sample,1458,332.425,23,75.27,1.97982,7,2
c1c(c(OC)ccc1CN(C(c1c(F)ccc(c1)F)=O)C)OC,MOSES sample,1459,321.323,23,38.77,3.2542,5,2
COC(=O)C1CCN(C(=O)c2cc(Cl)cc(Cl)c2)CC1,MOSES sample,1460,316.184,20,46.61,3.0186,2,2
CC1CC(C)CN(C(=O)Nc2ccc(CN3CCOC3=O)cc2)C1,MOSES sample,1461,331.416,24,61.88,3.1486,3,3
CC(Oc1c(C)cccc1)C(=O)NCc1scc(C(C)(C)C)n1,MOSES sample,1462,332.469,23,51.22,3.83272,5,2
N(Cc1sc(C)cc1)(C)C(Cc1c(noc1CC)CC)=O,MOSES sample,1463,306.431,21,46.34,3.37042,6,2
c1c(c(C(N2CCN(c3ccc(F)cc3)CC2)=O)ccc1)O,MOSES sample,1464,300.333,22,43.78,2.4937,2,3
O=C(Nc1ccc(C)cn1)C1N(CCC1)C(c1cc(C)on1)=O,MOSES sample,1465,314.345,23,88.33,1.92974,3,3
n1c(C)c(c(n1Cc1c(Cl)ccc2cccnc12)C)N,MOSES sample,1466,286.766,20,56.73,3.33204,2,3
c1(C(=O)OC)sccc1NC(=O)Cc1c(Cl)cccc1F,MOSES sample,1467,327.764,21,55.4,3.5084,4,2
Cc1c2c(ncnc2N2CC(C(N(C)C)=O)CCC2)sc1C,MOSES sample,1468,318.446,22,49.33,2.61274,2,3
O=C1CC(NC(NCc2ncc(C)c(OC)c2C)=O)CN1C1CC1,MOSES sample,1469,332.404,24,83.56,1.26954,5,3
c1cc(C(=O)Nc2nn(cc2)C)c(c(Cl)c1Cl)F,MOSES sample,1470,288.109,18,46.92,3.1183,2,2
C1CN(S(=O)(c2ccccc2)=O)CCC1C(NC(CO)C)=O,MOSES sample,1471,326.418,22,86.71,0.5843,5,2
C#CC=CC(Nc1c(cccc1)Br)=O,MOSES sample,1472,250.095,14,29.1,2.577,2,1
c1c(S(=O)(N(C)C)=O)ccc2c1CC(=O)N2Cc1cc(F)ccc1,MOSES sample,1473,348.399,24,57.69,2.1653,4,3
c1c(CN(C(=O)CNC(=O)NCC2(C)CCC2)C)nccc1,MOSES sample,1474,304.394,22,74.33,1.5294,6,2
O(C)c1ccc(cc1C)S(=O)(=O)N(C1CCC(C)CC1)C,MOSES sample,1475,311.447,21,46.61,3.20282,4,2
C(S(=O)(=O)c1ccccc1)c1nnc(o1)-c1ccccc1C,MOSES sample,1476,314.366,22,73.06,3.01892,4,3
C(C)(Nc1c2c(nc(n1)CC)c(C)nn2C)c1ccncc1,MOSES sample,1477,296.378,22,68.52,2.80222,4,3
O=C(Cn1ccccc1=O)NCc1ccc(OCC(F)(F)F)cc1,MOSES sample,1478,340.301,24,60.33,2.1058,6,2
COc1nc(N(CCCC(N)=O)C(C)(C)C)ccc1N,MOSES sample,1479,280.372,20,94.47,1.5428,6,1
c1(C(NC)=O)ccc(NCc2oc(nn2)C(C)(C)C)cc1Cl,MOSES sample,1480,322.796,22,80.05,2.9922,4,2
c1c(-n2nnc(C(=O)N3CCC(CC3)C)c2C)cccc1Cl,MOSES sample,1481,318.808,22,51.02,3.10122,2,3
O=C(NCc1ccc(cc1)C(=O)OC(c1sccn1)C)C(C)C,MOSES sample,1482,332.425,23,68.29,3.3333,6,2
Cc1cc(C)ccc1CCNC(=O)c1cc(ccc1)OCC(N)=O,MOSES sample,1483,326.396,24,81.42,2.14004,7,2
C1CN(C(c2c(F)cccc2F)=O)CCN1c1ccc(F)cc1,MOSES sample,1484,320.314,23,23.55,3.0663,2,3
c1(ccc(c(OC)c1)OCC(=O)N1C(C)CCCC1)C(=O)OCC,MOSES sample,1485,335.4,24,65.07,2.6517,6,2
C(NCC1(CC1)c1c(cccc1)OC)(NCCC=CC)=O,MOSES sample,1486,288.391,21,50.36,2.9922,7,2
CC(C)Oc1cc(Cl)c(NCC2CCCO2)cc1OC,MOSES sample,1487,299.798,20,39.72,3.7267,6,2
O(c1c(N)cc(cc1)C(C(=O)OC)c1ccccc1)C,MOSES sample,1488,271.316,20,61.55,2.5823,4,2
c12nc(n3nnnc3c1cc(-c1ccc(cc1)Cl)s2)C,MOSES sample,1489,301.762,20,55.97,3.36282,1,4
c1(C2OCCN(Cc3ccc(OCCC#C)cc3)C2)ccccn1,MOSES sample,1490,322.408,24,34.59,3.0572,6,3
c1c(cccc1C)-c1ncc(C(=O)NC(C)C)c(N)n1,MOSES sample,1491,270.336,20,80.9,2.17242,3,2
n1(CC(=O)N2CCc3ccccc3C2)c2ccccc2nc1,MOSES sample,1492,291.354,22,38.13,2.6212,2,4
C(Nc1c(C)cc(cc1)F)(=O)Cn1c(=O)c2c(nc1)cccc2,MOSES sample,1493,311.316,23,63.99,2.48272,3,3
O=C(c1cccc(NC(CN(c2ccccc2)C)=O)c1C)NC,MOSES sample,1494,311.385,23,61.44,2.42952,5,2
CCc1nn(C)cc1CNC(=O)c1cc2c(s1)CCCC2,MOSES sample,1495,303.431,21,46.92,2.8528,4,3
c1(C#N)ccc(OC(C2CCN(CC2)C(N2CCCC2)=O)=O)cc1,MOSES sample,1496,327.384,24,73.64,2.39148,2,3
c1(C(=O)OCC(=O)N2C(C)(C)CCC2)c(CC)ccs1,MOSES sample,1497,295.404,20,46.61,2.8683,4,2
C(C(C)C)Sc1nnc(-c2ccc(cc2)OC)n1N,MOSES sample,1498,278.381,19,65.96,2.4156,5,2
n1cc(cn1C)CN(S(=O)(c1cn(cn1)C(C)C)=O)C,MOSES sample,1499,297.384,20,73.02,1.0182,5,2
c1cc(C(=O)c2cccc(c2)C(=O)N2CCOCC2)cc(c1F)F,MOSES sample,1500,331.318,24,46.61,2.6682,3,3
C(NCc1ccco1)(NC(C)c1ccc(-n2ncnc2)cc1)=O,MOSES sample,1501,311.345,23,84.98,2.4207,5,3
c1c(occ1)COCC(=O)Nc1cc(nn1Cc1ccccn1)C,MOSES sample,1502,326.356,24,82.18,2.38312,7,3
CC(=O)Nc1ccc2c(c1)nc1n2CCN(Cc2ccncc2)C1,MOSES sample,1503,321.384,24,63.05,2.4055,3,4
NC(=O)c1cccc(NC(=O)c2cccc(F)c2N)c1,MOSES sample,1504,273.267,20,98.21,1.7591,3,2
C(COC)NC(=O)c1nc(-c2cc3ccccc3s2)no1,MOSES sample,1505,303.343,21,77.25,2.3275,5,3
C(C(=O)OC)c1nn(CC(NC(C)CC)=O)nn1,MOSES sample,1506,255.278,18,99,-0.6967,6,1
Cc1cc(C(=O)NCC(=O)N2CCN(c3cnccn3)CC2)c(C)o1,MOSES sample,1507,343.387,25,91.57,0.76504,4,3
C(N(C(=O)c1nn(c(NC(C2CC2)=O)c1)-c1ccccc1)C)C,MOSES sample,1508,312.373,23,67.23,2.3127,5,3
c1(OCC(F)F)cccc(n1)C(=O)N(c1cc(ccc1)C)C,MOSES sample,1509,306.312,22,42.43,3.31052,5,2
N#Cc1ccc(OCCNC(=O)c2cnc(C3CCCO3)s2)cc1,MOSES sample,1510,343.408,24,84.24,2.67508,6,3
c1(cccc(c1)OCC(=O)NC1CCOCC1)Cl,MOSES sample,1511,269.728,18,47.56,2.014,4,2
Cc1ccc(C(=O)Nc2cc(NC(=O)c3ccco3)ccc2C)cn1,MOSES sample,1512,335.363,25,84.23,3.79604,4,3
c1cc(n(cc1NCc1cc(C(F)(F)F)c(F)cc1)C)=O,MOSES sample,1513,300.255,21,34.03,3.1553,3,2
C12(C#N)C(Sc3ncccn3)C3C(CC4(OC(=O)C1)C2(C)C=CC4)C3,MOSES sample,1514,353.447,25,75.87,3.13898,2,5
C(C1CCCCN1c1cnc2c(n1)cccc2)NS(CC)(=O)=O,MOSES sample,1515,334.445,23,75.19,1.928,5,3
C(C)(C)(c1nnc(NC(N2CC(OCC2)C(=O)N)=O)s1)C,MOSES sample,1516,313.383,21,110.44,0.5536,2,2
CCN(CC)C(=O)c1cccc(NCC(=O)NC(C)C)c1,MOSES sample,1517,291.395,21,61.44,2.1051,7,1
CNc1ncccc1S(=O)(=O)NC(C)(C)CC(C)(C)C,MOSES sample,1518,299.44,20,71.09,2.6164,5,1
c1c(cccc1)-c1ncc(c(o1)=O)C(=O)Nc1nnc(C)s1,MOSES sample,1519,314.326,22,97.98,2.11402,3,3
n1(ncc(NCc2cn(C(C)(C)C)nc2)c1C)-c1c(cccc1)F,MOSES sample,1520,327.407,24,47.67,3.88342,4,3
CC(C)C(c1ccco1)NC(=O)C(NC(c1ccccc1)=O)C(C)C,MOSES sample,1521,342.439,25,71.34,3.5475,7,2
CC(C)Oc1cccc(-c2ncc(C(N)=O)c(N)n2)c1,MOSES sample,1522,272.308,20,104.12,1.6119,4,2
COCCNc1nc(-c2cc(-c3cccnc3)oc2C2CC2)cs1,MOSES sample,1523,341.436,24,60.18,4.4008,7,4
O=C(NCCc1cccs1)N1CCN(C(=O)c2ccoc2)CC1,MOSES sample,1524,333.413,23,65.79,2.0512,4,3
CCCNC(=O)Nc1ccc(C(=O)N2CCCCC2C)cc1C,MOSES sample,1525,317.433,23,61.44,3.54112,4,2
C(=O)(COc1cccc(c1)Br)N(CC1CC1)CC1CC1,MOSES sample,1526,338.245,20,29.54,3.4765,7,3
C=CCOc1ccc(C(=O)Nc2nccs2)cc1Br,MOSES sample,1527,339.214,19,51.22,3.7227,5,2
O=C(CCC1NCCc2c(Cl)cc(O)cc21)c1ccccc1,MOSES sample,1528,315.8,22,49.33,3.8955,4,3
n12c(n(nc1cccc2)CCCNC(c1ccco1)=O)=O,MOSES sample,1529,286.291,21,81.54,0.9091,5,3
n1(CC(Nc2c(c(ccc2)Cl)OC)=O)cnc2c(ccs2)c1=O,MOSES sample,1530,349.799,23,73.22,2.7587,4,3
CCOC(=O)NCCC(=O)Nc1cnn(C(C)(C)C)c1,MOSES sample,1531,282.344,20,85.25,1.7128,5,1
N(Cc1cccs1)C(CCCN1c2c(cccn2)OCC1=O)=O,MOSES sample,1532,331.397,23,71.53,1.9651,6,3
CC(C(=O)NCC(c1ccc(OC)cc1)(C)C)OCC,MOSES sample,1533,279.38,20,47.56,2.514,7,1
Cc1ccc(C(C)NC(=O)c2ccccc2N)s1,MOSES sample,1534,260.362,18,55.12,3.12972,3,2
c1c2cnn(c2ccc1)CC(Nc1ccc(F)c(c1F)F)=O,MOSES sample,1535,305.259,22,46.92,3.0923,3,3
c1cc(C(C)NC(=O)NCC(N2CCCC2)=O)cc2c1cccc2,MOSES sample,1536,325.412,24,61.44,2.8224,4,3
O=c1ccc(C2NCCc3c2c2c(cc3)OCO2)c[nH]1,MOSES sample,1537,270.288,20,63.35,1.3387,1,4
C(Oc1cc(CC#N)ccc1OC)c1c(C)n(CC)nc1C,MOSES sample,1538,299.374,22,60.07,3.17352,6,2
c1(cccc(NC(c2n[nH]cc2)=O)c1)CS(=O)(c1ccccc1)=O,MOSES sample,1539,341.392,24,91.92,2.6359,5,3
n1c(cccc1)CCC(=O)Nc1cnc(SC(C)(C)C)cc1,MOSES sample,1540,315.442,22,54.88,3.9385,5,2
FC(F)(F)c1c(C(=O)NCCC2=CCCCC2)cn(C)n1,MOSES sample,1541,301.312,21,46.92,3.0592,4,2
c1(ccc(cc1)S(C)(=O)=O)C(C)NS(=O)(CCCC)=O,MOSES sample,1542,319.448,20,80.31,1.8706,7,1
c1c(nc(NCc2cccc(c2)Cl)s1)C(OC)=O,MOSES sample,1543,282.752,18,51.22,3.1952,4,2
O=C1NCCN1CCNc1cc(Cl)ccc1Cl,MOSES sample,1544,274.151,17,44.37,2.4305,4,2
CC(=O)c1cnc(NCCc2ccccc2)nc1-c1ccccc1,MOSES sample,1545,317.392,24,54.88,4.0008,6,3
Cc1ccc(-c2cc(-c3cnccn3)c(C#N)c(N)n2)cc1C,MOSES sample,1546,301.353,23,88.48,3.27632,2,3
CCN(CC)C(=O)c1cccc(NC(=O)NCc2ccnn2C)c1,MOSES sample,1547,329.404,24,79.26,2.2238,6,2
c1c(c(NCc2oc(-c3ccc(cc3)F)nn2)c(cc1)C)C(C)C,MOSES sample,1548,325.387,24,50.95,4.91962,5,3
CSc1nnc(N)n1CC(=O)Nc1nc2ccccc2s1,MOSES sample,1549,320.403,21,98.72,1.8306,4,3
c1(O)ccc(cc1)-n1c(SCc2ccc(F)cc2)nnn1,MOSES sample,1550,302.334,21,63.83,2.7993,4,3
Cc1cccc(NC(=O)C2CC2C)c1C(=O)N1CCCC1,MOSES sample,1551,286.375,21,49.41,2.82552,3,3
c1cc(cc(O)c1)CN(C)C(=O)Nc1ccc(Cn2cccn2)cc1,MOSES sample,1552,336.395,25,70.39,3.3009,5,3
c12c(c(nc(=O)[nH]1)SCCCCCC)scc2,MOSES sample,1553,268.407,17,45.75,3.657,6,2
COc1ccc(OCC(=O)NCCc2ccc(F)cc2F)cc1,MOSES sample,1554,321.323,23,47.56,2.7111,7,2
C1N(C(=O)CNc2c(cc(cc2)F)C)CCOC1,MOSES sample,1555,252.289,18,41.57,1.40482,3,2
c1(cc(C(OCc2ccc(cc2)C(OC)=O)=O)ccn1)F,MOSES sample,1556,289.262,21,65.49,2.3643,4,2
N1(c2ccc(cn2)Cl)CCN(CC1)C(=O)CCC1CCCC1,MOSES sample,1557,321.852,22,36.44,3.354,4,3
c1cc(c(C)c(c1C)NC(=O)Cn1nc(nn1)-c1occc1)Cl,MOSES sample,1558,331.763,23,85.84,2.84204,4,3
O=C1NCC(C(=O)Nc2ccc(-c3nc(C4CC4)n[nH]3)cc2)N1,MOSES sample,1559,312.333,23,111.8,0.969,4,4
C(OCc1noc(c1)-c1c(F)cccc1)(c1c2c(nccc2)[nH]c1)=O,MOSES sample,1560,337.31,25,81.01,3.714,4,4
C(N(C1CC1)C(=O)c1cc2cnn(c2nc1)C(C)C)(c1ccco1)C,MOSES sample,1561,338.411,25,64.16,3.971,5,4
c1ccc(CCC(O)(C)C)cc1C(=O)N(CCC(F)(F)F)C,MOSES sample,1562,317.351,22,40.54,3.4145,6,1
c1c(N2C(N(CC(=O)NC3CCOCC3)CC2)=O)ccc(c1)F,MOSES sample,1563,321.352,23,61.88,1.3629,4,3
c1c(Cl)c(ccc1NCc1cncnc1)Cl,MOSES sample,1564,254.12,16,37.81,3.3955,3,2
C(c1ccn(C)n1)(=O)Nc1c(=O)c(c[nH]c1)Br,MOSES sample,1565,297.112,17,79.78,1.1232,2,2
c1([nH]c(SCC(N2CCN(c3nccc(OC)n3)CC2)=O)nn1)N,MOSES sample,1566,350.408,24,126.15,-0.3736,5,3
o1c(cc(C)n1)NC(c1ccc(cc1)NC(c1sc(cc1)C)=O)=O,MOSES sample,1567,341.392,24,84.23,3.85754,4,3
N(S(=O)(c1ccc(c(c1C)C)OC)=O)CCn1ccc(n1)C,MOSES sample,1568,323.418,22,73.22,1.79546,6,2
Cc1sc2nc(COC(=O)c3ccccn3)nc(N)c2c1C,MOSES sample,1569,314.37,22,90.99,2.64234,3,3
C(C#N)CSc1ccccc1NC(Cc1ccc(F)c(c1)F)=O,MOSES sample,1570,332.375,23,52.89,4.15178,6,2
C(=O)(Nc1cc(ns1)C)c1csc2ccccc21,MOSES sample,1571,274.37,18,41.99,3.91852,2,3
COc1ccccc1C(Nc1ccn(Cc2cccnc2)n1)C(C)C,MOSES sample,1572,336.439,25,51.97,4.1442,7,3
CNS(=O)(=O)c1cccc(C(=O)N(C(C)C)C2CCC2)c1,MOSES sample,1573,310.419,21,66.48,1.9978,5,2
C1(=O)NC2(Nc3ccccc31)CCN(C(=O)c1ccccc1OC)CC2,MOSES sample,1574,351.406,26,70.67,2.483,2,4
CC(C)CN1C(=O)CCc2cc(NS(=O)(=O)C(C)C)ccc21,MOSES sample,1575,324.446,22,66.48,2.7719,5,2
Nc1ccc2oc(=O)n(CCCCOc3ccc(F)cc3)c2c1,MOSES sample,1576,316.332,23,70.39,3.175,6,3
c1(N(C)C(CC)=O)ccc(cc1)NCc1cn(-c2ccccc2)nc1,MOSES sample,1577,334.423,25,50.16,3.8572,6,3
O=S(C)(N1CC2(CC1)C(N(CCC2)CCn1cccn1)=O)=O,MOSES sample,1578,326.422,22,75.51,0.1572,4,3
CCc1cc(=O)[nH]c(CSc2ncc(C#N)c(N)n2)n1,MOSES sample,1579,288.336,20,121.34,0.86848,4,2
CNC(=O)C(C)NC(=O)C(C)NC(=O)OC(C)(C)C,MOSES sample,1580,273.333,19,96.53,0.1503,4,0
c1nc(NCc2nn(C)cn2)c(c(-n2cncn2)n1)N,MOSES sample,1581,272.276,20,125.25,-0.6199,4,3
c1ccc(cc1)OCC(=O)Nc1ccc(C(F)(F)F)cc1N,MOSES sample,1582,310.275,22,64.35,3.3051,4,2
Cc1cccc(C(=O)Nc2ccc(OCc3cccnc3)c(Cl)c2)n1,MOSES sample,1583,353.809,25,64.11,4.26972,5,3
c12C(N(C(CN=C2C)=O)CCC)c2c(c3c(o2)cccc3)CC1,MOSES sample,1584,310.397,23,45.81,3.7494,2,4
C(N1CCC2(COCCN(C2)c2cccnc2)CC1)(c1oncc1)=O,MOSES sample,1585,342.399,25,71.7,1.8288,2,4
Cn1ncc2c(N3C(CCC3)c3ccccn3)nc(C3CCCC3)nc12,MOSES sample,1586,348.454,26,59.73,3.7574,3,5
C(NC(NC(c1nncn1C)C)=O)c1ccc(C#N)cc1,MOSES sample,1587,284.323,21,95.63,1.24718,4,2
s1c(nnc1NC(Nc1cc(C#N)c(cc1)F)=O)CCC,MOSES sample,1588,305.338,21,90.7,3.14538,4,2
c1sc(c(NC(=O)c2c(OC)cccc2)c1)C(OC)=O,MOSES sample,1589,291.328,20,64.63,2.7956,4,2
N1(c2ncc(cn2)CC)CCC(CC1)Oc1c(OC)cccc1,MOSES sample,1590,313.401,23,47.48,3.0954,5,3
CSc1ncc(C(=O)NC2CCCC2)n1-c1ccc(F)cc1,MOSES sample,1591,319.405,22,46.92,3.4057,4,3
C1n2c(nc3c2ccc(c3)C(NCc2cccc(OC)c2)=O)CCCC1,MOSES sample,1592,349.434,26,56.15,3.7013,4,4
CC(CCO)CNC(=O)C(N)c1ccc(O)cc1F,MOSES sample,1593,270.304,19,95.58,0.6658,6,1
c12nc[nH]c1ccc(C(=O)NCC(C)N1CCOCC1)c2,MOSES sample,1594,288.351,21,70.25,1.0134,4,3
O=C1CN(C(=O)CNC(=O)C2CCCCC2)c2ccccc2N1,MOSES sample,1595,315.373,23,78.51,1.6682,3,3
S(Cc1ncc(CC)cc1)c1nnc(-c2ccccn2)n1N,MOSES sample,1596,312.402,22,82.51,2.3036,5,3
CCSc1nc(C)cc(C(=O)Nc2ccc(F)cc2F)n1,MOSES sample,1597,309.341,21,54.88,3.42752,4,2
COc1c(C)c(C)c(C)cc1-c1cnn(C)c(=O)c1C#N,MOSES sample,1598,283.331,21,67.91,2.25284,2,2
O=c1nc(NCc2ccccn2)ccn1C1OC(CO)C(O)C1O,MOSES sample,1599,334.332,24,129.73,-1.1381,5,3
O=C(NCC12CC3CC(CC(C3)C1)C2)c1c[nH]c2ncccc12,MOSES sample,1600,309.413,23,57.78,3.5091,3,6
CCc1ccccc1NC(=O)CCNC(=O)C1C(C1)C,MOSES sample,1601,274.364,20,58.2,2.3498,6,2
[nH]1ncc2cc(ccc21)NS(=O)(c1ccc(NC(C)=O)cc1)=O,MOSES sample,1602,330.369,23,103.95,2.3221,4,3
c1cccc(CCCc2nc(NC(=O)c3cn(C)nc3C)[nH]n2)c1,MOSES sample,1603,324.388,24,88.49,2.27422,6,3
CC(=O)Nc1cc(NC(=O)NC(C)CCCO)ccc1F,MOSES sample,1604,297.33,21,90.46,2.0666,6,1
c12OCCOc1c(OC)cc(c2)C(NC1CCCCCC1)=O,MOSES sample,1605,305.374,22,56.79,2.919,3,3
C1CN(CCC1C)C(c1c(ccc(N)c1)Cl)=O,MOSES sample,1606,252.745,17,46.33,2.7943,1,2
c1(C(=O)Nc2ccc(S(=O)(=O)NCCC)cc2)cccs1,MOSES sample,1607,324.427,21,75.27,2.6887,6,2
Fc1c(F)c(c(cc1F)NC(c1cnn2c1nccc2)=O)F,MOSES sample,1608,310.21,22,59.29,2.538,2,3
c1(OC)ccc(NC(=O)N(Cc2ccccc2)CCO)cn1,MOSES sample,1609,301.346,22,74.69,2.1166,6,2
COc1cccc(C(N(CC)C2CCCC2)=O)c1F,MOSES sample,1610,265.328,19,29.54,3.239,4,2
CCOC(=O)C(N)Cc1ccc(N(C)C)c(F)c1,MOSES sample,1611,254.305,18,55.56,1.3246,5,1
N(c1scc(n1)-c1n(c(nn1)SCC(N)=O)C1CC1)(C)C,MOSES sample,1612,324.435,21,89.93,1.3799,6,3
n1nc(n2nc(-c3cc(nc(n3)C(C)C)N(C)C)sc12)C(F)F,MOSES sample,1613,339.375,23,72.1,2.7698,4,3
c1(CNC(=O)c2c(F)cccc2)cc2OCOc2cc1,MOSES sample,1614,273.263,20,47.56,2.4844,3,3
CC(NC(=O)C(C)OC(=O)c1ccc(O)cc1O)c1ccccc1,MOSES sample,1615,329.352,24,95.86,2.5205,5,2
n1c(C)c(c2nc(cc(C)n12)C)C(=O)OC(C(NCC=C)=O)C,MOSES sample,1616,316.361,23,85.59,1.50206,5,2
c1c(Cl)ccc(n1)N(C(=O)c1c(ncs1)C1CC1)C,MOSES sample,1617,293.779,19,46.09,3.3455,3,3
COC(=O)c1[nH]c(C)c(CCOC(=O)c2cc(Cl)c[nH]2)c1C,MOSES sample,1618,324.764,22,84.18,2.79914,5,2
C(C)(n1c(scc1C)=O)C(=O)NCc1c(cccc1)Cl,MOSES sample,1619,310.806,20,51.1,2.74902,4,2
c1ccc(cc1C(=O)NCc1ccc(c(c1)Cl)Cl)NC(N)=O,MOSES sample,1620,338.194,22,84.22,3.414,4,2
Cn1c(C(=O)NCCN2CCOCC2)cc2oc3ccccc3c21,MOSES sample,1621,327.384,24,59.64,1.9865,4,4
O=c1[nH]cnc2ccc(-c3csc4ccccc34)cc12,MOSES sample,1622,278.336,20,45.75,3.8048,1,4
O=C(NCCn1nnc2ccccc21)Nc1ccc(F)cc1,MOSES sample,1623,299.309,22,71.84,2.3921,4,3
O=C(NC(C(N1CCOCC1)=O)C)c1c(=O)n(c(cc1)C)C,MOSES sample,1624,307.35,22,80.64,-0.32918,3,2
O=C(CCc1cccc(F)c1)N1CCC(S(=O)(=O)NC2CC2)C1,MOSES sample,1625,340.42,23,66.48,1.441,6,3
CC(C)(OC(=O)NC(C)(C)C(=O)N1CCN(C(=O)C)CC1)C,MOSES sample,1626,313.398,22,78.95,0.9804,2,1
C(NCCNc1cc(nc(C(C)C)n1)C)(c1scnc1C)=O,MOSES sample,1627,319.434,22,79.8,2.51524,6,2
c1c(nnc(c1)-n1ncnc1)N1CCC(C(=O)Nc2ccccc2)CC1,MOSES sample,1628,349.398,26,88.83,1.9124,4,4
O=C(CSc1nccc(-c2ccccc2)n1)NC1CCOCC1,MOSES sample,1629,329.425,23,64.11,2.5309,5,3
C(=O)(C(c1ccccc1)(N)CC)NCC1CCCCC1,MOSES sample,1630,274.408,20,55.12,2.9471,5,2
N#CCCn1nc(-c2cccc(F)c2)c2c1CCCC2=O,MOSES sample,1631,283.306,21,58.68,3.12188,3,3
c1(CCNC(=O)c2ccc(cc2)-c2nc([nH]n2)C)cc(OC)ccc1,MOSES sample,1632,336.395,25,79.9,2.76122,6,3
Cc1ccc(C)c(C(=O)Nc2c(C)cc(Br)cc2C)c1N,MOSES sample,1633,347.256,21,55.12,4.51728,2,2
O(c1ccc(cc1)CN(C(CNc1ccccc1C(=O)C)=O)C)C,MOSES sample,1634,326.396,24,58.64,2.9683,7,2
O=C(c1c(c(C)nn1CC)Br)N(Cc1cn(nc1)C)C,MOSES sample,1635,340.225,20,55.95,1.97962,4,2
c1(F)ccc(cc1C)C(N1C2CCCC2OCC1)=O,MOSES sample,1636,263.312,19,29.54,2.52762,1,3
CN(CCN1CCOCC1)C(=O)CCn1cnc2ccccc21,MOSES sample,1637,316.405,23,50.6,1.217,6,3
c12CCN(C(c3cnccn3)=O)CCc2ncnc1CC,MOSES sample,1638,283.335,21,71.87,1.07,2,3
CCCCNC(c1cc([nH]c2ccccc12)=O)=O,MOSES sample,1639,244.294,18,61.96,2.058,4,2
c12c(cc(S(=O)(N3CC(CCC3)C)=O)cc2)N(C(=O)C)CCO1,MOSES sample,1640,338.429,23,66.92,1.8525,2,3
c1ccn(c1C(OCC1OCCCC1)=O)C1CC1,MOSES sample,1641,249.31,18,40.46,2.5489,4,3
c1c(Cl)ccnc1C(=O)N(C(c1cccc(c1)O)C)C,MOSES sample,1642,290.75,20,53.43,3.2738,3,2
n1c(C(OC)(C)C)noc1-c1cccn1Cc1ccc(cc1)F,MOSES sample,1643,315.348,23,53.08,3.607,5,3
c1c2[nH]c(nc2ccc1C#N)Nc1c(C)ccc(c1)N,MOSES sample,1644,263.304,20,90.52,3.0688,2,3
c1c(c(CCC(=O)NC(CO)C)cc(c1)Br)F,MOSES sample,1645,304.159,17,49.33,2.0178,5,1
c1c(c(F)ccc1NC(NCc1ccccn1)=O)C(F)(F)F,MOSES sample,1646,313.254,22,54.02,3.5612,3,2
c1(C(F)(F)F)nc(N)c(cc1)C(OCCOC)=O,MOSES sample,1647,264.203,18,74.44,1.4858,4,1
c1c(c(C)oc1C)C(=O)OC(C)c1nc(no1)-c1ncc(cc1)C#N,MOSES sample,1648,338.323,25,115.04,3.13112,4,3
Cc1cc(C(=O)Nc2c(C)nn(-c3ccccc3)c2C)n(C(C)C)n1,MOSES sample,1649,337.427,25,64.74,3.82726,4,3
c1c(C(OC)=O)ccc(c1)S(NC(C)C(=O)NC1CC1)(=O)=O,MOSES sample,1650,326.374,22,101.57,0.4186,6,2
O=C1CC(C(=O)N2CCc3ccccc3C2)CN1C1CC1,MOSES sample,1651,284.359,21,40.62,1.5822,2,4
c1c(C#N)ccc(c1)OC(C(Nc1ccc(cc1)C(=O)OC)=O)C,MOSES sample,1652,324.336,24,88.42,2.75088,5,2
c1ccc(CNS(=O)(c2ccc(cc2)C(=O)NC(C)(C)C)=O)cc1,MOSES sample,1653,346.452,24,75.27,2.6934,5,2
n1c(nn(n1)CC(=O)NCC(=O)NC(C)C)-c1c(F)cccc1,MOSES sample,1654,320.328,23,101.8,0.12,6,2
C(CC1(Cn2c(nnn2)C)CCCCC1)(=O)Nc1ccc(cc1)F,MOSES sample,1655,331.395,24,72.7,3.09992,5,3
C(NC(Cc1c(=O)oc2c(ccc(c2)O)c1C)=O)C1OCCC1,MOSES sample,1656,317.341,23,88.77,1.64472,4,3
c1cc(ccc1NC(c1ccc(cc1)F)=O)NCc1ccncc1,MOSES sample,1657,321.355,24,54.02,4.0851,5,3
c1(C(N2CCc3c(cccc32)CNC(=O)C(C)C)=O)cc(ccc1)F,MOSES sample,1658,340.398,25,49.41,3.3008,4,3
c1(OCC#N)cccc(c1)CC(N1C(C)c2n(ccc2)CC1)=O,MOSES sample,1659,309.369,23,58.26,2.53638,4,3
N(C(C1(c2ccccc2)C(C1)(Cl)Cl)=O)CC1COCCO1,MOSES sample,1660,330.211,21,47.56,2.0336,4,3
CCc1onc(C)c1NC(=O)C1CC(=O)N(CC(F)(F)F)C1,MOSES sample,1661,319.283,22,75.44,1.89472,4,2
O=C(CCc1ccsc1)Nc1ccc(Oc2cccnc2)nc1,MOSES sample,1662,325.393,23,64.11,3.9017,6,3
CN1CC(Sc2ccc(Br)cc2)CC1=O,MOSES sample,1663,286.194,15,20.31,2.7719,2,2
c1(-n2cc(S(NCc3ccc(o3)C)(=O)=O)cn2)ccccc1,MOSES sample,1664,317.37,22,77.13,2.25222,5,3
COc1cccc(C(=O)Nc2cn(nc2C)C)c1F,MOSES sample,1665,263.272,19,56.15,2.12852,3,2
c1(C)cccc2c1oc(c2)C(NCc1n(cnn1)C1CC1)=O,MOSES sample,1666,296.33,22,72.95,2.59762,4,4
NC(c1ccc(cc1)CSc1nnc(Oc2ccccc2)s1)=O,MOSES sample,1667,343.433,23,78.1,3.7216,6,3
c1(cccc(c1)NCc1cc(c(cc1)O)Cl)C#N,MOSES sample,1668,258.708,18,56.05,3.52938,3,2
c1ccc(c(c1)C(=O)NCc1cc(ncc1)OC)OC,MOSES sample,1669,272.304,20,60.45,2.0288,5,2
c12cccc(c1N(CC(=O)NC1CCCC1)CC2)N,MOSES sample,1670,259.353,19,58.36,1.6901,3,3
O=S(=O)(NC1CC1)c1cc(Br)cnc1N,MOSES sample,1671,292.158,15,85.08,0.867,3,2
c1c(F)cc2NC(=O)CC(C(=O)Nc3cc(OC)ccn3)c2c1,MOSES sample,1672,315.304,23,80.32,2.2938,3,3
C(NC1CCCC1)(CNC(NCc1cc(-n2cncn2)ncc1)=O)=O,MOSES sample,1673,343.391,25,113.83,0.5203,6,3
O=S(=O)(c1c2ncsc2ccc1)N1CCC(CC1)C,MOSES sample,1674,296.417,19,50.27,2.7169,2,3
O1C2C(CC1CC2)C(=O)N(C)Cc1nc(C)sc1,MOSES sample,1675,266.366,18,42.43,1.97742,3,3
Cc1cccc(Nc2nc(C)c(C)c3n[nH]c(=O)c23)c1,MOSES sample,1676,,,,,,
n1c(cncc1)C(=O)NC(C(C)C)c1cc(=O)[nH]c(n1)C,MOSES sample,1677,287.323,21,100.63,0.99542,4,2
c1(nc(-c2ccccc2)cs1)NC(CSc1nc(N)ncn1)=O,MOSES sample,1678,344.425,23,106.68,2.3081,5,3
c1ccc(C(F)(F)F)nc1Nc1c(cc(N)cc1)N,MOSES sample,1679,268.242,19,76.96,3.0084,2,2
c1cc(oc1)C(N(C)C)CNC(C)c1occc1,MOSES sample,1680,248.326,18,41.55,2.8261,6,2
c12n(c(n(c(=O)c2n(C)c(SC)n1)C)=O)CC,MOSES sample,1681,254.315,17,61.82,0.1755,2,2
CNC(=O)Nc1ccc(NC(=O)Cc2ccc[nH]2)cc1,MOSES sample,1682,272.308,20,86.02,1.9472,4,2
c1c(ccc(OC)c1)CCC(=O)Nc1ccc(CC(=O)N)cc1,MOSES sample,1683,312.369,23,81.42,2.2943,7,2
O(C)c1ccc(cc1)CCNC(NC(C(=O)N)c1ccccc1)=O,MOSES sample,1684,327.384,24,93.45,1.7635,7,2
CCCCCNS(=O)(=O)c1cnc2c(Cl)c(C)nn2c1,MOSES sample,1685,316.814,20,76.36,2.15962,6,2
Fc1ccc(c(c1)S(=O)(N1CCCC(C)CC1)=O)OC,MOSES sample,1686,301.383,20,46.61,2.645,3,2
CC1=NC2(CCC3CN(C(=O)NC4CCCC4)CC32)C(=O)N1C,MOSES sample,1687,318.421,23,65.01,1.6096,1,4
c1cc(c(N)cc1-c1[nH]c2ccccc2n1)OC(C)C,MOSES sample,1688,267.332,20,63.93,3.5993,3,3
C1(CCCCC1)Nc1nc(nc2c1CCC2)-c1cnccc1,MOSES sample,1689,294.402,22,50.7,3.7719,3,4
CC(C)(CNC(=O)NCCc1nc2ccccc2s1)c1ccncc1,MOSES sample,1690,354.479,25,66.91,3.5108,6,3
Cc1cc(NC(=O)CCc2ccc3c(c2)OCO3)no1,MOSES sample,1691,274.276,20,73.59,2.28302,4,3
Cc1ccc(Cn2cc(ccc2=O)-c2onc(CC)n2)cc1,MOSES sample,1692,295.342,22,60.92,2.81742,4,3
n1cc(sc1NC(c1cccc(CCC(C)(C)O)c1)=O)CC,MOSES sample,1693,318.442,22,62.22,3.6613,6,2
CC(C)CCc1nc(CS(=O)(=O)c2nccn2C)cs1,MOSES sample,1694,313.448,20,64.85,2.4391,6,2
c1c(ccc(c1)CCNC(C1(CC1)c1ccc(F)cc1)=O)-n1cccn1,MOSES sample,1695,349.409,26,46.92,3.4019,6,4
C1C(OCC1)C(NC(=O)Nc1cccc2c1cccc2)C,MOSES sample,1696,284.359,21,50.36,3.5288,3,3
O=C(NCCc1c(cccc1F)F)c1cc(C)on1,MOSES sample,1697,266.247,19,55.13,2.23372,4,2
C(C(C)=O)(C)Oc1ccc(C(NC2CCCC2)=O)cc1,MOSES sample,1698,275.348,20,55.4,2.7153,5,2
c1c(CNC(=O)c2cc(Cl)c(cc2)O)cccc1,MOSES sample,1699,261.708,18,49.33,2.9756,3,2
COC(=O)Cn1ccnc1-c1cc(F)c(F)c(F)c1,MOSES sample,1700,270.21,19,44.12,2.1404,3,2
Cn1cc(NC(=O)CNC(=O)CC(C)(C)C)c(cc1=O)C,MOSES sample,1701,293.367,21,80.2,1.18462,4,1
S(c1ccc(c(c1)NC(C)=O)C)(=O)(Oc1ccc(F)cc1)=O,MOSES sample,1702,323.345,22,72.47,2.86022,4,2
O=C(CO)N1CCN(C(=O)COc2ccccc2-c2ccccc2)C1,MOSES sample,1703,340.379,25,70.08,1.353,5,3
c1cccc(CNCc2cnc(-n3nccc3)cc2)c1,MOSES sample,1704,264.332,20,42.74,2.5571,5,3
O=C(c1cc2occc2[nH]1)N1CC=C(c2c[nH]c3ccccc23)CC1,MOSES sample,1705,331.375,25,65.03,4.1717,2,5
CC(C)(C)OC(=O)N(Cc1cccc(F)c1)C(C(N)=O)C1CC1,MOSES sample,1706,322.38,23,72.63,2.8267,5,2
C(c1ccc(c(F)c1)OC)(C)NC(c1cccc(C#N)c1)=O,MOSES sample,1707,298.317,22,62.12,3.19698,4,2
O=C1Nc2c(SC1)ccc(c2)NCc1cc(OC)c(cc1)OCC,MOSES sample,1708,344.436,24,59.59,3.7502,6,3
n1n(C)cc(CNC(=O)N(C)CCOc2ccccc2F)c1,MOSES sample,1709,306.341,22,59.39,1.7796,6,2
COc1ccc(S(=O)(=O)c2c(Br)cc(F)cn2)cc1,MOSES sample,1710,346.177,19,56.26,2.8246,3,2
c1(c[nH]c(n1)C(C)C)C(=O)N1CCN(CC1)c1ccccc1F,MOSES sample,1711,316.38,23,52.23,2.6346,3,3
Clc1ccccc1-c1oc(nn1)Cn1cccc(c1=O)C(F)(F)F,MOSES sample,1712,355.703,24,60.92,3.6188,3,3
n12c(c3c(nc1N)c(ccc3)N=C2N)NCCCOC,MOSES sample,1713,,,,,,
n1c(cn[nH]1)SCCNC(=O)C1(CCOCC1)c1c(F)cccc1,MOSES sample,1714,350.419,24,79.9,1.9005,6,3
COc1c(C(=O)N2CC(C)OCC2C)ccc(c1)OC,MOSES sample,1715,279.336,20,48,1.9532,3,2
C1N(CC1F)C(c1nc(c2c(c1)cccc2)Oc1ccccc1)=O,MOSES sample,1716,322.339,24,42.43,3.821,3,4
NC(CCn1nc(n(c1=O)-c1c(cc(Cl)cc1)Cl)C)=O,MOSES sample,1717,315.16,20,82.91,1.52462,4,2
Cc1csc(SCC(=O)N(C)CCC#N)n1,MOSES sample,1718,255.368,16,56.99,1.9157,5,1
N(c1cc(C#C)ccc1)CC(=O)Nc1c(cccc1C)C(C)C,MOSES sample,1719,306.409,23,41.13,4.15032,5,2
N(C(CC)c1nc(cs1)C)C(N(C)CC(F)F)=O,MOSES sample,1720,277.34,18,45.23,2.80912,5,1
c1(cc2OCOc2cc1)-c1nnn(-c2c(cccc2)C)c1N,MOSES sample,1721,294.314,22,75.19,2.55362,2,4
c1c(ccc(c1)C(N)=O)OCC(NC(c1ccccc1)C(C)(C)C)=O,MOSES sample,1722,340.423,25,81.42,3.0679,6,2
c1csc(-c2nn(CC(=O)Nc3ccccc3C#N)nn2)c1,MOSES sample,1723,310.342,22,96.49,1.91198,4,3
O=C(NCCS(=O)(=O)c1ccccc1)c1ccoc1,MOSES sample,1724,279.317,19,76.38,1.4833,5,2
Cc1csc(=O)n1CC(=O)NCCCSc1ccccc1,MOSES sample,1725,322.455,21,51.1,2.51682,7,2
CCOC(=O)c1ccn(CSc2ccccc2N)n1,MOSES sample,1726,277.349,19,70.14,2.3918,5,2
c1c(C)c(cc2c(=O)c(-c3onc(c3)C)coc12)Cl,MOSES sample,1727,275.691,19,56.24,3.71824,1,3
c1ccc(O)cc1CNC(Nc1cc2oc(nc2cc1)C)=O,MOSES sample,1728,297.314,22,87.39,3.16352,3,3
C(N(C)C(=O)NCc1ccnc(c1)OC(C)(C)C)COC,MOSES sample,1729,295.383,21,63.69,2.0467,6,1
C1(CCCN(C(=O)c2cccc(C(=O)NCCC)c2)C1)C(NCC)=O,MOSES sample,1730,345.443,25,78.51,1.8147,6,2
CC1(C(=O)NCCOc2cccnc2)Cc2ccccc2C(=O)O1,MOSES sample,1731,326.352,24,77.52,1.7484,5,3
O(C)C(=O)c1cc(CNC(=O)c2ccccc2N2CCCC2)oc1C,MOSES sample,1732,342.395,25,71.78,2.90482,5,3
c1(-n2c(-c3c(C)nc4n3cccc4)nc(C(C)C)n2)ncccc1,MOSES sample,1733,318.384,24,60.9,3.40882,3,4
c12onc(c2cc(cc1)Cl)CC(=O)Nc1cnccc1,MOSES sample,1734,287.706,20,68.02,3.0574,3,3
C(c1ccccc1)(N)c1cnc2c([nH]c([nH]c2c1)=O)=O,MOSES sample,1735,268.276,20,104.63,0.6595,2,3
O=c1nc2ccccn2cc1C(Nc1c(F)cc(cc1)F)=O,MOSES sample,1736,301.252,22,63.47,2.225,2,3
C(C=C)NC(=O)c1ccc(NC(=O)C(NS(C)(=O)=O)C)cc1,MOSES sample,1737,325.39,22,104.37,0.4786,7,1
C(c1noc(-c2ccoc2)n1)Nc1c(cc(cc1)C)OCC,MOSES sample,1738,299.33,22,73.32,3.64882,6,3
N(C)(CCC#N)C(=O)c1c(cccc1)CCc1ccccc1,MOSES sample,1739,292.382,22,44.1,3.45748,6,2
c1c(n(nc1C)C(c1ccc(cc1)OCCCC)=O)C,MOSES sample,1740,272.348,20,44.12,3.36734,5,2
CCCCn1nc(C(=O)Nc2cccc(OC)c2)ccc1=O,MOSES sample,1741,301.346,22,73.22,2.3043,6,2
O(C(C)=O)c1cc2occ(c2cc1)-c1cnccc1,MOSES sample,1742,253.257,19,52.33,3.4201,2,3
COc1ccc(NC(=O)Nc2ccn(CC(F)F)n2)cn1,MOSES sample,1743,297.265,21,81.07,2.1958,5,2
n1c(NC(=O)Cc2c(sc(n2)C)C)sc(n1)C(C)C,MOSES sample,1744,296.421,19,67.77,2.91604,4,2
c1c(C)sc(c1C(=O)c1cc(C(OC)=O)n(c1)CC#N)C,MOSES sample,1745,302.355,21,72.09,2.70762,4,2
c1(c(cccc1)COC)CNC(=O)c1c(cncc1)F,MOSES sample,1746,274.295,20,51.22,2.2971,5,2
c1(n(ncc1-c1nc(ncc1)N)C(C)(C)C)C(F)(F)F,MOSES sample,1747,285.273,20,69.62,2.6961,1,2
C#CCOc1cc(F)ccc1NC(=O)NC(CC)c1c(C)noc1C,MOSES sample,1748,345.374,25,76.39,3.71534,6,2
Fc1c(c(OC)c(cc1C(N1CCN(CC1)CC1CC1)=O)F)F,MOSES sample,1749,328.334,23,32.78,2.2803,4,3
C1N(Cc2cccc(OC(C#N)C)c2)CC(OC1)c1cn(nc1)C,MOSES sample,1750,326.4,24,63.31,2.28448,5,3
o1c(C(NCC)=O)nc(COc2ccc(F)cc2Cl)n1,MOSES sample,1751,299.689,20,77.25,2.1908,5,2
Cn1nc(C(F)(F)F)c(Cl)c1C(=O)Nc1cc(F)cc(F)c1,MOSES sample,1752,339.651,22,46.92,3.6228,2,2
COc1c(OC)cc(CN(C)CC(F)(F)F)cc1Br,MOSES sample,1753,342.155,19,21.7,3.4604,5,1
N#CC1CCN(CCOc2cccc(Cl)c2)CC1,MOSES sample,1754,264.756,18,36.26,2.95438,4,2
c1(NC(=O)N2C(CCC2)C(=O)NC2CC2)ccccc1OCC,MOSES sample,1755,317.389,23,70.67,2.3602,5,3
C(=O)(NCc1nc2c(cccc2)[nH]1)c1cc(ccc1OC)F,MOSES sample,1756,299.305,22,67.01,2.6406,4,3
C(c1ccc(C)nc1)c1onc(-c2ccccn2)n1,MOSES sample,1757,252.277,19,64.7,2.42582,3,3
n1ccn(C(F)F)c1CN(C(Nc1sc(C)cc1)=O)C,MOSES sample,1758,300.334,20,50.16,3.31202,4,2
c12c(nccc1)cccc2N(C)C(c1nc(ccc1)OCC(F)F)=O,MOSES sample,1759,343.333,25,55.32,3.5503,5,3
CC(Sc1ccccc1Cl)C(=O)NC(C)(C)C(N)=O,MOSES sample,1760,300.811,19,72.19,2.2007,5,1
c1(cc(ccc1OC)CCc1sc(CO)c(n1)C)OC,MOSES sample,1761,293.388,20,51.58,2.74622,6,2
C1N(C(Cn2c3ccccc3oc2=O)=O)C(Cc2ccccc21)C(N)=O,MOSES sample,1762,351.362,26,98.54,1.0333,3,4
C(C)(c1ccc(cc1)N1C(CCCC1C(OC)=O)=O)C,MOSES sample,1763,275.348,20,46.61,2.8685,3,2
COc1ccc(S(=O)(=O)Oc2ccc3c(c2)OCO3)cc1F,MOSES sample,1764,326.301,22,71.06,2.3307,4,3
N1(c2c(ccc(c2)N2CCOCC2)CCC1)S(=O)(=O)C,MOSES sample,1765,296.392,20,49.85,1.2354,2,3
O=C(NCCC(O)C1CCCC1)c1cccc(-c2ccoc2)c1,MOSES sample,1766,313.397,23,62.47,3.6176,6,3
c1c(C)sc(NC(=O)CNc2c(cccc2C)C(C)C)n1,MOSES sample,1767,303.431,21,54.02,3.93394,5,2
C(C(C)NC(=O)N1C(c2nc(C)cs2)CCC1)OC,MOSES sample,1768,283.397,19,54.46,2.33292,4,2
c1csc(c1)CNC(C(Sc1ccc(cn1)C)C)=O,MOSES sample,1769,292.429,19,41.99,3.24852,5,2
CC(=O)c1ccc(NC(=O)NCCNS(C)(=O)=O)cc1C,MOSES sample,1770,313.379,21,104.37,0.86832,6,1
Cc1cc(C)cc(C(=O)Nc2cc(N3CCCC3)ncn2)c1,MOSES sample,1771,296.374,22,58.12,2.94594,3,3
N(C(COC)C)C(c1c(N)c(ns1)-c1ccccn1)=O,MOSES sample,1772,292.364,20,90.13,1.552,5,2
C(NC(=O)c1cc(-c2ccc(cc2)Cl)no1)C(=O)OC,MOSES sample,1773,294.694,20,81.43,1.8978,4,2
N(Cc1ccco1)C(=O)NCC(=O)NCc1ccccn1,MOSES sample,1774,288.307,21,96.26,0.7902,6,2
O=S(N(c1ccc(OC)cc1)CC(NCCC)=O)(=O)C,MOSES sample,1775,300.38,20,75.71,0.9874,7,1
C=CCN(Cc1cccnc1)C(=O)c1cnc(C2CC2)nc1,MOSES sample,1776,294.358,22,58.98,2.5774,6,3
Cc1nc(SCC(=O)N(CC)CC)nc(c1C)C,MOSES sample,1777,267.398,18,46.09,2.36236,5,1
o1nc(nc1C(NC(c1ccc2OCOc2c1)=O)c1ccccc1)C,MOSES sample,1778,337.335,25,86.48,2.62612,4,4
O=C(c1cc(C2CC2)nn1C)Nc1nc2c(cccc2)s1,MOSES sample,1779,298.371,21,59.81,3.1595,3,4
c1(CCC)nc(N2CCOCC2)c(C#N)c(C)c1C,MOSES sample,1780,259.353,19,49.15,2.35922,3,2
o1c(C)cc(c1C)-c1oc(NC(c2n(nc(C)c2)CC)=O)nn1,MOSES sample,1781,315.333,23,98.98,2.72356,4,3
c1(ncccc1)CCNC(c1c2OCCCn2nc1)=O,MOSES sample,1782,272.308,20,69.04,1.0331,4,3
C(=O)(c1cc(C)ccc1)NCCC(NCc1occc1)=O,MOSES sample,1783,286.331,21,71.34,2.02432,6,2
N1C(CCc2cc(ccc21)NC(=O)c1ccc(cc1)Br)=O,MOSES sample,1784,345.196,21,58.2,3.5861,2,3
c1c(c(-c2[nH]c3CC(CnC=C)CC(=O)c3n2)cc(c1)Cl)OC,MOSES sample,1785,,,,,,
c1(c(F)cc(cc1)C(=O)Nc1cc(c(cc1)OC)F)-n1cccn1,MOSES sample,1786,329.306,24,56.15,3.4114,4,3
C1CC(C#N)(C(NCc2cc(OC)ccc2)=O)CC1,MOSES sample,1787,258.321,19,62.12,2.39538,4,2
C1OCCN(C(=O)CCCOc2c(C)cc(C)cc2)C1C1CC1,MOSES sample,1788,317.429,23,38.77,3.09984,6,3
COc1ccccc1C1CN(c2ccc(C#N)cn2)CCO1,MOSES sample,1789,295.342,22,58.38,2.53978,3,3
c1c(C)c(C(NCCc2oc(cc2)C)=O)cc(F)c1,MOSES sample,1790,261.296,19,42.24,3.00804,4,2
C1CCCN(C(=O)COC(c2c(oc3nc[nH]c(c23)=O)C)=O)CC1,MOSES sample,1791,333.344,24,105.5,1.38392,3,3
n1c(cccc1F)N1CCN(CC(=O)N2C(CCCC2C)C)CC1,MOSES sample,1792,334.439,24,39.68,2.1322,3,3
c1c(Cl)ccc(NC(=O)N2CCC3(CC2)CCNC(=O)CC3)c1,MOSES sample,1793,335.835,23,61.44,3.2542,1,3
O=S(=O)(c1cc(C)ccc1C)Nc1ccc(cc1)CNC(N)=O,MOSES sample,1794,333.413,23,101.29,2.27254,5,2
N(c1nccc(C2CCCC2)n1)(Cc1nncn1C(C)C)C,MOSES sample,1795,300.41,22,59.73,2.943,5,3
C(CCC(=O)Nc1c(O)cccc1)n1nc(cc1)C,MOSES sample,1796,259.309,19,67.15,2.31602,5,2
C(=O)(N1CCn2c(nn(C)c2=O)C1)Nc1ccc(C(F)(F)F)cc1,MOSES sample,1797,341.293,24,72.16,1.6483,1,3
CC(C)C(=O)NCCNC(=O)c1cccc2nscc12,MOSES sample,1798,291.376,20,71.09,1.7983,5,2
n1n(C)c(C)c(C(NS(=O)(=O)c2sccc2)C)c1C,MOSES sample,1799,299.421,19,63.99,2.13794,4,2
C(=O)(c1ncoc1-c1sccc1)NCC(Nc1ccc(F)cc1)=O,MOSES sample,1800,345.355,24,84.23,2.9107,5,3
N(c1cc(ccc1)NC(N(C)C(C)c1ccncc1)=O)C(C)=O,MOSES sample,1801,312.373,23,74.33,3.2649,4,2
COc1cccc(CNC(=O)c2ccc(-c3nc(C)no3)cc2)c1,MOSES sample,1802,323.352,24,77.25,2.98362,5,3
C1(OCC2CCCCN2C1)CNC(NCC(C)c1ccsc1)=O,MOSES sample,1803,337.489,23,53.6,2.4041,5,3
C(c1c(OCC)nccc1)NC(NC(C)CC)=O,MOSES sample,1804,251.33,18,63.25,2.078,6,1
Cc1cnc(CNc2ccc(S(=O)(=O)N(C)C)cc2)o1,MOSES sample,1805,295.364,20,75.44,1.84542,5,2
c1(N)c(ccc(c1)Cl)NC(c1ccc(cc1)C)=O,MOSES sample,1806,260.724,18,55.12,3.48292,2,2
c1ccc2c(CC(C(=O)NCC(NCCc3ccco3)=O)OC2=O)c1,MOSES sample,1807,342.351,25,97.64,0.8362,6,3
CCC(NC(=O)c1ccc(F)c(c1)NC(C)=O)CO,MOSES sample,1808,268.288,19,78.43,1.2848,5,1
c1c(F)ccc(C(=O)NCC(=O)C(C#N)c2n(C)c3ccccc3n2)c1,MOSES sample,1809,350.353,26,87.78,2.31868,5,3
c1(ccccc1Br)C#CCNC(=O)c1cn(nc1)CC,MOSES sample,1810,332.201,20,46.92,2.447,3,2
c1(NC(=O)N2CCOCC2)ccc(OC2CCCC2)cc1,MOSES sample,1811,290.363,21,50.8,2.8721,3,3
C(=O)(C1CCCN(C1)c1cnn(-c2ccc(cc2)F)c(=O)c1Cl)N,MOSES sample,1812,350.781,24,81.22,1.7267,3,3
c1c(C#N)c(n(CCCOc2ccccc2)n1)C#N,MOSES sample,1813,252.277,19,74.63,2.09556,5,2
N#Cc1c(F)cccc1NCc1cccc(C#N)c1,MOSES sample,1814,251.264,19,59.61,3.18116,3,2
CC(OC1CCCN(C(=O)OC(C)(C)C)CC1)n1ccnc1,MOSES sample,1815,309.41,22,56.59,3.2078,3,2
C1CN(C(C2NC(CC2)=O)=O)C(C)Cc2ccccc21,MOSES sample,1816,272.348,20,49.41,1.2809,1,3
c1c(C(C)(C)O)n(c2ccccc2c1=O)CC(N1CCCCC1)=O,MOSES sample,1817,328.412,24,62.54,2.2414,3,3
CCn1c(C2CCN(C(=O)C3CCOC3)CC2)nc2cccnc21,MOSES sample,1818,328.416,24,60.25,2.1937,3,4
CN(C(=O)c1ccc(Cl)c(Cl)c1)C1CCCCC1O,MOSES sample,1819,302.201,19,40.54,3.3689,2,2
COC(=O)CCC(O)c1ccc2c(c1)ncn2C1CC1,MOSES sample,1820,274.32,20,64.35,2.3578,5,3
C(=O)(N1c2ccccc2CCC1)Cn1c(c(c(cc1C)C)C#N)=O,MOSES sample,1821,321.38,24,66.1,2.31622,2,3
CCCNC(=O)N1CCN(CC(=O)NC2CC2)CC1,MOSES sample,1822,268.361,19,64.68,0.0022,5,2
C1CCC(CN(C(=O)NCc2cc(ccc2)OCC(=O)NC)C)O1,MOSES sample,1823,335.404,24,79.9,1.1318,7,2
C(CNC(CCn1cnc2c(c1=O)c(C)c(C)s2)=O)C,MOSES sample,1824,293.392,20,63.99,1.99114,5,2
c1(c(C(N2CCOCC2)=O)cccc1)NCC(N(C)c1ccccc1)=O,MOSES sample,1825,353.422,26,61.88,2.2339,5,3
Cc1ccc(OCC2CN(C(=O)c3ccc(C)s3)CCO2)cc1,MOSES sample,1826,331.437,23,38.77,3.28494,4,3
n1cc(c2c(c1)c(n(c(=O)n2C)C)=O)OCCOc1ccccc1,MOSES sample,1827,327.34,24,75.35,1.09,5,3
COc1ccc(NC(=O)C(C)Oc2cccc(c2)Cl)cn1,MOSES sample,1828,306.749,21,60.45,3.1496,5,2
CC(CC(N(C(Cn1ccccc1=O)=O)C1CC1)C)C,MOSES sample,1829,276.38,20,42.31,2.2739,6,2
c1c(C2c3c(C)n[nH]c3NC(C2)=O)ccc(c1OC)OC(F)F,MOSES sample,1830,323.299,23,76.24,2.80222,4,3
c1c(ccc(c1)C(=O)NCc1ccc(cc1)-c1ccn[nH]1)COC,MOSES sample,1831,321.38,24,67.01,3.1531,6,3
c1c(OC(F)F)ccc(c1)CC(=O)N(CC)CCO,MOSES sample,1832,273.279,19,49.77,1.6713,7,1
c1c(Br)ccc(C(NCC(=O)N2CCCC(C2)O)=O)c1,MOSES sample,1833,341.205,20,69.64,1.1622,3,2
O=C(Nc1scc(n1)-c1cc(c(cc1)Cl)N)CCC,MOSES sample,1834,295.795,19,68.01,3.7843,4,2
C1CC(CCO1)(NC(c1oc2c(cccc2)c1C)=O)C(=O)OCC,MOSES sample,1835,331.368,24,77.77,2.58332,4,3
N(c1scnn1)C(NCCc1cc(cc(c1)C)C)=O,MOSES sample,1836,276.365,19,66.91,2.51914,4,2
O=C(CCNC(=O)c1csnn1)Nc1ccccc1,MOSES sample,1837,276.321,19,83.98,1.2967,5,2
C(Sc1nc2sccc2c(n1C)=O)Cn1c(csc1=O)C,MOSES sample,1838,339.467,21,56.89,2.31892,4,3
c1(ccc(C2OCc3ccccc3C2NC(=O)COC)cc1)F,MOSES sample,1839,315.344,23,47.56,2.9009,4,3
c1ccc2c(c1)n(CC(=O)NC(C(OCC)=O)C)cc2,MOSES sample,1840,274.32,20,60.33,1.7091,5,2
C1N(CCN(CC)C1)S(=O)(=O)c1c(noc1C)C,MOSES sample,1841,273.358,18,66.65,0.61764,3,2
C(C)C(CC)n1c(C2CCC2)c(nn1)COCl,MOSES sample,1842,257.765,17,39.94,3.5771,6,2
c1(C(NCC(Nc2ccc(cc2)C)=O)=O)cc(cc(c1)F)F,MOSES sample,1843,304.296,22,58.2,2.64172,4,2
C(c1ccccc1)(=O)CC1CCCN1Cc1c(C#N)cccc1,MOSES sample,1844,304.393,23,44.1,3.79568,5,3
C(OCC1CN(C(=O)CC1)Cc1ccccc1)(C)=O,MOSES sample,1845,261.321,19,46.61,1.9883,4,2
c1(Cl)c(C)ccc(NC(C(C)OC(=O)c2[nH]cc(C(=O)N)c2)=O)c1,MOSES sample,1846,349.774,24,114.28,2.25942,5,2
c1sc2c(c1)CN(C(=O)c1cnn(c1-n1cccc1)C)CC2,MOSES sample,1847,312.398,22,43.06,2.4708,2,4
c1(c(C(Nc2cc(cc(F)c2)F)=O)cn(n1)CCC#N)C(F)(F)F,MOSES sample,1848,344.243,24,70.71,3.34608,4,2
c1(ccc(OCc2occc2C(=O)OC)cc1)CC,MOSES sample,1849,260.289,19,48.67,3.2076,5,2
O=C(COC(=O)c1cccs1)NCc1ccc(Cl)cc1Cl,MOSES sample,1850,344.219,21,55.4,3.5281,5,2
CC(C)OCC(O)Cn1cnc2scc(-c3ccco3)c2c1=O,MOSES sample,1851,334.397,23,77.49,2.5039,6,3
CC(C)(CNC(=O)Nc1ccccc1-n1cccn1)c1ccncc1,MOSES sample,1852,335.411,25,71.84,3.3666,5,3
CC1CN(C2CCN(C(=O)C(C)(C)C)CC2)CC(C)O1,MOSES sample,1853,282.428,20,32.78,2.1327,1,2
Cc1noc(COC(=O)c2sc3ccccc3c2Cl)n1,MOSES sample,1854,308.746,20,65.22,3.60312,3,3
COc1ccccc1CC1(c2ccco2)C(=O)N=C(N1)N,MOSES sample,1855,285.303,21,89.85,1.1707,4,3
N1(CCCC1)C(=O)C1N(C(CNC(CCC)=O)=O)CCC1,MOSES sample,1856,295.383,21,69.72,0.5161,5,2
C(Oc1c(cccc1)OC(C)C)C(=O)Nc1ccccc1,MOSES sample,1857,285.343,21,47.56,3.4913,6,2
COCCCCCNC(=O)c1ccc(F)c(F)c1,MOSES sample,1858,257.28,18,38.33,2.5113,7,1
c1c(CC(=O)NCCS(NCC)(=O)=O)cc(C)cc1,MOSES sample,1859,284.381,19,75.27,0.59302,7,1
s1c(NC(=O)c2sccc2OC)nc(c1C)C,MOSES sample,1860,268.363,17,51.22,3.08234,3,2
O=c1[nH]c(cc(c1CNC(N(C(CC)C)C)=O)C)C,MOSES sample,1861,265.357,19,65.2,1.93164,4,1
N(CCNC(=O)c1cc2scnc2[nH]1)C(c1ccccc1O)=O,MOSES sample,1862,330.369,23,107.11,1.4898,5,3
c1c(N2C(CC(C2)c2noc(C3CC3)n2)=O)ccnc1,MOSES sample,1863,270.292,20,72.12,1.8625,3,4
C1(C(=O)Nc2ccc(C(=O)NCCO)cc2)(c2ccc(F)cc2)CC1,MOSES sample,1864,342.37,25,78.43,2.2181,6,3
C(C)(C(=O)NC(CO)C)NC(=O)C(C)(C)Cc1c(ccc(C)c1)C,MOSES sample,1865,334.46,24,78.43,1.87384,7,1
S1(=O)(N(C(c2c1cccc2)=O)CCC(OC)=O)=O,MOSES sample,1866,269.278,18,80.75,0.3942,3,2
N(C(CNC(=O)C1(c2ccccc2F)CC1)=O)Cc1ccccc1,MOSES sample,1867,326.371,24,58.2,2.2899,6,3
O=C(Cc1cccc(F)c1F)NCc1noc(C2CCCO2)n1,MOSES sample,1868,323.299,23,77.25,2.0582,5,3
c1(C)cc(NC(=O)CSc2nnc(C3CC3)n2CC)ccc1C,MOSES sample,1869,330.457,23,59.81,3.52304,6,3
COC(=O)c1cccc(Cn2cnc3ccccc32)c1,MOSES sample,1870,266.3,20,44.12,2.8712,3,3
c1cc(NC(C(C)NC(C)=O)=O)c2c(c1)scc2,MOSES sample,1871,262.334,18,58.2,2.3644,3,2
c1cc(-c2ccccc2)ccc1OC(C)C(N(CC(N)=O)C)=O,MOSES sample,1872,312.369,23,72.63,2.0646,6,2
C(c1ccccc1)CC(=O)NC(c1ccc(OC)c(c1)F)C,MOSES sample,1873,301.361,22,38.33,3.6443,6,2
CN(C(=O)CCc1ccc(S(N)(=O)=O)cc1)Cc1c(C)noc1C,MOSES sample,1874,351.428,24,106.5,1.53004,6,2
COc1cccc2c1CCN(Cc1cc(=O)n3cccc(C)c3n1)C2,MOSES sample,1875,335.407,25,46.84,2.56982,3,4
C(c1ccc(C)cc1)(=O)NCCc1ccc(c(OC)c1)OC,MOSES sample,1876,299.37,22,47.56,2.98472,6,2
COc1ccc2c(c1)oc(cc2CCC(NCc1ccco1)=O)=O,MOSES sample,1877,327.336,24,81.68,2.6436,6,3
c1c(nccc1C(Nc1sc(cn1)C)=O)OC1CCC1,MOSES sample,1878,289.36,20,64.11,3.03012,4,3
FC(F)(c1ccc(cc1)Cn1c(cc(nc1)C1CCC1)=O)F,MOSES sample,1879,308.303,22,34.89,3.5779,3,3
C(C)C1CCCN(C(NCc2cc(-n3nccc3)ncc2)=O)C1,MOSES sample,1880,313.405,23,63.05,2.5989,4,3
CCC(NC(=O)c1scnc1C1CC1)c1ccc(OC)cc1,MOSES sample,1881,316.426,22,51.22,3.9102,6,3
CCCCNC(=O)c1ccc(F)c(NC(C)=O)c1,MOSES sample,1882,252.289,18,58.2,2.314,5,1
c1cc2n3c(nnc3n(Cc3ccccc3)c(c2cc1)=O)SC,MOSES sample,1883,322.393,23,52.19,2.8144,3,4
Cn1nc(C)c(NC(=O)c2ccccc2)c1C(N(C)C)=O,MOSES sample,1884,286.335,21,67.23,1.68262,3,2
c1cc(CNC(c2ccc(N3CCCS3(=O)=O)cc2)=O)sc1,MOSES sample,1885,336.438,22,66.48,2.218,4,3
O=C(NCC1CC(=O)N(C2CCCC2)C1)Nc1ccc2[nH]ccc2c1,MOSES sample,1886,340.427,25,77.23,3.0805,4,4
CC1COCC(C)N1C(=O)c1cn(-c2cccc(Cl)c2)nn1,MOSES sample,1887,320.78,22,60.25,2.1701,2,3
c1cc(COC)oc1C(OCc1nc(N(C)C)nc(N)n1)=O,MOSES sample,1888,307.31,22,116.6,0.6162,6,2
COc1cccc(C)c1-c1cnnc(NC(C)C)n1,MOSES sample,1889,258.325,19,59.93,2.67592,4,2
CCOC(C1C(NC(C)=O)C(C)=C(C=1N)C(=O)NC)=O,MOSES sample,1890,281.312,20,110.52,-0.6569,4,1
c1(OC)c(CNC(=O)Cc2c([nH]c3c(c2)cccc3)=O)cccc1,MOSES sample,1891,322.364,24,71.19,2.3956,5,3
n1cnn(C2CCCN(C2)C(=O)CCn2ccccc2=O)c1,MOSES sample,1892,301.35,22,73.02,0.6936,4,3
c1ccsc1CN(C)Cc1[nH]c(=O)c2c(n1)cccc2,MOSES sample,1893,285.372,20,48.99,2.6166,4,3
N(C(CO)(C)C)(Cc1ccccc1)C(=O)c1ccc(nc1)OC,MOSES sample,1894,314.385,23,62.66,2.5035,6,2
C(c1nc(NC(=O)c2cc(-c3ccoc3)ccc2)sc1)(C)=O,MOSES sample,1895,312.35,22,72.2,3.858,4,3
C1CC(C)CCN1c1nc(N2CCCC2)nc(-n2cnc(n2)C#N)n1,MOSES sample,1896,339.407,25,99.65,1.16048,3,4
Cc1ccc(C(O)CNC(=O)c2ccc(=O)[nH]c2)c(C)c1,MOSES sample,1897,286.331,21,82.19,1.45514,4,2
c1cc(ccc1C(CNC(c1cc(C(=O)N)c[nH]1)=O)OC)Cl,MOSES sample,1898,321.764,22,97.21,1.8845,6,2
COc1ccc(SCC(=O)NCCCO)cc1,MOSES sample,1899,255.339,17,58.56,1.2859,7,1
CN(S(=O)(N1CCC(CC1)Nc1cccc(OC)c1)=O)C,MOSES sample,1900,313.423,21,61.88,1.3779,5,2
COc1cc(NC(=O)Cc2ccc(C)cc2)ccc1N1CCCC1=O,MOSES sample,1901,338.407,25,58.64,3.31162,5,3
O=C(NC(C)c1ccc(cc1)OC)CN1Cc2n(CC1)c(nn2)C,MOSES sample,1902,329.404,24,72.28,1.28812,5,3
C1Cc2c(CC1)c(C(N1CCCC1)=O)cs2,MOSES sample,1903,235.352,16,20.31,2.8629,1,3
O=C(N1CC(CN(C)C(=O)C)CCC1)Nc1cccc(c1)OCC=C,MOSES sample,1904,345.443,25,61.88,2.9736,6,2
C(N1CCC(Oc2ccccc2Cl)CC1)C(=O)OC,MOSES sample,1905,283.755,19,38.77,2.3562,4,2
c1c(nn(-c2ccc(F)cc2)c1O)-c1ccc2c(CCN2C(C)=O)c1,MOSES sample,1906,337.354,25,58.36,3.293,2,4
c1c(OCC)ccc(C(=O)Nc2ccc(cc2)N2CCOCC2)c1,MOSES sample,1907,326.396,24,50.8,3.1742,5,3
O=C(C(OCC1CC1)C)NC(c1cccc(N2CCCC2)c1)C,MOSES sample,1908,316.445,23,41.57,3.2791,7,3
CN(C)C(=O)Sc1cccc(NC(=O)CSc2ccccc2)c1,MOSES sample,1909,346.477,23,49.41,4.1911,5,2
c12c(=O)n(nc(c1cccc2)C(N1CCCC1C(N)=O)=O)C,MOSES sample,1910,300.318,22,98.29,0.0234,2,3
n1c(C(=O)Nc2cccc(c2C)C)nc2c(c1)cccc2,MOSES sample,1911,277.327,21,54.88,3.49894,2,3
Cn1cc(CN2CC(c3nc(Cc4ccccc4)no3)C2)cn1,MOSES sample,1912,309.373,23,59.98,1.9933,5,4
Cc1ccc(-c2cc(NCCO)nc3[nH]ccc23)nc1,MOSES sample,1913,268.32,20,73.83,2.33752,4,3
CC(C)C(NC(c1ccccc1)=O)C(Nn1cnnc1)=O,MOSES sample,1914,287.323,21,88.91,0.8028,5,2
COc1cc2oc3c(c(=O)c2cc1Cl)CCC3,MOSES sample,1915,250.681,17,39.44,2.9437,1,3
o1c(nc2cc(ccc12)N)-c1c(cc(c(OC)c1)OC)OC,MOSES sample,1916,300.314,22,79.74,3.1028,4,3
n1c(NC(=O)c2nn(cc2Cl)CC)c(no1)C,MOSES sample,1917,255.665,17,85.84,1.50012,3,2
CCN(C(=O)c1cc(-c2cccs2)[nH]n1)CC1CCOC1,MOSES sample,1918,305.403,21,58.22,2.6368,5,3
O=C(CCc1nncn1C)c1ccc(Br)cc1,MOSES sample,1919,294.152,17,47.78,2.3931,4,2
Cc1cc(CNC(=O)Nc2cc(F)ccc2C)on1,MOSES sample,1920,263.272,19,67.16,2.75224,3,2
S(=O)(=O)(C)c1ccc(NCc2cc([nH]c(n2)C)=O)cc1,MOSES sample,1921,293.348,20,91.92,1.09392,4,2
N#Cc1c(NCCCCn2ccccc2=O)nc2ccccn12,MOSES sample,1922,307.357,23,75.12,2.25998,6,3
N(c1cnn(Cc2ccccc2)c1)C(C1CCN(C(=O)C)CC1)=O,MOSES sample,1923,326.4,24,67.23,2.1284,4,3
CC(C)(c1ccccc1F)CNC(=O)Cc1cccs1,MOSES sample,1924,291.391,20,29.1,3.5237,5,2
COc1ccc(OC)c2c1CN(C(=O)C1CC1)CC2O,MOSES sample,1925,277.32,20,59,1.4894,3,3
C(N(C)c1nccc(C2CCCC2)n1)c1cc(-c2ncccc2)no1,MOSES sample,1926,335.411,25,67.94,3.8206,5,4
C(#C)c1cc(ccc1)NC(=O)c1cn(C)nc1C(F)(F)F,MOSES sample,1927,293.248,21,46.92,2.6725,2,2
[nH]1c2cc(F)ccc2cc1C(=O)N1CCCC(C1)O,MOSES sample,1928,262.284,19,56.33,1.9039,1,3
C(CCNS(=O)(=O)c1cc(N)ccc1C)OCC,MOSES sample,1929,272.37,18,81.42,1.28212,7,1
c12ccccc1cc(CN1CC(c3onc(-c4cccnn4)n3)C1)o2,MOSES sample,1930,333.351,25,81.08,2.8722,4,5
CC(NC(=O)Nc1ccnn1C(C)C)c1cccc(Br)c1,MOSES sample,1931,351.248,21,58.95,4.1092,4,2
COC(=O)c1ccc2c(c1)CCN2C(=O)CN(C)CCC#N,MOSES sample,1932,301.346,22,73.64,1.20778,5,2
n1(C)ncc(c1)C(Nc1ccccc1C)C(OCC)=O,MOSES sample,1933,273.336,20,56.15,2.44482,5,2
Cc1c(c(ccc1)CNc1c(cc(cc1)C)OC)OC,MOSES sample,1934,271.36,20,30.49,3.93274,5,2
c1c2cc([nH]c2ccc1)CNC(c1ccc(=O)n(n1)CCOC)=O,MOSES sample,1935,326.356,24,89.01,1.301,6,3
CCOc1ccc(N2CCN(CC(=O)NC(C)C)C2=O)cc1,MOSES sample,1936,305.378,22,61.88,1.8519,6,2
c1(CC(C)NC(c2cccs2)=O)[nH]c2c(cc(cc2)F)n1,MOSES sample,1937,303.362,21,57.78,3.1245,4,3
Cc1cc(OS(=O)(=O)c2cccc3cnccc23)ccc1,MOSES sample,1938,299.351,21,56.26,3.31092,3,3
COc1ccc(CCCCC(=O)N2CCCC(O)C2)cc1,MOSES sample,1939,291.391,21,49.77,2.3913,6,2
c1c(C)sc(c1S(N(C1CCCC1C#N)C)(=O)=O)C,MOSES sample,1940,298.433,19,61.17,2.67772,3,2
c1c(ccc(c1)C)NC(=O)Cn1nnc2c(c(no2)-c2ccccc2)c1=O,MOSES sample,1941,361.361,27,102.91,2.39362,4,4
O=C(Nc1ccc(F)cc1)c1ccccc1S(=O)(CCC)=O,MOSES sample,1942,321.373,22,63.24,3.2617,5,2
C1(NC(c2ccc(cc2)NC(C)=O)Oc2c1ccc(c2C)C)=O,MOSES sample,1943,310.353,23,67.43,3.08284,2,3
c1c(cc(CN(C)C(NCCOCC)=O)cc1)Cl,MOSES sample,1944,270.76,18,41.57,2.5179,6,1
O=C1C(CCCN1)NC(c1cc(c(OCC)c(c1)OCC)Cl)=O,MOSES sample,1945,340.807,23,76.66,2.1458,6,2
Cc1c(cccc1C(N)=O)NC(=O)CC1CCCC1,MOSES sample,1946,260.337,19,72.19,2.61272,4,2
C(C1COCCC1)NC(=O)Nc1ccc(C#N)cc1,MOSES sample,1947,259.309,19,74.15,2.10638,3,2
c1(Cl)ccc(cc1C(NC(C(NCCC)=O)C)=O)N,MOSES sample,1948,283.759,19,84.22,1.5667,5,1
C(C)C(N(Cc1c(C)n(C)c(c1)C#N)CCCC)=O,MOSES sample,1949,261.369,19,49.03,2.7439,6,1
C1CCC(CN1C(=O)c1cc(ccc1)-c1ccoc1)c1nncn1CC,MOSES sample,1950,350.422,26,64.16,3.5778,4,4
O=C(Oc1ccc(-c2cc[nH]n2)cc1)c1ccccc1,MOSES sample,1951,264.284,20,54.98,3.2959,3,3
C1C(COCCCNC(NCC(F)(F)F)=O)CCO1,MOSES sample,1952,284.278,19,59.59,1.2911,7,1
C1(CC1)c1ncsc1C(NC(c1c(C)nn(C)c1C)C)=O,MOSES sample,1953,304.419,21,59.81,2.86184,4,3
c1ccc(NC(C(C)Oc2cc(ccc2)Cl)=O)c(=O)n1C,MOSES sample,1954,306.749,21,60.33,2.4447,4,2
C(=O)(OC(C(N1CCOCC1)=O)c1ccccc1)c1c(C)occ1,MOSES sample,1955,329.352,24,68.98,2.34492,4,3
C(Sc1n2c(cn1)cccc2)CC(Nc1ccc(C#N)cc1)=O,MOSES sample,1956,322.393,23,70.19,3.32688,5,3
c12ccccc2ccc(c1)NC(c1cnccn1)=O,MOSES sample,1957,249.273,19,54.88,2.8821,2,3
N(Cc1cscc1)C(CNC(C1CCCCC1)=O)=O,MOSES sample,1958,280.393,19,58.2,2.0608,5,2
O=C1Nc2ccccc2NC(C)(c2c(O)cc(C)cc2)C1,MOSES sample,1959,282.343,21,61.36,3.37012,1,3
C1(C2CCCN2C(Cc2c(nc(C)[nH]c2=O)C)=O)CCCCC1,MOSES sample,1960,317.433,23,66.06,2.50054,3,3
C(CC)(C(=O)OC)Sc1nnc(-c2occc2)c(-c2ccco2)n1,MOSES sample,1961,345.38,24,91.25,3.4353,6,3
Fc1ccc(cc1C(N)=O)NC(=O)c1c(CC)n(nc1)-c1ccccc1,MOSES sample,1962,352.369,26,90.01,2.925,5,3
c1cc(ccc1C)S(=O)(=O)Nc1cc(NC(=O)CC)ccc1C,MOSES sample,1963,332.425,23,75.27,3.45274,5,2
N(C(=O)c1cc(n(C)n1)OCC(N1CCCCC1)=O)c1ncccc1,MOSES sample,1964,343.387,25,89.35,1.4587,5,3
Cc1noc(CCC(=O)N(C)Cc2cn(-c3ccccc3)nc2C)n1,MOSES sample,1965,339.399,25,77.05,2.46334,6,3
C(n1c2c(nc1NCc1cc(c(-n3cncc3)cc1)F)cccc2)C,MOSES sample,1966,335.386,25,47.67,3.9931,5,4
C(CNc1ccc(cn1)-c1onc(n1)COC)(N1CCOCC1)C,MOSES sample,1967,333.392,24,85.54,1.4106,7,3
CCN(CC)C(=O)Cn1ccsc1=NC(=O)c1ccsc1,MOSES sample,1968,323.443,21,54.67,2.2206,5,2
n1c(NC(c2n(ncc2Br)C)=O)ccn1C,MOSES sample,1969,284.117,16,64.74,1.1684,2,2
O=C(NCc1cccs1)c1csc(-c2ccsc2)n1,MOSES sample,1970,306.437,19,41.99,3.8631,4,3
O=C(Oc1ccc(OCC2CC2)cc1)C1CCOCC1,MOSES sample,1971,276.332,20,44.76,2.8074,5,3
c1c(ccc(C)c1C)-n1cc2c(n(CC(N)=O)c(n(C)c2c1)=O)=O,MOSES sample,1972,326.356,24,92.02,0.59304,3,3
c1oc(c(c1)C(=O)NCC(N(Cc1ccccc1C)CCC)=O)C,MOSES sample,1973,328.412,24,62.55,3.06504,7,2
CCN1c2c(c(C(C)=O)cc(c2)Cl)Oc2c1ccc(N)c2,MOSES sample,1974,302.761,21,55.56,4.3885,2,3
C(=O)(c1ccc(OC)c(c1)F)c1cccc(NC(=O)C)c1,MOSES sample,1975,287.29,21,55.4,3.0237,4,2
O=S(c1ccc(F)cc1)(=O)Cc1cc(ccc1)C(=O)NC,MOSES sample,1976,307.346,21,63.24,2.1592,4,2
C(C(NCC1CCCCC1)=O)Cc1ccc(S(N)(=O)=O)cc1,MOSES sample,1977,324.446,22,89.26,1.9631,6,2
c1(c(c(c([nH]1)C(NCc1sccc1)=O)CC)C)C(C)=O,MOSES sample,1978,290.388,20,61.96,3.07962,5,2
c1c(OC(F)(F)F)ccc(S(N2CC(CC2)O)(=O)=O)c1,MOSES sample,1979,311.281,20,66.84,1.3405,3,2
O=C(c1c(N)[nH]c(=O)n(CC2CCCO2)c1=O)C,MOSES sample,1980,253.258,18,107.18,-0.4996,3,2
C1(c2c(CN1C(CO)C)cc(cc2)Br)=O,MOSES sample,1981,270.126,15,40.54,1.7857,2,2
c1c(scc1)C(C)CNC(=O)c1cn(nc1C)C,MOSES sample,1982,263.366,18,46.92,2.32352,4,2
c1n(c(cc1Br)C(=O)Nc1c(Cl)cc(F)cc1)C,MOSES sample,1983,331.572,18,34.03,3.8324,2,2
c1cccc(Oc2c(cccc2NCc2noc(C)c2)Cl)c1CO,MOSES sample,1984,344.798,24,67.52,4.53312,6,3
CC(NC(NCC(C(N)=O)(C)C)=O)c1ccccn1,MOSES sample,1985,264.329,19,97.11,0.9533,5,1
c1ccc(cc1C#N)-c1sc2nnc(-c3ccco3)n2n1,MOSES sample,1986,293.311,21,80.01,2.98448,2,4
c1c(c(F)cc(c1)CN(CC(c1ccc(cc1)F)O)C)S(C)=O,MOSES sample,1987,339.407,23,40.54,2.8676,6,2
N1(CCC)CC(CC1=O)C(Nc1cc(ncn1)OC)=O,MOSES sample,1988,278.312,20,84.42,0.6822,5,2
c1(C)ccc(s1)C(=O)NCc1cc2ccccn2n1,MOSES sample,1989,271.345,19,46.4,2.63422,3,3
CC(c1ncc(cn1)N1CCN(c2ncnc3oncc32)CC1)C,MOSES sample,1990,325.376,24,84.07,1.8578,3,4
O=S(CC)(=O)NCC(c1cc(F)c(cc1)F)=O,MOSES sample,1991,263.265,17,63.24,1.0868,5,1
C(Nc1ccc(OC)c(OCC(F)(F)F)c1)(c1ccncc1)=O,MOSES sample,1992,326.274,23,60.45,3.2836,5,2
C1CCC(OC(CCC(c2ccccc2)=O)=O)C(O1)=O,MOSES sample,1993,276.288,20,69.67,1.8983,5,2
CCOC(=O)C1=C(CN2CCCCC2)NC(=O)NC1,MOSES sample,1994,267.329,19,70.67,0.6023,4,2
C(=O)(C)NCC1NCCc2c(F)cc(OC)c(F)c12,MOSES sample,1995,270.279,19,50.36,1.2963,3,2
c1(cc(cc(CN2C3C(C(C2)OC)OCC3)c1)F)F,MOSES sample,1996,269.291,19,21.7,1.9529,3,3
CC(=C)COc1c(cc(cc1)C(=O)N(C)C)OC,MOSES sample,1997,249.31,18,38.77,2.3519,5,1
C(c1ccc(cc1)N(C(c1nnn(c1)CC(=O)N(C)C)=O)C)(C)C,MOSES sample,1998,329.404,24,71.33,1.7663,5,2
c1c(C(NCc2ccc(cc2)C(=O)NC2CC2)=O)c(ccc1)O,MOSES sample,1999,310.353,23,78.43,2.2144,5,3
c1(-n2nccc2)ccc(CCNC(CNC(=O)c2cocc2)=O)cc1,MOSES sample,2000,338.367,25,89.16,1.554,7,3
N(C(=O)C)CCNCc1c(cccc1Br)F,MOSES sample,2001,289.148,16,41.13,1.8139,5,1
c1(C)[nH]c(ccc1C(N(C1CCCCCC1)C)=O)=O,MOSES sample,2002,262.353,19,53.17,2.47812,2,2
c12cc(OC)c(cc1ncnc2N1CCC(CC1)=O)OC,MOSES sample,2003,287.319,21,64.55,1.8163,3,3
c12c(=O)[nH]c(N)nc2nc(c(c1)-c1ccccc1)N,MOSES sample,2004,253.265,19,110.68,1.1495,1,3
O(C1CCN(C(=O)c2cc(C(F)(F)F)ccc2)CC1)CC(C)C,MOSES sample,2005,329.362,23,29.54,3.9826,4,2
c1(CCC(Nc2cnc(nc2)OC)=O)ncncc1,MOSES sample,2006,259.269,19,89.89,0.8465,5,2
c1(NS(=O)(=O)C)ccc(C)c(c1)NC(=O)Cc1ccc(C)cc1,MOSES sample,2007,332.425,23,75.27,2.85614,5,2
C(=O)(c1ccc(cc1)CNC(=O)N)N(C)CCOC,MOSES sample,2008,265.313,19,84.66,0.5733,6,1
N(C(NCCCOCC1CCOC1)=O)c1cc2CCCc2cc1,MOSES sample,2009,318.417,23,59.59,2.74,7,3
COC(=O)c1c(NC(=O)C2CCCO2)sc(C)c1C,MOSES sample,2010,283.349,19,64.63,2.26904,3,2
CCOc1ccc(c(c1F)C(=O)NC(C)(CC)C)F,MOSES sample,2011,271.307,19,38.33,3.2819,5,1
O=C(Nc1ccccc1C(=O)N1CCOCC1)c1cc[nH]n1,MOSES sample,2012,300.318,22,87.32,1.1344,3,3
C(c1ccccc1)N(Cc1ncc(C)cc1)C(c1occc1)=O,MOSES sample,2013,306.365,23,46.34,3.82562,5,3
CC(N1CCC(CC1)c1n2CC(C)CCc2nn1)=O,MOSES sample,2014,262.357,19,51.02,1.5863,1,3
c12c(nc(s1)C(C#N)C(c1ccc(CC)s1)=O)cccc2,MOSES sample,2015,312.419,21,53.75,4.41028,4,3
CCC(CO)NC(=O)c1sccc1Br,MOSES sample,2016,278.171,14,49.33,2.0113,4,1
C(N(C)S(c1cccc2c1ccnc2)(=O)=O)C(F)(F)F,MOSES sample,2017,304.293,20,50.27,2.4176,3,2
S(=O)(c1cccc(c1)C(NC(CN1CCOCC1)C)=O)(C)=O,MOSES sample,2018,326.418,22,75.71,0.5406,5,2
FC(F)(COCCn1c2cc(ccc2nc1C(O)C)F)F,MOSES sample,2019,306.259,21,47.28,2.8076,5,2
c1c(cncc1)CCC(=O)N1CCc2ccccc2C1,MOSES sample,2020,266.344,20,33.2,2.5991,3,3
O=C(Cc1c2c(c(C)c(cc2)C)oc1)NC(C)C(=O)NCC,MOSES sample,2021,302.374,22,71.34,2.23294,5,2
[nH]1nc(c(C(N(C)C(c2cccc(c2)O)C)=O)c1)-c1ccc(cc1)F,MOSES sample,2022,339.37,25,69.22,3.7546,4,3
N1C(CCc2ccccc21)C(N1CCN(CC1)c1nc(OC)ccn1)=O,MOSES sample,2023,353.426,26,70.59,1.5607,3,4
c1cc2c(C(C(CO2)N2CCN(c3ncccn3)CC2)O)cc1,MOSES sample,2024,312.373,23,61.72,1.0932,2,4
n1(C2CCCC=C2)ncc(c1)NC(c1ccc2c(OCO2)c1)=O,MOSES sample,2025,311.341,23,65.38,3.1453,3,4
CCc1nc2n(n1)CCCC2NC(=O)CCC1CCCC1,MOSES sample,2026,290.411,21,59.81,2.762,5,3
Cc1ccc(C2CC2C)o1C(=O)N(CCC#N)CCC(F)(F)F,MOSES sample,2027,,,,,,
c1(cc(C)cc(C)c1-n1ccc2n3ncnc3ncc2c1=O)C,MOSES sample,2028,305.341,23,65.08,2.35366,1,4
Cc1cc(C)n(-c2ccc(CNC(=O)c3ccc(F)nc3)cn2)n1,MOSES sample,2029,325.347,24,72.7,2.34824,4,3
Nn1c(SCc2ccccn2)nnc1-n1c(C)cc(C)n1,MOSES sample,2030,301.379,21,87.44,1.48174,4,3
Cc1cccc(C)c1NC(=O)c1onc(C(=O)OC(C)C)c1N,MOSES sample,2031,317.345,23,107.45,2.69114,4,2
C1c2c(cccc2)N(C1)C(=O)c1cc2c(cc(cc2)OC)oc1=O,MOSES sample,2032,321.332,24,59.75,3.0045,2,4
CCNC(=O)CNC(=O)NCc1ccc(CN2CCCC2=O)cc1,MOSES sample,2033,332.404,24,90.54,0.7443,7,2
C1(C(N(c2ccc(cc2N1)F)Cc1ccc(cc1)N)=O)C,MOSES sample,2034,285.322,21,58.36,2.7551,2,3
CCC(NC(=O)N(C)Cc1ccncc1)c1cccs1,MOSES sample,2035,289.404,20,45.23,3.4358,5,2
C1CN(CCN1Cc1cnc(cc1)OCCC)C(=O)C1CCCC1,MOSES sample,2036,331.46,24,45.67,2.7048,6,3
c1(Cl)cc(c(cc1)SCC(N(CC(NC(C)C)=O)C)=O)C,MOSES sample,2037,328.865,21,49.41,2.72352,6,1
c1cc(CSc2ccc(F)cc2)c(cc1)C(N)=O,MOSES sample,2038,261.321,18,43.09,3.2169,4,2
CC(c1n[nH]c(C(NCc2cccnc2OC2CCCC2)=O)c1)C,MOSES sample,2039,328.416,24,79.9,3.1795,6,3
c1(ccc(cc1)SC(C)C(=O)Nc1c(ccc(F)c1)OC)O,MOSES sample,2040,321.373,22,58.56,3.6592,5,2
COc1cc(C(=O)Nc2ccnc(C)c2)ccc1OCc1ccncc1,MOSES sample,2041,349.39,26,73.34,3.62492,6,3
Clc1ccccc1-c1nnc(CSc2nncs2)o1,MOSES sample,2042,310.791,19,64.7,3.5338,4,3
N#Cc1c([nH]c(c(C)c1C)C)=NS(c1ccccc1)(=O)=O,MOSES sample,2043,301.371,21,86.08,2.10124,2,2
C1CC1N(C(=O)c1cc2ccccc2cc1)CCC#N,MOSES sample,2044,264.328,20,44.1,3.35808,4,3
c1ccc(c(Cl)c1)S(=O)(CC(Nc1cc(F)ccc1F)=O)=O,MOSES sample,2045,345.754,22,63.24,3.0306,4,2
C1CCCN1C(=O)c1c(nc(-c2ccccc2)s1)C,MOSES sample,2046,272.373,19,33.2,3.35452,2,3
C12CN(CC2CCN(CC2OCCC2)C1=O)C(=O)c1ccoc1,MOSES sample,2047,318.373,23,62.99,1.3791,3,4
O=C(NCc1ncc(-c2ccccc2)o1)C1CCC1,MOSES sample,2048,256.305,19,55.13,2.7579,4,3
O(C(C)C)C(c1c(cc(C)s1)OC(F)F)=O,MOSES sample,2049,250.266,16,35.53,3.22312,4,1
COc1ccccc1CNC(=O)c1ccnc(-n2cncn2)c1,MOSES sample,2050,309.329,23,81.93,1.6009,5,3
C(CC(=O)N1CCC(Cn2c(cc(n2)C)C)CC1)OCC#C,MOSES sample,2051,303.406,22,47.36,1.77844,6,2
c1cc(C(=O)N(C)Cc2nc(-c3ccccn3)no2)sc1,MOSES sample,2052,300.343,21,72.12,2.4653,4,3
O=C(NCCc1c(cccc1)C)Nc1cccc(NC(=O)CC)c1,MOSES sample,2053,325.412,24,70.23,3.70772,6,2
C(c1ccc(cc1)C1C(C1)C(Nc1cnc(OC)cc1)=O)(F)(F)F,MOSES sample,2054,336.313,24,51.22,3.8512,4,3
c1ccc2c(cnc(c2c1)N1CCC(C(=O)N(CC)CC)CC1)N,MOSES sample,2055,326.444,24,62.46,2.9018,4,3
O=C(N1CCN(CCOC)C(C1)=O)C(C)(C)c1cc(ccc1)Cl,MOSES sample,2056,338.835,23,49.85,1.9348,5,2
c1(F)cc(S(=O)(=O)N2CC3CN(C(=O)C)CCC3C2)ccc1C,MOSES sample,2057,340.42,23,57.69,1.62302,2,3
CN(CC(N)=O)C(=O)c1ccc(NC(=O)c2ccco2)cc1,MOSES sample,2058,301.302,22,105.64,1.0892,5,2
CN(C)c1nc(N)nc(CN(CCC#N)CCC#N)n1,MOSES sample,2059,274.332,20,118.75,0.14916,7,1
c1(F)ccc2c(c1)sc(C(=O)NCC(NCc1sccc1)=O)c2,MOSES sample,2060,348.424,23,58.2,3.1481,5,3
N(S(=O)(=O)c1c(OC)ccc(NC(C)=O)c1)C(C)C,MOSES sample,2061,286.353,19,84.5,1.3403,5,1
CN(CCCOc1ccccc1)C(=O)C1CC(N(C)C1)=O,MOSES sample,2062,290.363,21,49.85,1.3922,6,2
Cc1n[nH]c(-c2cccc(CNC(=O)c3ccc(CC(C)C)cc3)c2)n1,MOSES sample,2063,348.45,26,70.67,3.90862,6,3
c12cc(ccc2OCC(=O)N1)S(NCc1ccc(C)s1)(=O)=O,MOSES sample,2064,338.41,22,84.5,1.86592,4,3
C(c1ccoc1C)(=O)NCC(c1ccc2OCCOc2c1)O,MOSES sample,2065,303.314,22,80.93,1.82262,4,3
COCCOC(=O)Nc1ccc2scnc2c1,MOSES sample,2066,252.295,17,60.45,2.4912,4,2
Cc1ccccc1OCCn1cnc2sccc2c1=O,MOSES sample,2067,286.356,20,44.12,2.84542,4,3
O=C(NC1CC1)c1ccccc1NC(=O)Cc1cccs1,MOSES sample,2068,300.383,21,58.2,2.8215,5,3
CCCCc1nnc(NC(=O)CC(C)c2ccccc2)s1,MOSES sample,2069,303.431,21,54.88,4.013,7,2
COC(=O)NCCCC(=O)N1C(C)CC(C)CC1,MOSES sample,2070,256.346,18,58.64,1.7696,4,1
c1(ccc(NC(c2cc3cc(F)ccc3o2)=O)cc1)CC(NC)=O,MOSES sample,2071,326.327,24,71.34,3.1127,4,3
C(NCCOc1ccccc1)(=O)N(C)C(C)c1ncccc1,MOSES sample,2072,299.374,22,54.46,2.863,6,2
CN(c1c(cccc1)C)S(=O)(=O)c1cc(C(N)=O)c(O)cc1,MOSES sample,2073,320.37,22,100.7,1.62462,4,2
Cc1ccc(C#N)cc1NC(=O)NCc1ccccn1,MOSES sample,2074,266.304,20,77.81,2.5834,3,2
Nc1c(CC)cc(S(=O)(=O)N(C)CCOC)cc1,MOSES sample,2075,272.37,18,72.63,1.0981,6,1
O=S(N(C)CCc1ccc(F)cc1)(=O)c1cccc(c1)N,MOSES sample,2076,308.378,21,63.4,2.2711,5,2
Nc1ncc2C(=O)CCc2n1,MOSES sample,2077,149.153,11,68.87,0.1877,0,2
O=C(CNS(=O)(=O)c1cccs1)OCc1ccc(F)cc1,MOSES sample,2078,329.374,21,72.47,1.9089,6,2
c1(-c2ccc(c(c2)C)C)[nH]ncc1CN(C(COCC1CC1)=O)C,MOSES sample,2079,327.428,24,58.22,3.07854,7,3
CCCNC(=O)Nc1nc(C)c(-c2nccn2Cc2ccccn2)s1,MOSES sample,2080,356.455,25,84.73,3.28982,6,3
c1cc(F)c(F)cc1CCC(N1CCCC(n2ncc(c2)C)C1)=O,MOSES sample,2081,333.382,24,38.13,3.26602,4,3
N(C(c1cnc(cc1)C)=O)c1ccc2nc(NC(=O)C)sc2c1,MOSES sample,2082,326.381,23,83.98,3.21042,3,3
O=C(C#Cc1ccccc1)N(CC1CCCO1)c1ccncc1,MOSES sample,2083,306.365,23,42.43,2.6453,3,3
c1ccc(C#N)c(OC(C)C(C(c2ccccn2)C#N)=O)c1,MOSES sample,2084,291.31,22,86.77,2.59706,5,2
c1(NS(c2c(cc(OC)c(OC)c2)C)(=O)=O)cc(C)ccc1O,MOSES sample,2085,337.397,23,84.86,2.82704,5,2
COC(=O)c1c(C)nn2c3c(cnc12)C(=O)CC(c1ccccc1)C3,MOSES sample,2086,335.363,25,73.56,2.73702,2,4
O=C(c1cc(ccc1OC)C)CNC(=O)c1c(cccc1)OC,MOSES sample,2087,313.353,23,64.63,2.62492,6,2
c1ccc(CNC(=O)c2nnnn2-c2cc(c(cc2)F)C)nc1,MOSES sample,2088,312.308,23,85.59,1.43482,4,3
c1(OC)c(cnc(n1)OC)CNCc1cccc2c1cccc2,MOSES sample,2089,309.369,23,56.27,2.9368,6,3
c1(c2c(cccc2)ncn1CC(Nc1c(OC)cc(C)cc1)=O)=O,MOSES sample,2090,323.352,24,73.22,2.35222,4,3
c1c(cccc1)C1CCC(CC1)NC(CCC(=O)OC)=O,MOSES sample,2091,289.375,21,55.4,2.7822,5,2
Cc1cnc(o1)CCNC(=O)c1cc2c(cccc2)n1C,MOSES sample,2092,283.331,21,60.06,2.44722,4,3
c1(nc(nc(c1)C)C(C)C)Nc1ccc(S(=O)(N)=O)cc1,MOSES sample,2093,306.391,21,97.97,2.29942,4,2
C1N(C(=O)c2c(cncc2)F)C(c2n(CC)ncc2)COC1,MOSES sample,2094,304.325,22,60.25,1.6508,3,3
c1c(S(NCCC(C)C)(=O)=O)c(=O)n(C)c(n1C)=O,MOSES sample,2095,289.357,19,90.17,-0.5916,5,1
c1(C(=O)NC(CS(=O)(c2ccc(cc2)F)=O)CC)c(C)cccc1,MOSES sample,2096,349.427,24,63.24,3.11642,6,2
c12c(n(nc2)CC(=O)Nc2c(C)cc(C)cc2)ccc(c1)F,MOSES sample,2097,297.333,22,46.92,3.43094,3,3
c1(F)ccc(cc1F)S(Nc1cc(NC(C)=O)ccc1)(=O)=O,MOSES sample,2098,326.324,22,75.27,2.724,4,2
O1C2C(C(N3CC(OCC3)CCC)=O)CC1CC2,MOSES sample,2099,253.342,18,38.77,1.5814,3,3
COc1ccc(OC)c(NCc2cnn(C(C)(C)C)c2)c1,MOSES sample,2100,289.379,21,48.31,3.2674,5,2
C1=CCN(C(c2c(sc(n2)-c2ccccc2)C)=O)CC1,MOSES sample,2101,284.384,20,33.2,3.52062,2,3
c1nc2sccc2c(N2CCC(CC2)C(=O)NCCO)n1,MOSES sample,2102,306.391,21,78.35,1.0162,4,3
c1(-c2cc(C(=O)NCc3ccccc3)n[nH]2)ccncc1,MOSES sample,2103,278.315,21,70.67,2.4017,4,3
C(CNC(=O)c1ccc(cc1)N1C(N(CC1)CC)=O)COC,MOSES sample,2104,305.378,22,61.88,1.7148,7,2
C1(CN(CCC1)C(NCCc1nnc2CCCCCn21)=O)CC,MOSES sample,2105,319.453,23,63.05,2.3786,4,3
CC(C(c1ccccc1F)NC(=O)c1c[nH]c2c1c(ccc2)F)C,MOSES sample,2106,328.362,24,44.89,4.5732,4,3
O1c2c(OC1)cc(OC(C)=O)c(c2)OC(C)=O,MOSES sample,2107,238.195,17,71.06,1.2659,2,2
c1(C)c(CCOC(=O)Cn2c(=O)c3cnn(c3nc2)C)c(C)n[nH]1,MOSES sample,2108,330.348,24,107.69,0.25584,5,3
Cc1cnn(Cc2cccc(F)c2)c1NC(=O)C1CCC(=O)NC1,MOSES sample,2109,330.363,24,76.02,1.84362,4,3
c12nc(-c3ccc(cc3)F)c(CO)n2cc(Cl)cc1,MOSES sample,2110,276.698,19,37.53,3.2861,2,3
c1(ccc(F)cc1)S(NC(C1CCCO1)C)(=O)=O,MOSES sample,2111,273.329,18,55.4,1.6715,4,2
C1COCCN1C(COc1cc(ccc1)NC(C(C)C)=O)=O,MOSES sample,2112,306.362,22,67.87,1.5187,5,2
c1cc(C(NCC2c3ccccc3N(C)CC2)=O)c(c(n1C)=O)Cl,MOSES sample,2113,345.83,24,54.34,2.3922,3,3
Clc1ccc(NC(=O)NCCNC(=O)c2ccco2)c(c1)F,MOSES sample,2114,325.727,22,83.37,2.6236,5,2
Cc1nc2cc(-c3cc[nH]n3)cc(Br)c2o1,MOSES sample,2115,278.109,16,54.71,3.28882,1,3
C(NC(C)C)(CCc1ccc(c(N)c1O)OC)=O,MOSES sample,2116,252.314,18,84.58,1.4402,5,1
C1CN(CCN1CCSc1ccc(cc1)F)CCC#N,MOSES sample,2117,293.411,20,30.27,2.44908,6,2
Cn1c(Cc2ccc(cc2)F)nc2c1cccc2N,MOSES sample,2118,255.296,19,43.84,2.8854,2,3
c1c(F)c(C)ccc1NC(c1c(N)nc(nc1)C1CC1)=O,MOSES sample,2119,286.31,21,80.9,2.63602,3,3
CC(Oc1ccccc1)C(=O)N(c1ccccc1)C,MOSES sample,2120,255.317,19,29.54,3.1169,4,2
FC(F)(c1ccc2nnc(SCC(N3CCCC3)=O)n2c1)F,MOSES sample,2121,330.335,22,50.5,2.4626,3,3
Fc1ccccc1S(NCCCOC1CCCC1)(=O)=O,MOSES sample,2122,301.383,20,55.4,2.4533,7,2
c1ccccc1C(C(=O)Nc1c(n(C)nc1C(N(C)C)=O)C)CC,MOSES sample,2123,328.416,24,67.23,2.56262,5,2
Cc1nc(CC(=O)NCC(C)N2CCc3ccccc32)cs1,MOSES sample,2124,315.442,22,45.23,2.56142,5,3
c1c(ccc(c1)C)C(N(C)C(c1c(ocn1)C)=O)CO,MOSES sample,2125,274.32,20,66.57,2.09704,4,2
COC(=O)Nc1ccc(S(=O)(=O)NCc2ccccc2C)cc1,MOSES sample,2126,334.397,23,84.5,2.65182,5,2
Cc1ccc(-c2nnn(-c3ccc(C(=O)NC(C#N)C(C)(C)C)cc3)c2)o1,MOSES sample,2127,363.421,27,96.74,3.5038,4,3
c1cc(cc(c1)C(N(CC)CC1CC1)=O)OC(F)F,MOSES sample,2128,269.291,19,29.54,3.1601,6,2
c1c(c(C)c(cc1)OCC(=O)NC1CCN(CC1)C(=O)C)C,MOSES sample,2129,304.39,22,58.64,1.80934,4,2
CSc1cccc(-c2ccc(N)c(=O)n2C2CC2)c1,MOSES sample,2130,272.373,19,48.02,3.1543,3,3
CSc1ccc(-c2ccc(CN3CCNC(=O)C3)cc2)cc1,MOSES sample,2131,312.438,22,32.34,3.0073,4,3
n1n(C)c(c2ncn(CC(Nc3c(C(C)C)cccc3C)=O)c21)C,MOSES sample,2132,325.416,24,64.74,3.14874,4,3
C1C(CCN(C(=O)Cc2onc(C)c2)C1)CNC(=O)c1oncc1,MOSES sample,2133,332.36,24,101.47,1.18212,5,3
FC(F)(F)c1cccc(C(C)CC(=O)NCc2cnc(s2)C)c1,MOSES sample,2134,342.386,23,41.99,4.28032,5,2
C(=O)(NCc1c(cccc1)Cl)N(C)CCc1c(C)n(CC)nc1C,MOSES sample,2135,348.878,24,50.16,3.55734,6,2
COc1c2cc(ccc2ccc1)OC(C1CCCN1C(CCC)=O)=O,MOSES sample,2136,341.407,25,55.84,3.5449,5,3
C(NCC(C)c1nc(no1)-c1ccccc1)(NC(C1CCCO1)C)=O,MOSES sample,2137,344.415,25,89.28,2.7068,6,3
c1csc(c1)CNC(CSc1oc(nn1)-c1ccncc1)=O,MOSES sample,2138,332.41,22,80.91,2.6016,6,3
C(C(C)NC(=O)Nc1ccccc1)(=O)Nc1ccccc1,MOSES sample,2139,283.331,21,70.23,2.8353,4,2
c1cc(S(Nc2ccncc2)(=O)=O)cc(c1OCCC)Cl,MOSES sample,2140,326.805,21,68.29,3.3246,6,2
COc1c(C)cc(C)c(C(O)C(=O)NC2CC2)c1C,MOSES sample,2141,263.337,19,58.56,1.93246,4,2
CCCNC(=O)c1cc(=O)c2cc(N)cc(C)c2o1,MOSES sample,2142,260.293,19,85.33,1.82342,3,2
c1nnn(-c2ccc(cc2)C(Nc2c(Br)cccn2)=O)c1,MOSES sample,2143,344.172,21,72.7,2.6771,3,3
c1(S(=O)(=O)Oc2cccc3cccnc23)c(F)cccc1F,MOSES sample,2144,321.304,22,56.26,3.2807,3,3
C(n1c2c(cccc2)nc1)CC(=O)NCc1nc(-c2ccccc2)on1,MOSES sample,2145,347.378,26,85.84,2.7928,6,4
c1cc2c(c(cc(n2)-c2c(n(C(C)C)nc2)C)C(=O)NCC(O)C)cc1,MOSES sample,2146,352.438,26,80.04,3.09822,5,3
O(C1CCC1)c1nccc(C(Nc2cnc(SC)cc2)=O)c1,MOSES sample,2147,315.398,22,64.11,3.3821,5,3
C(C)(=O)c1ccc(cc1)C(=O)NCC1CCCCO1,MOSES sample,2148,261.321,19,55.4,2.1881,4,2
Clc1ccc(NS(=O)(=O)c2c(N)n[nH]c2)c(C)c1,MOSES sample,2149,286.744,18,100.87,1.75452,3,2
c1(OCCC(=O)N2CCN(Cc3ccncc3)CC2)ccc(cc1)F,MOSES sample,2150,343.402,25,45.67,2.334,6,3
CN1CCN(C(c2coc(=O)c(Br)c2)=O)CC1,MOSES sample,2151,301.14,17,53.76,0.7899,1,2
O=C(C(C)NC(c1noc(c1)-c1ccccc1)=O)NC(C)(C)C,MOSES sample,2152,315.373,23,84.23,2.3746,4,2
C1C(CC)N(CCN1C)C(C(c1c(onc1C)C)CC)=O,MOSES sample,2153,293.411,21,49.58,2.33764,4,2
C(C1CC1)(NC(Nc1cn(nc1)Cc1ccc(F)cc1)=O)C,MOSES sample,2154,302.353,22,58.95,2.9905,5,3
C=CC=c1sc(=CC(=O)C(C)(C)C)n(C)c1=O,MOSES sample,2155,251.351,17,39.07,0.809,2,1
O=C(c1ccc2OCOc2c1)Nc1ccc2nncn2c1,MOSES sample,2156,282.259,21,77.75,1.7103,2,4
c1(sc2c(n1)c(cc(c2)C)NC(=O)C1OCCC1)C,MOSES sample,2157,276.361,19,51.22,3.03064,2,3
c1(cc(C#N)ccc1F)CN1CCN(CC1)CC(=O)NC,MOSES sample,2158,290.342,21,59.37,0.56098,4,2
O=C(N1CC(C(=O)NCc2ccccc2F)CCC1)C1CC1,MOSES sample,2159,304.365,22,49.41,2.0905,4,3
CCC(CC)CNC(=O)Nc1ccc2nc(C)sc2c1,MOSES sample,2160,291.42,20,54.02,4.16242,5,2
Fc1ccc(NC(c2sc(C)c(S(=O)(=O)N)c2)=O)c(F)c1,MOSES sample,2161,332.353,21,89.26,2.23442,3,2
C(C)(=CC(Oc1cc2c(C(CC(C)(C)O2)=O)cc1)=O)C,MOSES sample,2162,274.316,20,52.6,3.302,2,2
c1(F)c(cccc1)NS(=O)(=O)c1cc(Cl)cc(Cl)c1N,MOSES sample,2163,335.187,20,72.19,3.5155,3,2
Cc1nn(c2sc(cc12)C(Nc1c(F)cc(F)cc1)=O)C(C)C,MOSES sample,2164,335.379,23,46.92,4.51762,3,3
N1(CCN(CC1)C(=O)C)C(c1ccc(cc1)F)=O,MOSES sample,2165,250.273,18,40.62,1.13,1,2
c1n(c(=O)c2c(ccc(c2)-c2ccccc2)n1)CCO,MOSES sample,2166,266.3,20,55.12,2.0558,3,3
c1(ccc(C(=O)OC)cc1)C1CC(c2ccccc2)Nc2n1nc(n2)C,MOSES sample,2167,348.406,26,69.04,3.51942,3,4
O=C(NCCc1ccccc1)c1n[nH]c2c(Cl)cccc12,MOSES sample,2168,299.761,21,57.78,3.1888,4,3
CCC(c1nc(cs1)C)(NC(=O)Cc1cccc(c1F)F)C,MOSES sample,2169,324.396,22,41.99,3.71382,5,2
c12ccccc2c(n(cn1)CC(=O)Nc1cc(C)ccc1)=O,MOSES sample,2170,293.326,22,63.99,2.34362,3,3
c1(C(=O)COC(Cn2nc3ccccn3c2=O)=O)ccc(Cl)cc1,MOSES sample,2171,345.742,24,82.67,1.5755,5,3
N#Cc1c(C#N)nc2n1nc(-c1ccccc1)cc2-c1ccccc1,MOSES sample,2172,321.343,25,77.77,3.80666,2,4
c1ccc(o1)C(N1CCN(C(=O)c2nnc(OC)cc2)CC1)=O,MOSES sample,2173,316.317,23,88.77,0.6764,3,3
C(OC(c1occc1)=O)C(=O)Nc1c(OC)ccc(c1)OC,MOSES sample,2174,305.286,22,87,2.0923,6,2
C1(C(CN(C(=O)C(NC(N)=O)C(C)C)C1)N1CCOCC1)CC,MOSES sample,2175,326.441,23,87.9,0.2485,5,2
c1(C(N(Cc2ccc(O)cc2)C)C)cnccc1Cl,MOSES sample,2176,276.767,19,36.36,3.6336,4,2
n1cc(CN(C2CCCCC2)S(c2sccc2)(=O)=O)ccc1,MOSES sample,2177,336.482,22,50.27,3.6667,5,3
n1ccc(C(=O)Nc2ccc(N3CCCC3)nc2)n1C,MOSES sample,2178,271.324,20,63.05,1.6676,3,3
CN(CCN(C)C(=O)c1ccsc1)C(=O)OC(C)(C)C,MOSES sample,2179,298.408,20,49.85,2.687,4,1
O=C(c1sc2c(n1)cccc2)NC1CCC2(OCCO2)CC1,MOSES sample,2180,318.398,22,60.45,2.7118,2,4
c1(ncc(cn1)CN(C(=O)CCOC)C)-c1ccccc1,MOSES sample,2181,285.347,21,55.32,2.1385,6,2
CCn1nc(-c2ccc(OC(C)C)cc2)ccc1=O,MOSES sample,2182,258.321,19,44.12,2.7174,4,2
CC(N(CC1CCCO1)Cc1cnn(-c2ccccc2)c1)C,MOSES sample,2183,299.418,22,30.29,3.2617,6,3
CCC1CCCC([nH]C(=O)CN2CC(C)OC(C)C2)C1,MOSES sample,2184,,,,,,
C(NC(=O)c1ccc(cc1)OCC1CCCO1)Cc1ncc(C)s1,MOSES sample,2185,346.452,24,60.45,2.98182,7,3
c1(C(=O)NCC#Cc2c(cccc2)C(NC)=O)ccc(C(=O)OC)cc1,MOSES sample,2186,350.374,26,84.5,1.6143,4,2
c1c(-c2nc(NC3CC3)ncc2)cc2OCOc2c1,MOSES sample,2187,255.277,19,56.27,2.4466,3,4
c1c(nc(C(c2ccc(F)cc2)N)s1)-c1cccs1,MOSES sample,2188,290.388,19,38.91,4.0588,3,3
O=C(NCCCn1cnc2ccccc21)c1ccccc1Cl,MOSES sample,2189,313.788,22,46.92,3.5098,5,3
CN(C)C(=O)CSc1nc(O)c(N)c(=O)n1Cc1ccccc1,MOSES sample,2190,334.401,23,101.45,0.7597,5,2
Cc1ccc(-n2cnnc2)cc1NC(=O)c1cnns1,MOSES sample,2191,286.32,20,85.59,1.67952,3,3
c12CCNC(c1cc(OC)cc2O)c1n(C)cnc1,MOSES sample,2192,259.309,19,59.31,1.3694,2,3
C(#N)c1ccc(F)c(Cn2nc(C(F)(F)F)ccc2=O)c1,MOSES sample,2193,297.211,21,58.68,2.32118,2,2
n1c(NC(CN2CCNC2=O)=O)oc(n1)-c1ccsc1,MOSES sample,2194,293.308,20,100.36,0.7618,4,3
C(C(NCC(NC(C)(C)C)=O)=O)c1noc2c1cccc2,MOSES sample,2195,289.335,21,84.23,1.4012,4,2
O=C(c1cc(ccc1)O)NCCNC(NC(C)Cc1ccc(C)s1)=O,MOSES sample,2196,361.467,25,90.46,2.42232,7,2
O=C(C(C)C)Nc1cc(OC)c(Cl)cc1OC,MOSES sample,2197,257.717,17,47.56,2.9517,4,1
c1(noc(n1)C)CN(C)C(=O)c1cc(-c2ccc(cc2)OC)no1,MOSES sample,2198,328.328,24,94.49,2.31382,5,3
Cc1cc(C)c(NCC(=O)NCCOc2ccc(F)cc2)c(C)c1,MOSES sample,2199,330.403,24,50.36,3.35806,7,2
C(c1cc(NC(=O)NCC#Cc2ccccc2C(=O)NC)ccc1)#C,MOSES sample,2200,331.375,25,70.23,2.2007,3,2
CC1COCCN1CCC(c1c(F)ccc(F)c1)=O,MOSES sample,2201,269.291,19,29.54,2.2583,4,2
c1(cc(C(N)=O)ccc1)NC(=O)Nc1cc(ccc1)F,MOSES sample,2202,273.267,20,84.22,2.5686,3,2
O=c1[nH]c2ccc(-c3ccc(Br)cc3)cc2[nH]1,MOSES sample,2203,289.132,17,48.65,3.2857,1,3
O=C(Nc1nc2ccc(-n3cccn3)cc2s1)c1ccc(F)cc1,MOSES sample,2204,338.367,24,59.81,3.8734,3,4
C12(CCCC(C2)O)CCN(c2nc(ccn2)C2CCCC2)CC31,MOSES sample,2205,,,,,,
c1(-n2[nH]c(C)c(C(=O)OC)c2=O)ccc(Cl)cc1,MOSES sample,2206,266.684,18,64.09,1.91402,2,2
O=C(c1ccc(NC(=O)C(CC)CC)cc1Cl)N(C)C,MOSES sample,2207,296.798,20,49.41,3.4165,5,1
c1(C(NC2CCC(C(=O)OC)CC2)=O)cccc(-n2cccn2)c1,MOSES sample,2208,327.384,24,73.22,2.3339,4,3
C(C1COCCN1C(=O)c1cnn(c1C)-c1ccc(cc1)F)C,MOSES sample,2209,317.364,23,47.36,2.57082,3,3
CC(C)CCC(=O)Nc1cccc(S(=O)(=O)Nc2ccccc2)c1,MOSES sample,2210,346.452,24,75.27,3.8621,7,2
C1COCCN1CC(=O)NCCCOC1CCCCC1,MOSES sample,2211,284.4,20,50.8,1.1742,7,2
c1(ccc(C(F)(F)F)cc1)CCC(NC(C#N)C(C)(C)C)=O,MOSES sample,2212,312.335,22,52.89,3.69248,4,1
c1c(CN(C(c2ccc(F)c(F)c2)=O)CC(F)F)ccnc1,MOSES sample,2213,312.266,22,33.2,3.2673,5,2
Cc1ccccc1C1CC1C(=O)N1CCC(C(=O)N2CCCC2)CC1,MOSES sample,2214,340.467,25,40.62,2.95952,3,4
O(C(C(=O)NCCc1cc(C)ccc1OC)C)CC,MOSES sample,2215,265.353,19,47.56,2.08732,7,1
Cn1c(=O)n(C)c2n(C)c(c(nc2c1=O)C(=O)C)=O,MOSES sample,2216,264.241,19,95.96,-1.4665,1,2
COCCc1nccc(-c2nc3ccccc3[nH]2)n1,MOSES sample,2217,254.293,19,63.69,2.2088,4,3
c1c(CN(C(=O)c2ccnc(N)c2)C)ccc(Cl)c1,MOSES sample,2218,275.739,19,59.22,2.5894,3,2
c1(OC)c(cccc1)COC(=O)c1ccc(C)c(NC(C)=O)c1,MOSES sample,2219,313.353,23,64.63,3.31902,5,2
c1(C)cccc(c1OCCNC(=O)c1c(C)noc1C)C,MOSES sample,2220,288.347,21,64.36,2.71708,5,2
CC(Oc1ccccc1)C(Nc1c(ccc(C(C)=O)c1)OCC)=O,MOSES sample,2221,327.38,24,64.63,3.6939,7,2
N(C(c1[nH]c(=O)c2c(c1)cccc2)=O)c1sc2c(CCN(C2)C)n1,MOSES sample,2222,340.408,24,78.09,2.2248,2,4
Nc1nonc1-c1noc(CCCOc2ccccc2)n1,MOSES sample,2223,287.279,21,113.09,1.7134,6,3
CCNC(=O)CN(CC)C(=O)CSc1ccc(C)cc1,MOSES sample,2224,294.42,20,49.41,2.07172,7,1
c12ccc(N)cc1N(C(c1cccs1)=O)CC(C)(O2)C,MOSES sample,2225,288.372,20,55.56,3.1481,1,3
C1Oc2ccc(cc2O1)-c1c(C2c3ccccc3NC2=O)c[nH]n1,MOSES sample,2226,319.32,24,76.24,2.8894,2,5
Cc1c(cnn1-c1ccccc1C)-c1csc(C)n1,MOSES sample,2227,269.373,19,30.71,3.92106,2,3
Cn1c(N2CCN(C(=O)c3ccncc3)CC2)cc(=O)n(C)c1=O,MOSES sample,2228,329.36,24,80.44,-0.5586,2,3
CN(C)c1cccc(C(=O)NCc2cc(F)cc(F)c2)c1,MOSES sample,2229,290.313,21,32.34,2.9608,4,2
CC(Cc1ccc(O)cc1)N(C)Cc1cnc(-c2cccnc2)s1,MOSES sample,2230,339.464,24,49.25,3.9737,6,3
c1(N)cc(Cl)ccc1C(NCC1OCCC1)=O,MOSES sample,2231,254.717,17,64.35,1.831,3,2
COC(=O)c1ccc(C(=O)Nc2c(C(=O)OC)oc3ccccc23C)o1,MOSES sample,2232,,,,,,
C(C)(=O)Nc1ccc(c(c1)C(=O)OCC1CN(C2CC2)C(=O)C1)F,MOSES sample,2233,334.347,24,75.71,1.9518,5,3
Cc1cccc2c(NC(=O)NCCc3nccn3C(F)F)ccnc12,MOSES sample,2234,345.353,25,71.84,3.49902,5,3
S(=O)(=O)(N)c1c(cccc1)NC1CCC(C)CC1,MOSES sample,2235,268.382,18,72.19,2.3246,3,2
COC(=O)CN(C(=O)c1c(O)ccc(C)c1)C(C)C,MOSES sample,2236,265.309,19,66.84,1.72422,4,1
c1(cc(C(=O)N2CC(OC(C2)C)C)ccc1O)Cl,MOSES sample,2237,269.728,18,49.77,2.295,1,2
c1c(OC)cc(cc1)C(Nc1oc(nn1)Cc1sccc1)=O,MOSES sample,2238,315.354,22,77.25,2.9828,5,3
Cc1ccc(C)c2c(C)c(C(=O)N(C)CC(=O)N3CCOCC3)oc12,MOSES sample,2239,344.411,25,62.99,2.28886,3,3
c1(ccc(F)cc1)-c1noc(c1)C(=O)NCc1sc(C)nc1,MOSES sample,2240,317.345,22,68.02,3.17562,4,3
c1c2c(ccc1)c(=O)c(c[nH]2)C(Nc1sc(-c2ccccc2)cn1)=O,MOSES sample,2241,347.399,25,74.85,3.9039,3,4
c1(ccccn1)-c1c(N)[nH]nc1-c1ccc(OC)cc1,MOSES sample,2242,266.304,20,76.82,2.7295,3,3
Cc1cc(NC(=O)c2cc(S(N)(=O)=O)ccc2F)n(C)n1,MOSES sample,2243,312.326,21,107.08,0.76732,3,2
C(NC1CCCN(C1)CC(=O)N1CCN(CC1)CC#C)(N)=O,MOSES sample,2244,307.398,22,81.91,-1.1035,4,2
COCCNS(=O)(=O)c1c(C(OC)=O)scc1,MOSES sample,2245,279.339,17,81.7,0.4594,6,1
C(=O)(C(C)CN(C(Nc1ccccc1OC)=O)C)OC,MOSES sample,2246,280.324,20,67.87,1.968,5,1
O(c1ccc(cc1)NC(C)=O)C(=O)c1ccc(nn1)OC,MOSES sample,2247,287.275,21,90.41,1.6628,4,2
C1(CC(=O)N)CCN(C(NC2CC2c2c(cccc2Cl)F)=O)CC1,MOSES sample,2248,353.825,24,75.43,2.632,4,3
C(C(=O)NCCc1sccc1)Nc1ccc(C(N(C)C)=O)c(C)c1,MOSES sample,2249,345.468,24,61.44,2.52912,7,2
c1(C(F)(F)F)c(cccc1)OCc1oc(C)nn1,MOSES sample,2250,258.199,18,48.15,2.97582,3,2
c1(ccc[nH]1)C(N1C(Cc2ccccc2C1)C(=O)N)=O,MOSES sample,2251,269.304,20,79.19,1.0671,2,3
CN(Cc1ncc[nH]1)C(=O)CNC(=O)N1CCOCC1,MOSES sample,2252,281.316,20,90.56,-0.5901,4,2
CC(C)CCN(C)C(=O)CNC(=O)c1ccsc1,MOSES sample,2253,268.382,18,49.41,1.9824,6,1
C(NC(C)=O)c1nc(no1)-c1ccccc1Br,MOSES sample,2254,296.124,17,68.02,2.1352,3,2
c1(NS(c2ccccc2)(=O)=O)ccc(cc1)OC(=O)C1CC1,MOSES sample,2255,317.366,22,72.47,2.8028,5,3
O=C(Nc1cnc(N(C)C)cc1)c1c(F)c(ccc1F)OCC,MOSES sample,2256,321.327,23,54.46,3.0768,5,2
o1nc(cc1CNC(C(n1cccn1)CC)=O)C(C)C,MOSES sample,2257,276.34,20,72.95,2.262,6,2
n1cc(sc1C)CNC(=O)N1CCC(Oc2ccccc2)CC1,MOSES sample,2258,331.441,23,54.46,3.20452,4,3
c1c2CNCC(c2ccc1CC)NC(Cc1cccs1)=O,MOSES sample,2259,300.427,21,41.13,2.8137,4,3
c1cc(N)cc(CC(C)N(c2ccc(C#N)cc2)C)c1,MOSES sample,2260,265.36,20,53.05,3.20788,4,2
N1(C(c2sc(nc2)Cc2ccc(F)cc2)=O)CC(=O)NCC1,MOSES sample,2261,319.361,22,62.3,1.445,3,3
C1(NC(CCCC(N(C)c2ccc(c(c2)F)F)=O)=O)CCCCC1,MOSES sample,2262,338.398,24,49.41,3.5468,6,2
N#CCSc1nc2ncccc2c(=O)n1-c1cccc(Cl)c1,MOSES sample,2263,328.784,22,71.57,3.04978,3,3
c1c(onc1CN1CCN(C(C(C)C)=O)CC1)-c1ccc(cc1)OC,MOSES sample,2264,343.427,25,58.81,2.6504,5,3
c1cc(c(F)cc1C(NC1CCCCNC1=O)=O)C,MOSES sample,2265,264.3,19,58.2,1.53262,2,2
NS(=O)(=O)c1ccc(OCC(O)COc2ccccc2)cc1,MOSES sample,2266,323.37,22,98.85,1.1527,7,2
C(F)(Oc1ccc(cc1)NC(=O)c1ccc(cc1)OC(=O)C)F,MOSES sample,2267,321.279,23,64.63,3.4656,5,2
Cc1ccc(CNC(=O)NCc2cnn(C)c2)cn1,MOSES sample,2268,259.313,19,71.84,1.12292,4,2
c1ncn(c1CN(Cc1n[nH]cc1)CC1CCCCO1)C,MOSES sample,2269,289.383,21,58.97,1.7145,6,3
Cc1ncc(CN(C)Cc2cccc3cnccc23)s1,MOSES sample,2270,283.4,20,29.02,3.63172,4,3
c1cccc2c1C(C(=O)NCCOC1CCCC1)CC(N2)=O,MOSES sample,2271,302.374,22,67.43,2.1878,5,3
c1ccc(F)c(CC(Nc2cc3c(nc(C)s3)cc2)=O)c1,MOSES sample,2272,300.358,21,41.99,3.92502,3,3
c12c(ncn1CCCOc1ccc(S(C)(=O)=O)cc1)ccs2,MOSES sample,2273,336.438,22,61.19,2.9704,6,3
n1oc(cc1-c1cc2c(o1)cc(OC)cc2)C(NCc1ccncc1)=O,MOSES sample,2274,349.346,26,90.39,3.4214,5,4
O=C(CSc1nc(N)cc(N)n1)NCCC1=CCCCC1,MOSES sample,2275,307.423,21,106.92,1.7398,6,2
O=C(Nc1ccccn1)c1cc2ccc(cc2[nH]1)OCC,MOSES sample,2276,281.315,21,67.01,3.2139,4,3
CCOCCC(=O)Nc1c(Sc2ccc(cc2)C)cccc1,MOSES sample,2277,315.438,22,38.33,4.51132,7,2
C1OCCC(c2ccccc2)(CNc2c3nc[nH]c3ncn2)C1,MOSES sample,2278,309.373,23,75.72,2.5132,4,4
Cc1c(C(=O)CN2CCN(CCO)CC2)nc2c(cccc2)c1C,MOSES sample,2279,327.428,24,56.67,1.64424,5,3
C1N(C(=O)Cc2c(C)onc2C)c2c(C1)c(C)ccc2,MOSES sample,2280,270.332,20,46.34,2.73166,2,3
COc1ccc(CCCn2cc(N)cn2)cc1C(C)(C)C,MOSES sample,2281,287.407,21,53.07,3.4042,5,2
O=C(c1ccccc1-c1ncc[nH]1)Nc1cc(c(cc1F)F)F,MOSES sample,2282,317.27,23,57.78,3.7463,3,3
c1c(CCC(O)(C)C)cc(C(=O)NC2c3nc(CC)nn3CCC2)cc1,MOSES sample,2283,356.47,26,80.04,2.8089,6,3
c1(c(C)nn2c1nc(C)c(c2NC(C(C)CC)C)C)C,MOSES sample,2284,274.412,20,42.22,3.80948,4,2
COc1ccc(C(=O)C2CC2)cc1S(=O)(=O)N1CCCC1,MOSES sample,2285,309.387,21,63.68,2.0724,5,3
c1(ccccc1)-c1csc(NC(c2cc(=O)[nH]c3c2cccc3)=O)n1,MOSES sample,2286,347.399,25,74.85,3.9039,3,4
Fc1c(CNC(c2c(C)noc2C)=O)cccc1OC,MOSES sample,2287,278.283,20,64.36,2.36914,4,2
n1nnc(SC(C)c2nnc(o2)C)n1-c1ccc(O)cc1,MOSES sample,2288,304.335,21,102.75,1.91262,4,3
Fc1cc(F)ccc1-n1cc(-c2cnccn2)cn1,MOSES sample,2289,258.231,19,43.6,2.6075,2,3
c1cc(cc(OC)c1)-c1cnnc(NCc2c3c(ncc2)cccc3)n1,MOSES sample,2290,343.39,26,72.82,3.7075,5,4
c1cccc(c1)-c1nn(c2sccc2c1=O)OCC(OC)=O,MOSES sample,2291,316.338,22,70.42,1.7266,4,3
c1cc(ccc1)C(n1c(=O)n(CC=C)c2c(scc2)c1=O)C(N)=O,MOSES sample,2292,341.392,24,87.09,1.4854,5,3
CCN(CCC(=O)OC)C(=O)c1c(Cl)cccc1Cl,MOSES sample,2293,304.173,19,46.61,3.0186,5,1
CCOc1ccc(Cc2cn3cccc(N)c3n2)cc1,MOSES sample,2294,267.332,20,52.55,2.906,4,3
c1c(C)cccc1CN(C(=O)CCNC(=O)c1ccccc1)C,MOSES sample,2295,310.397,23,49.41,2.77352,6,2
O=C(c1ccc(cc1)OC)N1CCC(CC1)CNC(=O)OCC,MOSES sample,2296,320.389,23,67.87,2.2935,5,2
c1ccc(NC(C(c2ccccc2)OC(C)=O)=O)c(c1)C#N,MOSES sample,2297,294.31,22,79.19,2.80118,4,2
c1(CNC(=O)CSc2ccccc2)cc2OCOc2cc1,MOSES sample,2298,301.367,21,47.56,2.8238,5,3
c1c2[nH]ncc2c(C)c(c1)NC(=O)Cc1cccc(c1)OC,MOSES sample,2299,295.342,22,67.01,3.06112,4,3
c1ccccc1C(NC(N)=O)CC(=O)Nc1ccc(F)cc1F,MOSES sample,2300,319.311,23,84.22,2.703,5,2
c1ccc2OCC(N(C(=O)c3cccc(c3)-n3ccnc3)Cc2c1)C,MOSES sample,2301,333.391,25,47.36,3.2956,2,4
CC(COc1cccc(c1)C)NC(Nc1cnn(CC(=O)N)c1)=O,MOSES sample,2302,331.376,24,111.27,1.26582,7,2
C(=O)(NC(c1ccccc1)C)c1ccc(cc1)NC(C)=O,MOSES sample,2303,282.343,21,58.2,3.136,4,2
O=C(Nc1nccs1)NC(CC(F)(F)F)c1ccc(F)cc1,MOSES sample,2304,333.31,22,54.02,4.0974,4,2
Cc1cc2CCCN(c2c(F)c1)C(NCc1nc(C)ccc1)=O,MOSES sample,2305,313.376,23,45.23,3.49994,2,3
C(Oc1cc(ccc1)F)CNC(=O)N1CCOCC1CC(C)O,MOSES sample,2306,326.368,23,71.03,1.3858,6,2
c1(C)ccc(cc1)-n1c(c(cn1)C(NC(C(=O)N)COC)=O)CC,MOSES sample,2307,330.388,24,99.24,0.97322,7,2
O=c1c(ccc([nH]1)C)C(N(CC(=O)Nc1cc(OC)ccc1)C)=O,MOSES sample,2308,329.356,24,91.5,1.40262,5,2
OCC(C(OC)=O)Oc1cc(ccc1)Br,MOSES sample,2309,275.098,15,55.76,1.3618,4,1
CCCN1CCCC2(CCN(C(=O)Cc3ccc(Cl)cc3)C2)C1=O,MOSES sample,2310,348.874,24,40.62,3.1336,4,3
COc1ccc(-c2n[nH]cc2C(=O)NCc2ccc(F)c(C)c2)cc1,MOSES sample,2311,339.37,25,67.01,3.46282,5,3
CC(CCc1ccccc1)NC(=O)CN(C)c1ncccn1,MOSES sample,2312,298.39,22,58.12,2.0503,7,2
COc1cc(OC)ccc1CNC(=O)c1cn(nn1)CC(N)=O,MOSES sample,2313,319.321,23,121.36,-0.2894,7,2
Fc1ccc(C(=O)Cn2c(nc3ccccc32)CC)cc1,MOSES sample,2314,282.318,21,34.89,3.6207,4,3
C(CC(C)C)(=O)NCCCn1c2c(nc1C)cccc2,MOSES sample,2315,273.38,20,46.92,2.89712,6,2
COCCCN1CC23CN(C(=O)c4ccccc4)CC(C2S1(=O)=O)C3,MOSES sample,2316,364.467,25,66.92,1.1992,5,5
C(Cn1c(ncc1)-c1ccncc1)c1[nH]c(=O)cc(C(F)(F)F)n1,MOSES sample,2317,335.289,24,76.46,2.2899,4,3
COC(=O)c1c(CSc2ncn[nH]2)cc(C)s1,MOSES sample,2318,269.351,17,67.87,2.25352,4,2
O(CC(Nc1cccc(C(=O)NCc2cccc(c2)Cl)c1)=O)CC,MOSES sample,2319,346.814,24,67.43,3.245,7,2
C1CC1NC(=O)CN(C)c1nnc(cc1)Nc1ccccn1,MOSES sample,2320,298.35,22,83.04,1.33,6,3
C1C(=CCCC1)CCNc1cc(nc(C(C)C)n1)OC,MOSES sample,2321,275.396,20,47.04,3.911,6,2
CSc1nc(=O)n(CC(=O)NCc2ccc3c(c2)OCO3)cc1,MOSES sample,2322,333.369,23,82.45,1.0103,5,3
C(OC(c1c2sc(nc2ccc1)-n1nc(C)cc1N)=O)C,MOSES sample,2323,302.359,21,83.03,2.54932,3,3
C(NC(c1ccc(C(N(C)C)=O)cc1)=O)c1ccc2c(c1)OCO2,MOSES sample,2324,326.352,24,67.87,2.0471,4,3
Cc1cc(C)n2nc(C(=O)Nc3ccc4c(c3)NC(=O)CO4)nc2n1,MOSES sample,2325,338.327,25,110.51,1.32434,2,4
C(NC(c1cocc1)=O)C12CCCC1N(C(CC2)=O)C,MOSES sample,2326,276.336,20,62.55,1.8005,3,3
N(C1CC1)C(Nc1cc(ccc1)NC(=O)C1CC1)=O,MOSES sample,2327,259.309,19,70.23,2.319,4,3
c1(C2CCN(CC2)C(NC2CC2)=O)nc(-c2ccc(cn2)C#N)no1,MOSES sample,2328,338.371,25,107.94,2.05468,3,4
CCc1ccc(C(=O)Nc2sccc2C#N)s1,MOSES sample,2329,262.359,17,52.89,3.49598,3,2
CC(C(N)=O)N1C(=O)C(C)Nc2cc3c(cc21)CCCC3,MOSES sample,2330,287.363,21,75.43,1.5862,2,3
c1c(C)c(C(=O)C)ccc1NC(Cc1c[nH]c2cc(F)ccc12)=O,MOSES sample,2331,324.355,24,61.96,3.99922,4,3
c1cc2cccnc2c(NC(NC2CCCCCC2)=O)c1,MOSES sample,2332,283.375,21,54.02,4.0791,2,3
C1OCCN(C(C(N2CCN(CC2)c2ccccc2)C)=O)C1,MOSES sample,2333,303.406,22,36.02,1.0559,3,3
c1c(nc(s1)-c1ccco1)C(=O)NCCNc1cccnc1,MOSES sample,2334,314.37,22,80.05,2.64,6,3
n1(c(C)nc2c1cccc2)C1CCN(C(=O)NCC2OCCC2)CC1,MOSES sample,2335,342.443,25,59.39,2.87022,3,4
o1cccc1C(=O)N(CC(OCC)=O)C1CCCC1,MOSES sample,2336,265.309,19,59.75,2.2275,5,2
C(N1c2c(OC(CC)C1=O)ccc(c2)N)C(=O)NC(C)CC,MOSES sample,2337,305.378,22,84.66,1.6875,5,2
N(C(NC1CC1)=O)CCc1nc(C)nc(c1)N1CCOCC1,MOSES sample,2338,305.382,22,79.38,0.62572,5,3
O=C(C1=C(C)Nc2nnnn2C1c1ccc(cc1)OC)OCC,MOSES sample,2339,315.333,23,91.16,1.5337,4,3
Fc1c(F)c(C(=O)NCCc2ccsc2)ccc1F,MOSES sample,2340,285.29,19,29.1,3.1379,4,2
O(C)C(c1cccc2c1oc(-c1cnccc1)cc2=O)=O,MOSES sample,2341,281.267,21,69.4,2.6416,2,3
C(C)C1CCCCN1C(c1ccc(cc1)-n1nc(C)c(Cl)c1C)=O,MOSES sample,2342,345.874,24,38.13,4.54724,3,3
COc1ccccc1Cc1nc(C2CCOC2)no1,MOSES sample,2343,260.293,19,57.38,2.1729,4,3
NC(=O)C1CCCCC1Nc1ccc(C(F)(F)F)cn1,MOSES sample,2344,287.285,20,68.01,2.5564,3,2
c1(ccccn1)OCC(Nc1c(cccc1F)F)=O,MOSES sample,2345,264.231,19,51.22,2.3773,4,2
c1(c(c(nc(n1C)=O)C)CCC(Nc1cc(OC)ccc1F)=O)C,MOSES sample,2346,333.363,24,73.22,2.11614,5,2
c1c(NC(=O)NCC(NCCC)=O)ccc2c1oc(=O)n2C,MOSES sample,2347,306.322,22,105.37,0.7792,5,2
c1cc(ccc1)-c1nc(C(NCC(C)(C)c2ccncc2)=O)co1,MOSES sample,2348,321.38,24,68.02,3.4442,5,3
n1n2c(ccc1NC(c1ccc(C(N)=O)nc1)=O)nnc2C(C)C,MOSES sample,2349,325.332,24,128.16,0.9939,4,3
N(C(c1cc2c(o1)c(c(C)cc2C)C)=O)(Cc1occc1)CCC#N,MOSES sample,2350,336.391,25,70.38,4.50714,5,3
C(NC(=O)c1cc2c(c(OC)ccc2)o1)c1cccc(OC)c1,MOSES sample,2351,311.337,23,60.7,3.38,5,3
c1cnc(cc1)CNC(=O)C1CC2OC1CN(C2)S(=O)(CC)=O,MOSES sample,2352,339.417,23,88.6,0.1368,5,3
Cc1cccc(-c2c(NCC(=O)N3CCOCC3)c(=O)c2=O)c1,MOSES sample,2353,314.341,23,75.71,0.52872,4,3
C(C(Nn1cnnc1)=O)CSc1ccc(Cl)cc1,MOSES sample,2354,282.756,18,59.81,2.184,5,2
n1nnn(c1C(C)C)CC(=O)NCc1cc(C)ccc1,MOSES sample,2355,273.34,20,72.7,1.42132,5,2
O=C(c1ccc(cc1)S(C)(=O)=O)C1CCCCC1,MOSES sample,2356,266.362,18,51.21,2.8531,3,2
c1(Cc2c(C)cccc2)oc(nn1)C(NCC=C)=O,MOSES sample,2357,257.293,19,68.02,1.88462,5,2
C(OC)(=O)c1ccc2c(n3c(nnc3-c3ccncc3)n2C)c1,MOSES sample,2358,307.313,23,74.31,2.0696,2,4
c1cc(C(NCCC)=O)ccc1NC(NC(C)c1ccccc1)=O,MOSES sample,2359,325.412,24,70.23,3.7091,6,2
Cc1ncncc1NCc1ccc(-n2cccn2)c(F)c1,MOSES sample,2360,283.31,21,55.63,2.72192,4,3
c1(cc2c(cc1)[nH]cc2CC(Nc1nn(cc1)C)=O)OC,MOSES sample,2361,284.319,21,71.94,2.0912,4,3
C1CCCC(N1)C(c1ccc(F)c(Br)c1)=O,MOSES sample,2362,286.144,16,29.1,2.913,2,2
c1(ccc(C)nc1)CC(N1CCC(c2nc(CCC)no2)CC1)=O,MOSES sample,2363,328.416,24,72.12,2.67422,5,3
n1c(CCC(=O)Nc2cc(ccc2OCCC)Cl)oc(n1)C,MOSES sample,2364,323.78,22,77.25,3.39152,7,2
C1C(C(CN(C1)C(c1ccoc1)=O)Cc1cccc(C)c1)O,MOSES sample,2365,299.37,22,53.68,2.65372,3,3
n12cncc2CN(Cc2c(noc2C)C)C(C)C1C,MOSES sample,2366,260.341,19,47.09,2.45324,2,3
CC(CNC(=O)c1c2c(ccc(N)c2ccn1)Cl)C,MOSES sample,2367,277.755,19,68.01,2.8562,3,2
S(N1C(CCC1)C(Nc1cccc(c1)OCC)=O)(=O)(=O)CCC,MOSES sample,2368,340.445,23,75.71,2.228,7,2
C(NC(c1cccnc1SC(F)F)=O)CCN1CCOCC1,MOSES sample,2369,331.388,22,54.46,1.8484,7,2
c1cc(C(=O)Nc2cccc(NC(=O)OC)c2)ccc1C(=O)C,MOSES sample,2370,312.325,23,84.5,3.3198,4,2
CCN(CCC#N)C(C)C(=O)c1ccc2c(c1)NC(=O)C(C)O2,MOSES sample,2371,315.373,23,82.43,2.21278,6,2
CN(C)C(=O)C(Cc1ccccc1)Nc1ccccc1,MOSES sample,2372,268.36,20,32.34,2.798,5,2
O=C(Nc1ccccc1)N1CCN(c2ccc(O)cc2)CC1,MOSES sample,2373,297.358,22,55.81,2.7463,2,3
Fc1cccc(c1)NCC(Nc1ccc(C)c(c1)S(=O)(N)=O)=O,MOSES sample,2374,337.376,23,101.29,1.83212,5,2
n1c(n(CC)cc1)CN1CCN(CC1)C(=O)CCC1CCCO1,MOSES sample,2375,320.437,23,50.6,1.5064,6,3
O=C(c1c(S(=O)(C(C)C)=O)cccc1)N(CC=C)CC=C,MOSES sample,2376,307.415,21,54.45,2.6829,7,1
c1(n(ccn1)C)CN(C1COCCC1)C(=O)c1cc(C)n(n1)C(C)C,MOSES sample,2377,345.447,25,65.18,2.32732,5,3
Cc1cc(C(F)(F)F)c2c(N3CCOCC3)n[nH]c2n1,MOSES sample,2378,286.257,20,54.04,2.12172,1,3
C(#N)CC(N1CCN(C(=O)NC(c2ccc(cc2)C)CC)CC1)C,MOSES sample,2379,328.46,24,59.37,3.0755,5,2
C(CCC(c1cc(Cl)ccc1)=O)(=O)NCC(F)(F)F,MOSES sample,2380,293.672,19,46.17,2.9814,5,1
c1(C(=O)N2CCCC2)ccc(o1)-n1c(c(CO)nn1)CCC,MOSES sample,2381,304.35,22,84.39,1.5411,5,3
c1(c(cccc1)C(=O)NC(C(C)C)C)NS(=O)(=O)C,MOSES sample,2382,284.381,19,75.27,1.8324,5,1
CCC(C)NC(=O)Nc1ccc(Oc2cccnc2)nc1,MOSES sample,2383,286.335,21,76.14,3.1889,5,2
c1c2c(ncnc2NCCc2scc(C3CC3)n2)sc1C,MOSES sample,2384,316.455,21,50.7,3.98822,5,4
c1c(cccc1)-c1nc(on1)C(CNC(=O)C1CCCCC1C)C,MOSES sample,2385,327.428,24,68.02,3.7826,5,3
C(=O)(NC1CCCC1)N(CCO)C1CCCCC1,MOSES sample,2386,254.374,18,52.57,2.2656,4,2
C(C)(C)C1C(C(OC(C)CC)=O)C(C2(CC1CC2)C(=O)OC)=O,MOSES sample,2387,324.417,23,69.67,2.7587,5,2
C(COc1ccccc1)n1ccc(NS(=O)(c2ccccc2)=O)n1,MOSES sample,2388,343.408,24,73.22,2.7629,7,3
n1csc(c1C)C(=O)N(C1CC1)C1CCCCC1,MOSES sample,2389,264.394,18,33.2,3.38882,3,3
O=C(c1csnc1C)NCCc1sc2c(n1)cccc2,MOSES sample,2390,303.412,20,54.88,3.03372,4,3
C(c1c(onc1C)C)N(C)c1cc(ncn1)N(Cc1ncccc1)C,MOSES sample,2391,338.415,25,71.18,2.74924,6,3
Cc1c(NC(C(C)Oc2ccccc2)=O)ccc(N)c1,MOSES sample,2392,270.332,20,64.35,2.98322,4,2
CC(C)(C)C(NC(=O)c1c(nc(s1)C)C)CO,MOSES sample,2393,256.371,17,62.22,1.89674,3,1
C(#N)CCC(CSc1nnc(C)s1)(C)CC,MOSES sample,2394,255.412,16,49.57,3.6587,6,1
CN(C(=O)CSc1nnc(-c2ccccc2F)n1C)C1CC1,MOSES sample,2395,320.393,22,51.02,2.3341,5,3
c1nccc(-c2nc(cc(n2)C2CC2)NCCN2CCCCC2=O)c1,MOSES sample,2396,337.427,25,71.01,2.8404,6,4
CC(Cn1c(ccn1)NC(=O)c1c[nH]c2c1c(ccc2)F)C,MOSES sample,2397,300.337,22,62.71,3.4118,4,3
C1CN(CCN1C(=O)C)CC(=O)c1ccc(c(c1)F)F,MOSES sample,2398,282.29,20,40.62,1.3116,3,2
Cc1c(C(=O)N2CCC(C)(O)C(C)C2)cnn1-c1cccc(Cl)c1,MOSES sample,2399,347.846,24,58.36,3.06712,2,3
C1(N(C(=O)CCC(N(CC)CC)=O)Cc2cccs2)CC1,MOSES sample,2400,308.447,21,40.62,2.8877,8,2
Fc1cccc(c1NC(NCCc1c(n(nc1C)C)C)=O)F,MOSES sample,2401,308.332,22,58.95,2.67934,4,2
O=C(NCC(N1CCOCC1)C)COc1c(cccc1)CC,MOSES sample,2402,306.406,22,50.8,1.4647,7,2
C(C)Cn1ccnc1CN1C(CN(CC1)C(=O)OC(C)(C)C)C,MOSES sample,2403,322.453,23,50.6,2.7343,4,2
COc1cc(NC(=O)c2ccncc2)cc(OC)c1OC,MOSES sample,2404,288.303,21,69.68,2.3597,5,2
c1cn(c(c(n1)NC(=O)c1c2c(C)nn(c2nc(c1)C)C)=O)C,MOSES sample,2405,312.333,23,94.7,0.93114,2,3
c1c(occ(c1=O)OCCC)C=Cc1ccccc1,MOSES sample,2406,256.301,19,39.44,3.599,5,2
c1cc(c(cc1C)O)-c1cc([nH]n1)S(=O)(NCCC(C)C)=O,MOSES sample,2407,323.418,22,95.08,2.41512,6,2
c1ccc(C(=O)CSc2n(C3CCCC3)nnn2)cc1OC,MOSES sample,2408,318.402,22,69.9,2.7718,6,3
C1CC(=O)N(c2c1cc(cc2)C(OC1CCCC1)=O)C,MOSES sample,2409,273.332,20,46.61,2.695,2,3
C(NC(=O)c1ccc(cc1)C)CNc1ncccn1,MOSES sample,2410,256.309,19,66.91,1.62692,5,2
O=S(NCCc1ccc(Cl)cc1)(=O)CC(=O)OC,MOSES sample,2411,291.756,18,72.47,0.9749,6,1
C(C(N1CCN(C(C)=O)CC1)C)(Nc1cc2OC(F)(F)Oc2cc1)=O,MOSES sample,2412,355.341,25,71.11,1.4992,3,3
Cc1nc(COc2ccccc2C(=O)Nc2cccnc2)no1,MOSES sample,2413,310.313,23,90.14,2.60432,5,3
CCCCN(Cc1ccco1)C(=O)NCc1nnc2n1CCC2,MOSES sample,2414,317.393,23,76.19,2.3292,7,3
COCc1nnc(NC(=O)Cn2c(=O)oc3ccccc32)s1,MOSES sample,2415,320.33,22,99.25,1.2311,5,3
O=C(NCc1ccccc1)N1CC(OC(C)C1)C(=O)OC,MOSES sample,2416,292.335,21,67.87,1.1585,3,2
Cc1ccc(c2c1C(c1c(OC)cccc1)NCC2)OC,MOSES sample,2417,283.371,21,30.49,3.24732,3,3
C=CCN1CCN(C(=O)c2ccc(OCC)cc2)CC1,MOSES sample,2418,274.364,20,32.78,2.0291,5,2
C(CC)(Oc1ccc(cc1)Cl)C(Nc1noc(C)c1)=O,MOSES sample,2419,294.738,20,64.36,3.43252,5,2
c1ccc2-c3c(Cc2c1)c(no3)C(=O)NCc1c(cccc1)OC,MOSES sample,2420,320.348,24,64.36,3.1844,4,4
c1(OC)ccc(Br)c(c1)COC(=O)C1CCCO1,MOSES sample,2421,315.163,18,44.76,2.6799,4,2
Cc1cc(C(=O)NCCn2nc(C(F)(F)F)n(C)c2=O)on1,MOSES sample,2422,319.243,22,94.95,0.32702,4,2
c1(C)ccc(cc1)CCC(=O)NCc1ccc(S(N)(=O)=O)cc1,MOSES sample,2423,332.425,23,89.26,1.89142,6,2
c12sc(-c3n(c(SCC(=O)C(C)(C)C)nn3)N)cc1cccc2,MOSES sample,2424,346.481,23,73.8,3.5809,4,3
CC(C)(c1noc(n1)CCNC(Nc1ccc2CCCc2c1)=O)C,MOSES sample,2425,328.416,24,80.05,3.22,4,3
c1(Cn2c(CNC(Nc3ccncc3)=O)nnc2)ccccc1,MOSES sample,2426,308.345,23,84.73,2.0431,5,3
C(OC(c1nn(-c2ccc(Cl)cc2)cc1OC)=O)C,MOSES sample,2427,280.711,19,53.35,2.711,4,2
c12CC(c3ccccc3)(C(Cc2oc(c(c1)C(=O)OC)=O)OC(=O)C)C,MOSES sample,2428,356.374,26,82.81,2.4146,3,3
c12CCCCc2cccc1NC(c1cccc2c1cn[nH]2)=O,MOSES sample,2429,291.354,22,57.78,3.694,2,4
O(CCC)C(=O)c1cc(OC)c(OCC)c(Br)c1,MOSES sample,2430,317.179,18,44.76,3.4232,6,1
COc1ccc2oc(CNCCc3c(C)noc3C)cc2c1,MOSES sample,2431,300.358,22,60.43,3.37854,6,3
c1(ccncc1)C(NC(=O)NCCc1ccc(-n2nccc2)cc1)C,MOSES sample,2432,335.411,25,71.84,2.8702,6,3
c1(cc(sc1C)C)C(C)NC(N(C)C(C)c1ccccn1)=O,MOSES sample,2433,317.458,22,45.23,4.22354,4,2
c1cccc(CN(C(=O)Cn2cnnc2C#N)C(C)(C)C)c1,MOSES sample,2434,297.362,22,74.81,1.97708,4,2
O=C(Nc1c(cccc1C)C)c1n2cc(ccc2nc1)C,MOSES sample,2435,279.343,21,46.4,3.51186,2,3
c1(cccc(c1)CC(=O)Nc1ccc(cc1)C(NCC(C)C)=O)OC,MOSES sample,2436,340.423,25,67.43,3.2622,7,2
Cc1[nH]nc(-c2ccc(cc2)NC(c2nccc(c2)Cl)=O)c1,MOSES sample,2437,312.76,22,70.67,3.68582,3,3
CN(S(=O)(=O)c1ccc(c(C(F)(F)F)c1)Br)C,MOSES sample,2438,332.141,17,37.38,2.7182,2,1
CNc1cnc(C(C)C)nc1C(=O)NCc1ccccn1,MOSES sample,2439,285.351,21,79.8,1.9667,5,2
c1(OC)ccc(cc1CC(=O)Nc1ncccc1O)OC,MOSES sample,2440,288.303,21,80.68,1.9856,5,2
Cc1sc(C(=O)Nc2ncccc2C)cc1S(=O)(=O)N(C)C,MOSES sample,2441,339.442,22,79.37,2.26254,4,2
Cc1cccc(C(N)=O)c1NCc1cccc(F)c1,MOSES sample,2442,258.296,19,55.12,2.84512,4,2
c1(NC2C(=O)N(c3c(cccc3F)F)CC2)cnn(c(=O)c1Cl)C,MOSES sample,2443,354.744,24,67.23,1.9293,3,3
c12nc(CNC(C3CN(CCC3)C(=O)C3CC3)=O)[nH]c1cccc2,MOSES sample,2444,326.4,24,78.09,1.8277,4,4
C(NCC(C)C)(=O)C1CCCN(S(CCCC)(=O)=O)C1,MOSES sample,2445,304.456,20,66.48,1.6005,7,1
Cn1cc(NC(=O)c2cccc(Cl)c2F)ccc1=O,MOSES sample,2446,280.686,19,51.1,2.4301,2,2
c1cncc(NC(=O)CCC(c2cccs2)O)c1,MOSES sample,2447,262.334,18,62.22,2.5954,5,2
CCC1CN(C(=O)Cn2ccc3ccn(C)c3c2=O)CCO1,MOSES sample,2448,303.362,22,56.47,0.9774,3,3
CC(C)Nc1ccc(C(=O)NC(C)(CO)CO)cc1,MOSES sample,2449,266.341,19,81.59,0.98,6,1
O=C(COCc1nc(-c2ccncc2)no1)N1CCc2ccccc21,MOSES sample,2450,336.351,25,81.35,2.2375,5,4
c1cc2n(c(SC)nc2C(=O)Nc2cc(ccc2)C)cc1,MOSES sample,2451,297.383,21,46.4,3.61692,3,3
c1(C)oc(nc1C(NC(=O)C(C)Sc1nc(CC)n[nH]1)C)C,MOSES sample,2452,323.422,22,96.7,2.32994,6,2
O=C(Nc1c(F)ccc(c1)F)CNc1cc(C(N)=O)c(F)cc1,MOSES sample,2453,323.274,23,84.22,2.2534,5,2
O=C(Nc1cccc(Cn2ccnc2)c1)c1ccccc1-c1cccnc1,MOSES sample,2454,354.413,27,59.81,4.2457,5,4
c1c(-n2nncc2)ccc(C(Nc2c3[nH]ncc3ccc2)=O)c1,MOSES sample,2455,304.313,23,88.49,2.3959,3,4
COC(c1ccc(cc1)CN(C)Cc1sccn1)=O,MOSES sample,2456,276.361,19,42.43,2.5617,5,2
Cc1cc(C)nc(NC(=O)NCCC(=O)N2CCCC2)c1,MOSES sample,2457,290.367,21,74.33,1.83244,4,2
n1nc(O)n(c1SC)C(C)C(=O)NCc1ccc(OC)cc1,MOSES sample,2458,322.39,22,89.27,1.5916,6,2
O=C1CCCc2c1c(nn2-c1ccccc1)C(Nc1ccncc1)=O,MOSES sample,2459,332.363,25,76.88,3.0386,3,4
O=C(c1ccn(c(=O)c1)C)Nc1c(c(Cl)ccc1)C,MOSES sample,2460,276.723,19,51.1,2.59942,2,2
CC(n1ncc(-c2n(ccn2)CCC(=O)N2CCCCC2)c1)(C)C,MOSES sample,2461,329.448,24,55.95,2.9042,4,3
CC(Oc1cccc(N)c1)C(=O)NC1CCCCCC1,MOSES sample,2462,276.38,20,64.35,2.8751,4,2
CS(=O)(=O)N(Cc1cccs1)c1ccc(F)cc1,MOSES sample,2463,285.365,18,37.38,2.8534,4,2
c1(noc(n1)C(C(C)C)NC(c1oc(COC)cc1)=O)C,MOSES sample,2464,293.323,21,90.39,2.24452,6,2
c12c(c(ccc13c(cccc3)C(=O)N2C)OC)CCCN,MOSES sample,2465,,,,,,
Cc1ccc(C(=O)Nc2cccc(C(=O)N(C)C)c2)cc1C,MOSES sample,2466,296.37,22,49.41,3.25754,3,2
c1cc(ccc1CCNC(=O)Cc1nc2nc(cc(C)n2n1)C)F,MOSES sample,2467,327.363,24,72.18,1.78164,5,3
c1c(c(cc(c1)C1c2c(C)nn(C)c2NC(C1)=O)F)-n1cncn1,MOSES sample,2468,326.335,24,77.63,1.92242,2,4
CC(C)c1nnc2n1CCN(C(=O)c1c[nH]nc1C1CCCCC1)C2,MOSES sample,2469,342.447,25,79.7,2.8283,3,4
N12c3c(CN(CC1)C(=O)c1cnc4n1cc(C)cc4)cccc3CCC2=O,MOSES sample,2470,360.417,27,57.92,2.57792,1,5
Cn1cnnc1-c1ccc(NC(=O)c2cc3ccccc3o2)cc1,MOSES sample,2471,318.336,24,72.95,3.4806,3,4
N#Cc1csc(CN2CCC(C(=O)c3ccc(O)cc3)CC2)c1,MOSES sample,2472,326.421,23,64.33,3.42028,4,3
s1cc(CN(C(COc2ncc(cc2)NC(=O)C)=O)C)cc1,MOSES sample,2473,319.386,22,71.53,2.1389,6,2
N(CC(NCC)=O)C(=O)c1c(OC)cc2ccccc2c1,MOSES sample,2474,286.331,21,67.43,1.7143,5,2
c1(CCCNC(c2nc(CC)no2)=O)ccccc1,MOSES sample,2475,259.309,19,68.02,1.9946,6,2
N1(C(CCC(C#N)c2c(cc(OC)cc2)OC)=O)CCOCC1,MOSES sample,2476,318.373,23,71.79,1.94998,6,2
Clc1ccc(NC(=O)CCC(c2c(cccc2)OC)=O)cc1,MOSES sample,2477,317.772,22,55.4,3.9502,6,2
CC(Oc1ccc(F)cc1)C(=O)NCCc1nc2ccccc2[nH]1,MOSES sample,2478,327.359,24,67.01,2.8282,6,3
c1cccc(OC(C)C(NCC(c2ccncc2)(C)C)=O)c1C#N,MOSES sample,2479,323.396,24,75.01,2.81458,6,2
COc1ccc2[nH]cc(CC(=O)NCc3ccc4c(c3)OCO4)c2c1,MOSES sample,2480,338.363,25,72.58,2.7641,5,4
c1nncn1-c1ccc(cc1)C(=O)Nc1ccc2c(c1)oc(C)n2,MOSES sample,2481,319.324,24,85.84,2.96922,3,4
CC(Nc1nccn(C)c1=O)c1cccc2ccccc12,MOSES sample,2482,279.343,21,46.92,3.1066,3,3
c1c(ccc(-n2ncnc2)c1)OCC(N(C1CCCC1)C(C)C)=O,MOSES sample,2483,328.416,24,60.25,2.8257,6,3
CCOCC(=O)Nc1cccc(NC(=O)OCC)c1C,MOSES sample,2484,280.324,20,76.66,2.53842,6,1
C1C(CN(C(C2CCN(C(=O)C)CC2)=O)CC1)COCC,MOSES sample,2485,296.411,21,49.85,1.52,4,2
n1c(CNc2c(cc(C)cc2)OCc2nccn2C(F)F)csc1,MOSES sample,2486,350.394,24,51.97,4.23422,7,3
c1c2ccc(n(CC)c2ccc1C(NCCNC(=O)C1CC1)=O)=O,MOSES sample,2487,327.384,24,80.2,1.2774,6,3
C(=O)(NCC(NC1CC1)=O)CCc1onc(n1)C,MOSES sample,2488,252.274,18,97.12,-0.29458,6,2
COc1ccc(-c2cc(C(C)=O)c(=O)n(C)n2)cc1C(C)C,MOSES sample,2489,300.358,22,61.19,2.7819,4,2
Cn1ccc(n1)NC(C(Sc1ncccn1)C)=O,MOSES sample,2490,263.326,18,72.7,1.3294,4,2
C(=O)(NCC(=O)Nc1cc(Cl)ccc1O)C(C)(C)C,MOSES sample,2491,284.743,19,78.43,2.1464,3,1
C(COCC(=O)N1CCN(CC1)C(CO)=O)OC,MOSES sample,2492,260.29,18,79.31,-1.6875,6,1
CC1COCC(C)N1Cc1ccccc1OCC#C,MOSES sample,2493,259.349,19,21.7,2.3078,4,2
c1ccc2cc(C(NCC3OCCC3)=O)c(=O)[nH]c2c1,MOSES sample,2494,272.304,20,71.19,1.4369,3,3
OCC1(CCC1)NC(c1ccc(-n2ccnn2)cc1)=O,MOSES sample,2495,272.308,20,80.04,0.9121,4,3
c1c2C(=NS(c2ccc1)(=O)=O)NCCC(=O)OCCCC,MOSES sample,2496,310.375,21,84.83,1.4585,6,2
c1cc(C(N2CCOCC2)CNC(N)=O)c(OC)cc1F,MOSES sample,2497,297.33,21,76.82,0.8759,5,2
C(c1ccncc1)NC(c1oc(-c2nc3c(cccc3)s2)cc1)=O,MOSES sample,2498,335.388,24,68.02,3.8813,4,4
c1cnccc1CNc1scc(n1)CC(=O)OC,MOSES sample,2499,263.322,18,64.11,1.8657,5,2
n1(-c2ccccc2)nnc(c1C)C(=O)Nn1c2c(cccc2)nc1,MOSES sample,2500,318.34,24,77.63,2.30932,3,4
C(CN(C)C(c1nc(C)ns1)=O)c1c(cccc1)OC,MOSES sample,2501,291.376,20,55.32,2.16982,5,2
Fc1cccc(Br)c1OCC(C)(C)O,MOSES sample,2502,263.106,14,29.46,2.7379,3,1
CC(Cc1ccccc1F)C(=O)Nc1ccc(=O)n(C)c1,MOSES sample,2503,288.322,21,51.1,2.3417,4,2
c1(ccc(cc1)C(N)=O)NC(=O)Cn1c2c(cc1)c(OC)ccc2,MOSES sample,2504,323.352,24,86.35,2.3875,5,3
c1ccc(-c2cc(n(cn2)CC(NCc2ccc(OC)cc2)=O)=O)cc1,MOSES sample,2505,349.39,26,73.22,2.2353,6,3
n1n2CCCC(c2nc1CC)NC(NC(c1c(OC)cccc1)C)=O,MOSES sample,2506,343.431,25,81.07,2.7444,5,3
C1CCN2C(COC(CNC(=O)N3CC(C)(C)OCC3)C2)C1,MOSES sample,2507,311.426,22,54.04,1.0601,2,3
c1ncccc1Oc1c2c(n(-c3ccccc3)nc2)ncn1,MOSES sample,2508,289.298,22,65.72,3.0028,3,4
O=C(NCCCS(=O)(=O)c1ccc(F)cc1)c1ccccc1F,MOSES sample,2509,339.363,23,63.24,2.5586,6,2
N1(C)C(C2(CN(CC2)C(c2ocnc2)=O)c2ccccc21)=O,MOSES sample,2510,297.314,22,66.65,1.4349,1,4
c1cc2c(cc1C)oc(-c1nc(nc(NC)n1)-c1ccccc1)c(c2)=O,MOSES sample,2511,,,,,,
C1N(C(=O)C2COc3c(cccc3)C2)CC(CC1)NC(C)=O,MOSES sample,2512,302.374,22,58.64,1.3648,2,3
Fc1c(c(ccc1)F)C(=O)NCc1ccc2c(c1)OCCCO2,MOSES sample,2513,319.307,23,47.56,3.0561,3,3
C(Oc1cc(F)ccc1-c1noc(C)c1C(NCC)=O)(C)C,MOSES sample,2514,306.337,22,64.36,3.32602,5,2
C(S(=O)(=O)NC1CCCC1)c1c(cccc1)Cl,MOSES sample,2515,273.785,17,46.17,2.702,4,2
Fc1ccc(cc1)C(CNC(=O)c1ccco1)OC,MOSES sample,2516,263.268,19,51.47,2.5362,5,2
c1(ccc(c(n1)OCC)S(=O)(N)=O)N(C)CCN1CCOCC1,MOSES sample,2517,344.437,23,97.99,-0.1039,7,2
COc1cccc(OCCc2nc(N)cc(C)n2)c1OC,MOSES sample,2518,289.335,21,79.49,2.00592,6,2
C1CCN(C1=O)CCN(C)C(=O)c1oc2ccccc2c1C,MOSES sample,2519,300.358,22,53.76,2.43562,4,3
c1cc(S(=O)(NCC2CCOC2)=O)ccc1NC,MOSES sample,2520,270.354,18,67.43,1.0431,5,2
C(NC1CC1)(c1cc(NCC(=O)N2CCCCCC2)ccc1)=O,MOSES sample,2521,315.417,23,61.44,2.3933,5,3
C1c2c(CCC1)ccc(CC(=O)Nc1cc(-n3cnnn3)ccc1F)c2,MOSES sample,2522,351.385,26,72.7,2.8614,4,4
c1c(n(C2CCCCC2)nc1)NC(CCn1c(cccc1)=O)=O,MOSES sample,2523,314.389,23,68.92,2.5788,5,3
O=c1c2[nH]c3cccc(Cl)c3c2ncn1Cc1ccncc1,MOSES sample,2524,310.744,22,63.57,2.9745,2,4
Clc1c(sc(C)c1)C(=O)NCc1ccco1,MOSES sample,2525,255.726,16,42.24,3.23292,3,2
c1c2c(n(C3CCCCC3)c(CNC(c3cccs3)=O)n2)ccc1,MOSES sample,2526,339.464,24,46.92,4.533,4,4
CSc1nn2c(COc3ccc(Cl)cc3)nnc2cc1OC,MOSES sample,2527,336.804,22,61.54,3.0872,5,3
O=C(c1occc1)NC(C(C)C)C(=O)Nc1ccc(C)c(C)c1,MOSES sample,2528,314.385,23,71.34,3.28954,5,2
Cn1cccc1C(=O)Nc1cc(Br)ccc1N,MOSES sample,2529,294.152,17,60.05,2.6221,2,2
c1ccc(cc1)COC(c1c(c(ccc1)OC)F)=O,MOSES sample,2530,260.264,19,35.53,3.1913,4,2
O=C(NCc1ccnc(OC2CCC2)c1)Nc1ccc(F)c(Cl)c1,MOSES sample,2531,349.793,24,63.25,4.1271,5,3
C1CCN(C(CCc2c(C)n(nc2)C)=O)CC1CC(=O)N,MOSES sample,2532,292.383,21,81.22,0.77512,5,2
NC(=O)N1CCC(NC(=O)c2cc(C3CC3)on2)CC1,MOSES sample,2533,278.312,20,101.46,0.8249,3,3
Nc1ccc(Cl)c(NC(=O)Cn2cc(Br)ccc2=O)c1,MOSES sample,2534,356.607,20,77.12,2.4851,3,2
Nc1nc(SCC(=O)c2ccc3c(c2)NC(=O)CO3)n[nH]1,MOSES sample,2535,305.319,21,122.99,0.6928,4,3
c1(nc(no1)C1CCN(C(COc2ccc(C)cc2C)=O)CC1)C,MOSES sample,2536,329.4,24,68.46,2.77986,4,3
c1(C)noc(n1)C(C)NC(=O)C1C(c2cc(F)ccc2)C1,MOSES sample,2537,289.31,21,68.02,2.49802,4,3
CCCCn1nccc1NC(=O)c1ccc(-n2cncn2)cc1C,MOSES sample,2538,324.388,24,77.63,2.82462,6,3
c1(-n2c3c(CNCC3)c(-c3ccc(cc3)OC)n2)ccccc1,MOSES sample,2539,305.381,23,39.08,3.1936,3,4
c1cc(Cn2c3nc(n(CC=C)c3c(=O)[nH]c2=O)-c2cccnc2)oc1,MOSES sample,2540,349.35,26,98.71,1.7756,5,4
C(COC(=O)N1CCN(CC1)C(=O)c1c2ccccc2[nH]n1)OC,MOSES sample,2541,332.36,24,87.76,1.1037,4,3
O=C(NCc1ccc(nc1)OC)C1C(c2cc(c(cc2)C)C)C1,MOSES sample,2542,310.397,23,51.22,3.12694,5,3
c1(F)cc2c(coc2cc1)CC(NCCS(N)(=O)=O)=O,MOSES sample,2543,300.311,20,102.4,0.5191,5,2
c1cnc(CN(CC2OCCC2)Cc2scnc2)cc1,MOSES sample,2544,289.404,20,38.25,2.7193,6,3
N(CCc1ccccc1)C(CS(=O)(c1ccc(C)cc1)=O)=O,MOSES sample,2545,317.41,22,63.24,2.12762,6,2
Cc1nn(-c2ccccc2)c(C)c1C(=O)NCCOc1ccccc1,MOSES sample,2546,335.407,25,56.15,3.29794,6,3
O=S(Nc1c(F)cc(C)cc1)(=O)c1ccc(C(OC)=O)cc1,MOSES sample,2547,323.345,22,72.47,2.72152,4,2
C1(C)CN(CC(C)O1)CCNC(=O)Cc1ccccc1,MOSES sample,2548,276.38,20,41.57,1.4545,5,2
C(#N)C1(N(C)C(=O)CCCOc2ccccc2C)CCC1,MOSES sample,2549,286.375,21,53.33,3.0587,6,2
COc1ccc(Cl)cc1NC(=O)c1nnn(-c2ccccc2)n1,MOSES sample,2550,329.747,23,81.93,2.5766,4,3
CN(CC1CCCC1)C(=O)Nc1ccc(-c2nnnn2C2CC2)cc1,MOSES sample,2551,340.431,25,75.94,3.3289,5,4
O=C(CCn1nnc2ccccc2c1=O)NCc1cccnc1,MOSES sample,2552,309.329,23,89.77,0.893,5,3
C(c1sc(nc1)C)OC(CN(C(=O)c1sccc1)C)=O,MOSES sample,2553,310.4,20,59.5,2.32842,5,2
c1c([nH]c(cc1)=O)C(=O)NC(Cn1cccn1)CC,MOSES sample,2554,260.297,19,79.78,0.78,5,2
CC(CNCCS(c1cccc(c1)Br)(=O)=O)O,MOSES sample,2555,322.224,17,66.4,1.1932,6,1
c12cc(OCC)ccc1c(cc(o2)=O)C(NCCCOC)=O,MOSES sample,2556,305.33,22,77.77,1.958,7,2
N(C1CCC(C)CC1)C(=O)CSc1nc(C)c(C(C)=O)cc1C#N,MOSES sample,2557,345.468,24,82.85,3.2513,5,2
CC(n1c(c(cc1C)C(=O)CSc1ncc(c(n1)N)C#N)C)C,MOSES sample,2558,329.429,23,97.59,2.90472,5,2
Cc1oncc1C(=O)Nc1cc(C(C)C)c(O)cc1C,MOSES sample,2559,274.32,20,75.36,3.37274,3,2
C(=O)(N1CCN(Cc2oc(c(C)n2)C)CC1)c1cc2ccccc2o1,MOSES sample,2560,339.395,25,62.72,2.99564,3,4
NC(=O)Cn1ccc2c(C(=O)NC3CCCC3)cccc21,MOSES sample,2561,285.347,21,77.12,1.799,4,3
n12cnnc1[nH]c(c(Cc1nc(-c3ccc(F)cc3)n[nH]1)c2=O)C,MOSES sample,2562,325.307,24,104.62,1.24102,3,4
Cc1n[nH]c(C)c1C1CCCN1C(=O)Nc1cc(F)c(F)cc1Cl,MOSES sample,2563,354.788,24,61.02,4.32714,2,3
CCc1ccc(C(=O)Cn2nnc(-c3ccccc3C)n2)cc1,MOSES sample,2564,306.369,23,60.67,3.09382,5,3
c1(C(=O)Nc2nc(-c3ccccc3)cs2)c(OC)nccc1,MOSES sample,2565,311.366,22,64.11,3.466,4,3
c1ccc2CN(CCn12)C(c1nc2ccc(cc2c(n1C)=O)C)=O,MOSES sample,2566,322.368,24,60.13,1.69942,1,4
C(c1sc(C)nc1)NC(N1CCCC1c1c(Cl)cccc1)=O,MOSES sample,2567,335.86,22,45.23,4.15162,3,3
Cc1ccc(C(O)(CNC(=O)c2ccc3[nH]cnc3c2)C(C)C)o1,MOSES sample,2568,327.384,24,91.15,2.73792,5,3
c1cccc(c1Cl)CS(=O)(c1ccc(F)cc1)=O,MOSES sample,2569,284.739,18,34.14,3.453,3,2
C(OC)CN1C(CN(C(=O)NCC=C)CC1)CC,MOSES sample,2570,255.362,18,44.81,0.9246,6,1
CC(C)(C)c1ccc(NC(=O)Cn2[nH]c(=O)ccc2=O)cc1,MOSES sample,2571,301.346,22,83.96,1.4728,3,2
C(NC(c1c(c(no1)C(OC)=O)N)=O)c1ccc(C)cc1,MOSES sample,2572,289.291,21,107.45,1.28182,4,2
n1c(CNC(=O)c2cccc(C)c2)n(CC)c(C2CC2)n1,MOSES sample,2573,284.363,21,59.81,2.41382,5,3
CN(C)c1ccc(NC(=O)c2ccc(OCC(F)F)nc2)nc1,MOSES sample,2574,322.315,23,67.35,2.4388,6,2
C(c1cccs1)N(C(Nc1c(F)ccc(F)c1)=O)C,MOSES sample,2575,282.315,19,32.34,3.6902,3,2
Clc1cccc(Cc2nnc(NC(C3OCCC3)=O)o2)c1,MOSES sample,2576,307.737,21,77.25,2.4313,4,3
c1cccc2SCC(N(CC(=O)OCCc3ccccc3)c21)=O,MOSES sample,2577,327.405,23,46.61,2.9112,5,3
O=C(NCC(=O)NCc1ccoc1)c1cccs1,MOSES sample,2578,264.306,18,71.34,1.3873,5,2
C1(CC(Nc2nc(no2)C)=O)Cn2c(SC1)nc(C)c(C)c2=O,MOSES sample,2579,335.389,23,102.91,1.30226,3,3
O=C(C(n1nnc(n1)-c1ccc(Br)cc1)C)NC(C)(C)C,MOSES sample,2580,352.236,21,72.7,2.5783,3,2
C1NC(=O)CN(C1)C(C1(CCCCC1)c1sc2ccccc2n1)=O,MOSES sample,2581,343.452,24,62.3,2.4566,2,4
c1(-n2cnnn2)cccc(c1)C(=O)Nc1ccc(OCC)cc1Cl,MOSES sample,2582,343.774,24,81.93,2.9667,5,3
Nc1ccc(cc1C(=O)NCC1CCOCC1)Cl,MOSES sample,2583,268.744,18,64.35,2.0786,3,2
Cc1ccccc1-c1nc(CS(=O)(=O)c2nncn2C2CC2)no1,MOSES sample,2584,345.384,24,103.77,1.94532,5,4
c1ccc(c(NC(=O)c2nc(oc2C)C)c1)C(N)=O,MOSES sample,2585,259.265,19,98.22,1.64264,3,2
c1cc(c(cc1)CNC(Nc1nnc(s1)CCC)=O)F,MOSES sample,2586,294.355,20,66.91,2.9514,5,2
C1CCc2c(cccc2)C1N(C)C(=O)CCn1c2c(cccn2)cc1,MOSES sample,2587,333.435,25,38.13,3.9624,4,4
C(C)(CO)(NC(c1csc(n1)Cc1ccc(cc1)OC)=O)C,MOSES sample,2588,320.414,22,71.45,2.2432,6,2
N(C(=O)C1CCN(C(=O)C2CC2)CC1)c1nnc(s1)C(F)(F)F,MOSES sample,2589,348.35,23,75.19,2.144,3,3
c12cc(OC)ccc2oc(C(=O)NCCCOC)c1C,MOSES sample,2590,277.32,20,60.7,2.51612,6,2
O(c1ccc(cc1)OCC(=O)Nc1cc(nn1CCC)C)C,MOSES sample,2591,303.362,22,65.38,2.62762,7,2
Cc1ccccc1OCCCC(=O)N(C)CC1CCCO1,MOSES sample,2592,291.391,21,38.77,2.79142,7,2
O=C(Nc1ccc(n(CCC)c1)=O)c1cccn1Cc1ccncc1,MOSES sample,2593,336.395,25,68.92,2.7554,6,3
CC(C)(NS(=O)(c1ccc(cc1)NC(C(C)C)=O)=O)C,MOSES sample,2594,298.408,20,75.27,2.3579,4,1
c1c(ccc(-n2cncc2)c1)C(NC(=O)c1cnc[nH]1)C,MOSES sample,2595,281.319,21,75.6,2.0864,4,3
O=C(NCc1ccccn1)Nc1cccc(CSc2ccccn2)c1,MOSES sample,2596,350.447,25,66.91,4.0906,6,3
o1ccc2C(CCCc12)NC(c1c(OCCOC)cccc1)=O,MOSES sample,2597,315.369,23,60.7,3.1122,6,3
c1(OC)ccc(OC)c(c1)-c1nc2n(cc(cc2)CO)c1,MOSES sample,2598,284.315,21,55.99,2.5108,4,3
O=C(NCc1cnccc1)NC1CCc2c1ccc(Cl)c2Cl,MOSES sample,2599,336.222,22,54.02,3.8751,3,3
CCN(CC)C(=O)CCNS(=O)(=O)c1ccc(F)cc1F,MOSES sample,2600,320.361,21,66.48,1.5016,7,1
c1cc(cc(c1)S(=O)(NCc1ccncc1)=O)C(NCC(C)C)=O,MOSES sample,2601,347.44,24,88.16,1.9459,7,2
C(C(C(C)(C)C)=O)Sc1[nH]c(=O)cc(CCC)n1,MOSES sample,2602,268.382,18,62.82,2.4297,5,1
c1(ccco1)CNC(c1c2c(n(C)[nH]c2=O)nc(C2CC2)c1)=O,MOSES sample,2603,312.329,23,92.92,1.662,4,4
C(C)(=O)NCc1ccc(-c2csc(n2)-c2ccccc2F)cc1,MOSES sample,2604,326.396,23,41.99,4.2523,4,3
c1(cccc(c1)C(OCCCNC(N)=O)=O)NC(C)=O,MOSES sample,2605,279.296,20,110.52,0.8602,6,1
C(C)(=O)N1CCN(C(=O)c2cc(c(cc2)C)C)CC1,MOSES sample,2606,260.337,19,40.62,1.60774,1,2
C=CCCC1NCCc2c(O)ccc(C(F)(F)F)c21,MOSES sample,2607,271.282,19,32.26,3.564,3,2
N1(c2c(cccc2)CCC1=O)CCC(=O)N1C(COCC1)C1CC1,MOSES sample,2608,328.412,24,49.85,1.9933,4,4
c1(ccc(cc1)Cl)-c1csc2c1c([nH]c(=O)[nH]2)=O,MOSES sample,2609,278.72,18,65.72,2.5983,1,3
Cc1nn2nc3c(c(-c4ccccc4)c2n1)CCC3,MOSES sample,2610,250.305,19,43.08,2.58842,1,4
O=S(c1c(C)oc(c1)C(=O)N(C)c1c(cc(C)cc1)C)(=O)NC,MOSES sample,2611,336.413,23,79.62,2.38956,4,2
c1sc(nc1Cn1c(c(C)n(CC)c1=O)C)N1CCOCC1,MOSES sample,2612,322.434,22,52.29,1.62794,4,3
c1(ccc(cc1)COCC1CCCO1)CNC(=O)c1c(ncnc1)C,MOSES sample,2613,341.411,25,73.34,2.41062,7,3
c1[nH]c(C(OC)=O)cc1CN1CC(CC1)n1nc(cc1C)C,MOSES sample,2614,302.378,22,63.15,2.06164,4,3
n1n(cnc1CNC(NCCc1ccccc1OC)=O)C,MOSES sample,2615,289.339,21,81.07,0.8656,6,2
C1(CC(NC(C)=O)CNC(c2c(cc(cc2)C)O)=O)CCCCC1,MOSES sample,2616,332.444,24,78.43,2.90552,6,2
CNC(=O)COC(c1ccccc1)c1cccc(OC)c1,MOSES sample,2617,285.343,21,47.56,2.5472,6,2
C(S(=O)(=O)N)CNC(=O)c1ccc(cc1)Oc1ncccn1,MOSES sample,2618,322.346,22,124.27,0.2872,6,2
CC(c1[nH]ncc1S(=O)(=O)NCCc1[nH]ncn1)(C)C,MOSES sample,2619,298.372,20,116.42,0.3463,5,2
c1(C(N)=O)ccc(Oc2ccc(cc2)C(=O)N)cc1,MOSES sample,2620,256.261,19,95.41,1.6767,4,2
C(F)(F)(CN1CCN(C(=O)c2cn[nH]c2C)CC1)F,MOSES sample,2621,276.262,19,52.23,1.03822,2,2
c1(C)ccc(Nc2nc3nonc3nc2N2CCOCC2)cc1,MOSES sample,2622,312.333,23,89.2,1.90142,3,4
CCCCS(=O)(=O)NC(c1ccc(CC)cc1)C#N,MOSES sample,2623,280.393,19,69.96,2.53318,7,1
Cc1cc(C)cc(CC2Oc3ccc(O)cc3N(CCO)C2=O)c1,MOSES sample,2624,327.38,24,70,2.33804,4,3
n1c(nc(n1-c1ccc(cc1)C)-c1cscc1)C,MOSES sample,2625,255.346,18,30.71,3.61264,2,3
N(Cc1c2OCOCc2cc(Cl)c1)C(=O)NC1CC1,MOSES sample,2626,282.727,19,59.59,2.1681,3,3
c1ccccc1CCC(=O)OC1CCOCC1OC,MOSES sample,2627,264.321,19,44.76,1.9663,5,2
c1cc(=O)n(CCOc2cc(Cl)ccc2)nc1C(=O)N,MOSES sample,2628,293.71,20,87.21,1.0746,5,2
c12CCC(NC(=O)CC3CC3)(C(=O)N)Cc3c2c(ccc3)ccc1,MOSES sample,2629,322.408,24,72.19,2.4689,4,4
c12sc(C)nn1c(C#N)c(n2)-c1ccc(CCC)cc1,MOSES sample,2630,282.372,20,53.98,3.5904,3,3
c1c(C)sc(-c2c(N)n(nn2)-c2ccccc2F)c1,MOSES sample,2631,274.324,19,56.73,3.02552,2,3
c1c(F)cc(F)c(c1)C(N(C)C(NCc1nnc2n1CCC2)=O)C,MOSES sample,2632,335.358,24,63.05,2.4051,4,3
O=C(N)c1nc2c(CN(CC2)C(=O)CCc2ccco2)s1,MOSES sample,2633,305.359,21,89.43,1.3525,4,3
c1(N)cc(nc(n1)SCC(NC1(C(OC)=O)CCCC1)=O)N,MOSES sample,2634,325.394,22,133.22,0.3351,5,2
C(=O)(Nc1c(C(N2CCOCC2)=O)cccc1)C(CC)CC,MOSES sample,2635,304.39,22,58.64,2.5337,5,2
N(C)(C(=O)c1ccc(cc1)NCC(Nc1c(cccc1C)C)=O)C,MOSES sample,2636,325.412,24,61.44,3.05584,5,2
O=c1c(-c2nc(-c3ccc(C)cc3)no2)c[nH]c2ccccc21,MOSES sample,2637,303.321,23,71.78,3.55352,2,4
c1c(Br)cc(Br)c(C(NCC#C)=O)c1,MOSES sample,2638,316.98,14,29.1,2.5746,2,1
C(Cn1ncc(NC(=O)COc2c(cccc2C)C)c1)(F)(F)F,MOSES sample,2639,327.306,23,56.15,3.07974,5,2
C(C)(c1nc(-c2ccc(CNC(=O)N)cc2)on1)C,MOSES sample,2640,260.297,19,94.04,2.0283,4,2
C(CNc1cc(ccc1F)Cl)(N(C)C1CCC(CC1)C)=O,MOSES sample,2641,312.816,21,32.34,3.9281,4,2
O=C(c1cn[nH]c1)N1CCN(CC(O)c2ccccc2)CC1,MOSES sample,2642,300.362,22,72.46,0.9011,4,3
Brc1ccc(c(c1)-c1n(ccn1)Cc1n(C)ccn1)OC,MOSES sample,2643,347.216,21,44.87,3.103,4,3
CN(C)c1cccc(C(=O)NCC#Cc2ccc(C(=O)N)cc2)c1,MOSES sample,2644,321.38,24,75.43,1.633,4,2
Cc1nc2cccnc2n1-c1cccc(C(=O)NC2CCCC2)c1,MOSES sample,2645,320.396,24,59.81,3.40132,3,4
n1nsc(C(Nc2ccc(CC(=O)NC(C)C)cc2)=O)c1C,MOSES sample,2646,318.402,22,83.98,2.16592,5,2
Cc1cc(c(cc1-n1nc(c(n1)C)C(OCC)=O)Cl)Cl,MOSES sample,2647,314.172,20,57.01,3.36764,3,2
Cc1ccc(C(=O)Nc2ccc(OC(F)F)cc2)o1,MOSES sample,2648,267.231,19,51.47,3.44172,4,2
c1cocc1C(NC(C)C(N(C(C)CC)C(CC)C)=O)=O,MOSES sample,2649,294.395,21,62.55,2.8235,7,1
C1(CCN(C(Nc2c(ccnc2)C)=O)CC1)n1cccn1,MOSES sample,2650,285.351,21,63.05,2.45552,2,3
Nc1nc(-c2ccccc2)nn1C(=O)c1c(F)cccc1F,MOSES sample,2651,300.268,22,73.8,2.494,2,3
O=C(NC1CCN(C(=O)c2ccoc2)C1)c1ccsc1,MOSES sample,2652,290.344,20,62.55,1.9856,3,3
N(C(=O)c1cc(ccc1)Br)c1ccc(O)cc1N,MOSES sample,2653,307.147,18,75.35,2.9892,2,2
O=C(Nc1ccccc1O)c1ccc(-c2ncon2)cc1,MOSES sample,2654,281.271,21,88.25,2.6945,3,3
C(=O)(c1c(ccc(C)c1)F)Nc1ccc(CNC(=O)N)cc1,MOSES sample,2655,301.321,22,84.22,2.55472,4,2
O=C(NCc1cscc1)Nc1ccc(SCC)nc1,MOSES sample,2656,293.417,19,54.02,3.5768,5,2
O=C(Cc1ccon1)N1CCOC(c2ccc(Cl)c(Cl)c2)C1,MOSES sample,2657,341.194,22,55.57,3.124,3,3
C(NC(c1cc2cc(Cl)ccc2o1)=O)CCn1cncc1,MOSES sample,2658,303.749,21,60.06,3.1028,5,3
CCc1c(C(=O)Nc2cc(S(C)(=O)=O)ccc2F)cnn1C,MOSES sample,2659,325.365,22,81.06,1.7774,4,2
c1c(SC)nc(C(C)C)nc1C(NC(C)c1cnccc1)=O,MOSES sample,2660,316.43,22,67.77,3.2079,5,2
c1(ccc(C)c(NC(=O)CS(c2nccs2)(=O)=O)c1)Cl,MOSES sample,2661,330.818,20,76.13,2.51732,4,2
c1(OC)c(sc(c1)C)C(=O)N1CCN(CC1)c1ccc(cc1)O,MOSES sample,2662,332.425,23,53.01,2.73312,3,3
c1cc(S(=O)(N2CCN(CC2)C(C(CC)CC)=O)=O)ccc1,MOSES sample,2663,324.446,22,57.69,1.9557,5,2
c1ccc(CNC(CNc2c(OC(C)C)ccc(C#N)c2)=O)o1,MOSES sample,2664,313.357,23,87.29,2.66678,7,2
O=C(CSc1nc(-c2cccs2)n[nH]1)Nc1nccs1,MOSES sample,2665,323.428,20,83.56,2.7205,5,3
n1ccn(Cc2cccc(c2)NC(C2CC2)=O)c1C(C)C,MOSES sample,2666,283.375,21,46.92,3.4033,5,3
N#CCCN(Cc1ccccn1)C(=O)Nc1ccccc1-n1cccn1,MOSES sample,2667,346.394,26,86.84,3.21508,6,3
Clc1cnc(c(C#N)c1)NCCNc1nc(C)nc(c1)NCC,MOSES sample,2668,331.811,23,98.55,2.6609,7,2
O=C(c1sc(nc1C)-c1ccccn1)NCC(O)c1cccs1,MOSES sample,2669,345.449,23,75.11,3.03842,5,3
C(Oc1c(N)cc(OC(C)C)cc1)C(=O)NCC(C)C,MOSES sample,2670,280.368,20,73.58,2.207,7,1
Cc1ccc(CN(C)C(=O)Cc2coc3cc(O)ccc23)o1,MOSES sample,2671,299.326,22,66.82,3.24092,4,3
c1(cc(nn1CC)C(C)C)C(=O)NC(c1ccccc1)CC,MOSES sample,2672,299.418,22,46.92,3.9075,6,2
c1cc(-c2n(c(nn2)SCC(NCCC)=O)CC)sc1,MOSES sample,2673,310.448,20,59.81,2.6448,7,2
c1(ccc(NC(=O)N(C)CCCOC)c(c1)C)C,MOSES sample,2674,250.342,18,41.57,2.80364,5,1
C1C(NC(C2(NCc3n(c(c4ccccc4n3)=O)C)CCCC2)=O)C1,MOSES sample,2675,340.427,25,76.02,1.6145,5,4
CN(C)c1cccc(C(N(C2CC2)CC(OCC)=O)=O)c1,MOSES sample,2676,290.363,21,49.85,1.9203,6,2
O(C)c1cc(ncc1)NC(c1sc(C2CCCO2)nc1)=O,MOSES sample,2677,305.359,21,73.34,2.6505,4,3
N(CC(C)C)(CCOC)c1c(C(C)=O)c(F)ccc1,MOSES sample,2678,267.344,19,29.54,3.1371,7,1
c1(C(=O)OCc2cc(C(=O)C)ccc2OC)cc2c(CCC2)[nH]c1=O,MOSES sample,2679,341.363,25,85.46,2.4318,5,3
N(C(c1cc(cc2[nH]cnc12)F)=O)c1ccccc1OCCOCC,MOSES sample,2680,343.358,25,76.24,3.3696,7,3
OCCN(CCC)S(=O)(c1cnn(C)c1)=O,MOSES sample,2681,247.32,16,75.43,-0.1869,6,1
c12CN(C(=O)C)CCN(Cc2c(-c2ccccn2)ncn1)C(=O)C,MOSES sample,2682,325.372,24,79.29,1.2492,1,3
c1cc(CNC(CN2CCOCC2)=O)c(OCC)cc1,MOSES sample,2683,278.352,20,50.8,1.0337,6,2
c1(cc2c(cc1)NC(CC2)=O)C(NC(c1ccc(C)o1)C)=O,MOSES sample,2684,298.342,22,71.34,2.96372,3,3
COc1ccc2c3c(c(=O)oc2c1)CCC3C(C)(C)O,MOSES sample,2685,274.316,20,59.67,2.6023,2,3
c1c(csc1)C(=O)NCC(c1c(OC)ccc(c1)OC)O,MOSES sample,2686,307.371,21,67.79,2.2287,6,2
S(c1sc2cccc(c2n1)F)CC(N1CC(CCC1)C(=O)N)=O,MOSES sample,2687,353.444,23,76.29,2.2514,4,3
c12ccccc2N(C)CCN1C(=O)C1CC(N(C(C)(C)C)C1)=O,MOSES sample,2688,315.417,23,43.86,2.1164,1,3
c1ccc(C(NCc2cc(C)oc2C)=O)c(n1)OCCOC,MOSES sample,2689,304.346,22,73.59,2.24664,7,2
Cc1ccc(C(=O)C(N)CC(=O)c2ccccc2)cc1,MOSES sample,2690,267.328,20,60.16,2.77802,5,2
n1(nc(c(c1C)C(=O)N1CCC(Sc2ccccc21)C)C)C,MOSES sample,2691,315.442,22,38.13,3.56804,1,3
c1(CO)c2ccccc2nc(SCc2nc3c(cccc3)[nH]2)c1,MOSES sample,2692,321.405,23,61.8,3.8957,4,4
CC(CNC(CNS(c1sccc1)(=O)=O)=O)(CC(C)O)C,MOSES sample,2693,334.463,21,95.5,0.9397,8,1
c1(C(=O)N2CCN(c3ccc(F)cc3)CC2)nc(OC)ccc1,MOSES sample,2694,315.348,23,45.67,2.1917,3,3
C1(C(=O)N2CCOCC2)C2CN(CCC2OCC1)Cc1cn(C)nc1,MOSES sample,2695,348.447,25,59.83,0.5059,3,4
C(c1ccc(cc1)NC(=O)C1CCC1)N1C(CCC1)=O,MOSES sample,2696,272.348,20,49.41,2.5476,4,3
c1c(S(=O)(N(CCC(C)C)C)=O)cc(C#N)c(F)c1,MOSES sample,2697,284.356,19,61.17,2.36398,5,1
Cc1cccc(NC(=O)CCn2ccc3ccccc32)c1,MOSES sample,2698,278.355,21,34.03,3.97852,4,3
N1(C(=O)c2ccc(F)cc2)CCN(C(=O)c2ccco2)CC1,MOSES sample,2699,302.305,22,53.76,2.0169,2,3
C1C(CCO1)N(C(C)C)C(c1ccc(cc1)CN1C(=O)CCC1)=O,MOSES sample,2700,330.428,24,49.85,2.4485,5,3
Fc1ccc2c(c1)c(c(C(=O)N(Cc1snnc1C)C)s2)C,MOSES sample,2701,335.429,22,46.09,3.78094,3,3
c1(CCNC(=O)Nc2cccc(C(NC)=O)c2C)cccc(c1)F,MOSES sample,2702,329.375,24,70.23,2.85792,5,2
C1CC(Nc2ncc3c(n2)COCC32CCN(C(C)=O)C2)C1,MOSES sample,2703,302.378,22,67.35,1.4612,2,4
CC(C)Cn1cnnc1C1CCCN(C(=O)c2ccc(Cl)cc2)C1,MOSES sample,2704,346.862,24,51.02,3.6073,4,3
n1cc2c(N3CCC3)ncnc2n1-c1cccc(c1)C,MOSES sample,2705,265.32,20,46.84,2.33402,2,4
N1(CCC2(C1)C(=O)N(Cc1c(Cl)cccc1)CCC2)C(C)=O,MOSES sample,2706,320.82,22,40.62,2.701,2,3
O1CCOc2cc(ccc12)CNc1n(C)c2c(cccc2)n1,MOSES sample,2707,295.342,22,48.31,2.9566,3,4
C(NC(=O)C1CC(=O)N(C(C)c2ccccc2)C1)CNC(=O)C,MOSES sample,2708,317.389,23,78.51,0.8484,6,2
[nH]1nc(C(=O)N)c2cc(NCc3cc(ccc3OC)Cl)ccc12,MOSES sample,2709,330.775,23,93.03,2.9359,5,3
Nc1nonc1-c1scc(-c2ccc(OC)cc2)n1,MOSES sample,2710,274.305,19,87.06,2.4509,3,3
c1cc(=O)n(CC(Nc2c(cccc2)SC)=O)cc1,MOSES sample,2711,274.345,19,51.1,2.2089,4,2
c1c(NC(=O)c2oc(cc2)Cn2cccn2)cc(F)cc1OC,MOSES sample,2712,315.304,23,69.29,2.9244,5,3
N1(CCN(Cc2sccc2Br)CC1)C(C1CC1)=O,MOSES sample,2713,329.263,18,23.55,2.5648,3,3
c1(ccc(C(N(CC)c2c(N)n(CCCC)c(=O)[nH]c2=O)=O)cc1)C,MOSES sample,2714,344.415,25,101.19,1.89402,6,2
O=c1c(cc(-c2ccccc2)nn1CC)C(C)(C)O,MOSES sample,2715,258.321,19,55.12,2.1576,3,2
Cc1ccc2c(Nc3cccc(C)c3C)c(C(N)=O)cnc2n1,MOSES sample,2716,306.369,23,80.9,3.39756,3,3
CCCOc1cccc(NC(=O)c2ccc(C(=O)N(C)C)cc2)c1,MOSES sample,2717,326.396,24,58.64,3.4295,6,2
Cc1ccncc1NC(=O)NC(C)c1ccc(OC(F)F)cc1,MOSES sample,2718,321.327,23,63.25,3.87412,5,2
O=C(OCCOc1ccc(cc1)C#N)C1CC(=O)Nc2c1cccc2,MOSES sample,2719,336.347,25,88.42,2.60628,5,3
C(CC(OC)=O)N(C(=O)c1ccc(Cl)cc1Cl)C(C)C,MOSES sample,2720,318.2,20,46.61,3.4071,5,1
CCN(CC)C(=O)COc1ccc(C(C)O)cc1Cl,MOSES sample,2721,285.771,19,49.77,2.6405,6,1
c1cc(Cl)ccc1CNC(=O)c1ccccc1-n1ccnc1,MOSES sample,2722,311.772,22,46.92,3.4557,4,3
c1(-c2onc(COC(=O)c3cnoc3C)c2)ccc(cc1)C,MOSES sample,2723,298.298,22,78.36,3.30344,4,3
CCOc1ccc(N)cc1S(=O)(=O)NCc1cccnc1,MOSES sample,2724,307.375,21,94.31,1.541,6,2
Cc1[nH]ncc1S(=O)(=O)Nc1cc(F)ccc1Cl,MOSES sample,2725,289.719,18,74.85,2.31142,3,2
c1(cc(cc(c1)C)C)N1CCN(CC1=O)C(CCn1cnnn1)=O,MOSES sample,2726,328.376,24,84.22,0.55544,4,3
Cc1cccc2c(=O)n(CC(=O)Oc3ccc(C#N)cc3)cnc12,MOSES sample,2727,319.32,24,84.98,2.1822,3,3
c1nc(C)sc1CNC(NCc1cc(OC)ncc1)=O,MOSES sample,2728,292.364,20,76.14,1.85452,5,2
N(CC)(C1CCCCC1)c1nc(ccc1C#N)-c1ccncc1,MOSES sample,2729,306.413,23,52.81,4.17428,4,3
O(C)c1ccccc1CNC(=O)Cn1cnc2c(c(c(C)s2)C)c1=O,MOSES sample,2730,357.435,25,73.22,2.39984,5,3
CN1CCN(C(=O)C2CCN(C(=O)c3ccco3)CC2)CC1,MOSES sample,2731,305.378,22,57,0.9058,2,3
COc1ccc(Cc2cn3c(n2)SCC3CNc2ncccn2)cc1,MOSES sample,2732,353.451,25,64.86,3.0314,6,4
N1(c2c(C)c(C)nc3ncnn32)CCCC(C1)C(=O)N1CCCC1,MOSES sample,2733,328.42,24,66.63,1.57994,2,4
c1(n[nH]c(c1C(=O)C)C)CCc1ccc(OC)c(Cl)c1,MOSES sample,2734,292.766,20,54.98,3.36792,5,2
c1c(C(NCCNC(C2CCC=CC2)=O)=O)ccc(F)c1,MOSES sample,2735,290.338,21,58.2,2.028,5,2
C1Cc2c(ncnc2CCN1C(c1c(CC)nns1)=O)C,MOSES sample,2736,303.391,21,71.87,1.43992,2,3
C1C(NC(=O)CNC(NC(CCc2ccccc2)C)=O)CCC1,MOSES sample,2737,317.433,23,70.23,2.3657,7,2
c12c(C(NC(COCc3ccccc3)=O)CCS1)cc(F)cc2,MOSES sample,2738,331.412,23,38.33,3.6956,5,3
O=C(Nc1nn(Cc2cccnc2)cn1)C1(C(C1)(Cl)Cl)C,MOSES sample,2739,326.187,21,72.7,2.2438,4,3
C1CC(CCN1C(c1ccc(c(F)c1)C)=O)OCc1c(F)cccc1,MOSES sample,2740,345.389,25,29.54,4.09462,4,3
c1cc(cc(c1)C)C(c1n(-c2ccccc2)nnn1)O,MOSES sample,2741,266.304,20,63.83,2.05242,3,3
c1(C)nn(c(=O)c(C(=O)Nc2cccc(CO)c2)c1C)C,MOSES sample,2742,287.319,21,84.22,1.14174,3,2
n1c(ccc(c1)N1CCN(C(=O)c2cscc2)CC1)S(C)(=O)=O,MOSES sample,2743,351.453,23,70.58,1.509,3,3
n1c([nH]c(cc1N)=O)SCCC(=O)Nc1c(C)ccc(c1)Cl,MOSES sample,2744,338.82,22,100.87,2.43482,5,2
COC(=O)c1cc(-c2cnn(CCC(C)C)c2C)nn1C,MOSES sample,2745,290.367,21,61.94,2.42472,5,2
c1(C(N2CC(c3[nH]c(=O)cc(n3)C(C)C)CCC2)=O)[nH]nc(c1)CC,MOSES sample,2746,343.431,25,94.74,2.1986,4,3
c1c(NC(Nc2cccc(OC)c2)=O)c(C)cc(S(=O)(C)=O)c1,MOSES sample,2747,334.397,23,84.5,3.05112,4,2
CC(NC(=O)CS(=O)(c1cccc(c1)OC)=O)(C)C,MOSES sample,2748,285.365,19,72.47,1.3836,4,1
c1(nn(cn1)CC(NCc1ccccc1)=O)NC(c1occc1C)=O,MOSES sample,2749,339.355,25,102.05,1.74822,6,3
C1N(CC#C)CCN(C1)CCS(=O)(=O)c1cccc(OC)c1,MOSES sample,2750,322.43,22,49.85,0.7197,6,2
C(CNC(CCn1ncc2cc(ccc21)C)=O)c1ccc(cc1)F,MOSES sample,2751,325.387,24,46.92,3.23282,6,3
c1c(SC)ccc(c1)OC(C(NCc1cscn1)=O)C,MOSES sample,2752,308.428,20,51.22,2.9487,6,2
C1CN(CC1)C(C(NC(=O)Nc1c(N(C)C)nccc1)C)=O,MOSES sample,2753,305.382,22,77.57,1.28,4,2
O=C(Cc1c2cc(C)c(C)cc2oc1)NC(C)c1cccnc1,MOSES sample,2754,308.381,23,55.13,3.86454,4,3
N1S(=O)(=O)c2c(cccc2)C=1NCCC(Nc1ccc(C)cc1)=O,MOSES sample,2755,343.408,24,87.63,2.06232,4,3
c1(cc(C)c(C)cc1)C(Nc1cccc(N2CCCS2(=O)=O)c1)=O,MOSES sample,2756,344.436,24,66.48,3.09564,3,3
n1cc2c(cccc2)nc1C(=O)NCc1ccc(cc1)F,MOSES sample,2757,281.29,21,54.88,2.6989,3,3
c12c(nc(nc2SCC(=O)Nc2cccc(c2)C)C)cccc1,MOSES sample,2758,323.421,23,54.88,3.97744,4,3
c1cncnc1N1CCN(C(=O)C2(CC2(Cl)Cl)C)CC1,MOSES sample,2759,315.204,20,49.33,1.7091,2,3
O(c1cc(N)ccc1)Cc1cnc2ccccn12,MOSES sample,2760,239.278,18,52.55,2.4955,3,3
CC(C)(C)OC(=O)N1C(C)CN(C(F)(F)F)CC1,MOSES sample,2761,268.279,18,32.78,2.4474,0,1
c1(cccs1)S(=O)(N1CC(O)CC1CO)=O,MOSES sample,2762,263.34,16,77.84,-0.1357,3,2
C1C(NS(c2cccc(c2)C(N2CCCCCC2)=O)(=O)=O)CC1,MOSES sample,2763,336.457,23,66.48,2.5336,4,3
c1(CNC(=O)C2CN(C(Cn3cccn3)=O)CCC2)ccc(C)cc1,MOSES sample,2764,340.427,25,67.23,1.74652,5,3
N(c1c([nH]ccc1)=O)C(=O)c1nn(-c2ccccc2)c2CCCc21,MOSES sample,2765,320.352,24,79.78,2.3016,3,4
CCOc1ccc(C(=O)NCC(F)(F)F)cc1N,MOSES sample,2766,262.231,18,64.35,1.9596,4,1
Cc1[nH]c(SCC(=O)NCCc2ccccc2C)nc1C,MOSES sample,2767,303.431,21,57.78,2.78596,6,2
CC(c1cccc(c1)Cl)N(C(=O)C1N(C(=O)C2CC2)CCC1)C,MOSES sample,2768,334.847,23,40.62,3.2604,4,3
c1(F)c(NC(Cc2oc(-c3cscc3)nn2)=O)ccc(c1)Cl,MOSES sample,2769,337.763,22,68.02,3.7718,4,3
O=C(Nc1ccnn1Cc1cccs1)C1CC12CCOCC2,MOSES sample,2770,317.414,22,56.15,2.7481,4,4
COC(=O)CCNC(=O)c1nc(-c2cn(C)cn2)n2ccccc12,MOSES sample,2771,327.344,24,90.52,1.0277,5,3
C(c1cc2ccsc2cc1)NC(c1cccnc1-n1ncnc1)=O,MOSES sample,2772,335.392,24,72.7,2.807,4,4
COc1ccc2[nH]cc(CCNC(=O)N3CCCC3)c2c1,MOSES sample,2773,287.363,21,57.36,2.5244,4,3
C(c1cc2ccccc2cc1)C(=O)NCc1nc(C)ncc1,MOSES sample,2774,291.354,22,54.88,2.79712,4,3
C1CCCCCN1c1cccc(NC(=O)C2CC2)c1,MOSES sample,2775,258.365,19,32.34,3.4155,3,3
n1(nc(-c2c3cc[nH]c3ccc2)cc1C(=O)OCC)C,MOSES sample,2776,269.304,20,59.91,2.7451,3,3
O=C(N(C(C1CC1)C)C)NCCCS(c1ccccc1)(=O)=O,MOSES sample,2777,324.446,22,66.48,2.2903,7,2
c1cc(NC(C(C)n2c(C)ccc(c2=O)N)=O)cc(C)c1,MOSES sample,2778,285.347,21,77.12,2.24704,3,2
O=C(NCCN1CCOCC1)NCC1COc2ccccc2O1,MOSES sample,2779,321.377,23,72.06,0.4578,5,3
N(C(c1cn(nc1C(C)(C)C)C)=O)Cc1cccnc1,MOSES sample,2780,272.352,20,59.81,2.0426,3,2
C1N(C(c2ccccc2O)=O)CCN(C1)CC(NCC1CC1)=O,MOSES sample,2781,317.389,23,72.88,0.6762,5,3
c1(c(C)n(-c2ccccn2)nn1)C(=O)NCc1ccccc1Cl,MOSES sample,2782,327.775,23,72.7,2.55412,4,3
COc1ccc(C(=O)Nc2nc3c(s2)C(=O)CCC3)nn1,MOSES sample,2783,304.331,21,94.07,1.713,3,3
n1(C)ncc(c1C(Nc1nnc(C2CCC2)o1)=O)C,MOSES sample,2784,261.285,19,85.84,1.63132,3,3
c1c(cc(OC)cc1)C(N(CC)C(=O)COc1ccccc1F)C,MOSES sample,2785,331.387,24,38.77,3.8228,7,2
CCc1noc(CC)c1CC(=O)Nc1cccc(-c2nc(C)co2)c1,MOSES sample,2786,339.395,25,81.16,3.94402,6,3
c1(ccccc1)COC1CCN(CC1)C(=O)NC1CCC(CC1)O,MOSES sample,2787,332.444,24,61.8,2.6807,4,3
Cc1ccc(S(=O)(=O)NCc2cc(F)ccc2F)cc1C,MOSES sample,2788,311.353,21,46.17,3.06014,4,2
C1(C(NC(Cc2ccc(cc2)O)C)=O)CCCCC1,MOSES sample,2789,261.365,19,49.33,3.0197,4,2
c1c(OC)ccc(CNC(c2c(cccc2O)O)=O)c1,MOSES sample,2790,273.288,20,78.79,2.0364,4,2
S(CC(=O)Nc1c(cccc1C)C)c1nnc(-c2ccncc2)o1,MOSES sample,2791,340.408,24,80.91,3.47924,5,3
CCOC(=O)Cc1csc(NC(=O)c2ccco2)n1,MOSES sample,2792,280.305,19,81.43,2.094,5,2
O=C(Nc1ccnn1Cc1ccco1)C1CC1c1cccc(Cl)c1,MOSES sample,2793,341.798,24,60.06,3.92,5,4
c1(C)ccc(S(=O)(Nc2nn(CC)cc2)=O)cc1C,MOSES sample,2794,279.365,19,63.99,2.32064,4,2
c1c(c(cc(Cl)c1)Cl)OC(=O)CCNC(=O)c1cocc1,MOSES sample,2795,328.151,21,68.54,3.3119,5,2
c1c(S(C(C)C(Nc2cc(ccc2)C)=O)(=O)=O)ccc(c1)C,MOSES sample,2796,317.41,22,63.24,3.10434,4,2
c1(nc(N2CCCCC2)c2c(CCN(CC2)C(=O)C(C)C)n1)C,MOSES sample,2797,316.449,23,49.33,2.35852,2,3
N(c1ccc(NC(=O)NC2CCCCCC2)cc1)C(C)=O,MOSES sample,2798,289.379,21,70.23,3.4893,3,2
N1(c2nn3c(nnn3)cc2)CCN(CC1)C(COc1c(cccc1)C)=O,MOSES sample,2799,353.386,26,88.75,0.55532,4,4
NC(=O)c1cccc(OCc2cccc(OC(F)F)c2)c1,MOSES sample,2800,293.269,21,61.55,2.9659,6,2
c12cc(ccc1oc(SCCCCCO)n2)Cl,MOSES sample,2801,271.769,17,46.26,3.7359,6,2
CN(C(=O)CCCc1ccc(-c2ccccc2)o1)c1nccs1,MOSES sample,2802,326.421,23,46.34,4.3888,6,3
c1c(cc(c(N(C)C(=O)C(C)NS(=O)(=O)C)c1)C)Cl,MOSES sample,2803,304.799,19,66.48,1.54892,4,1
c1(C(F)(F)F)cc(ccc1)OCCN1CCN(C(C)=O)CC1,MOSES sample,2804,316.323,22,32.78,2.2483,4,2
CCc1cc(C(=O)NC(C)C)nc(CC(=O)Nc2cccc(C)c2)n1,MOSES sample,2805,340.427,25,83.98,2.66682,6,2
Cc1ccccc1-c1noc(=O)n1Cc1nc2ccccc2n1C,MOSES sample,2806,320.352,24,65.85,2.74672,3,4
NC(=O)C1CN(c2nccc(C(F)(F)F)n2)CC12CCCC2,MOSES sample,2807,314.311,22,72.11,1.9773,2,3
n12c(C)cccc2nc(c1C(NCC(F)(F)F)=O)C,MOSES sample,2808,271.242,19,46.4,2.24324,2,2
CCN(Cc1ccc(OC)c(F)c1)C(=O)Nc1cccc(C(C)=O)c1,MOSES sample,2809,344.386,25,58.64,4.0909,6,2
c1c(ccc(OC)c1NC(=O)N1C(C)COCC1)C,MOSES sample,2810,264.325,19,50.8,2.25622,2,2
c12ccccc2CC(C(Nc2c(OC)ccc(F)c2)=O)OC1=O,MOSES sample,2811,315.3,23,64.63,2.5545,3,3
C(CN(C(=O)Cn1nnc(-c2c(cccc2)N)n1)CC=C)=C,MOSES sample,2812,298.35,22,89.93,1.1229,7,2
C=C(C)CN(CC)C(=O)C1CC(=O)N(c2ccc3c(c2)CCC3)C1,MOSES sample,2813,326.44,24,40.62,2.9528,5,3
C(Nc1nc2ccccc2s1)(=O)C(Sc1n[nH]c(=O)n1CC)C,MOSES sample,2814,349.441,23,92.67,2.3203,5,3
O(c1ccccc1C)C(C(C)OCC1OCCC1)=O,MOSES sample,2815,264.321,19,44.76,2.48452,5,2
C1N(C(=O)CNC(=O)OC)C(C(C1)c1ccc(cc1)C(F)(F)F)C,MOSES sample,2816,344.333,24,58.64,2.7658,3,2
C(=O)(Nc1c(ccc(c1)-c1ncco1)C)CCC(=O)c1cccs1,MOSES sample,2817,340.404,24,72.2,4.31312,6,3
C(=O)(CC(C)C)N1CC(CCC1)C(=O)N1C(C)CCCC1C,MOSES sample,2818,308.466,22,40.62,3.0606,3,2
C(Nc1c(C#N)cccc1)(=O)COc1c(C(C)=O)cc(cc1)OC,MOSES sample,2819,324.336,24,88.42,2.78698,6,2
CC(Nc1n(c(SC(C(=O)c2ccccc2)C)nn1)C1CC1)C,MOSES sample,2820,330.457,23,59.81,3.7968,7,3
N1(c2c(cc(NC(=O)Cc3c4ccccc4ccc3)cc2)OCC1=O)C,MOSES sample,2821,346.386,26,58.64,3.3762,3,4
COc1cc(C)c(Cl)c(C)c1-c1cc(N)nc(C)n1,MOSES sample,2822,277.755,19,61.03,3.31306,2,2
C1(CCCCC1)NC(COC(C1CCC=CC1)=O)=O,MOSES sample,2823,265.353,19,55.4,2.3348,4,2
[nH]1nc(-c2ccccc2)c(c1)CNc1ncn[nH]1,MOSES sample,2824,240.27,18,82.28,1.8069,4,3
c1cc(ccc1F)OC(=O)C1OC(c2ccccc2C1)=O,MOSES sample,2825,286.258,21,52.6,2.5128,2,3
CCOCC(=O)Nc1cc(Cl)ccc1OCC(F)(F)F,MOSES sample,2826,311.687,20,47.56,3.2561,6,1
N(C(CC(C)C)C(=O)NC(C)c1ccc(c(F)c1)C)C(N)=O,MOSES sample,2827,309.385,22,84.22,2.39432,6,1
Cc1nnc2n1CC(NC(=O)c1ccccc1Oc1ccccc1)CC2,MOSES sample,2828,348.406,26,69.04,3.12362,4,4
Clc1cc(NC(NC(C(=O)N2CCCCC2C)C)=O)ccc1,MOSES sample,2829,323.824,22,61.44,3.251,3,2
c1c(c(OCC)ccc1C#N)NC(=O)CSc1ccc(O)cc1,MOSES sample,2830,328.393,23,82.35,3.39338,6,2
o1c(nnc1C(C)(C)C)CNc1ccccc1N1C(=O)CCC1,MOSES sample,2831,314.389,23,71.26,3.106,4,3
c1c(sc(n1)Cc1ccc(F)cc1)C(N(CCC)CC(NC)=O)=O,MOSES sample,2832,349.431,24,62.3,2.4712,7,2
c1c2nn(Cc3ccccc3)c(=O)n2cc(S(=O)(=O)N(C)C)c1,MOSES sample,2833,332.385,23,76.68,0.7946,4,3
CCc1ccc(Nc2nc(C)c(CCO)c(=O)[nH]2)cc1,MOSES sample,2834,273.336,20,78.01,1.91912,5,2
CCCC1CCC(CNC(=O)NCc2ncn(C)n2)CC1,MOSES sample,2835,293.415,21,71.84,2.2208,6,2
CC(=O)Nc1cccc(C(=O)OCCSc2ccc(cc2)C#N)c1,MOSES sample,2836,340.404,24,79.19,3.46578,6,2
C(NC(c1ccoc1)=O)CCNC(c1cc2c(C)noc2nc1)=O,MOSES sample,2837,328.328,24,110.26,1.67412,6,3
Cc1cc(OCC(=O)Nc2ncccn2)cc(C)c1Cl,MOSES sample,2838,291.738,20,64.11,2.76434,4,2
C(Cc1cccs1)(Nc1ccc(NC(=O)COC)cc1)=O,MOSES sample,2839,304.371,21,67.43,2.5142,6,2
O=C(CNS(=O)(=O)c1cc(N)c(C)c(Cl)c1)NCC,MOSES sample,2840,305.787,19,101.29,0.64502,5,1
N(C(NC1C2CCOC2C1(C)C)=O)c1ccccc1OCC,MOSES sample,2841,304.39,22,59.59,3.0203,4,3
c1cc(Cl)c(-c2nc(on2)COC(c2c(C)oc(c2)C)=O)cc1,MOSES sample,2842,332.743,23,78.36,3.95684,4,3
C(CC(c1c(OC)ccc(C(C)(C)C)c1)=O)N1CCOCC1,MOSES sample,2843,305.418,22,38.77,2.8977,5,2
c1cc2nc(NCC(=O)NCC)sc2c(c1)OC,MOSES sample,2844,265.338,18,63.25,1.8529,5,2
O=C(NCCc1cc(Cl)cc(Cl)c1)c1ccnnc1,MOSES sample,2845,296.157,19,54.88,2.7559,4,2
CCN(Cc1cnn(C)c1)C(=O)c1cc(NC(C)=O)ccc1F,MOSES sample,2846,318.352,23,67.23,2.1799,5,2
CC(C)C(NC(=O)c1cc2ccoc2s1)C(=O)NC1CCCC1,MOSES sample,2847,334.441,23,71.34,3.3075,5,3
Cc1nc(c(-c2nn3c(nnc3s2)-c2nccnc2)s1)C,MOSES sample,2848,315.387,21,81.75,2.38314,2,4
COc1ccc(C)cc1CNC(=O)c1cccc(C#N)c1,MOSES sample,2849,280.327,21,62.12,2.8053,4,2
c1cc(c(C(N2CCN(C(C)=O)CCC2)=O)cc1Cl)-n1cnnn1,MOSES sample,2850,348.794,24,84.22,1.0101,2,3
O=C(Nc1nc(-c2ccccc2)cs1)c1cc2c([nH]c1=O)CCC2,MOSES sample,2851,337.404,24,74.85,3.2394,3,4
CCc1cc(N)cc(C)c1NC(=O)c1ccc(NC(C)=O)cc1,MOSES sample,2852,311.385,23,84.22,3.35032,4,2
c1cc(C(Nc2cccc(c2)Cn2nc(cc2C)C)=O)cc2OCOc21,MOSES sample,2853,349.39,26,65.38,3.52924,4,4
Fc1ccc(c(c1)C(Nc1snc(-c2ccccc2)n1)=O)F,MOSES sample,2854,317.32,22,54.88,3.7356,3,3
CN(C)C(=O)c1ncnc2c1CCN(Cc1ccco1)CC2,MOSES sample,2855,300.362,22,62.47,1.3722,3,3
C1N(CCOC1c1cccc(c1)OC(F)F)C(Cc1[nH]ccc1)=O,MOSES sample,2856,336.338,24,54.56,2.7587,5,3
C(C)C(C)C(C(N)=O)NC(c1c(O)cc(Br)cc1)=O,MOSES sample,2857,329.194,19,92.42,1.7845,5,1
FC(F)(F)c1c(nccc1)NCCC(=O)Nc1ccc(cc1)OC,MOSES sample,2858,339.317,24,63.25,3.5497,6,2
Nn1c(COc2cccc(Cl)c2)nnc1SCC1CCCO1,MOSES sample,2859,340.836,22,75.19,2.4954,6,3
c1(C(N(Cc2ccncc2)CCCOC)=O)c(cccc1)Cl,MOSES sample,2860,318.804,22,42.43,3.4139,7,2
C(C)(CC(NCCCn1c2c(cccc2)cn1)=O)C,MOSES sample,2861,259.353,19,46.92,2.5887,6,2
Cn1cc(C(=O)OCc2ccccc2C#N)c2ccccc2c1=O,MOSES sample,2862,318.332,24,72.09,2.76718,3,3
c1cc(SC)c(nc1)NS(=O)(c1ccccc1)=O,MOSES sample,2863,280.374,18,59.06,2.6043,4,2
Cc1cc(=O)[nH]c2cc(NC(=O)c3cccs3)ccc12,MOSES sample,2864,284.34,20,61.96,3.15032,2,3
Nc1cccc2ccnc(C(=O)Nc3ncccc3F)c12,MOSES sample,2865,282.278,21,80.9,2.6034,2,3
Cc1cc(C)n(-c2ccc(CNC(=O)NCC3CCCO3)cn2)n1,MOSES sample,2866,329.404,24,81.07,1.86234,5,3
Cc1n(CCC)c(nn1)SC1C(=O)N(c2c(cccc2)F)CC1,MOSES sample,2867,334.42,23,51.02,3.03322,5,3
O=C(OC)c1cccc2sc(nc12)NCCN1CCOCC1,MOSES sample,2868,321.402,22,63.69,1.827,5,3
C1CCN(C(CC(C#N)c2ccccn2)=O)CC1C,MOSES sample,2869,257.337,19,56.99,2.33738,3,2
Cn1cc(NC(=O)C2CCN(C(=O)C3CC3)CC2)cn1,MOSES sample,2870,276.34,20,67.23,1.0072,3,3
O=C(NCCc1ccc(Cl)cc1)C1CC(=O)N(C2CCOCC2)C1,MOSES sample,2871,350.846,24,58.64,2.0262,5,3
C(c1cn2c(n1)nccc2)(Nc1cc2c(cc1)nc(SCC)s2)=O,MOSES sample,2872,355.448,24,72.18,3.7033,4,4
CCOC1CC(Nc2nc(N)nc3c2nc(C)n3C)C12CCCC2,MOSES sample,2873,330.436,24,90.88,2.40362,4,4
c1ccc(F)c(S(NCCC(c2ccccc2)O)(=O)=O)c1,MOSES sample,2874,309.362,21,66.4,2.2277,6,2
CN(C)c1ccccc1C#CCNC(=O)Nc1ccccc1,MOSES sample,2875,293.37,22,44.37,2.9258,3,2
CC(NC(CCc1ccco1)=O)c1cccc(C(F)(F)F)c1,MOSES sample,2876,311.303,22,42.24,4.1084,5,2
s1cc(C)n2c1nc(-c1ccc(cc1)NC(C1CC1)=O)c2,MOSES sample,2877,297.383,21,46.4,3.71972,3,4
C1C(NS(=O)(c2cc(ccc2)Cl)=O)c2n(C1)ncn2,MOSES sample,2878,298.755,19,76.88,1.3548,3,3
s1c2c(c3c(C)c4c(ncnn4c13)N)CCC2,MOSES sample,2879,244.323,17,56.21,2.32332,0,4
c1[nH]c2cc(F)ccc2c1CC(=O)Nc1cnc(N2CCCC2)cc1,MOSES sample,2880,338.386,25,61.02,3.4834,4,4
N1CCN(c2ccc(S(N3CC(CCC3)C)(=O)=O)cc12)CC,MOSES sample,2881,323.462,22,52.65,2.359,3,3
O=C(Nc1ccsc1-c1onc(-c2ccccc2)n1)C,MOSES sample,2882,285.328,20,68.02,3.4235,3,3
C(c1nc2c(CCC2NC(c2cn(c(=O)cc2)C)=O)cn1)(C)(C)C,MOSES sample,2883,326.4,24,76.88,1.8901,2,3
C1CC1(NS(CC)(=O)=O)c1cc(Cl)c(cc1)Cl,MOSES sample,2884,294.203,17,46.17,2.9218,4,2
c1(-c2cc(c(cc2)Cl)Cl)nccn1CC(NC)=O,MOSES sample,2885,284.146,18,46.92,2.6029,3,2
N#CC(CC(=O)NCC1CCCO1)c1c[nH]c2ccccc12,MOSES sample,2886,297.358,22,77.91,2.46038,5,3
n1(c(n(C)c2c(c1=O)n1c(n2)oc(C)c1C)=O)CC(=O)c1ccccc1,MOSES sample,2887,352.35,26,91.51,1.44064,3,4
CC1CNC(=O)c2sc(NCc3ccccn3)nc2C1,MOSES sample,2888,288.376,20,66.91,2.0722,3,3
C(NC(=O)COC(C)=O)c1cnn2ccccc12,MOSES sample,2889,247.254,18,72.7,0.5136,4,2
N#CC(c1cccs1)CC(=O)NCc1occc1,MOSES sample,2890,260.318,18,66.03,2.65478,5,2
O=S(=O)(N(CC)CC)C1CCCN(C(=O)c2cc(C#N)c[nH]2)C1,MOSES sample,2891,338.433,23,97.27,1.16258,5,2
c1(oc(nn1)CN1CCN(c2nc(N(C)C)ncc2)CC1)C1CC1,MOSES sample,2892,329.408,24,74.42,1.1252,5,4
c1(-c2cc(n(CCO)n2)NC(c2ccco2)=O)ccc(s1)C,MOSES sample,2893,317.37,22,80.29,2.75762,5,3
c1(-c2c(C)nc(s2)N2CCCC2)nnc(NC)s1,MOSES sample,2894,281.41,18,53.94,2.61192,3,3
Cc1csc2c1c(ncn2)Nc1cc(ccc1)OCCO,MOSES sample,2895,301.371,21,67.27,3.11442,5,3
O=C(NCC1(N2CCOCC2)CCCCC1)c1ccccc1Cl,MOSES sample,2896,336.863,23,41.57,3.1049,4,3
c1(cc(-c2nnc3n2nc(C)s3)n(CC)c1)Br,MOSES sample,2897,312.196,17,48.01,2.74512,2,3
O(C)C(NCC(NC1CCCC1c1ccc(Cl)cc1)=O)=O,MOSES sample,2898,310.781,21,67.43,2.4483,4,2
CC1CCCCN1S(Nc1c[nH]nc1C)(=O)=O,MOSES sample,2899,258.347,17,78.09,1.24922,3,2
CCC(Sc1nc(N)cc(N)n1)C(=O)Nc1ccc(C)cc1,MOSES sample,2900,317.418,22,106.92,2.45882,5,2
O=C(NCc1ncsc1)N1CCN(CC1)CC#C,MOSES sample,2901,264.354,18,48.47,0.6035,3,2
C1C(CN(C(CNc2cc(c(C)cc2)F)=O)CC1)C,MOSES sample,2902,264.344,19,32.34,2.80452,3,2
O=C(C1C(C(N2CCCCCC2)=O)C1(C)C)COc1ccc(C)nc1,MOSES sample,2903,344.455,25,59.5,3.01272,5,3
Cc1nn(C)c(C)c1OS(=O)(=O)c1cccc2cnccc12,MOSES sample,2904,317.37,22,74.08,2.35284,3,3
c1c(ccc(c1OCC)NC(=O)N(C(C)CC#N)C)OCC,MOSES sample,2905,305.378,22,74.59,3.24988,7,1
c1(scc(C(=O)N)c1)C(NCc1scnc1C)=O,MOSES sample,2906,281.362,18,85.08,1.54192,4,2
C(c1ccccc1)(C(NC(C(C)Sc1nc(c(C)o1)C)=O)C)OC,MOSES sample,2907,348.468,24,64.36,3.66444,7,2
n1(cc(CNc2c(cc(cc2)Br)C)cn1)C(C)C,MOSES sample,2908,308.223,18,29.85,4.14702,4,2
O=S1(N(C(=O)CC1)c1ccc(cc1)NC(=O)CC(C)(C)C)=O,MOSES sample,2909,324.402,22,83.55,2.1278,3,2
C(N(C(c1c(cccc1)C)C#N)C)(c1ccc(F)cc1)=O,MOSES sample,2910,282.318,21,44.1,3.471,3,2
O=C(C)c1ccc(cc1)NC1=NS(=O)(c2ccccc12)=O,MOSES sample,2911,300.339,21,75.6,2.4502,2,3
c1ccc(cc1)C(NCC(OCCNC(NC)=O)=O)=O,MOSES sample,2912,279.296,20,96.53,-0.1114,6,1
n1(nc(C)c(c1)-c1n(nnc1C#N)-c1ccc(OC)cc1)CCC,MOSES sample,2913,322.372,24,81.55,2.7295,5,3
Cn1c2c(cc1)cc(cc2)C(Nc1ccccc1C(=O)C)=O,MOSES sample,2914,292.338,22,51.1,3.6332,3,3
COC(=O)c1cc(S(=O)(NCC2CCCC2)=O)c[nH]1,MOSES sample,2915,286.353,19,88.26,1.2698,5,2
C1C(CCN(C(C2CCC2)=O)C1)NC(NC(C1CCC1)C)=O,MOSES sample,2916,307.438,22,61.44,2.2653,4,3
c1(nc(-c2ccc(OC)cc2)cs1)C(NC1CC1)=O,MOSES sample,2917,274.345,19,51.22,2.7109,4,3
CC(=O)N1C=Cc2ccccc2C1CC(=O)Nc1ccc(Cl)cc1,MOSES sample,2918,340.81,24,49.41,4.2427,3,3
c1ccc(c(c1)NC(Nc1ncc(s1)C#N)=O)Cl,MOSES sample,2919,278.724,18,77.81,3.31218,2,2
C(NCC1CCOCC1)(N1CCCC1c1cc(C)ccc1)=O,MOSES sample,2920,302.418,22,41.57,3.26812,3,3
O=C(NCC1CCC1)NC(CN1CCOCC1)c1ccccc1,MOSES sample,2921,317.433,23,53.6,2.1592,6,3
c1cccc(c1)OCCNC(c1c(OC)cc(-c2ccccc2)nc1)=O,MOSES sample,2922,348.402,26,60.45,3.566,7,3
O(CC=C)C1CC2(CN(C(c3cscn3)=O)CCN2CC)C1,MOSES sample,2923,321.446,22,45.67,2.0246,5,3
c1(ccc(cc1)CNc1cc(F)ccc1F)C(N)=O,MOSES sample,2924,262.259,19,55.12,2.6758,4,2
N1(C(=O)C)CCN(CC1)Cc1csc(n1)NC(c1ccccc1)=O,MOSES sample,2925,344.44,24,65.54,2.0595,4,3
N1(C(CSc2[nH]cc(n2)-c2ccccc2)=O)CCOCC1,MOSES sample,2926,303.387,21,58.22,2.0276,4,3
O=C(NCc1ccc2c(c1)CCN2C(=O)c1ccc(F)cc1)C1CC1,MOSES sample,2927,338.382,25,49.41,3.0548,4,4
Cc1cc(NC(=O)C2CC(=O)N(c3ccccc3F)C2)no1,MOSES sample,2928,303.293,22,75.44,2.11372,3,3
CC(C)(C)OCC(O)CN1CCN(c2ccc(F)cc2)CC1,MOSES sample,2929,310.413,22,35.94,2.1237,5,2
C1(CC1C)CNC(=O)NCC1(c2ccc(cc2)F)CC1,MOSES sample,2930,276.355,20,41.13,2.8125,5,3
c1coc(c1)CC(C(N1CC(CCC1)c1noc(C(C)C)n1)=O)C,MOSES sample,2931,331.416,24,72.37,3.3708,5,3
c1c(N2S(=O)(CCC2=O)=O)ccc(C(NCCO)=O)c1,MOSES sample,2932,298.32,20,103.78,-0.5248,4,2
Cc1noc(C)c1CN(C)C(=O)c1cnc(-c2ccccc2)nc1,MOSES sample,2933,322.368,24,72.12,3.02064,4,3
Cc1cccc(C(=O)N2CCOC(c3nn(C)c4c3CCCC4)C2)c1,MOSES sample,2934,339.439,25,47.36,2.82102,2,4
C(C)OC(C(C(C)C)n1nnc2ccccc2c1=O)=O,MOSES sample,2935,275.308,20,74.08,1.5517,4,2
Cc1ccc(C(=O)N(C)C(C)c2ccco2)cc1S(N)(=O)=O,MOSES sample,2936,322.386,22,93.61,2.06862,4,2
N(C)(C(=O)NCC(COc1cccc(c1)C)O)Cc1ccccc1,MOSES sample,2937,328.412,24,61.8,2.57632,7,2
O1C23C(Cc4c(C2O)cccc4)OCC3COC1(C)C,MOSES sample,2938,276.332,20,47.92,1.8128,0,4
c1(cccc(-n2c(cc(n2)C(F)(F)F)C)n1)F,MOSES sample,2939,245.179,17,30.71,2.73362,1,2
C1COC(C)(c2noc(Cc3[nH]nc(-c4ncccc4)n3)n2)C1,MOSES sample,2940,312.333,23,102.61,1.8661,4,4
CC(Oc1nccc(CNC(=O)C2(c3ccccc3)CCOCC2)c1)C,MOSES sample,2941,354.45,26,60.45,3.2334,6,3
C1CCN(C(C2CCCC2)=O)CC1c1cc([nH]c(C)n1)=O,MOSES sample,2942,289.379,21,66.06,1.97452,2,3
O(C)C(=O)C1CN(CCO1)Cc1noc(n1)-c1ccccc1,MOSES sample,2943,303.318,22,77.69,1.1104,4,3
CN(Cc1cnn(C)c1)C(=O)NCc1ccccc1OCC(=O)NC,MOSES sample,2944,345.403,25,88.49,0.8865,7,2
C1CC1n1nnnc1-c1ccc(NCC(N(c2ccccc2)C)=O)cc1,MOSES sample,2945,348.41,26,75.94,2.7499,6,4
c1(OC)c2c(ccc1OC)CCNC2c1ncc(nc1)C,MOSES sample,2946,285.347,21,56.27,2.03732,3,3
N1(CC#C)CCN(C(=O)NCc2cc(cc(OC)c2)C)CC1,MOSES sample,2947,301.39,22,44.81,1.46402,4,2
N(C)(C(C(=O)N1CCOCC1)C)c1ccc(c(C)c1)C,MOSES sample,2948,276.38,20,32.78,1.98694,3,2
c1(cc(NC(CCC(=O)Nc2cc3COCc3cc2)=O)ccc1)Sc1(C)3))))C),MOSES sample,2949,,,,,,
c1(cccc(c1)NC(=O)c1c(cccc1)NCC(N(C)C)=O)Cl,MOSES sample,2950,331.803,23,61.44,3.0924,5,2
CC(C)(CNC(=O)CCC)n1ccc(C(F)(F)F)n1,MOSES sample,2951,277.29,19,46.92,2.5533,5,1
C(C)(C)(CC)C(Oc1ccc(NC(=O)OC)cc1)=O,MOSES sample,2952,265.309,19,64.63,3.2065,4,1
c12COCc1cc(cc2)NC(CCC(C)(C)c1ccccc1)=O,MOSES sample,2953,309.409,23,38.33,4.4133,5,3
c1(CN2CCOCC2c2oc(CC)cc2)cc(c(F)cc1)F,MOSES sample,2954,307.34,22,25.61,3.6937,4,3
c1cc(cc2c1c(=O)c(c[nH]2)C(NC(CCCO)C)=O)F,MOSES sample,2955,292.31,21,82.19,1.558,5,2
C1(C(NC(C)C2CCCO2)=O)CCN(CC1)C(C)=O,MOSES sample,2956,268.357,19,58.64,0.9286,3,2
CCCC(=O)N1CC(CCC1)C(=O)Oc1c(OC)cc(cc1)C#N,MOSES sample,2957,330.384,24,79.63,2.51098,5,2
c1ncc(cc1F)-c1[nH]c(=O)c2c3CCCc3sc2n1,MOSES sample,2958,287.319,20,58.64,2.6744,1,4
N(c1cc(c(cc1)OC)C#N)C(=O)C1C(=O)CCC1,MOSES sample,2959,258.277,19,79.19,1.87458,3,2
C(c1c(cc(C(=O)C)cc1)C)#CCN1CCOCC1,MOSES sample,2960,257.333,19,29.54,1.88132,2,2
c1ccc(cc1CCNC(=O)CCC1C(=NC(=NC1=O)C)C)OC,MOSES sample,2961,329.4,24,80.12,2.1698,7,2
CC(=O)Nc1ccc(NC(=O)C(C)CC(N)=O)cc1,MOSES sample,2962,263.297,19,101.29,1.095,5,1
CNC(=O)COc1ccc(C(=O)N2CCCC(CC(N)=O)C2)cc1,MOSES sample,2963,333.388,24,101.73,0.539,6,2
c1(=O)ccc(nn1CC(=O)NC)-c1ccc(Cl)cc1,MOSES sample,2964,277.711,19,63.99,1.3097,3,2
c12c(n(Cc3ccc(F)cc3)c3n(c1=O)c(nn3)C)cccc2CC,MOSES sample,2965,336.37,25,52.19,3.10242,3,4
c1c(N2CCCC2=O)cccc1C(NC(c1ccncc1)=O)C,MOSES sample,2966,309.369,23,62.3,2.6994,4,3
O=C(CCC(=O)N1CCOCC1)N=c1[nH]nc2ccccn12,MOSES sample,2967,303.322,22,92.06,-0.2713,3,3
c1(nc(C)ncc1S(C)(=O)=O)-c1c2cc[nH]c2ccc1,MOSES sample,2968,287.344,20,75.71,2.33682,2,3
COc1ccccc1C(C)NC(=O)NCC1CN2CCCCC2CO1,MOSES sample,2969,347.459,25,62.83,2.3087,5,3
CCC(NCC(=O)NC)c1cc(F)ccc1F,MOSES sample,2970,242.269,17,41.13,1.7515,5,1
c1c(F)c(C(N2CCC3(NC(c4c(O3)cccc4)=O)CC2)=O)ccn1,MOSES sample,2971,341.342,25,71.53,1.9754,1,4
c1cc(cc(SC)c1)NC(c1c(=O)n2c(csc2nc1)C)=O,MOSES sample,2972,331.422,22,63.47,3.03862,3,3
COc1ccc(F)cc1NC(=O)N(C)C(C)CC#N,MOSES sample,2973,265.288,19,65.36,2.60018,4,1
O=S(=O)(N1CCN(CC1c1ccccc1)C)CCCC,MOSES sample,2974,296.436,20,40.62,2.105,5,2
O=C1CCCc2[nH]c(=O)c(C(=O)NCCc3ccc(F)cc3F)cc21,MOSES sample,2975,346.333,25,79.03,2.1446,4,3
CC(c1ccc(F)cc1)N(C)C(=O)c1cnn(-c2ccccc2)n1,MOSES sample,2976,324.359,24,51.02,3.2396,4,3
CCOCC1CCCN(C(=O)Nc2ccc(C)cc2C)C1,MOSES sample,2977,290.407,21,41.57,3.58384,4,2
c1(c(C)nn(c1C)C(C)C(N1CC(C)CC(C)C1)=O)Br,MOSES sample,2978,342.281,20,38.13,3.32794,2,2
CC(c1cccc(S(=O)(=O)N2CCOCC2)c1)C(C)(C)C,MOSES sample,2979,311.447,21,46.61,2.8571,3,2
s1c(cc(c1)C(=O)C)C(Nc1scc(n1)CN1CCOCC1)=O,MOSES sample,2980,351.453,23,71.53,2.4917,5,3
CC(Oc1ccccc1Cl)C(=O)Nc1sccc1C(N)=O,MOSES sample,2981,324.789,21,81.42,2.9064,5,2
CCn1cc(C(=O)N2CCC(C(=O)NCc3ccoc3)CC2)cn1,MOSES sample,2982,330.388,24,80.37,1.6646,5,3
Cc1ccc(OCC(=O)Nc2ccc3c(c2)CCC(=O)N3)cc1,MOSES sample,2983,310.353,23,67.43,2.89722,4,3
CCCNC(=O)c1cccc(C(=O)NC(CC)c2noc(C)n2)c1,MOSES sample,2984,330.388,24,97.12,2.39892,7,2
c1(C(F)(F)F)cc(NC(NC2(C(OC)=O)CC2)=O)c(Cl)cc1,MOSES sample,2985,336.697,22,67.43,3.1859,3,2
CCOc1ccc(-c2nnc(N3CCCC3)o2)cc1N,MOSES sample,2986,274.324,20,77.41,2.3177,4,3
C=CCNC(=O)CSc1nn2cnnc2c2ccccc12,MOSES sample,2987,299.359,21,72.18,1.6718,5,3
c1cc(ccc1OCC(NCC)=O)SC(C)C,MOSES sample,2988,253.367,17,38.33,2.702,6,1
CC(C)(CNC(=O)C(N)Cc1c[nH]c2ccccc12)c1ccncc1,MOSES sample,2989,336.439,25,83.8,2.5267,6,3
C1(C(=O)N(C)Cc2cccnc2)N(CCC1)C(C)=O,MOSES sample,2990,261.325,19,53.51,1.0509,3,2
c1nc2sccc2c(n1)OCC(=O)OC(C)(C)C,MOSES sample,2991,266.322,18,61.31,2.4118,3,2
c1cc(C(=O)NCCc2cn3c(cccc3)n2)c(F)cc1,MOSES sample,2992,283.306,21,46.4,2.4459,4,3
C(#CCOCCC#N)c1ccc(S(=O)(=O)N)cc1,MOSES sample,2993,264.306,18,93.18,0.61578,4,1
c1(OC)ccc(C)cc1S(=O)(Nc1cc2c(COC2)cc1)=O,MOSES sample,2994,319.382,22,64.63,2.83462,4,3
O=C1NCCCCC1NC(NC(COC)C)=O,MOSES sample,2995,243.307,17,79.46,-0.0108,4,1
COc1ccccc1C(C)NC(=O)Nc1cnccc1C,MOSES sample,2996,285.347,21,63.25,3.28132,4,2
c1(N(C)C)ccc(cn1)NC(=O)c1n(cc(C(N)=O)c1)C,MOSES sample,2997,287.323,21,93.25,0.8373,4,2
c1(n(C(C)C)c(c(c(c1)=O)O)CN1CCC(=O)CC1)C,MOSES sample,2998,278.352,20,62.54,1.60812,3,2
c1cn(-c2ccccc2NC(C(OC)c2ccccc2)=O)nc1,MOSES sample,2999,307.353,23,56.15,3.1985,5,3
c1(C)oc(c(C(=O)N2CCC3N(C4CCCC4)C(CCC23)=O)c1)C,MOSES sample,3000,330.428,24,53.76,3.04454,2,4
O1CCN(C(=O)Cn2c(=O)n(c(C(F)(F)F)n2)-c2ccccc2)C1,MOSES sample,3001,342.277,24,69.36,0.8691,3,3
c1(OC)c2c(ccc1OC)CCNC2c1cc(F)ccc1C,MOSES sample,3002,301.361,22,30.49,3.38642,3,3
CCC1COCCN1C(=O)Nc1ccc(F)c(C#N)c1,MOSES sample,3003,277.299,20,65.36,2.34008,2,2
O=C(N(CC=C)CC=C)C1CN(C(c2ccc(cc2)Cl)=O)CCC1,MOSES sample,3004,346.858,24,40.62,3.3928,6,2
c1(-c2nonc2N)nc(C#N)c(C(=O)OCC)s1,MOSES sample,3005,265.254,18,127.92,0.82368,3,2
C(CCn1nccc1)NC(C(C)NC(N)=O)=O,MOSES sample,3006,239.279,17,102.04,-0.5538,6,1
CCNC(=O)CN(CC)C(=O)c1cnn(-c2ccccc2Cl)c1,MOSES sample,3007,334.807,23,67.23,2.1239,6,2
s1cnc(c1)CCNC(=O)Nc1ccc(O)cc1C,MOSES sample,3008,277.349,19,74.25,2.52132,4,2
CC(NC(=O)c1ccc(Cl)cc1)C(=O)NCc1ccccc1,MOSES sample,3009,316.788,22,58.2,2.7747,5,2
O=c1[nH]c(-c2cocc2)ccc1C(NC(CCC)(C)C)=O,MOSES sample,3010,288.347,21,75.1,2.9434,5,2
O(CCCCSc1nncn1C(C)C)C1CCCCC1C,MOSES sample,3011,311.495,21,39.94,4.3266,8,2
c1(C)c(cc(o1)C)C(=O)Nc1ccccc1N1CCCC1,MOSES sample,3012,284.359,21,45.48,3.74894,3,3
c1(c(cccc1)NC(CCC(=O)c1sccc1)=O)O,MOSES sample,3013,275.329,19,66.4,3.0553,5,2
c1(N2S(=O)(CCCC2)=O)ccc(cc1OCC)Br,MOSES sample,3014,334.235,18,46.61,2.7778,3,2
CCn1cnnc1CNC(c1nc(OCC)ccc1Cl)=O,MOSES sample,3015,309.757,21,81.93,1.6751,6,2
[nH]1c2c(nc1-c1c(nccc1)-n1ncc(c1)C)n(nc2C)C,MOSES sample,3016,293.334,22,77.21,2.16094,2,4
c1(O)ccc(-n2c3c(cccn3)nc2C(=O)C)cc1,MOSES sample,3017,253.261,19,68.01,2.3287,2,3
c1c(ccc(c1)C)-c1c2c(SC(C)C(=O)N2)ncc1,MOSES sample,3018,270.357,19,41.99,3.48972,1,3
CC(C)N1CCN(C(=O)c2cn(C)c3ccccc23)CC1,MOSES sample,3019,285.391,21,28.48,2.3445,2,3
c12c(OCO1)ccc(CNC(c1c(C3CC3)ncs1)=O)c2,MOSES sample,3020,302.355,21,60.45,2.6792,4,4
c1ccccc1-c1noc(c1)CN(C)C(=O)c1[nH]nc(-c2ccco2)c1,MOSES sample,3021,348.362,26,88.16,3.5969,5,4
O1CCC(C(=O)Nc2c(cc(c(c2)C(C)C)O)C)CC1,MOSES sample,3022,277.364,20,58.56,3.18912,3,2
N(C(N(C)C(C)c1ccccc1OC)=O)CC1OCCC1,MOSES sample,3023,292.379,21,50.8,2.5766,5,2
Cc1ccc(CNC(=O)c2ccc3[nH]cnc3c2)cc1F,MOSES sample,3024,283.306,21,57.78,2.94042,3,3
Cc1c(c(C)[nH]c1C(=O)Nc1ccc(OCC)cc1)C(OC)=O,MOSES sample,3025,316.357,23,80.42,3.06914,5,2
c1(c(c(C)c(c(c1)C)C(=O)C)CN1CC(C1)n1c(cc(C)n1)C)C,MOSES sample,3026,325.456,24,38.13,3.6847,4,3
C(CC(C)NC(=O)CSc1nc2ccccc2[nH]1)c1ccco1,MOSES sample,3027,329.425,23,70.92,3.3855,7,3
n1c(-c2ccc(c3c2cccc3)NC(C2COCCO2)=O)noc1C,MOSES sample,3028,339.351,25,86.48,2.55212,3,4
O=C(N1CCN(CC(c2c(ccc(C)c2)C)O)CC1)NCC,MOSES sample,3029,305.422,22,55.81,1.68394,4,2
c1ccc2c(c1)c1c(c(oc(C(N(C)CC3CC3)=O)c1)=O)o2,MOSES sample,3030,297.31,22,63.66,3.0212,3,4
CCn1c(C)nnc1COc1ccccc1C(C)O,MOSES sample,3031,261.325,19,60.17,2.23872,5,2
n1ccnc(-c2nc(CNC(=O)Nc3nn(c(c3)C)C)cs2)c1,MOSES sample,3032,329.389,23,97.62,1.96372,4,3
C(CNC(=O)NCC12CC3CC(C2)CC(C3)C1)(NCCC)=O,MOSES sample,3033,307.438,22,70.23,2.0282,6,4
O=S(N1CCCCC1)(c1cc(C)c(cc1)Br)=O,MOSES sample,3034,318.236,17,37.38,2.93212,2,2
OCCSc1nnnn1-c1ccc(cc1)OCCC,MOSES sample,3035,280.353,19,73.06,1.5355,7,2
CCc1noc(COc2cc(Br)ccc2)n1,MOSES sample,3036,283.125,16,48.15,2.9735,4,2
Cc1cncc(C(=O)N2CCN3CC(OCC4CC4)CC3C2)c1,MOSES sample,3037,315.417,23,45.67,1.71532,4,4
c1(ccc2c(nc(N)n2CC(=O)N(C(C)C)C(C)C)c1)F,MOSES sample,3038,292.358,21,64.15,2.403,4,2
c1cc(ccc1C(CCNc1ccccc1)=O)OC(C)C,MOSES sample,3039,283.371,21,38.33,4.1587,7,2
o1c(CCC(N(CC(F)(F)F)C2CCCC2)=O)ccc1,MOSES sample,3040,289.297,20,33.45,3.5457,5,2
Cc1onc(c1)NC(C(Nc1cccc(Cn2nccc2)c1)C)=O,MOSES sample,3041,325.372,24,84.98,2.66692,6,3
Cc1ccc(NC(=O)CN2CCOc3ccc(N)cc32)c(C)c1,MOSES sample,3042,311.385,23,67.59,2.72314,3,3
C1CN2CCNC(=O)C2CN1C(c1c(C)c2c(o1)cc(C)c(C)c2)=O,MOSES sample,3043,341.411,25,65.79,1.61426,1,4
c12ncc(c(=O)n2CCS1)C(=O)N1CC(C)CCC1,MOSES sample,3044,279.365,19,55.2,1.2211,1,3
C1CC(CN1C(=O)OC(C)(C)C)CS(=O)c1ccncc1,MOSES sample,3045,310.419,21,59.5,2.4462,3,2
COc1ccc(C)cc1CCNC(=O)c1ccc(C(=O)N(C)C)cc1,MOSES sample,3046,340.423,25,58.64,2.67792,6,2
O=C(NCC(O)c1ccc(F)cc1)c1ccccc1F,MOSES sample,3047,277.27,20,49.33,2.4282,4,2
N(c1cccc(Cl)c1)(S(=O)(C)=O)CC(N(CC)CC)=O,MOSES sample,3048,318.826,20,57.69,1.9744,6,1
c1cccc(c1)C(Oc1ccc2c(c1)ncs2)=O,MOSES sample,3049,255.298,18,39.19,3.5155,2,3
CCN(C)S(=O)(=O)c1cccc(C(=O)OCC(F)F)c1,MOSES sample,3050,307.318,20,63.68,1.7489,6,1
O=C(NCc1ccccc1)C1Cc2ccccc2C(=O)O1,MOSES sample,3051,281.311,21,55.4,2.0845,3,3
CN(Cc1ccc(-n2cccn2)cc1)C(=O)C1COc2ccccc2O1,MOSES sample,3052,349.39,26,56.59,2.6707,4,4
COc1cc2nc([nH]c2cc1OC)-c1cc(F)ccc1OC,MOSES sample,3053,302.305,22,56.37,3.3948,4,3
Fc1c(ccc(F)c1F)NC(c1ccc(cc1)F)=O,MOSES sample,3054,269.197,19,29.1,3.4953,2,2
CCOc1ccc(C(=O)NC(C)c2sccc2)cc1OCC,MOSES sample,3055,319.426,22,47.56,4.0365,7,2
CC1CCC(CN1C(=O)C1(c2cccc(OC)c2)CCOCC1)C,MOSES sample,3056,331.456,24,38.77,3.3904,3,3
NC(=O)c1ccc(NCC2(c3ccc(F)cc3)CCOCC2)cc1,MOSES sample,3057,328.387,24,64.35,3.0849,5,3
c1cc(Br)cc(OCCC(=O)Nc2cn(nn2)C)c1,MOSES sample,3058,325.166,19,69.04,1.9852,5,2
c1sc(cc1)NC(=O)NC1c2n(nc(n2)COC)CCC1,MOSES sample,3059,307.379,21,81.07,2.1426,4,3
CCn1nc(C)c(NCc2cnc(N3CCOCC3)nc2)c1C,MOSES sample,3060,316.409,23,68.1,1.75854,5,3
COc1cccc(C(=O)NC(C)CO)c1OC(F)F,MOSES sample,3061,275.251,19,67.79,1.4072,6,1
c1cc(ccc1-n1nccc1)CC(Nc1n(nc(C(C)C)c1)C)=O,MOSES sample,3062,323.4,24,64.74,2.9104,5,3
c1(oc(c(c1)C(Nc1ccc(C)cc1OC)=O)C)S(N)(=O)=O,MOSES sample,3063,324.358,22,111.63,1.80474,4,2
c1(NC(=O)c2cccs2)n(nc2c1CCC2)-c1ccccc1,MOSES sample,3064,309.394,22,46.92,3.6748,3,4
S(C(F)F)c1ncccc1C(OCC1(C)COC1)=O,MOSES sample,3065,289.303,19,48.42,2.5896,5,2
c1c2c(nc(CSc3nnnn3-c3ccccc3)o2)ccc1,MOSES sample,3066,309.354,22,69.63,3.0958,4,4
c1(OC)cc2nc(N(C)C(=O)CCc3c(c(C)[nH]n3)C)sc2cc1,MOSES sample,3067,344.44,24,71.11,3.24044,5,3
N#Cc1ccc(CSc2nnc(C3CC3)n2C2CC2)cc1,MOSES sample,3068,296.399,21,54.5,3.65438,5,4
c1ccccc1-c1nnn(CC(=O)Nc2c3CCCCc3ccc2)n1,MOSES sample,3069,333.395,25,72.7,2.8576,4,4
N(C(C1CCN(CC1)C(=O)CCC)=O)Cc1cccs1,MOSES sample,3070,294.42,20,49.41,2.403,5,2
COc1ccc(CN(C)C(=O)c2cc(F)cc(F)c2)cc1,MOSES sample,3071,291.297,21,29.54,3.2456,4,2
O=S(c1ccc(NC2CC2)nc1)(=O)N(C)C(C)C,MOSES sample,3072,269.37,18,62.3,1.6848,5,2
c1c2c(c(C(=O)NC(CC)CO)cc(-c3sccc3)n2)cc(c1)F,MOSES sample,3073,344.411,24,62.22,3.6031,5,3
O=C(Nc1nocc1)CCNC(c1cnc2c(ncn2C)c1)=O,MOSES sample,3074,314.305,23,114.94,0.7149,5,3
c1c2[nH]cc(-c3cccc(C(N(C)C)=O)n3)c2ccc1,MOSES sample,3075,265.316,20,48.99,2.9317,2,3
C(Oc1ccccc1C(=O)N1CC2(CC1CC(C2)(C)C)C)(F)F,MOSES sample,3076,323.383,23,29.54,4.3288,3,3
c1ccsc1NC(NCC1CCN(S(C)(=O)=O)CC1)=O,MOSES sample,3077,317.436,20,78.51,1.5412,4,2
n1c(NS(c2ccc(cc2)C(C)C)(=O)=O)c(n[nH]1)C,MOSES sample,3078,280.353,19,87.74,2.03732,4,2
C(C(=O)NCC(OCC)=O)(CC)S(=O)(=O)c1ccc(c(C)c1)C,MOSES sample,3079,341.429,23,89.54,1.53504,7,1
C(C(NCCc1scc(n1)C)=O)CCc1ccccc1,MOSES sample,3080,288.416,20,41.99,3.13312,7,2
Nc1n(c([nH]c(=O)c1N(C)Cc1c(ccs1)C)=O)C1CC1,MOSES sample,3081,306.391,21,84.12,1.46002,4,3
CCC(C)NC(=O)c1cc2sccc2n1C1CCCC1,MOSES sample,3082,290.432,20,34.03,4.3462,4,3
Cc1ccc(CNc2nc(-c3ccsc3)nn2C(C)=O)cc1,MOSES sample,3083,312.398,22,59.81,3.58722,4,3
O=C(NCc1cn2ccsc2n1)c1cc(F)ccc1Cl,MOSES sample,3084,309.753,20,46.4,3.1183,3,3
C(c1ccccc1)Nc1ncc(cn1)-c1nccn1CCCOC,MOSES sample,3085,323.4,24,64.86,2.9887,8,3
CCN(CC)S(=O)(=O)c1cccc(C(=O)NC2CCCCC2)c1,MOSES sample,3086,338.473,23,66.48,2.7796,6,2
C(Sc1c2ccccc2nc(n1)C)c1nc2n(c(=O)c1)ccs2,MOSES sample,3087,340.433,23,60.15,3.29992,3,4
Cc1cnc(NC(=O)c2coc(NC(=O)c3ccccc3)n2)s1,MOSES sample,3088,328.353,23,97.12,2.94412,4,3
Cc1c(Br)cnc2nc(N)nn12,MOSES sample,3089,228.053,12,69.1,0.77742,0,2
O=C(C)c1cc(CC(NCc2c(C)nc3cc(=O)[nH]n3c2C)=O)ccc1,MOSES sample,3090,352.394,26,96.33,1.70094,5,3
C(C1CN(C(C1)=O)CC1CC1)(=O)Nc1ccc(F)c(C(F)(F)F)c1,MOSES sample,3091,344.308,24,49.41,3.0415,4,3
C(c1c(-c2ccc(F)c(c2)F)n[nH]c1)(NCc1cc(ncc1)OC)=O,MOSES sample,3092,344.321,25,79.9,2.6885,5,3
N#Cc1cccc(NC(=O)c2cccc(C(F)(F)F)c2)c1,MOSES sample,3093,290.244,21,52.89,3.82938,2,2
c1(C(N2CCC3(CC2)c2c(C(O3)CC(C)(CC)O3)cccc2)=O)cCCN1,MOSES sample,3094,,,,,,
c1c(ccc(c1)CNC(OC)=O)C(=O)N=c1[nH]nc2ccccn21,MOSES sample,3095,325.328,24,100.85,1.2595,3,3
c1(-n2ncc(NC(=O)CCCc3sccc3)c2)ncccn1,MOSES sample,3096,313.386,22,72.7,2.6852,6,3
c1c(cccc1)CCN(CC(NCc1sc(nc1)C)=O)C(C)=O,MOSES sample,3097,331.441,23,62.3,2.15892,7,2
C(C#C)Nc1ncnc2c1sc1nc3c(cc12)CC(C)CC3,MOSES sample,3098,308.41,22,50.7,3.4094,2,4
c1cc(ccc1)CNC(CC(c1ccccc1)C#N)=O,MOSES sample,3099,264.328,20,52.89,3.00028,5,2
c1(sc(cn1)C(Nc1cnccc1)=O)C1OCCC1,MOSES sample,3100,275.333,19,64.11,2.6419,3,3
O=C(N1CCc2c(C1)cccc2)c1c(cccc1)OCC(=O)N(C)C,MOSES sample,3101,338.407,25,49.85,2.3521,4,3
COc1ccccc1C(=O)Nc1c(C)n(C)n(-c2ccccc2)c1=O,MOSES sample,3102,337.379,25,65.26,2.74532,4,3
c1(c(sc(C)c1)C)-c1nc(N)c(C(NC)=O)cc1,MOSES sample,3103,261.35,18,68.01,2.36874,2,2
C(c1oc(C)cc1)(Nc1oc(-c2ccccc2)nn1)=O,MOSES sample,3104,269.26,20,81.16,2.89032,3,3
c1nc(N2CCCC2)c(c(Nc2c(F)c(F)c(F)cc2)n1)N,MOSES sample,3105,309.295,22,67.07,2.8199,3,3
COc1ccccc1-c1nnc(SCCC#N)n1C,MOSES sample,3106,274.349,19,63.73,2.49648,5,2
c1(ccncc1)C(CNCc1coc(n1)-c1cccs1)(C)C,MOSES sample,3107,313.426,22,50.95,3.8655,6,3
O=C(NCCCc1c(C)[nH]nc1)C1CN(C(=O)C1)CC1CC1,MOSES sample,3108,304.394,22,78.09,1.02542,7,3
C1(Nc2ccccc2N(C1)C(C)=O)CCCCCC,MOSES sample,3109,260.381,19,32.34,3.804,5,2
Cc1nn(C)cc1NC(=O)c1nnsc1-c1ccc(Cl)cc1,MOSES sample,3110,333.804,22,72.7,3.15272,3,3
N(c1cc(ccc1)Cl)C(Nc1nn(C)cc1C(N)=O)=O,MOSES sample,3111,293.714,20,102.04,1.8164,3,2
c1c(cccc1C(Nc1ccc(c(c1)C)C(=O)C)=O)-c1ccoc1,MOSES sample,3112,319.36,24,59.31,4.70992,4,3
c1n(CC(Nc2c3ncccc3ccc2)=O)c(=O)sc1,MOSES sample,3113,285.328,20,63.99,2.0967,3,3
FC1(F)N=C(c2cccnc2)N=C(c2ccsc2)O1,MOSES sample,3114,279.271,19,46.84,2.917,2,3
O=C(NCC1(CCCC1)c1c(cccc1)OC)CCNC(=O)N,MOSES sample,3115,319.405,23,93.45,1.6816,7,2
c12c(NCC(O1)CC(C)C)cc(Br)cc2,MOSES sample,3116,270.17,15,21.26,3.6681,2,2
COc1ccc2c(c1)c(=O)c(C(=O)NCc1cccnc1)cn2C,MOSES sample,3117,323.352,24,73.22,1.8721,4,3
c1c(NC(=O)Cn2nnc3ccccc23)c(OCC)ccc1,MOSES sample,3118,296.33,22,69.04,2.4687,5,3
C(C)(C(=O)OCC)NC(=O)c1c2ccc(cc2oc(=O)c1)OCC,MOSES sample,3119,333.34,24,94.84,1.8731,6,2
O=C(NCc1cccc(Cn2ccnc2)c1)c1cc2ccccc2[nH]1,MOSES sample,3120,330.391,25,62.71,3.3427,5,4
c1cn(-c2ccc(cc2)Nc2nc(COC)cc([nH]2)=O)nc1,MOSES sample,3121,297.318,22,84.83,1.8456,5,3
CC(C)(N1CCOCC1)CNC(c1cc(-n2nnnc2)ccc1)=O,MOSES sample,3122,330.392,24,85.17,0.5029,5,3
C(NCC1(CCC1)C)(=O)Cc1ccc(cc1)-n1cccn1,MOSES sample,3123,283.375,21,46.92,2.7212,5,3
CC(=O)N(C)c1cccc(NC(=O)c2cccc(Cl)c2)c1,MOSES sample,3124,302.761,21,49.41,3.575,3,2
c1c(C(=O)N2CCOCC2C)ccc2N(CCc21)C(C)=O,MOSES sample,3125,288.347,21,49.85,1.4565,1,3
O=C(NC1Cc2ccccc2C1)c1ccnc(OC2CCC2)c1,MOSES sample,3126,308.381,23,51.22,2.9101,4,4
O=C(Cc1c(cccc1F)F)Nc1ccn(n1)-c1ncccc1Cl,MOSES sample,3127,348.74,24,59.81,3.3801,4,3
c1nc(ccc1N1CCCCC1)NC(=O)Cc1c(nn(C)c1C)C,MOSES sample,3128,327.432,24,63.05,2.60344,4,3
O=C1NCCN1c1cccc(CNC(C2=C(C)OCCC2)=O)c1,MOSES sample,3129,315.373,23,70.67,1.9168,4,3
N#Cc1ccc(NCC(=O)Nc2ccccc2Br)cc1,MOSES sample,3130,330.185,20,64.92,3.37138,4,2
COc1ccc(cn1)C(NC(C(C)C)C(=O)Nc1cc(C)ncc1)=O,MOSES sample,3131,342.399,25,93.21,2.18672,6,2
CC1CCN(c2ncnc(NCc3cccnc3)c2N)CC1,MOSES sample,3132,298.394,22,79.96,2.3022,4,3
NC(c1ccccc1NC(c1cnn(Cc2ccccc2)c1C)=O)=O,MOSES sample,3133,334.379,25,90.01,2.59102,5,3
C(CN1CCN(c2ccccc21)C(c1csc(CCC)n1)=O)=C,MOSES sample,3134,327.453,23,36.44,3.7484,5,3
c1n2c(nnc2sc1)SC(C)c1onc(n1)C1CC1,MOSES sample,3135,293.377,19,69.11,2.9045,4,4
C1COCC(N1C(c1ccc(F)nc1)=O)c1nc(C)sc1,MOSES sample,3136,307.35,21,55.32,2.19932,2,3
CC(Sc1nnc(NC2CC2)s1)C(=O)c1ccc2c(c1)CCC2,MOSES sample,3137,345.493,23,54.88,3.9646,6,4
n1cccc(c1OC1CCCC1)CNC(=O)Nc1ccncc1,MOSES sample,3138,312.373,23,76.14,3.1197,5,3
C(NC(C1OCCC1)C)(=O)c1ccc(-n2cnnc2)cc1,MOSES sample,3139,286.335,21,69.04,1.5646,4,3
C(CC)N1C(=O)C(N(C(CC)=O)CC1)Cc1cccs1,MOSES sample,3140,294.42,20,40.62,2.15,5,2
CC(C)NC(=O)c1ccc(CN2CCOCC2)cc1,MOSES sample,3141,262.353,19,41.57,1.657,4,2
CCC(CC(=O)N1CCN(C(=O)c2ccco2)CC1)c1ccccc1,MOSES sample,3142,340.423,25,53.76,3.1479,5,3
CCn1nnnc1NCc1ccc(-c2ccc(OC(C)C)cc2)o1,MOSES sample,3143,327.388,24,78,3.3523,7,3
C1N(CCC1)C(=O)CN(C)C(=O)Cc1ccc(c(C)c1)OC,MOSES sample,3144,304.39,22,49.85,1.62692,5,2
c1(cc2c(cc1)ccn(c2=O)CC(=O)N1c2c(cccc2)CC1)F,MOSES sample,3145,322.339,24,42.31,2.7299,2,4
C(NC(N(Cc1ccc(C#N)cc1)C)=O)(c1ccncc1)C,MOSES sample,3146,294.358,22,69.02,2.85588,4,2
c1ccc(o1)C(Nc1c(OCCC(=O)N)cccc1)=O,MOSES sample,3147,274.276,20,94.56,1.7861,6,2
O=C(NCc1cc(-c2ccccc2)on1)c1ccccc1,MOSES sample,3148,278.311,21,55.13,3.2716,4,3
S(c1n(C)ccn1)CC(c1ccc(cc1)F)OC,MOSES sample,3149,266.341,18,27.05,3.039,5,2
CN(CCO)C(=O)Nc1cccc2ncccc12,MOSES sample,3150,245.282,18,65.46,1.6908,3,2
O=C(C1C2CCCCC21)N(S(CC)(=O)=O)CC,MOSES sample,3151,259.371,17,54.45,1.6208,4,2
CNC(=O)c1ccc(Cl)cc1NC(=O)Cc1ccccc1Cl,MOSES sample,3152,337.206,22,58.2,3.5342,4,2
C1CCN(C1c1cc(F)ccc1)C(C1CCCN1S(C)(=O)=O)=O,MOSES sample,3153,340.42,23,57.69,1.9132,3,3
c1c(cccc1Cl)C(c1cccs1)NC(NCC(O)COC)=O,MOSES sample,3154,354.859,23,70.59,2.7974,7,2
C(CN(CC)c1ccc(cc1)F)(=O)N1CC(OC(C1)C)C,MOSES sample,3155,294.37,21,32.78,2.2878,4,2
c1cc(S(=O)(=O)N2CCCC(OCc3cscn3)C2)ccc1,MOSES sample,3156,338.454,22,59.5,2.513,5,3
COc1cc(C)ccc1NC(=O)c1cccc(NC(=O)C2CC2)c1,MOSES sample,3157,324.38,24,67.43,3.60442,5,3
c12c(onc2C)nc(cc1-n1nc(nc1)C#N)-c1ccccc1F,MOSES sample,3158,320.287,24,93.42,2.7897,2,4
c1ccc(C(N2C(c3noc(CC)n3)CCC2)=O)c(F)c1,MOSES sample,3159,289.31,21,59.23,2.7484,3,3
C1Oc2c(O1)cc(cc2)CNC(=O)c1c(N)ccc(c1)OC,MOSES sample,3160,300.314,22,82.81,1.9361,4,3
N(c1cc(c(cc1)O)-c1onc(n1)-c1ccncc1)C(C)=O,MOSES sample,3161,296.286,22,101.14,2.4626,3,3
C(N(CC=C)Cc1ccccc1)(=O)c1c(F)cccc1,MOSES sample,3162,269.319,20,20.31,3.6541,5,2
c1cc(cc2c1CCNC2CCOC)OC(F)(F)F,MOSES sample,3163,275.27,19,30.49,2.8085,4,2
C1CN(C)Cc2c(nn(c(=O)c21)C)-c1cc(F)ccc1,MOSES sample,3164,273.311,20,38.13,1.5743,1,3
c1(C)c(c2c(N3CCN(c4ccccc4)CC3)ncnc2s1)C,MOSES sample,3165,324.453,23,32.26,3.63474,2,4
c1cc(ccc1)CC(CNC(c1nn(c(c1)OC)C)=O)O,MOSES sample,3166,289.335,21,76.38,0.7621,6,2
O=S(=O)(NCCc1cccc(Cl)c1Cl)N1CCCC1,MOSES sample,3167,323.245,19,49.41,2.4661,5,2
C(c1ccccc1NC(=O)c1cnn(C)c1-n1cccc1)(F)(F)F,MOSES sample,3168,334.301,24,51.85,3.4819,3,3
FC(F)(F)COCC(=O)NCC1(CC(C)C)CCCC1,MOSES sample,3169,295.345,20,38.33,3.288,7,1
Oc1c(OC)cc(cc1)-c1[nH]c2cc3OCCOc3cc2n1,MOSES sample,3170,298.298,22,76.6,2.7153,2,4
COCc1cccc(CNC(=O)CC2C=CCC2)c1,MOSES sample,3171,259.349,19,38.33,2.8055,6,2
CCCC1CN(C(=O)C2CC=CC2)CC1NS(=O)(=O)N(C)C,MOSES sample,3172,329.466,22,69.72,0.9757,6,2
C1COc2ccc(cc2O1)N1C(=O)CC(C(N(C)C2CCCC2)=O)C1,MOSES sample,3173,344.411,25,59.08,2.2117,3,4
COCC(=O)N1CCC2(CC1)CN(C(=O)c1ccc(C)o1)C2,MOSES sample,3174,306.362,22,62.99,1.29902,3,3
N#CC(C(=O)C1CC2C=CC1C2)c1nc(-c2ccc(Cl)cc2)cs1,MOSES sample,3175,354.862,24,53.75,4.85198,4,4
c1ccc(cc1)COC(NC(C(=O)NC1CCCC1)C)=O,MOSES sample,3176,290.363,21,67.43,2.3601,5,2
c1cc(c(cc1N)OC)N1CCN(CC(OC)=O)CC1,MOSES sample,3177,279.34,20,68.03,0.5724,4,2
c1cc(OC)c(C2C(C(=O)N3CCC(CC3)c3onc(n3)C)C2)cc1,MOSES sample,3178,341.411,25,68.46,2.89632,4,4
C=CCOCCCC(=O)Nc1ccc(Cl)c(N)c1,MOSES sample,3179,268.744,18,64.35,2.8435,7,1
C(Oc1ccc(cc1)CC(Nc1n(CCC)ncc1)=O)C,MOSES sample,3180,287.363,21,56.15,2.873,7,2
Nc1c(C#N)cc(cc1-c1sccc1)-c1ccc(cc1)N,MOSES sample,3181,291.379,21,75.83,4.11818,2,3
s1c2cc(NC(=O)N(C(C)C)CCO)ccc2nc1C,MOSES sample,3182,293.392,20,65.46,2.83932,4,2
O=C(N(C)c1cccc2c1cccn2)c1nc2cnccn2c1,MOSES sample,3183,303.325,23,63.39,2.5541,2,4
C(N(C(C)C)C(=O)Nc1ccc(-c2scc(n2)C)cc1)CO,MOSES sample,3184,319.43,22,65.46,3.35312,5,2
COc1cc(CNC(=O)c2cc(F)ccc2-n2cnnn2)ccc1C,MOSES sample,3185,341.346,25,81.93,2.04842,5,3
c1c(CN2CCCN(Cc3c(n[nH]c3)C)CC2)nc(C)s1,MOSES sample,3186,305.451,21,48.05,2.19094,4,3
c1ncc(C(N2CCCC(C2)Nc2c(C)cccc2)=O)nc1,MOSES sample,3187,296.374,22,58.12,2.50172,3,3
CCOc1ccc(CNC(=O)Nc2cccc(C(C)=O)c2)cc1OC,MOSES sample,3188,342.395,25,76.66,3.6182,7,2
Cn1cc(S(=O)(=O)Oc2cc(ccc2)Cl)c([nH]1)=O,MOSES sample,3189,288.712,18,81.16,1.1345,3,2
c1(ccc(OC)cc1NC(=O)C(n1c(c2c(cccc2)nn1)=O)C)F,MOSES sample,3190,342.33,25,86.11,2.1389,4,3
Cc1c(C(=O)Nc2cccc3nonc23)cnn1-c1ccncc1,MOSES sample,3191,320.312,24,98.73,2.36422,3,4
N1(CCN(c2cncc(n2)CNC(=O)C2CCC2)CC1)C(=O)C,MOSES sample,3192,317.393,23,78.43,0.5614,4,3
O=C(C(c1n2CCCCCc2nn1)C#N)CCOc1ccccc1,MOSES sample,3193,324.384,24,80.8,2.64988,6,3
c1(NC(=O)NC2CCCCC2)ccc(cc1)C(=O)C,MOSES sample,3194,260.337,19,58.2,3.3434,3,2
c1(C(Nc2ccc3c(c2)nc(o3)C)=O)c(cccc1)N1CCOCC1,MOSES sample,3195,337.379,25,67.6,3.22512,3,4
O=C(Nc1cnc(-n2ccnc2)nc1)Nc1ccc(F)cc1Cl,MOSES sample,3196,332.726,23,84.73,3.0988,3,3
CCN(Cc1cccc(Cl)c1)C(=O)Nc1nc(C)cs1,MOSES sample,3197,309.822,20,45.23,4.15892,4,2
N1(c2c(C)ccc(C(CCC(=O)NC3CCCCC3)O)c2)CCCC1,MOSES sample,3198,344.499,25,52.57,3.85772,6,3
c1(C(C)C)nc2n(nc3c2CN(Cc2sccc2C)CC3)c(C)c1,MOSES sample,3199,340.496,24,33.43,4.08934,3,4
C(N(C(C(C)(C)C)=O)C)C(=O)Nc1c(cccc1C)C,MOSES sample,3200,276.38,20,49.41,2.74644,3,1
CC(C)C(Cc1ccc(F)cc1F)NC(=O)CNS(C)(=O)=O,MOSES sample,3201,334.388,22,75.27,1.1973,7,1
c1(-n2nc(c(=O)cc2C)C(Nc2noc(c2)C)=O)c(cccc1)F,MOSES sample,3202,328.303,24,90.02,2.22874,3,3
COC(c1cc(Cl)ccc1)C(C)NS(=O)(C)=O,MOSES sample,3203,277.773,17,55.4,1.9652,5,1
O=S(c1ccc(cc1)C)(=O)CCC(=O)Nc1c(F)cccc1,MOSES sample,3204,321.373,22,63.24,2.93662,5,2
c12c(cccc1)NC(=O)CC2C(Oc1ccc2c([nH]nc2)c1)=O,MOSES sample,3205,307.309,23,84.08,2.5943,2,4
C1Cc2ccccc2N1C1CCN(C2CCOC2=O)CC1,MOSES sample,3206,286.375,21,32.78,1.829,2,4
c1c(cc(-c2nnnn2C2CCCCC2)cc1)NC(c1cccnc1)=O,MOSES sample,3207,348.41,26,85.59,3.4926,4,4
c1(NS(=O)(C)=O)ccc(NC(c2c(c(OC)ccc2)F)=O)cc1,MOSES sample,3208,338.36,23,84.5,2.4581,5,2
c1c2C(N3C(CN(C)C(=O)C3)c2ccc1)c1ccccc1F,MOSES sample,3209,296.345,22,23.55,2.7438,1,4
n1(cc(c(C(C)(C)C)n1)C(NCc1ccc(CNC(=O)N)cc1)=O)C,MOSES sample,3210,343.431,25,102.04,1.8159,5,2
c1sccc1-c1nnn(n1)CC(COCc1ccco1)O,MOSES sample,3211,306.347,21,86.2,1.5723,7,3
CC1CC(=O)c2cnc(NC(=O)c3snnc3C(C)C)nc2C1,MOSES sample,3212,331.401,23,97.73,2.4688,3,3
n1nc(SCC(N(CC)CC(=C)C)=O)n(c(c1)=O)N,MOSES sample,3213,283.357,19,94.11,-0.1312,6,1
c1(OC)c2c(c(c(c1OC)OC)OC)ccc(C#N)c2,MOSES sample,3214,273.288,20,60.71,2.74588,4,2
C(CC1OCCN(C1)Cc1sc(CC(C)C)nc1)C,MOSES sample,3215,282.453,19,25.36,3.3425,6,2
C1(CNC(C(C)Sc2nncs2)=O)Oc2ccccc2C1,MOSES sample,3216,321.427,21,64.11,2.1386,5,3
c1(CCc2nc3n(c2C#N)nc(C)s3)cc(OC)ccc1,MOSES sample,3217,298.371,21,63.21,2.7647,4,3
c12onc(c2c(C(NCc2c3ccccc3ccc2)=O)cc(C)n1)C,MOSES sample,3218,331.375,25,68.02,3.92284,3,4
C(=O)(NC)c1cccc(c1)NC1CCN(c2ccc(F)cc2)CC1,MOSES sample,3219,327.403,24,44.37,3.2662,4,3
O=c1[nH]c(C)ccc1C(N(Cc1cccc(c1)OC(F)F)C)=O,MOSES sample,3220,322.311,23,62.4,2.55692,5,2
C(COc1ccc2c(C(=O)NCC2)c1)(Nc1c(cc(cc1)Cl)F)=O,MOSES sample,3221,348.761,24,67.43,2.7825,4,3
C(c1nc2c(c(=O)[nH]1)cccc2)N(S(=O)(=O)c1cnccc1)C,MOSES sample,3222,330.369,23,96.02,1.1388,4,3
c12cc(C)ccc1nc(s2)NCCCNC(=O)C1CC1,MOSES sample,3223,289.404,20,54.02,2.93292,6,3
c1c(C(NCc2c(cc(cc2)F)F)=O)c[nH]n1,MOSES sample,3224,237.209,17,57.78,1.6179,3,2
C(C(N(Cc1occc1)CC(N)=O)=O)c1cccc2c1cccc2,MOSES sample,3225,322.364,24,76.54,2.4894,6,3
C(=O)(C)c1cc(nc(n1)N)-c1cc(ccc1Cl)C,MOSES sample,3226,261.712,18,68.87,2.89022,2,2
C(NCC(c1ccc(OC)c(c1)C)O)c1ccncc1,MOSES sample,3227,272.348,20,54.38,2.22182,6,2
CC1N(CCn2c1ccc2)C(=O)C(C)Sc1ncccn1,MOSES sample,3228,302.403,21,51.02,2.3621,3,3
C1OCCC(C1)N(CC(F)(F)F)S(=O)(=O)N(C)C,MOSES sample,3229,290.307,18,49.85,0.8361,4,1
O(C)C(C(C)NS(=O)(c1c(C)cc(cc1)N)=O)=O,MOSES sample,3230,272.326,18,98.49,0.41702,4,1
c1ccccc1C(CCO)NC(=O)Nc1c(cccc1)OC,MOSES sample,3231,300.358,22,70.59,2.9404,6,2
C(c1c(F)cccc1)C(NS(c1c(cc(C)cc1C)C)(=O)=O)CO,MOSES sample,3232,351.443,24,66.4,2.63286,6,2
O=C(Nc1ccccc1Cl)N1CC(c2cccnc2)C1,MOSES sample,3233,287.75,20,45.23,3.3663,2,3
CCN(CC(=O)OC)C(=O)Cc1cn2ccsc2n1,MOSES sample,3234,281.337,19,63.91,0.9598,5,2
c1cn(c2c1cc(Cl)cc2)CCCC(=O)OC,MOSES sample,3235,251.713,17,31.23,3.2479,4,2
N1(CC(Nc2nnc(s2)CC)=O)C(CSc2ccccc21)=O,MOSES sample,3236,334.426,22,75.19,2.1779,4,3
c1nc(n[nH]1)-c1ccc(C(N2CCOCC2CC(C)C)=O)cc1,MOSES sample,3237,314.389,23,71.11,2.3588,4,3
c1c(ccc(NC(=O)C2CC2)c1)NC(CNc1ccc(C#N)cc1)=O,MOSES sample,3238,334.379,25,94.02,2.95738,6,3
CN(C)c1ccc(NC(=O)Cc2c[nH]c3ccccc23)cn1,MOSES sample,3239,294.358,22,61.02,2.8101,4,3
CC(C)C(=O)N1CCC(NC(=O)N2CCCC2c2cccs2)CC1,MOSES sample,3240,349.5,24,52.65,3.2416,3,3
CC(Oc1ccc(cc1)S(CCO)(=O)=O)C,MOSES sample,3241,244.312,16,63.6,1.2398,5,1
c1cc(ccc1)CN(C(CNc1ccccc1)=O)C,MOSES sample,3242,254.333,19,32.34,2.7571,5,2
C1N(CCC(C1)(O)c1ccccc1)C(=O)c1c(Cl)c(C)oc1C,MOSES sample,3243,333.815,23,53.68,3.67364,2,3
Clc1cccc(NC(=O)c2c(C)nc([nH]c2=O)C(C)(C)C)c1,MOSES sample,3244,319.792,22,74.85,3.28152,2,2
C1CN(CCN1CCC(=O)Nc1cccc(c1)F)C(OCC)=O,MOSES sample,3245,323.368,23,61.88,1.9284,5,2
c1(cc(SCC)ncc1)C(NCCOc1ccc(cc1)F)=O,MOSES sample,3246,320.389,22,51.22,3.1415,7,2
c1(cc(OC)ccc1OC)C(NC(C)(C)c1sc(C)c(n1)C)=O,MOSES sample,3247,334.441,23,60.45,3.44224,5,2
C1C(C)N(CCC1)C(=O)c1cc(c(OC)c(c1)OC)OC,MOSES sample,3248,293.363,21,48,2.727,4,2
c1(C)nc(NC2CCCc3c2cnc(n3)N(C)C)c2nc(C)oc2n1,MOSES sample,3249,339.403,25,92.86,2.58014,3,4
O=C(NCC(F)(F)F)c1cc2cccc(Br)c2o1,MOSES sample,3250,322.08,18,42.24,3.4874,2,2
CC(C)CNC(C(OC(c1nn(-c2ccc(cc2)F)cc1)=O)C)=O,MOSES sample,3251,333.363,24,73.22,2.3289,6,2
CCOC(C)c1noc(CNc2ccc(-n3cccn3)cc2)n1,MOSES sample,3252,313.361,23,78,2.9649,7,3
c1c(ccc(OCc2ccccc2)c1)C(NC(=O)c1cnn(c1)C)C,MOSES sample,3253,335.407,25,56.15,3.4901,6,3
c1c(CCNc2c(c(n(nc2)CC)=O)CO)ccc(c1)OC,MOSES sample,3254,303.362,22,76.38,1.4187,7,2
Cc1cccc(C(=O)NC2CCN(c3ccc(C#N)cn3)CC2)n1,MOSES sample,3255,321.384,24,81.91,2.0555,3,3
C(N(CC)C(=O)CNC(C1c2c(cccc2)CCN1)=O)C,MOSES sample,3256,289.379,21,61.44,0.858,5,2
N(CC1CC1)S(=O)(=O)c1ccc(C(NC2CCCC(C)C2)=O)cc1,MOSES sample,3257,350.484,24,75.27,2.6834,6,3
n1ccnc2c1ccc(Cl)c2C(=O)N1CCOC(C)C1,MOSES sample,3258,291.738,20,55.32,2.1441,1,3
N(C(COc1ccccc1OC)=O)(c1ccccc1)CCC#N,MOSES sample,3259,310.353,23,62.56,3.02088,7,2
n12c3c(cnc1nc(C)n2)C(CC(C)(C3)C)=Cc1cscc1,MOSES sample,3260,310.426,22,43.08,4.00722,1,4
CCC(CC)C(=O)Nc1cc(-n2cnnn2)ccc1Cl,MOSES sample,3261,293.758,20,72.7,2.6904,5,2
N#CCOc1ccc(NS(=O)(=O)c2cccs2)cc1,MOSES sample,3262,294.357,19,79.19,2.45128,5,2
FC(F)(F)Oc1ccc2c(c1)C(c1ccncc1)NCC2,MOSES sample,3263,294.276,21,34.15,3.2153,2,3
c12ccccc2ncn(NC(c2ccc(cc2)Cl)=O)c1=O,MOSES sample,3264,299.717,21,63.99,2.4338,2,3
C(#N)c1c(nccn1)Sc1n(c(C(F)(F)F)nn1)-c1ccccc1,MOSES sample,3265,348.313,24,80.28,3.09898,3,3
n1c(n2CCCc2n1)C(NC(=O)CSc1cc(c(F)cc1)F)C,MOSES sample,3266,338.383,23,59.81,2.472,5,3
n1c(cc([nH]c1Nc1ccc(NC(=O)C)cc1)=O)C,MOSES sample,3267,258.281,19,86.88,1.78032,3,2
CCc1nnc(NC(=O)NC(CC)c2ccc(OC)cc2)s1,MOSES sample,3268,320.418,22,76.14,3.3819,6,2
Cc1nn(c(c1)C(NC1CCOCC1)=O)-c1ccc(F)cc1,MOSES sample,3269,303.337,22,56.15,2.22862,3,3
O=C(N)C(NC(c1snnc1CC)=O)C(CC)C,MOSES sample,3270,270.358,18,97.97,0.7303,6,1
COc1ccc(Cl)cc1NC(=O)CN(C)S(C)(=O)=O,MOSES sample,3271,306.771,19,75.71,1.1785,5,1
c1oc(c(C(NCCC(N(C)CCC(F)(F)F)=O)=O)c1)C,MOSES sample,3272,306.284,21,62.55,2.11872,6,1
Cc1nsc(NC(=O)C2CCCN(C(=O)C3CC3)C2)n1,MOSES sample,3273,294.38,20,75.19,1.43362,3,3
C(N(C)C(=O)C#Cc1ccccc1)c1cccs1,MOSES sample,3274,255.342,18,20.31,2.7582,2,2
c1c(F)c(cc(c1)S(=O)(CC(=O)NCCC)=O)F,MOSES sample,3275,277.292,18,63.24,1.2647,5,1
n1c(-n2c(NC(=O)c3ccc(cc3)NC(=O)N)cc(C)n2)cccc1,MOSES sample,3276,336.355,25,114.93,2.31862,4,3
COc1ccc(CN(C)C(=O)NCC2CC2)cc1O,MOSES sample,3277,264.325,19,61.8,1.9522,5,2
N(c1c(cccc1)SC(F)F)Cc1nnc(-c2ccccc2)o1,MOSES sample,3278,333.363,23,50.95,4.6634,6,3
N(C)C(c1ccc(CS(=O)(c2ccc(cc2)Cl)=O)cc1)=O,MOSES sample,3279,323.801,21,63.24,2.6735,4,2
c1c(cccc1C(F)(F)F)Cc1sc(NC(COC)=O)nn1,MOSES sample,3280,331.319,22,64.11,2.7326,5,2
O=C(N1C(c2cc(CO)[nH]n2)CCC1)Nc1ccccc1,MOSES sample,3281,286.335,21,81.25,2.271,3,3
c1(cnc(s1)C1OCCC1)C(=O)OCC(NC1CCCCC1C)=O,MOSES sample,3282,352.456,24,77.52,2.8463,5,3
C1(O)C(C(OCC)=O)C(n2c(N)nnc2C1)c1ccccc1C(OC)=O,MOSES sample,3283,360.37,26,129.56,0.3326,4,3
c1ccc(cc1C(CNC(=O)Cc1cccs1)OC)C(F)(F)F,MOSES sample,3284,343.37,23,38.33,3.8133,6,2
c1(SCc2oc(nn2)-c2ccccc2)nc2ncccn2n1,MOSES sample,3285,310.342,22,82,2.4666,4,4
Clc1ccc(cc1)CCNS(CCCC)(=O)=O,MOSES sample,3286,275.801,17,46.17,2.602,7,1
c1(NS(=O)(C(C)C)=O)cccc(c1C)C(NC(C)C1CC1)=O,MOSES sample,3287,324.446,22,75.27,2.67342,6,2
C(C(=O)Nc1cnccn1)NC(=O)c1ccc(cc1)F,MOSES sample,3288,274.255,20,83.98,0.9842,4,2
Cc1ccc(NC(=O)C(C)n2nc3ccccc3n2)c(O)c1,MOSES sample,3289,296.33,22,80.04,2.64502,3,3
O=C1CC(c2cc3c(cc2)OCO3)Oc2c1ccc(c2OC)OC,MOSES sample,3290,328.32,24,63.22,3.139,3,4
c1cccc(c1)C(c1c(nc(C)[nH]1)N)c1ccccc1,MOSES sample,3291,263.344,20,54.7,3.48052,3,3
C(C)CCCNC(CC(c1c(F)cccc1F)C#N)=O,MOSES sample,3292,280.318,20,52.89,3.26848,7,1
N(c1ncc(cn1)C)CCCOCC1CCCO1,MOSES sample,3293,251.33,18,56.27,1.78262,7,2
CC(C)(C)c1cc(C(=O)NCC2(N3CCOCC3)CCCCC2)[nH]n1,MOSES sample,3294,348.491,25,70.25,2.4721,4,3
n1c(N2CCC(CC2)NC(=O)CCc2ccncc2)nccc1,MOSES sample,3295,311.389,23,71.01,1.5894,5,3
C(c1cccc(c1)F)C(=O)NCCOc1ccc(OC)cc1,MOSES sample,3296,303.333,22,47.56,2.572,7,2
c1(C(NC(C#N)c2ccc(cc2)F)=O)cc(c(C)cc1)NC(=O)CC,MOSES sample,3297,339.37,25,81.99,3.4773,5,2
c1cc(cc2CC(COc21)C(NCc1c(C)oc(c1)C)=O)OC,MOSES sample,3298,315.369,23,60.7,2.77254,4,3
c1cc(ccc1)S(N(CC(OCC1CC=CCC1C)=O)C)(=O)=O,MOSES sample,3299,337.441,23,63.68,2.4526,6,2
O=C(c1cn[nH]c1-c1cccs1)N1CCN(CC(F)F)CC1,MOSES sample,3300,326.372,22,52.23,2.1611,4,3
Cc1cc(C)cc(OCCN(C)Cc2nnc(C3CC3)n2C)c1,MOSES sample,3301,314.433,23,43.18,2.82014,7,3
Cc1ccc(-c2nc(NC(=O)Cc3cccs3)no2)o1,MOSES sample,3302,289.316,20,81.16,2.88072,4,3
O=C(Nc1ccc(cc1O)C)C1CCCN(C1)C(=O)C(C)(C)C,MOSES sample,3303,318.417,23,69.64,2.92382,2,2
C1CCC(C2OCCO2)N(C(=O)c2c(O)cc(Cl)cc2)C1,MOSES sample,3304,311.765,21,59,2.4132,2,3
O=C(NCc1nc(-c2cccs2)no1)c1cccnc1,MOSES sample,3305,286.316,20,80.91,2.1231,4,3
c1ccc(NC(C(Sc2nccn2C)C)=O)c(c1)C#N,MOSES sample,3306,286.36,20,70.71,2.41108,4,2
CC(C)CC1COCCN1C(=O)CNC(=O)NCc1ccco1,MOSES sample,3307,323.393,23,83.81,1.3523,6,2
CCCC(=O)Nc1c(C)nn(Cc2ccccc2)c1C,MOSES sample,3308,271.364,20,46.92,3.28684,5,2
C(C)Oc1c(OC)cc(cc1)CNC(=O)c1cc2c(cc1)OCC2,MOSES sample,3309,327.38,24,56.79,2.9588,6,3
c1(-c2ccc(cc2OC(C)C)F)c(c(=O)n(nc1)C)C#N,MOSES sample,3310,287.294,21,67.91,2.24528,3,2
O=C(NCC(O)c1cnn(-c2ccccc2)c1)c1ccccc1,MOSES sample,3311,307.353,23,67.15,2.3357,5,3
n1c2c(cc(C(NC)=O)c(n2Cc2ccc(C)cc2)=O)n2c1cccc2,MOSES sample,3312,346.39,26,68.4,2.36552,3,4
N(C(=O)NCc1cccc(S(=O)(=O)NC)c1)C(c1ccncc1)C,MOSES sample,3313,348.428,24,100.19,1.5501,6,2
n1c(N2CCN(C(=O)c3cnc(C)s3)CC2)[nH]nc1-c1ccco1,MOSES sample,3314,344.4,24,91.15,1.79202,3,4
CCC(C)NC(=O)CSc1nc2ccccc2n1C,MOSES sample,3315,277.393,19,46.92,2.5801,5,2
c1ccc(CC(=O)NC)cc1-c1n(Cc2ccc(cc2)C)nc(n1)C,MOSES sample,3316,334.423,25,59.81,2.89874,5,3
Cc1nccn1S(=O)(=O)c1c(OC)cc(cc1)C,MOSES sample,3317,266.322,18,61.19,1.74554,3,2
CC(c1sc(C(=O)Oc2c(cc(C#N)cc2)OC)cn1)C,MOSES sample,3318,302.355,21,72.21,3.36598,4,2
CCN(CC(=O)NC(C)C)C(=O)CCc1ccccc1F,MOSES sample,3319,294.37,21,49.41,2.1314,7,1
C1N(CC(CC1)C(Nc1c(onc1C)CC)=O)C(=O)NCC(C)C,MOSES sample,3320,336.436,24,87.47,2.56152,5,2
C(C(Nc1c2ncccc2ccc1)=O)n1cnc2ccccc2c1=O,MOSES sample,3321,330.347,25,76.88,2.5834,3,4
n1(c(=O)c2c(nc(C)cc2C(=O)N2CCN(CC2)C)n(C)c1=O)C,MOSES sample,3322,331.376,24,80.44,-0.67178,1,3
CC(C)CC(CNC(=O)c1cc(F)cc2[nH]cnc12)N1CCOCC1,MOSES sample,3323,348.422,25,70.25,2.1787,6,3
c1(c[nH]c2c1cccc2)CCNC(c1c2ccccc2[nH]c(=O)c1)=O,MOSES sample,3324,331.375,25,77.75,2.9819,4,4
O=C(CNc1cc(F)c(F)c(F)c1)NCc1ccc2c(c1)OCO2,MOSES sample,3325,338.285,24,59.59,2.5609,5,3
C1(CCc2cc(ccc2N1)OCCc1c(C(N)=O)c(ccc1)OC)=O,MOSES sample,3326,340.379,25,90.65,2.3003,6,3
COCCNc1nccc2c(N)c(Br)ccc12,MOSES sample,3327,296.168,17,60.17,2.6378,4,2
C12CCC(N2S(=O)(Cc2c(F)cccc2)=O)COC1,MOSES sample,3328,285.34,19,46.61,1.5187,3,3
O=C(c1c(ncs1)C1CC1)N(c1ccccc1F)C,MOSES sample,3329,276.336,19,33.2,3.4362,3,3
FC(F)(c1cc(C(Nc2ccc(F)c(c2)C#N)=O)ccc1)F,MOSES sample,3330,308.234,22,52.89,3.96848,2,2
CCC(C)(NC(=O)c1cc2ccc(OC)cc2oc1=O)C(=O)OC,MOSES sample,3331,333.34,24,94.84,1.8731,5,2
n1(C)nc(ccc1=O)Oc1ccc(cc1)NC(=O)c1ccco1,MOSES sample,3332,311.297,23,86.36,2.4179,4,3
CNc1cc(-c2ccc(Cl)cc2)nc(C(C)C)n1,MOSES sample,3333,261.756,18,37.81,3.9621,3,2
s1cnc(C2CCN(C(=O)CCOC)CC2)c1C(N(C)C)=O,MOSES sample,3334,325.434,22,62.74,1.5874,5,2
O(c1cc(CNc2nc(-c3ccncc3)c(cn2)F)ccc1)C,MOSES sample,3335,310.332,23,59.93,3.2984,5,3
C1COc2cc(C(NCC3(c4ccccc4)CCC3)=O)ccc2O1,MOSES sample,3336,323.392,24,47.56,3.3095,4,4
N(C(=O)CCc1c(C)nn(c1C)C)c1ccc(C(=O)NCC=C)cc1,MOSES sample,3337,340.427,25,76.02,2.52404,7,2
CC(NC(=O)OCc1ccccc1)C(=O)N(C)CC(N)=O,MOSES sample,3338,293.323,21,101.73,0.245,6,1
c1(C2c3cc(ccc3CCN2)OC(F)F)nc(C)ccc1,MOSES sample,3339,290.313,21,34.15,3.22652,3,3
CN(C)c1c(F)cc(cc1)C(NC1c2c(OCCC1)cccc2)=O,MOSES sample,3340,328.387,24,41.57,3.5354,3,3
c1cc(ccc1C(CNc1c(cccc1)C)=O)OC,MOSES sample,3341,255.317,19,38.33,3.29842,5,2
C(n1c2CCCCc2sc1=O)C(Nc1ccc(c(OC)c1)OC)=O,MOSES sample,3342,348.424,24,69.56,2.4445,5,3
c12cc(c(NC(=O)c3ccc(cc3)OC)cc1CCC(N2)=O)F,MOSES sample,3343,314.316,23,67.43,2.9713,3,3
N#CCC(=O)Nc1nnc(-c2ccccc2Br)s1,MOSES sample,3344,323.175,18,78.67,2.81978,3,2
c12N(CCC(=O)Nc3c(C)cccc3C)C(=O)COc2cccc1,MOSES sample,3345,324.38,24,58.64,3.05764,4,3
c1(n[nH]c(NC(CSc2nncs2)=O)c1)CC,MOSES sample,3346,269.355,17,83.56,1.5544,5,2
CC1(C)CC(=O)c2cnc3nc(Nc4cccc(F)c4)[nH]c(=O)c3c2C1,MOSES sample,3347,352.369,26,87.74,3.3559,2,4
c1cc2c(cc1)c(=O)n(nn2)CC(NC(C)c1ccc(C)o1)=O,MOSES sample,3348,312.329,23,90.02,1.57032,4,3
C(Nc1cc2c(cc1)COC2)c1cc2OCCOc2cc1,MOSES sample,3349,283.327,21,39.72,3.1001,3,4
c12ccc(S(NC(C)(C)C)(=O)=O)cc1C(C)(C(N2C)=O)C,MOSES sample,3350,310.419,21,66.48,2.0174,2,2
CC(Oc1ccccc1)C(=O)N1CCN(CCc2ccncc2)CC1,MOSES sample,3351,339.439,25,45.67,2.2358,6,3
c1cc(-n2ccnc2C(C(F)(F)F)C(F)(F)F)cc(c1)C#N,MOSES sample,3352,319.208,22,41.61,3.95218,2,2
c1cccnc1-c1nc(-c2cc(F)ccc2)nc(c1)NC,MOSES sample,3353,280.306,21,50.7,3.3864,3,3
N(C(c1ccccc1C)=O)CC(N1CCOCC1)C(C)C,MOSES sample,3354,290.407,21,41.57,2.08162,5,2
c1(ccccc1)-c1n[nH]c(c1)CCCN(C)C(C(CO)N)=O,MOSES sample,3355,302.378,22,95.24,0.7873,7,2
O=C(c1ccccc1)N1CCCC(C(=O)N2CCOCC2)C1,MOSES sample,3356,302.374,22,49.85,1.3976,2,3
CC(=O)Nc1ccc(S(=O)(=O)Nc2ccccc2C)cc1,MOSES sample,3357,304.371,21,75.27,2.75422,4,2
CN(C(=O)c1cccc(Oc2cnccn2)c1)C1CCCC1,MOSES sample,3358,297.358,22,55.32,3.2835,4,3
Cc1nc(N(C)C)sc1CN(CC(N)=O)C(C)C,MOSES sample,3359,270.402,18,62.46,1.21322,6,1
COc1cc(C(=O)NC(C)c2ccc(C)o2)ccc1C,MOSES sample,3360,273.332,20,51.47,3.39604,4,2
S(C1CN(C1)C(OC(C)(C)C)=O)(c1nnc(s1)SC)=O,MOSES sample,3361,335.476,20,72.39,1.9869,3,2
O(C(=O)c1cccc(S(NCc2occc2)(=O)=O)c1)C,MOSES sample,3362,295.316,20,85.61,1.5447,5,2
N12c3ccc(C)cc3NC2c2c(ccc(OC)c2)C(C1(O)NC#C)(C)C,MOSES sample,3363,349.434,26,56.76,3.05192,2,4
c1(cc(OC(C(Nc2ccc(cn2)Cl)=O)C)ccc1)C,MOSES sample,3364,290.75,20,51.22,3.44942,4,2
C(n1c(=O)c(C#N)c(c(C)n1)C)C(=O)N(CC)c1ccccc1,MOSES sample,3365,310.357,23,78.99,1.78492,4,2
N1(C(c2cccs2)=O)CCN(C(C2(CCC2)COC)=O)CC1,MOSES sample,3366,322.43,22,49.85,1.8492,4,3
n1n(C)c(C(=O)Nc2ccc(C(OC)=O)cc2)c(Br)c1,MOSES sample,3367,338.161,20,73.22,2.2215,3,2
C(NC(=O)NCCc1ccc(-n2nccc2)cc1)(C)c1oc(C)cc1,MOSES sample,3368,338.411,25,72.09,3.37662,6,3
O(c1cc2c(oc(c(C(N)=O)c2)=O)cc1Cl)C,MOSES sample,3369,253.641,17,82.53,1.5539,2,2
Cc1ccccc1C(NC(=O)c1ccccn1)C(C)C,MOSES sample,3370,268.36,20,41.99,3.51712,4,2
c1ccc(C#CC(Nc2cc3COCc3cc2)=O)c(c1)F,MOSES sample,3371,281.286,21,38.33,2.8461,1,3
COc1c(Cl)cccc1NC(N(C(CC)C)C)=O,MOSES sample,3372,270.76,18,41.57,3.6108,4,1
Nc1n(c(SCC(=O)NC(C)(C)C)nn1)C1CC1,MOSES sample,3373,269.374,18,85.83,1.202,4,2
c1cnc(-c2cn[nH]c2C2CCN(c3cnccn3)CC2)cn1,MOSES sample,3374,307.361,23,83.48,2.0407,3,4
c1c2c(ccc1)cc(C(=O)OC)c(n2Cc1ccccc1F)=O,MOSES sample,3375,311.312,23,48.3,2.9755,3,3
c1n(CCN2CCOCC2)c2c(n(C(C)C)c(=O)n(C)c2=O)n1,MOSES sample,3376,321.381,23,74.29,-0.1902,4,3
O(c1c(N)cccc1)c1c(cccc1)C(OCC)=O,MOSES sample,3377,257.289,19,61.55,3.2378,4,2
Fc1ccccc1-c1oc(nc1)CCC(N(C(C)C)CC(=O)N)=O,MOSES sample,3378,333.363,24,89.43,2.1356,7,2
C(=O)(N(CCOc1cc(Cl)ccc1)C)CSc1ccncc1,MOSES sample,3379,336.844,22,42.43,3.3645,7,2
c12ccccc2N(CC1)CC(c1ncccc1)OC(c1cnccc1)=O,MOSES sample,3380,345.402,26,55.32,3.4374,5,4
c1(C)noc(NC(=O)c2cc(-c3ccc(Cl)cc3)on2)n1,MOSES sample,3381,304.693,21,94.05,2.93872,3,3
CCOC(=O)CCC(C)NC(=O)c1cc(C)on1,MOSES sample,3382,254.286,18,81.43,1.44462,6,1
C1C(NC(OC(C)(C)C)=O)CCN(C1)C(c1cc(c[nH]1)Cl)=O,MOSES sample,3383,327.812,22,74.43,2.7974,2,2
c1(C)cc(ccc1)C1(C(N2CCCN(CC2)C(=O)CC)=O)CCCC1,MOSES sample,3384,342.483,25,40.62,3.27772,3,3
O(C(C)(C)C)C(NCCCN(C(=O)Nc1cc(cc(c1)C)C)C)=O,MOSES sample,3385,335.448,24,70.67,3.68194,5,1
Cn1cc(cn1)COc1ccc(-c2noc(C)n2)cc1,MOSES sample,3386,270.292,20,65.97,2.35752,4,3
C1COC(O1)c1ccc(NC(c2cnc(C)cc2)=O)cc1,MOSES sample,3387,284.315,21,60.45,2.68772,3,3
Cc1nc(sc1)SCC(c1c(=O)oc2c(ccc(O)c2C)c1)=O,MOSES sample,3388,347.417,23,80.4,3.54694,4,3
c1[nH]c(c(c(c1N)=O)C)COc1ccc(F)cc1,MOSES sample,3389,248.257,18,68.11,1.98362,3,2
Cc1c(c(C)cc(C)c1)C(CCC(=O)NCc1ccccn1)=O,MOSES sample,3390,310.397,23,59.06,3.28616,6,2
C(CN1CCN(S(CCC)(=O)=O)CC1)=Cc1ccccc1,MOSES sample,3391,308.447,21,40.62,2.0572,6,2
c1c(-c2n(C)c3cc(N)ccc3n2)cc2[nH]c(=O)[nH]c2c1,MOSES sample,3392,279.303,21,92.49,1.9921,1,4
N=c1[nH]c2ccc(S(=O)(=O)NC3CCCC3)cc2s1,MOSES sample,3393,297.405,19,85.81,1.92977,3,3
C(c1cnc(C(F)(F)F)cc1Oc1ccccc1)NC(=O)CCO,MOSES sample,3394,340.301,24,71.45,2.8913,6,2
Cc1ccccc1C(=O)N1CCN(c2ccc(O)cc2)CC1,MOSES sample,3395,296.37,22,43.78,2.66302,2,3
N(C1(CCCCC1)C(OC)=O)S(c1cn(nc1)C)(=O)=O,MOSES sample,3396,301.368,20,90.29,0.5743,4,2
O=C(c1ccccc1)N(CCn1cnnc1)CC1CCOC1,MOSES sample,3397,300.362,22,60.25,1.457,6,3
c1cc(ccc1NCc1n(CCC)c2c(n1)cccc2)CO,MOSES sample,3398,295.386,22,50.08,3.5507,6,3
c1cc(c(cc1)NC(=O)c1ccc(N2CCOCC2)cc1)-n1cccn1,MOSES sample,3399,348.406,26,59.39,2.9612,4,4
C1C(NC(=O)c2sccc2Br)CCOC1,MOSES sample,3400,290.182,15,38.33,2.4194,2,2
c1(c2oc(=O)cc(c2ccc1)C)OC(=O)COc1ccccc1,MOSES sample,3401,310.305,23,65.74,3.08582,4,3
c1(NCc2ccc(nc2)-n2cccn2)cc(F)cc(F)c1F,MOSES sample,3402,304.275,22,42.74,3.2967,4,3
C1CC(CCN1C(c1scnc1C1CC1)=O)c1ccnn1CCO,MOSES sample,3403,346.456,24,71.25,2.2291,5,4
O=C(N(Cc1ccccc1)C)CSc1c(cccc1)OC,MOSES sample,3404,301.411,21,29.54,3.4459,6,2
c1(C)onc(n1)CNC(=O)NCC(c1ccccc1Cl)(C)C,MOSES sample,3405,322.796,22,80.05,2.80842,5,2
COc1ccc(F)cc1NC(=O)c1cccnc1N1CCCC1,MOSES sample,3406,315.348,23,54.46,3.0818,4,3
Cn1nc(C(=O)NC2CCCC2)cc1NC(=O)C1CCCCC1,MOSES sample,3407,318.421,23,76.02,2.6113,4,3
Fc1ccc(Cn2c(NC(=O)c3c4cc[nH]c4ccc3)ccn2)cc1,MOSES sample,3408,334.354,25,62.71,3.8041,4,4
C(c1cc(ccc1)OC)(CSc1ncccn1)=O,MOSES sample,3409,260.318,18,52.08,2.4602,5,2
COC(=O)c1ccc(CN(C)Cc2ccc(F)cc2F)cc1F,MOSES sample,3410,323.314,23,29.54,3.5225,5,2
C(Nc1c(N)cc2nc(sc2c1)C)(C(CC)CC)=O,MOSES sample,3411,277.393,19,68.01,3.56162,4,2
C1(OCCC1)C(=O)NCC(N1CCc2ccccc2C1)=O,MOSES sample,3412,288.347,21,58.64,0.8665,3,3
C(OCC)(NC1CCN(CC1)S(=O)(=O)c1cccc(C)c1)=O,MOSES sample,3413,326.418,22,75.71,1.89422,4,2
c1cc(cc(c1)Cl)C(Nc1scc(n1)CN1CCOCC1)=O,MOSES sample,3414,337.832,22,54.46,2.881,4,3
c1cccc(c1)CS(=O)(N(C)Cc1noc(c1)C)=O,MOSES sample,3415,280.349,19,63.41,1.94482,5,2
Cc1nn(C)c(C)c1C(=O)Nc1ccc(OCC(N)=O)cc1,MOSES sample,3416,302.334,22,99.24,1.15334,5,2
c1cc(cc(c1CN1CC(CCC1)c1noc(n1)C)Cl)F,MOSES sample,3417,309.772,21,42.16,3.55012,3,3
C(C(=O)NC1CC1)N(CC)c1c(cccc1N)Cl,MOSES sample,3418,267.76,18,58.36,2.0271,5,2
O=S(c1ccccc1)(=O)NCC#Cc1ccccc1C(NC)=O,MOSES sample,3419,328.393,23,75.27,1.3762,4,2
c1(CCNC(C2CCOCC2)=O)c2ccc(C)cc2[nH]c1,MOSES sample,3420,286.375,21,54.12,2.56162,4,3
c1cn(-c2ccc(CNC(=O)NCCC3CCCCC=3)cn2)nc1,MOSES sample,3421,325.416,24,71.84,2.957,6,3
Fc1c(cccc1)-n1c2ncn3c(nc(n3)-c3ccco3)c2cn1,MOSES sample,3422,320.287,24,74.04,2.8623,2,5
O=C(Nc1ccncc1)c1cccc(COc2cccc(F)c2)c1,MOSES sample,3423,322.339,24,51.22,4.052,5,3
C(C(=O)N1CCCC(c2onc(n2)C)C1)CC1CCCC1,MOSES sample,3424,291.395,21,59.23,3.05442,4,3
Fc1ccc(-c2nc(co2)CC(N(C)C(C)C)=O)cc1C,MOSES sample,3425,290.338,21,46.34,3.19842,4,2
C1c2sccc2CN(C(c2ccc3c(CCC(=O)N3)c2)=O)C1,MOSES sample,3426,312.394,22,49.41,2.8313,1,4
c1c(CCC(=O)NC2CC(N(CC)C2)=O)cc(cc1)F,MOSES sample,3427,278.327,20,49.41,1.4953,5,2
Cc1ccc2c(c(C(=O)NCc3nncn3C)cs2)c1,MOSES sample,3428,286.36,20,59.81,2.26822,3,3
CN(C)C(=O)Nc1ccc(cc1)CNC(=O)Nc1ccc(F)c(c1)C,MOSES sample,3429,344.39,25,73.47,3.54932,4,2
c1cn(-c2c(NC(c3ccc4c(OCO4)c3)=O)cccc2)nc1,MOSES sample,3430,307.309,23,65.38,2.8533,3,4
Cc1ccc(-c2nc(sc2)CCNC(c2cccs2)=O)s1,MOSES sample,3431,334.491,21,41.99,4.21402,5,3
CN(C(=O)Cn1c(=O)n(C)c2ccccc21)Cc1cccnc1,MOSES sample,3432,310.357,23,60.13,1.3936,4,3
CCCn1nnnc1NCc1ccc(OC)c(OC)c1,MOSES sample,3433,277.328,20,74.09,1.7124,7,2
COc1ccc(CNC(=O)c2cccc(F)c2)cc1,MOSES sample,3434,259.28,19,38.33,2.7643,4,2
O=C(Nc1nc(C(F)(F)F)cs1)C1CCOC1,MOSES sample,3435,266.244,17,51.22,2.1369,2,2
c1(NC(=O)COCCC(C)C)ccc(-c2coc(C)n2)cc1,MOSES sample,3436,302.374,22,64.36,3.65122,7,2
c1ccn(n1)-c1ccc(cc1)CC(=O)Nc1c(C(=O)N)ccc(Cl)c1,MOSES sample,3437,354.797,25,90.01,2.8058,5,3
CN1CC2(CCN(C(=O)c3cc4c(nc3O)CCC4)CC2)OC1=O,MOSES sample,3438,331.372,24,82.97,1.3327,1,4
NC(=O)c1ccccc1NC(=O)c1ccc(Cl)cc1N,MOSES sample,3439,289.722,20,98.21,2.2734,3,2
CCCC(C)CNc1cn[nH]c(=O)c1Cl,MOSES sample,3440,229.711,15,57.78,2.2714,5,1
O=C(CN1C(=O)CSc2ncccc21)NC1CC1,MOSES sample,3441,263.322,18,62.3,0.7989,3,3
CC(O)C1NC(=O)C(Cc2ccc(F)cc2)NC1=O,MOSES sample,3442,266.272,19,78.43,-0.2678,3,2
O=C(Nc1scc(c1)C(OC(c1ccc(cc1)F)CC)=O)N,MOSES sample,3443,322.361,22,81.42,3.6859,5,2
c1c2nnc(n2cc(-c2noc(n2)-c2occc2)c1)CC,MOSES sample,3444,281.275,21,82.25,2.6017,3,4
c1c(NC(CCOCC2OCCC2)=O)cc(c(-n2nnnc2)c1)C,MOSES sample,3445,331.376,24,91.16,1.49492,7,3
O(c1cccnc1)c1ccc(NC(NCCC(C)(C)C)=O)cn1,MOSES sample,3446,314.389,23,76.14,3.8266,5,2
c1(ccc(cc1)-c1nc(on1)C)NC(=O)NC(C)C,MOSES sample,3447,260.297,19,80.05,2.57492,3,2
N(Cc1ccc(C)cc1C)C(=O)c1cc(C)n(c1C)C1CC1,MOSES sample,3448,296.414,22,34.03,3.98668,4,3
COCc1ccccc1Cn1cc(-c2nccs2)nn1,MOSES sample,3449,286.36,20,52.83,2.5963,5,3
Cc1cc(C(=O)N2CCN(c3ccc(F)cc3)CC2)no1,MOSES sample,3450,289.31,21,49.58,2.08452,2,3
Cc1c(-c2cnc(N3CCCC3)nc2)c(O)nn1C,MOSES sample,3451,259.313,19,67.07,1.49132,2,3
C1CC(N(C(COCCOC)=O)C2CCc3c2cccc3)CC1,MOSES sample,3452,317.429,23,38.77,3.1081,7,3
n1c(cc(C(=O)N(c2ccccc2)CCC(N)=O)cc1)SCC,MOSES sample,3453,329.425,23,76.29,2.7158,7,2
S(=O)(=O)(NC(C)C)c1ccc(OCC(NC(C)C)=O)cc1,MOSES sample,3454,314.407,21,84.5,1.2767,7,1
Cn1c(n(c(c2c1n1c(n(c(C)c1C)-c1ccccc1C)n2)=O)C)=O,MOSES sample,3455,337.383,25,66.23,1.60086,1,4
CCc1nnc(NC(=O)CSc2ccc3c(c2)OCCCO3)s1,MOSES sample,3456,351.453,23,73.34,2.9926,5,3
[nH]1ncc2c1c(C(NCCCOCC1OCCC1)=O)ccc2,MOSES sample,3457,303.362,22,76.24,1.8784,7,3
c1ncoc1-c1cccc(NC(=O)CC(NC(N)=O)c2ccccc2)c1,MOSES sample,3458,350.378,26,110.25,3.0798,6,3
C1N(C2C(CC1)CCC2)C(=O)c1c(nncc1)N,MOSES sample,3459,246.314,18,72.11,1.4635,1,3
C1CN(CCN1C(c1sccc1)=O)C(=O)c1ccc(cc1)OCC,MOSES sample,3460,344.436,24,49.85,2.745,4,3
c1ccc(c(n1)OC)C(=O)N1C(CC1)c1onc(-c2sccc2)n1,MOSES sample,3461,342.38,24,81.35,2.7889,4,4
c1cc2C(CCc2cc1)CNC(=O)C1COCCO1,MOSES sample,3462,261.321,19,47.56,1.248,3,3
CCOC(=O)N1CCC(NC(=O)NCCC(=O)N(C)C)CC1,MOSES sample,3463,314.386,22,90.98,0.3848,5,1
O=C(NC1CCCNC1=O)c1oc2ccc(Br)cc2c1,MOSES sample,3464,337.173,20,71.34,2.2037,2,3
O=S(=O)(c1cc(ccc1)C(=O)OCC=CC)N1CCCCC1,MOSES sample,3465,323.414,22,63.68,2.5941,5,2
c1cc(cc(c1)CC(N1CCC(OCc2c(C)cccc2)CC1)=O)C,MOSES sample,3466,337.463,25,29.54,4.05374,5,3
CC(C(F)(F)F)(NC(=O)Nc1cc(c(cc1)F)F)O,MOSES sample,3467,284.184,19,61.36,2.3571,2,1
C(N(C)C(C1N(Cc2c(cccc2)C1)C(C)=O)=O)CC(F)(F)F,MOSES sample,3468,328.334,23,40.62,2.3706,3,2
n1(C(C)(C)C)c2c(c(NCCN3CCOCC3)ncn2)cn1,MOSES sample,3469,304.398,22,68.1,1.3254,4,3
c1(C)c(c(C)c([nH]1)C(NCCCC)=O)C(=O)OC,MOSES sample,3470,252.314,18,71.19,1.94804,5,1
n12c(nc(n2)N)c(C#N)c2CCN(CC)Cc2c1-c1ccccc1F,MOSES sample,3471,336.374,25,83.24,2.36728,2,4
c1c(c(nn1C)C(C)(C)C)C(N1CCN(C(CC)=O)CCC1)=O,MOSES sample,3472,320.437,23,58.44,1.8021,2,2
c1cc(F)ccc1-n1c(cc(C(=O)OCC(N2CCCC2)=O)n1)C,MOSES sample,3473,331.347,24,64.43,2.09902,4,3
c1(NC(COc2ccc3c(CCC(=O)N3)c2)=O)cccn(c1=O)C,MOSES sample,3474,327.34,24,89.43,1.2875,4,3
c1ccccc1C(NC(NCc1onc(c1)C)=O)C(CC)CC,MOSES sample,3475,315.417,23,67.16,3.95972,7,2
c1(CNC(=O)NC2c3c(c4CCCCc4cc3)OCC2)cscn1,MOSES sample,3476,343.452,24,63.25,3.3449,3,4
N(CCCNC(=O)c1cc(ccc1)OC)C(c1cncc(c1)C)=O,MOSES sample,3477,327.384,24,80.32,1.94852,7,2
C(c1ccc(c(c1)NC(N1CC(CC)CCC1)=O)OC)(N(C)C)=O,MOSES sample,3478,333.432,24,61.88,3.0509,4,2
C(c1ncc(C(NC2CCC(O)CC2)=O)s1)C,MOSES sample,3479,254.355,17,62.22,1.7388,3,2
c1cc(S(N(c2cccc(F)c2)CC)(=O)=O)ccc1C(NCC)=O,MOSES sample,3480,350.415,24,66.48,2.7906,6,2
c1ccc(Cc2nc(C(C)(C)C)no2)cc1S(CC)(=O)=O,MOSES sample,3481,308.403,21,73.06,2.7515,4,2
CCOC(=O)Cn1c(C(C)(C)C)nc2c(N)cccc21,MOSES sample,3482,275.352,20,70.14,2.4791,3,2
Cc1c2c(oc(c2C)C(=O)NC(C)CCCO)c(Cl)cc1,MOSES sample,3483,309.793,21,62.47,3.59384,5,2
C1Cc2c3c(sc2C1)nc(SCCC#N)n(CCC)c3=O,MOSES sample,3484,319.455,21,58.68,3.36248,5,3
N#CCCc1nc(C2CC2)nn1-c1ccc(F)cc1,MOSES sample,3485,256.284,19,54.5,2.73998,4,3
COc1ccc(OC)c(-c2nnc(SCC(=O)OC)o2)c1,MOSES sample,3486,310.331,21,83.68,2.0189,6,2
c1cc(-n2ncc(c2)CC(=O)NCc2cnn(C)c2)ccc1,MOSES sample,3487,295.346,22,64.74,1.4647,5,3
c1ccoc1C1N(CCCCC1)C(c1cccc(n1)-n1cnnc1)=O,MOSES sample,3488,337.383,25,77.05,3.0128,3,4
CC(NC(N)=O)C(=O)N(C)CC(=O)Nc1ccc(Cl)c(Cl)c1,MOSES sample,3489,347.202,22,104.53,1.4471,5,1
c1(NC(=O)C2CCN(C(C)=O)CC2)sc(nn1)-c1occc1,MOSES sample,3490,320.374,22,88.33,1.9951,3,3
n1c(Cc2cccs2)oc(SCC(NCC)=O)n1,MOSES sample,3491,283.378,18,68.02,1.9501,6,2
c1c(sc2ccccc21)C(NCc1cccc(Cn2nccc2)c1)=O,MOSES sample,3492,347.443,25,46.92,4.0761,5,4
Cc1cc(C)n2nc(NC(=O)C3CC3C)nc2n1,MOSES sample,3493,245.286,18,72.18,1.33564,2,3
c1[nH]ncc1S(=O)(=O)N1CC(CC1c1ccc(cc1)OC)O,MOSES sample,3494,323.374,22,95.52,0.9149,4,3
C(N1CCOCC1)c1csc(NC(=O)NCCc2ccccc2)n1,MOSES sample,3495,346.456,24,66.49,2.3395,6,3
n1oc(cc1C(N(Cc1cc2cc[nH]c2cc1)C)=O)C,MOSES sample,3496,269.304,20,62.13,2.73652,3,3
O=S(CCNC(c1c(cc(o1)C)C)=O)(N1CCOCC1)=O,MOSES sample,3497,316.379,21,88.85,0.28824,5,2
c1cccc(N(C)c2ccccc2)c1NC(=O)Nc1nn(cc1)C,MOSES sample,3498,321.384,24,62.19,3.832,4,3
C1CN(Cc2c(C)ccs2)CCN1C(=O)NCc1ccnn1C,MOSES sample,3499,333.461,23,53.4,1.81742,4,3
N(C)(c1sc2c(cccc2)n1)Cc1cc(-c2cn(C)nc2)c(cc1)C,MOSES sample,3500,348.475,25,33.95,4.64162,4,4
O=C(NCCc1c2c(cccc2)[nH]c1)CNC(CNC(=O)C)=O,MOSES sample,3501,316.361,23,103.09,0.0789,7,2
Cn1c(SCCNc2ncnc3[nH]cnc23)nc2ccccc21,MOSES sample,3502,325.401,23,84.31,2.4438,5,4
c1cc(ccc1N1C(CCC1)=O)C(=O)N(CCC(=O)OC)CC,MOSES sample,3503,318.373,23,66.92,1.8386,6,2
C1CC(CN(C(C(Sc2ccccn2)C)=O)C1)C(F)(F)F,MOSES sample,3504,318.364,21,33.2,3.3631,3,2
c1c[nH]nc1CNC(=O)NC1c2cc(F)ccc2SCC1,MOSES sample,3505,306.366,21,69.81,2.5851,3,3
c1(OCC)c(Cn2nnc(C#N)c2C2CC2)cccc1,MOSES sample,3506,268.32,20,63.73,2.47418,5,3
c1(nc(N(CCO)CC)ncc1)-c1c(C)nn(c1)C,MOSES sample,3507,261.329,19,67.07,1.00412,5,2
N1(C)c2c(cc(C(=O)NCCOCC)cc2)C2C1(O)CCCC2,MOSES sample,3508,318.417,23,61.8,2.2489,5,3
c1(c(c(nn1C)C)NC(=O)C1CN(C(C)=O)CCO1)C,MOSES sample,3509,280.328,20,76.46,0.22274,2,2
C(CN(C)c1ccc(C#N)cn1)(=O)NC(COC)CC,MOSES sample,3510,276.34,20,78.25,0.93068,7,1
c1(C(C)C)ncc(Br)c(n1)C(C)C,MOSES sample,3511,243.148,13,25.78,3.4859,2,1
o1c2c(c(C(OCC)=O)n1)c(ncn2)N1CCCCC1,MOSES sample,3512,276.296,20,81.35,1.7848,3,3
c1(ccc(C)cc1)Oc1c(c(NCCc2ccccc2)ncn1)N,MOSES sample,3513,320.396,24,73.06,3.81412,6,3
CC(C)(C)OC(=O)NCC1CCCN(C(=O)c2ccoc2)C1,MOSES sample,3514,308.378,22,71.78,2.6565,3,2
O=C(NCc1ncc(-c2ccccc2)[nH]1)c1ccc2c(c1)OCCO2,MOSES sample,3515,335.363,25,76.24,2.7779,4,4
Cc1ccc(NC(=O)c2csc(S(N)(=O)=O)c2)nc1,MOSES sample,3516,297.361,19,102.15,1.35122,3,2
Cc1c(cc(cc1)S(=O)(NCc1nc2n(cccc2)c1)=O)F,MOSES sample,3517,319.361,22,63.47,2.26032,4,3
C(CNC(c1cnn(c1)-c1cc(C)ncn1)=O)C1CCCCCC1,MOSES sample,3518,327.432,24,72.7,3.06102,5,3
c1(C)ccccc1C(=O)Nc1c(C)sc(C)c1-c1[nH]nc(n1)C,MOSES sample,3519,326.425,23,70.67,4.01918,3,3
CC(C)N(C)C(=O)c1cc(-c2ccc(Br)cc2)no1,MOSES sample,3520,323.19,19,46.34,3.5845,3,2
O1CCN(C(=O)C2CCN(C(=O)c3ccc(O)c(c3)Cl)CC2)CC1,MOSES sample,3521,352.818,24,70.08,1.7566,2,3
COC(C)(C)c1noc(-c2ccc(NC(=O)NC(C)C)cc2)n1,MOSES sample,3522,318.377,23,89.28,3.148,5,2
O=C(CCNC(c1ccccc1OC)=O)NCc1ccccn1,MOSES sample,3523,313.357,23,80.32,1.5265,7,2
c1c(NC(c2cc(F)ccc2)=O)cc(Cl)c(c1)NC(=O)C,MOSES sample,3524,306.724,21,58.2,3.6898,3,2
c1(C)nc(sc1)-n1c(C)c(C(C)=O)c(n1)C(OCC)=O,MOSES sample,3525,293.348,20,74.08,2.32494,4,2
c1cc(cc(c1C)NC(C(C)(C)C)=O)NC(=O)C(NC(=O)C)C,MOSES sample,3526,319.405,23,87.3,2.44272,4,1
c1(C(=O)N2C=CC=CC2=O)nn(nc1)-c1ccc(F)cc1,MOSES sample,3527,284.25,21,69.78,1.2566,2,3
Clc1c(cc(cc1)S(=O)(=O)NC(C)(C)C)N,MOSES sample,3528,262.762,16,72.19,1.999,2,1
c1([nH]nc(C)c1)C(=O)Nc1ccccc1N1CC(OC(C1)C)C,MOSES sample,3529,314.389,23,70.25,2.58402,3,3
C(C)Oc1c(cccn1)C(=O)Nc1cccc(c1)C(C)=O,MOSES sample,3530,284.315,21,68.29,2.9352,5,2
c1sc(C2(CCC2)NC(=O)Nc2sc(nn2)CC)cc1,MOSES sample,3531,308.432,20,66.91,3.3629,4,3
C(=O)(CN1c2ccc(N)cc2OC(C(C)C)C1=O)OC,MOSES sample,3532,278.308,20,81.86,1.1918,3,2
O=C(Nc1ccccc1)N1CCN(C(=O)C2CCCCC2)CC1,MOSES sample,3533,315.417,23,52.65,2.943,2,3
CC1CCCC(NC(=O)Nc2ccc3c(c2)COC3)C1,MOSES sample,3534,274.364,20,50.36,3.417,2,3
CCCCNC(=O)C(N)C(c1ccc(C#N)cc1)c1ccccc1,MOSES sample,3535,321.424,24,78.91,2.93378,7,2
c1(F)c2c(ccc1)[nH]cc2C(NCc1ccnn1C)=O,MOSES sample,3536,272.283,20,62.71,1.9705,3,3
CC(C)CNC(=O)CCS(=O)(=O)c1ccc(F)cc1,MOSES sample,3537,287.356,19,63.24,1.7617,6,1
O=C(CCn1nc(oc1=O)-c1ccc(cc1)F)NC(CC)C,MOSES sample,3538,307.325,22,77.13,1.9472,6,2
c1(N2CC3COCC3(C2)COCC(=O)N(C)C)ncc(F)cn1,MOSES sample,3539,324.356,23,67.79,0.1733,5,3
Cc1cc(NC(=O)C(C)N2CCCN(C(=O)OC(C)(C)C)CC2)on1,MOSES sample,3540,352.435,25,87.91,2.25282,3,2
O=C(NCCc1nc[nH]n1)c1ccc(-n2cncn2)c(F)c1,MOSES sample,3541,301.285,22,101.38,0.497,5,3
c1nc(cc(N2CCN(C(=O)NCC3CCOC3)CC2)c1)C(=O)N,MOSES sample,3542,333.392,24,100.79,0.0486,4,3
O=C(CSc1n[nH]c(=O)n1C1CC1)NCc1ccco1,MOSES sample,3543,294.336,20,92.92,0.9078,6,3
COCC(C)NS(=O)(=O)c1ccc2c(c1)CCCN2,MOSES sample,3544,284.381,19,67.43,1.3579,5,2
n1cn(CC(=O)Nc2cccc(c2)F)c(=O)c2c(Cl)cccc12,MOSES sample,3545,331.734,23,63.99,2.8277,3,3
OCCn1c(Cc2cccs2)nc2cc(Cl)cnc21,MOSES sample,3546,293.779,19,50.94,2.7293,4,3
CN1CC(C(NCCc2c(Cl)cccc2)=O)OCC1,MOSES sample,3547,282.771,19,41.57,1.3293,4,2
c1(-c2ccco2)cc(NC(=O)N2CC(OCC2)C(N)=O)c(s1)C#N,MOSES sample,3548,346.368,24,121.59,1.59778,3,3
n1nc(nn1CC(=O)N(C(C)CC(C)C)C)-c1ccc(C(N)=O)cc1,MOSES sample,3549,344.419,25,107,1.332,7,2
C1OCCN(C1)CC(Nc1ccc(c(Cl)c1)OC)=O,MOSES sample,3550,284.743,19,50.8,1.6193,4,2
N(c1cc(ccc1OC)F)C(=O)c1cc(Br)c[nH]1,MOSES sample,3551,313.126,18,54.12,3.1772,3,2
Cc1ccccc1S(=O)(=O)C(C)c1nc2ccccc2s1,MOSES sample,3552,317.435,21,47.03,4.13962,3,3
c1nc2cc(NC(=O)c3ccc(NC4CC4)nc3)ccc2o1,MOSES sample,3553,294.314,22,80.05,3.0494,4,4
c1(nc(nc(C)c1)SCC(NC1C(NCCC1)=O)=O)N,MOSES sample,3554,295.368,20,110,-0.14588,4,2
CNC(=O)C(C)NC(=O)c1cc(S(C)(=O)=O)ccc1C,MOSES sample,3555,298.364,20,92.34,0.26282,4,1
N(C(=O)c1cc(C)on1)c1nc2c(s1)cc(C)cc2,MOSES sample,3556,273.317,19,68.02,3.15344,2,3
C1CCN(C1c1cc(on1)C)C(NCCCOC1CCCC1)=O,MOSES sample,3557,321.421,23,67.6,3.17882,6,3
C(=O)(c1nc(NC(=O)C2COCCO2)sc1)C,MOSES sample,3558,256.283,17,77.52,0.6996,3,2
c1cccc(c1)OCCCNC(c1c(C)ccs1)=O,MOSES sample,3559,275.373,19,38.33,3.25542,6,2
C1(CCCO1)C(Nc1ccc(cc1C(F)(F)F)OC(C)C)=O,MOSES sample,3560,317.307,22,47.56,3.6101,4,2
c1ccc2c(nc3c(CNCC3)c2C(=O)NCc2ccco2)c1,MOSES sample,3561,307.353,23,67.16,2.4035,3,4
C(c1ccc(cc1)C(N)=O)N(c1ccncc1)C(=O)c1ccccc1,MOSES sample,3562,331.375,25,76.29,3.0275,5,3
c1ccc(C(C)C)cc1NCc1nc(nc(n1)N(C)C)N,MOSES sample,3563,286.383,21,79.96,2.2553,5,2
c1c(NC(C2CC2)=O)c(OCC(F)(F)F)ccc1,MOSES sample,3564,259.227,18,38.33,2.9762,4,2
c1(nc([nH]n1)N)SCc1onc(-c2ccc(OC)cc2)n1,MOSES sample,3565,304.335,21,115.74,1.7378,5,3
c1ccc(NC(CSc2ccccc2O)=O)c(c1)OCC,MOSES sample,3566,303.383,21,58.56,3.5217,6,2
N1(CCN(c2ccccc2)CCC1)C(=O)NCCOC,MOSES sample,3567,277.368,20,44.81,1.5547,4,2
C(c1c(cc(F)cc1)F)(=O)COC(c1[nH]cc(c1)C(=O)C)=O,MOSES sample,3568,307.252,22,76.23,2.5352,5,2
c12cc(F)ccc1nc(C(F)(F)F)n2CC(=O)N(C1CCC1)C,MOSES sample,3569,329.297,23,38.13,3.2051,3,3
CC(C(C)NS(=O)(=O)c1ccc(cc1)C)CC,MOSES sample,3570,255.383,17,46.17,2.70792,5,1
c1(CC(=O)Nc2c3c(OCCO3)ccc2)cc(ccc1)OC,MOSES sample,3571,299.326,22,56.79,2.6476,4,3
N(C1C(CN(C(=O)c2cc(c(C)cc2)C)C1)CCC)S(C)(=O)=O,MOSES sample,3572,338.473,23,66.48,2.09334,5,2
C(C(=O)Nc1cccc(CN(CC)C(=O)C)c1)Oc1cc(C)ccc1,MOSES sample,3573,340.423,25,58.64,3.38092,7,2
O=C(C1N(C(OC(C)(C)C)=O)CCN(C1)CCC(F)C)N,MOSES sample,3574,303.378,21,75.87,1.1411,4,1
C1(CC1)NC(c1cc2ccsc2cc1NC(c1occc1)=O)=O,MOSES sample,3575,326.377,23,71.34,3.6388,4,4
C(Nc1cn[nH]c(n1)=O)c1cc(ccc1)C(F)(F)F,MOSES sample,3576,270.214,19,70.67,1.7958,3,2
n1cnc(N2CCC(NC(=O)CC(CCC)C)CC2)c2ccsc21,MOSES sample,3577,346.5,24,58.12,3.6026,6,3
O=S(N1CCN(CC1)S(C)(=O)=O)(=O)c1c(noc1C)C,MOSES sample,3578,323.396,20,100.79,-0.44266,3,2
c1cc(-c2ccn[nH]2)ccc1NC(c1c(nc(cc1)-c1ccccc1)C)=O,MOSES sample,3579,354.413,27,70.67,4.69942,4,4
COc1cc2c(cc1OC)CN(C(=O)c1ccc(C)c(C)c1)CC2,MOSES sample,3580,325.408,24,38.77,3.51914,3,3
c1nc(N2CCOCC2)cc(N2CCN(CC2)C(=O)Cn2cccn2)n1,MOSES sample,3581,357.418,26,79.62,-0.1415,4,4
C1C(c2n[nH]cc2C)CCCN1C(=O)CCCCc1ccccc1,MOSES sample,3582,325.456,24,48.99,3.83712,6,3
c1(ccncc1)-c1cc(nc(n1)-c1ccncc1)NCc1cccnc1,MOSES sample,3583,340.39,26,76.48,3.6077,5,4
COCC(C)N(C)C(=O)c1cc(F)c(Cl)cc1Cl,MOSES sample,3584,294.153,18,29.54,3.2394,4,1
Cc1ccc[nH]c1=NS(=O)(=O)c1cc(Cl)cnc1N,MOSES sample,3585,298.755,19,101.2,1.24332,2,2
c1cc(c(cc1F)C1CC1C(OCc1ncccc1)=O)F,MOSES sample,3586,289.281,21,39.19,3.2067,4,3
C(c1[nH]ccc1)(N1CCN(CC(N2CCCCCC2)=O)CC1)=O,MOSES sample,3587,318.421,23,59.65,1.1751,3,3
COCCN1C(=O)c2ccccc2NC1C1CCC(C)CC1,MOSES sample,3588,302.418,22,41.57,3.3531,4,3
N1(C(C(=O)c2ccc(cc2)Cl)CCC1)C(C)=O,MOSES sample,3589,251.713,17,37.38,2.5336,2,2
N(C(=O)CCNC(NC1CC(CC)CCC1)=O)C,MOSES sample,3590,255.362,18,70.23,1.3905,5,1
Cc1ccc(S(=O)(=O)N(C)c2ccc(N)c(C)c2)cc1,MOSES sample,3591,290.388,20,63.4,2.71074,3,2
c1(C(=O)Nc2nnc(s2)C)cc(OC(C)C)ccc1,MOSES sample,3592,277.349,19,64.11,2.88602,4,2
C(c1ccccc1)(C)(CC)CNC(=O)Cc1[nH]ccc1,MOSES sample,3593,270.376,20,44.89,3.0413,6,2
N(C(C)c1cc(C)sc1C)C(=O)c1c(cccc1)COC,MOSES sample,3594,303.427,21,38.33,4.00234,5,2
C(N1CCN(C(c2n3cc(ccc3nc2)C)=O)CC1)c1cc(no1)C,MOSES sample,3595,339.399,25,66.88,1.89714,3,4
c1(C)onc(CN2CCN(C(=O)NCC(c3ccncc3)(C)C)CC2)c1,MOSES sample,3596,357.458,26,74.5,2.18302,5,3
C(Nc1cnn(c1)CC1CCCO1)c1c[nH]nc1C(C)(C)C,MOSES sample,3597,303.41,22,67.76,2.6948,5,3
c1(c(cccc1)NC(CCNC(=O)c1ccco1)=O)C,MOSES sample,3598,272.304,20,71.34,2.34662,5,2
c1(c(C)cn(-c2c(Cl)cc(cn2)C(F)(F)F)n1)C,MOSES sample,3599,275.661,18,30.71,3.55634,1,2
O=C(c1ccoc1C)NCC(NCc1cnn(c1)-c1ccccc1)=O,MOSES sample,3600,338.367,25,89.16,1.81992,6,3
O=C(Nc1ccc(c(c1)Cl)F)CCc1c(nc([nH]c1=O)C)C,MOSES sample,3601,323.755,22,74.85,2.75054,4,2
CC(=O)Nc1ccc(C(=O)Nc2ccc(C)cc2)cc1,MOSES sample,3602,268.316,20,58.2,3.20572,3,2
c1(ccc(cc1)-c1nn(nn1)CC(Nc1ccccc1C(C)C)=O)C,MOSES sample,3603,335.411,25,72.7,3.41062,5,3
n1nsc(c1C)C(N1CC2(C3CC3)C(C1)COC2)=O,MOSES sample,3604,279.365,19,55.32,1.34512,2,4
N#CCCNC(=O)CN1CCCSc2ccccc21,MOSES sample,3605,275.377,19,56.13,2.01868,4,2
N#CC(c1c(ccc(F)c1)F)Cc1[nH]c(=O)c2c(n1)cccc2,MOSES sample,3606,311.291,23,69.54,3.05118,3,3
c12c(c(cc(C)n2)NC(=O)C(C)(C)c2ccccc2)cccn1,MOSES sample,3607,305.381,23,54.88,3.85452,3,3
Clc1ccc(OCc2n[nH]c(-c3ccncc3)n2)cc1,MOSES sample,3608,286.722,20,63.69,3.0991,4,3
c1cc(ccc1C(NC)=O)CN(c1ncnc2c1cnn2C)C,MOSES sample,3609,310.361,23,75.94,1.3593,4,3
C=CCCC(=O)Nc1ccc2c(c1)oc(=O)n2C1CCCCC1,MOSES sample,3610,314.385,23,64.24,4.0044,5,3
O=C(COc1c(cc([nH]c1)CO)=O)Nc1ccc2OCCOc2c1,MOSES sample,3611,332.312,24,109.88,0.6559,5,3
c1cc2C(N(C(=O)c3nn(nc3)-c3ccccc3)C)CCc2cc1,MOSES sample,3612,318.38,24,51.02,3.0268,3,4
Cc1cccc(-n2nnc(-c3nc(-c4ccccn4)no3)c2N)c1C,MOSES sample,3613,333.355,25,108.54,2.57834,3,4
COc1ccc(Cl)cc1C(=O)OCCc1scnc1C,MOSES sample,3614,311.79,20,48.42,3.51302,5,2
c1cc(ccc1Br)-n1c(c(N)c(n1)C)C,MOSES sample,3615,266.142,15,43.84,2.83384,1,2
C(CN1CCOC1=O)c1nc(CCCc2ccccc2)on1,MOSES sample,3616,301.346,22,68.46,2.2396,7,3
Clc1ccc(C#CCNC(=O)CCCCNC(=O)N)cc1,MOSES sample,3617,307.781,21,84.22,1.6463,6,1
c1(NC(NCc2cc(OC(F)F)ccc2)=O)c(C)cccn1,MOSES sample,3618,307.3,22,63.25,3.31312,5,2
CCCN(Cc1cc2cc(OC)ccc2[nH]c1=O)C(=O)C1CC1,MOSES sample,3619,314.385,23,62.4,2.6853,6,3
c1c(N(C)C)ccc(c1)C(Nc1nc(cs1)C)=O,MOSES sample,3620,261.35,18,45.23,2.76982,3,2
c1c(-n2cc(cn2)S(=O)(=O)N(Cc2sccc2)C)cccc1,MOSES sample,3621,333.438,22,55.2,2.7545,5,3
CC(C)(CNC(=O)Cc1noc2ccccc12)c1ccncc1,MOSES sample,3622,309.369,23,68.02,2.8593,5,3
O=c1n(C)c(cc(n1C)CN1CCN(CC1)C(c1sccc1)=O)=O,MOSES sample,3623,348.428,24,67.55,0.1035,3,3
C(C)(CCc1ccccc1)NC(Nc1cc2sc(nc2cc1)C)=O,MOSES sample,3624,339.464,24,54.02,4.74752,5,3
Cc1ccccc1Cn1nc(C(=O)NCc2ccco2)ccc1=O,MOSES sample,3625,323.352,24,77.13,2.12302,5,3
c1cn2ncc(c2nc1)C(N(CC)c1ccccc1)=O,MOSES sample,3626,266.304,20,50.5,2.396,3,3
c12ccc(OCCNC(=O)N3C(CC)CCC3)cc1CCC2,MOSES sample,3627,302.418,22,41.57,3.1381,5,3
c1(cc(c(C)s1)CCCC(NCC(C1CC1)O)=O)Br,MOSES sample,3628,346.29,19,49.33,3.02882,7,2
O=c1[nH]c2ccccc2nc1Cc1nc(-c2cccnc2)no1,MOSES sample,3629,305.297,23,97.56,1.9589,3,4
c1(ccon1)CN1CCN(S(=O)(c2ccc(C#N)cc2)=O)CC1,MOSES sample,3630,332.385,23,90.44,1.05278,4,3
CC(NC(=O)CN1CCN(C(=O)c2ccccc2F)CC1)C1CC1,MOSES sample,3631,333.407,24,52.65,1.4982,5,3
c1(c(ccc(N)c1)N(C)C1CCCCC1)C(=O)OC,MOSES sample,3632,262.353,19,55.56,2.8243,3,2
CCc1cc(=O)n(CC(=O)NCCOC)c(-c2ccccc2)n1,MOSES sample,3633,315.373,23,73.22,1.2353,7,2
Cc1cc(n(n1)-c1ccc(C(=O)NCc2c([nH]c(C)cc2C)=O)cn1)C,MOSES sample,3634,351.41,26,92.67,2.11928,4,3
CCOc1cc(ccc1OCC)C(=O)NCC(C)C,MOSES sample,3635,265.353,19,47.56,2.8698,7,1
c1cncn1-c1cccc(n1)C1CCCN1C(c1cccn1C)=O,MOSES sample,3636,321.384,24,55.95,2.5831,3,4
C(CC(N1CCC(CC1)CC(=O)N)=O)c1ccc(cc1F)F,MOSES sample,3637,310.344,22,63.4,2.0114,5,2
c12nc(cn2ccn(c1=O)CC)Cc1ccccc1,MOSES sample,3638,253.305,19,39.3,2.1067,3,3
CCOC(=O)c1n(ccc1)-c1c(cccc1)C(F)(F)F,MOSES sample,3639,283.249,20,31.23,3.6728,3,2
c12ccc(cc2CCC(N1)=O)OC(c1cc(C)nc2n(C)nc(c21)C)=O,MOSES sample,3640,350.378,26,86.11,2.68904,2,4
CCn1ccc2ccc(NC(=O)C3CCCO3)cc21,MOSES sample,3641,258.321,19,43.26,2.7787,3,3
c1(cccc(c1)Cn1c(ccc1)C(Nc1ccc(cc1)OC)=O)F,MOSES sample,3642,324.355,24,43.26,3.9364,5,3
CC(C)(C)C(=O)N1CCN(CC1)c1ncnc(Nc2ncccc2)c1,MOSES sample,3643,340.431,25,74.25,2.3099,3,3
c1cc(ccc1)N(C(=O)CSc1ccc(N)cc1)C,MOSES sample,3644,272.373,19,46.33,3.0239,4,2
C1(CC1)NC(=O)c1c(NC(=O)c2c3ccccc3[nH]c2C)cccc1,MOSES sample,3645,333.391,25,73.99,3.62082,4,4
C1Cc2sc(c(C#N)c2CC1)NC(=O)c1cc(OC)c(cc1)OC,MOSES sample,3646,342.42,24,71.35,3.76808,4,3
C(C)(C)(c1nn(cc1C(=O)N=c1[nH]ccn1Cc1ccccc1)C)C,MOSES sample,3647,337.427,25,67.97,2.6366,3,3
COc1cccc(CNC(=O)c2ccc(=O)n(C)n2)c1OC,MOSES sample,3648,303.318,22,82.45,0.7275,5,2
C(COc1cc(C)ccc1)(CNC1c2c(S(N=1)(=O)=O)cccc2)O,MOSES sample,3649,346.408,24,87.99,1.47342,5,3
N1C(C(Sc2c1cccc2)CC(NCCCC)=O)=O,MOSES sample,3650,278.377,19,58.2,2.4058,5,2
O=C(c1[nH]c2c(c1)ccc(c2)C)NCCCn1cnc2c1cccc2,MOSES sample,3651,332.407,25,62.71,3.64612,5,4
CCCCN(C)C(=O)Nc1ccccc1OCCOC,MOSES sample,3652,280.368,20,50.8,2.9756,8,1
Cc1ccc2cc(C(=O)NCC3CCCO3)[nH]c2c1,MOSES sample,3653,258.321,19,54.12,2.38512,3,3
c1(OC)c(cc(S(N(C)C)(=O)=O)cc1)C(=O)NCc1ccco1,MOSES sample,3654,338.385,23,88.85,1.4685,6,2
c1cc(CNC(c2ccc(NS(=O)(C)=O)cc2)=O)cnc1OC,MOSES sample,3655,335.385,23,97.39,1.3917,6,2
c1cc(NC(c2cc(cn2C)-c2csc(C)n2)=O)ccc1SC,MOSES sample,3656,343.477,23,46.92,4.43122,4,3
O(C)c1ccc2c(c1OC)C(c1ncc(nc1)C)NCC2,MOSES sample,3657,285.347,21,56.27,2.03732,3,3
C1N(C(C)COC1C)Cc1c(cccc1)OCC(N)=O,MOSES sample,3658,278.352,20,64.79,1.1599,5,2
NC(=O)NCCCOC(=O)c1ccccc1Oc1ccccc1,MOSES sample,3659,314.341,23,90.65,2.6941,7,2
c1c(cc(N2CCC3(C2)C(=O)N(Cc2csc(C)n2)CCC3)cc1)C,MOSES sample,3660,355.507,25,36.44,3.77904,3,4
COCCCNC(=O)C(C)N1CCc2cc(F)ccc2C1,MOSES sample,3661,294.37,21,41.57,1.725,6,2
C(CN(C(COc1cc2nc(C3CC3)n(C)c2cc1)=O)C)(COC)O,MOSES sample,3662,347.415,25,76.82,1.2952,8,3
c12c(n(CC#N)c(=O)c(n2)C(F)(F)F)cccc1,MOSES sample,3663,253.183,18,58.68,1.93888,1,2
c1(OC)cc(ccc1)CCNC(c1cn[nH]c1-c1ccc(cc1)CC)=O,MOSES sample,3664,349.434,26,67.01,3.6202,7,3
CCc1sc(C(=O)N2CCC(c3n[nH]c(C4CC4)n3)CC2)cc1C,MOSES sample,3665,344.484,24,61.88,3.63422,4,4
c1cccc(c1)-c1cc(no1)CC(=O)NCc1nc2c([nH]1)cccc2,MOSES sample,3666,332.363,25,83.81,3.0768,5,4
CCN(CCO)C(=O)Cc1csc(NC(=O)C(C)(C)C)n1,MOSES sample,3667,313.423,21,82.53,1.511,6,1
o1c(ccc1)CN(CC1CCCO1)C(=O)NCc1ccoc1,MOSES sample,3668,304.346,22,67.85,2.7634,6,3
Cn1c(C(=O)NC(C(N)=O)c2ccccc2)cc2c(F)cccc21,MOSES sample,3669,325.343,24,77.12,2.2738,4,3
COc1ccc(CC(=O)Nc2cccc(C)n2)cc1C,MOSES sample,3670,270.332,20,51.22,2.88824,4,2
C(CC(OC)c1c(ccc(c1)C(C)C)OC)(OC)=O,MOSES sample,3671,266.337,19,44.76,3.0692,6,1
C(=O)(NC(C(C)C)C(=O)Nc1c(n[nH]c1C)C)c1sccc1,MOSES sample,3672,320.418,22,86.88,2.48114,5,2
COc1cc2c(cc1O)CCNC2c1ccncc1C,MOSES sample,3673,270.332,20,54.38,2.33932,2,3
O=C(Nc1nc(C2CC2)c(s1)C(OC)=O)c1noc(c1)C,MOSES sample,3674,307.331,21,94.32,2.35582,4,3
c1c(N)ccc(c1)C(CCN1CCOCC1)NC(=O)C,MOSES sample,3675,277.368,20,67.59,1.1683,5,2
NS(=O)(c1cc(c(C)c(c1)C)NCc1nc2c(cccc2)c(n1)N)=O,MOSES sample,3676,357.439,25,123.99,2.08834,4,3
c1c(cc2c(c1)n(CC)c(c2)C(Nc1sc(C2CC2)nn1)=O)OC,MOSES sample,3677,342.424,24,69.04,3.651,5,4
CCCS(=O)(=O)NC1CCN(C(=O)c2ccoc2)CC1,MOSES sample,3678,300.38,20,79.62,1.2136,5,2
c1cc(c(c(c1)OC(C(=O)N1CCC(NCC1)=O)C)C)C,MOSES sample,3679,290.363,21,58.64,1.41924,3,2
c1(ccc(C(NC2CCCC2)=O)cc1)NC(NCc1ccccn1)=O,MOSES sample,3680,338.411,25,83.12,3.0757,5,3
CN(Cc1cccs1)S(=O)(=O)c1ccccc1C#N,MOSES sample,3681,292.385,19,61.17,2.44048,4,2
c1cc2c(c(C)nn(CC(NCc3ccccc3OC)=O)c2=O)cc1,MOSES sample,3682,337.379,25,73.22,2.02992,5,3
COc1cc(-c2cnn(CC(=O)Nc3cc(C)on3)c2)ccc1F,MOSES sample,3683,330.319,24,82.18,2.63292,5,3
n1(-c2c(cccc2Cl)Cl)ncc(C(=O)NC(C)C)n1,MOSES sample,3684,299.161,19,59.81,2.7123,3,2
c1ccc(cc1OC)NC(NCc1c(OCC)nccc1)=O,MOSES sample,3685,301.346,22,72.48,2.8106,6,2
O=C(C1CCCO1)Nc1cc2c(cc(nc2cc1)C)C(=O)NC1CC1,MOSES sample,3686,339.395,25,80.32,2.55292,4,4
N#Cc1ccc(COC(c2cc(sc2)C(=O)C)=O)cc1,MOSES sample,3687,285.324,20,67.16,3.17938,4,2
C=CCOc1ccc(C2NC(=O)c3ccccc3O2)cc1OC,MOSES sample,3688,311.337,23,56.79,3.081,5,3
Fc1c(OC)cc2CCNC(c2c1)c1cccnc1,MOSES sample,3689,258.296,19,34.15,2.4644,2,3
c12ccncc2N(C)CCN1C(=O)Nc1c(C(C)C)cccc1,MOSES sample,3690,310.401,23,48.47,3.6933,2,3
N(S(=O)(=O)CC)CCS(=O)(=O)N1CCCC(C1)CC,MOSES sample,3691,312.457,19,83.55,0.3775,7,1
C1C(c2ccccc2N(C(C2CC(N(CC4CC4)C2)=O)=O)C1)C,MOSES sample,3692,312.413,23,40.62,2.7853,3,4
O=C(C(CC)CC)Nc1cnc(-n2c(C)ncc2)cc1,MOSES sample,3693,272.352,20,59.81,2.95042,5,2
CS(=O)(=O)N1CCC(CNC(=O)c2scnc2C2CC2)CC1,MOSES sample,3694,343.474,22,79.37,1.4219,5,3
n12nc(-c3c(cn(n3)C)Cl)nc1c1c(sc1nc2)nc(cc1C)C,MOSES sample,3695,,,,,,
CCc1ccccc1NC(=O)CN(C)C(=O)c1cc(C)no1,MOSES sample,3696,301.346,22,75.44,2.25612,5,2
CCN(CC)C(=O)COc1ccc(NC(=O)c2ccccc2O)cc1,MOSES sample,3697,342.395,25,78.87,2.8917,7,2
c12cc(ccn2c(CC#N)c(-c2cc(ccc2)OC)n1)Cl,MOSES sample,3698,297.745,21,50.32,3.72938,3,3
C(c1c(=O)[nH]c(nc1C)SC)CC(=O)NCCC(C)C,MOSES sample,3699,297.424,20,74.85,1.89512,7,1
c1csc(n1)NC(C(CCc1ccccc1)n1cccc1)=O,MOSES sample,3700,311.41,22,46.92,3.7572,6,3
Cc1nc(C(=O)N(C)Cc2ccc(Cl)cc2)cs1,MOSES sample,3701,280.78,18,33.2,3.37712,3,2
C(=O)(Cn1c(Cc2ccccc2)nc2c1cccc2)NCCC,MOSES sample,3702,307.397,23,46.92,3.1533,6,3
O=C(c1ccc(F)cc1F)N1CC(c2ncc(C(F)(F)F)cc2)CC1,MOSES sample,3703,356.294,25,33.2,4.0083,2,3
c1(ccc(cc1)OCC1CCCO1)S(=O)(NCc1cnccc1)=O,MOSES sample,3704,348.424,24,77.52,2.1179,7,3
c12cnc(C(N3CCOCC3)=O)cc1n(c(=O)n2C)C,MOSES sample,3705,276.296,20,69.36,-0.2556,1,3
CN(C)S(=O)(=O)c1ccc(NC(=O)Cc2ccc(Cl)cc2)cc1,MOSES sample,3706,352.843,23,66.48,2.7715,5,2
C12=C(C(c3ccc(s3)C)CC(=O)N2CC)C(=O)OC1(C)C,MOSES sample,3707,305.399,21,46.61,2.98182,2,3
C1CN(c2ccccc2OC)CCN1S(=O)(=O)C,MOSES sample,3708,270.354,18,49.85,0.7768,3,2
C(=O)(OC)Nc1ccc(cc1)OC(c1cc(ncc1)F)=O,MOSES sample,3709,290.25,21,77.52,2.6182,3,2
CCC(C)C(=O)NC(C)C(=O)N1CCCCC1C,MOSES sample,3710,254.374,18,49.41,1.9382,4,1
C(NC1CCCCC1)(=O)Cn1c(=O)scc1C,MOSES sample,3711,254.355,17,51.1,1.66712,3,2
n1n(C)c2c(n1)cc(cc2)C(NC(C)c1ccc(C)cc1)=O,MOSES sample,3712,294.358,22,59.81,2.76772,3,3
Cc1ccc(C2(Cc3ccccc3)NC(N)=NC2=O)o1,MOSES sample,3713,269.304,20,80.62,1.47052,3,3
c1cc(ccc1Cl)CNC(Cn1nc(ccc1=O)-c1ccccc1)=O,MOSES sample,3714,353.809,25,63.99,2.8801,5,3
n1(c(ncn1)SCc1ccc(cc1)OC(F)F)C,MOSES sample,3715,271.292,18,39.94,2.7088,5,2
c1(CCc2nc(CNC(c3cccnc3)=O)on2)ccccc1,MOSES sample,3716,308.341,23,80.91,2.1798,6,3
CCCCC(=O)Nc1ccccc1-n1nc(C)cc1C,MOSES sample,3717,271.364,20,46.92,3.61784,5,2
CC(OC(=O)c1cnccn1)c1ncc(C(C)(C)C)o1,MOSES sample,3718,275.308,20,78.11,2.6801,3,2
CC(=O)c1ccc(S(=O)(=O)Nc2cc(C)on2)cc1,MOSES sample,3719,280.305,19,89.27,1.98642,4,2
c1(Cl)cccc(c1Cn1nc(oc1=O)CCC)Cl,MOSES sample,3720,287.146,18,48.03,3.1439,4,2
N1C(COc2ccc(S(NCc3ccncc3)(=O)=O)cc12)=O,MOSES sample,3721,319.342,22,97.39,0.891,4,3
C(CCn1cc(c(n1)-c1cccc(c1)Cl)CO)C,MOSES sample,3722,264.756,18,38.05,3.4959,5,2
C(c1cnccn1)(NC(C)c1cccc(c1)OC(F)F)=O,MOSES sample,3723,293.273,21,64.11,2.569,5,2
Cc1nsc(c1C(NCc1c(cccc1)OC1CCCC1)=O)NC,MOSES sample,3724,345.468,24,63.25,3.74462,6,3
O=C(Cn1cnc2ccccc2c1=O)N1CCCC(C(F)(F)F)C1,MOSES sample,3725,339.317,24,55.2,2.1974,2,3
Cc1nc2c(NC(=O)CCCNC(=O)c3ccncc3)cccn2n1,MOSES sample,3726,338.371,25,101.28,1.58142,6,3
C(C)C(OC)C(=O)N(Cc1ccc(cc1)OCC)C,MOSES sample,3727,265.353,19,38.77,2.4687,7,1
C1NC(c2ccccc2)C(N2Cc3ccccc3C(C(=O)N)C12)=O,MOSES sample,3728,321.38,24,75.43,1.3108,2,4
c1cc(ccc1)C(CNCc1ccccc1)N(C)C,MOSES sample,3729,254.377,19,15.27,3.0791,6,2
CN(CCc1ccc(cc1)OC)S(=O)(=O)CC(N(C)C)=O,MOSES sample,3730,314.407,21,66.92,0.5875,7,1
O=C(NCc1cc2OCOc2cc1)C(CC)CC,MOSES sample,3731,249.31,18,47.56,2.4677,5,2
c1c(-c2n[nH]c(NC(=O)C3CCN(CC3)C(=O)OC)n2)cc(F)cc1,MOSES sample,3732,347.35,25,100.21,2.0277,3,3
Cc1ccc(S(=O)(=O)N(CC(C)O)CC(C)O)cc1,MOSES sample,3733,287.381,19,77.84,0.74732,6,1
c1(sccn1)NC(CCC(=O)Oc1c(C)c(C)ccc1)=O,MOSES sample,3734,304.371,21,68.29,3.08424,5,2
c1(C(C)=O)sc2COc3ncccc3-c2n1,MOSES sample,3735,232.264,16,52.08,2.3001,1,3
c1(C2CCCCC2)ccc(CN2CCOC(C(=O)N)C2)cc1,MOSES sample,3736,302.418,22,55.56,2.4204,4,3
c1(ccc(C(Nc2c3ncccc3cc(c2)C)=O)cc1)OC,MOSES sample,3737,292.338,22,51.22,3.80412,3,3
O=C(NCC1CCCCO1)Nc1ccccc1C(F)(F)F,MOSES sample,3738,302.296,21,50.36,3.396,3,2
C(NC(=O)NCCC)CCN(C)c1ccccc1,MOSES sample,3739,249.358,18,44.37,2.2221,7,1
c1(scc(n1)CC(N1CC2CC1CC2)=O)-c1ccc(OC)c(c1)O,MOSES sample,3740,344.436,24,62.66,3.0777,4,4
O=C(Nc1c(cccn1)O)c1ccc(C(C)C)cc1,MOSES sample,3741,256.305,19,62.22,3.1629,3,2
Fc1ccc(cc1N)C(N1CCC(C)(C)CC1)=O,MOSES sample,3742,250.317,18,46.33,2.6701,1,2
COc1c(OC)cc(NC(=O)c2cc(ncc2)NC)c(F)c1,MOSES sample,3743,305.309,22,72.48,2.5319,5,2
c1c(NC(CCc2ccccc2)=O)c(ccc1)-n1ccnc1,MOSES sample,3744,291.354,22,46.92,3.4436,5,3
c1(CNC(COC)=O)ccc(OC)c(c1)Br,MOSES sample,3745,288.141,16,47.56,1.7203,5,1
O1CC(C2CC2)N(CC1)C(NCc1cc(ccc1)-n1c(C)ncc1)=O,MOSES sample,3746,340.427,25,59.39,2.50112,4,4
Cn1cccc1C(=O)Cn1cc(C(F)(F)F)cc(Cl)c1=O,MOSES sample,3747,318.682,21,44,2.7419,3,2
CNC(=O)C1(NCc2nnnn2-c2ccccc2)CCCCC1,MOSES sample,3748,314.393,23,84.73,1.2008,5,3
C1CC(Nc2cccnc2)CCN1Cc1cnc(nc1)N1CCOCC1,MOSES sample,3749,354.458,26,66.41,1.7847,5,4
C(NC(C)(C)C)(c1c(cccc1)NCC(Nc1c(cccc1C)C)=O)=O,MOSES sample,3750,353.466,26,70.23,3.88234,5,2
COc1cc(-n2cnnn2)c(Cl)cc1C(=O)NCc1ccccn1,MOSES sample,3751,344.762,24,94.82,1.6493,5,3
OC(c1cc(c(OC)cc1)C)CCC(=O)NCC(C)C,MOSES sample,3752,279.38,20,58.56,2.58942,7,1
C(C)n1c2c(nc1CNC(=O)c1ccc(cc1)OC)cccc2,MOSES sample,3753,309.369,23,56.15,2.9948,5,3
CC(C(C)CO)NC(=O)Nc1c(ccc(c1)C(=O)NCC(C)C)F,MOSES sample,3754,339.411,24,90.46,2.3499,7,1
C(C#N)(N(C)C(=O)c1c(F)cccc1)c1ccccc1C,MOSES sample,3755,282.318,21,44.1,3.471,3,2
CC(NC(=O)NCC(C)(C)C(N)=O)c1ccc2c(c1)CCCC2,MOSES sample,3756,317.433,23,84.22,2.4371,5,2
N1(C)C(C(C)(C(=O)c2c1c(C)cc(c2)C)C(=O)OC)=O,MOSES sample,3757,275.304,20,63.68,1.64184,1,2
c1(c2ccccc2n(c1)C)-c1c2c(ncn1)n(nc2C)C,MOSES sample,3758,277.331,21,48.53,2.83042,1,4
n1(c(=O)c2cc(OCC)ccc2[nH]c1=O)NC(c1ccc(F)cc1)=O,MOSES sample,3759,343.314,25,93.19,1.6115,4,3
O=C(NCc1nncn1C1CC1)Nc1nn(-c2ccccc2)cc1C,MOSES sample,3760,337.387,25,89.66,2.42882,5,4
O=C(COC1CCCCC1)NC1CCC(=O)NC1,MOSES sample,3761,254.33,18,67.43,0.7305,4,2
O(Cc1c(noc1C)C)C(c1cc(on1)-c1ccccc1)=O,MOSES sample,3762,298.298,22,78.36,3.30344,4,3
Cc1cc2c(cc1C(O)c1ccc(F)cc1)n(C)c(=O)n2C,MOSES sample,3763,300.333,22,47.16,2.40622,2,3
C(=O)(Nc1c(C)cccc1C)CN(c1ccc(cc1)C#N)C,MOSES sample,3764,293.37,22,56.13,3.25002,4,2
CCCn1nc(C(=O)NC(C)c2nncn2C)ccc1=O,MOSES sample,3765,290.327,21,94.7,0.2728,5,2
c1(c(cc(CN2CCOCC2)cc1)OCC)OCC(C)C,MOSES sample,3766,293.407,21,30.93,2.9523,7,2
COc1ccc(C(=O)NC2CCCc3ccccc32)cc1OC,MOSES sample,3767,311.381,23,47.56,3.5112,4,3
NC(=O)c1ccc(Cl)cc1OCc1cccc(C(N)=O)c1,MOSES sample,3768,304.733,21,95.41,2.1168,5,2
Cn1nc(C(=O)NC2CCCCCC2)cc1NC(=O)C1CCCC1,MOSES sample,3769,332.448,24,76.02,3.0014,4,3
c1ccc(C(NC(=O)c2ccc(OC)c(F)c2)c2ccncc2)cc1,MOSES sample,3770,336.366,25,51.22,3.7487,5,3
CC(C)(OC(N1c2c(c(cc(c2)CCO)N)OC1)=O)C,MOSES sample,3771,280.324,20,85.02,1.895,2,2
n1c(C(C)(C)C)ncc2CN(C(c3ccc(NC(C)=O)s3)=O)Cc21,MOSES sample,3772,344.44,24,75.19,2.95,2,3
COC1(C(C)(C)C(CC1)(C#N)c1ccc(OC)cc1)OC,MOSES sample,3773,289.375,21,51.48,3.26568,4,2
CC(Nc1cccc(c1)NCCOc1ccc(Cl)cc1)=O,MOSES sample,3774,304.777,21,50.36,3.7893,6,2
COCc1cccc(NC(=O)COc2cccc(Cl)c2)c1,MOSES sample,3775,305.761,21,47.56,3.5039,6,2
c1c(cc(N)cn1)S(=O)(NC1CCCCC1)=O,MOSES sample,3776,255.343,17,85.08,1.2748,3,2
n1(ccc(n1)C(C)(C)C)CC(Nc1nncs1)=O,MOSES sample,3777,265.342,18,72.7,1.6708,3,2
O=C(Cn1nc(-c2cccs2)oc1=O)c1cccs1,MOSES sample,3778,292.341,19,65.1,2.5092,4,3
n1c(oc(C)c1C)COC(CCSc1ccc(cc1)C)=O,MOSES sample,3779,305.399,21,52.33,3.82546,6,2
COc1cccc(CNC(=O)c2cccc3cccnc23)c1,MOSES sample,3780,292.338,22,51.22,3.1734,4,3
Fc1cc(F)c(CN(C)Cc2scc(C(=O)N)c2)c(c1)F,MOSES sample,3781,314.332,21,46.33,2.8963,5,2
n12c(nc(-c3ccccc3)c2NC(=O)COCC2OCCC2)cccc1,MOSES sample,3782,351.406,26,64.86,3.1354,6,4
CNC(=O)CCC(O)c1ccc(OC)c(C(C)(C)C)c1,MOSES sample,3783,279.38,20,58.56,2.5523,5,1
C(c1ccc(cc1)F)(=O)N1CCN(C(c2ccc(OC)cc2)=O)CC1,MOSES sample,3784,342.37,25,49.85,2.4325,3,3
C1(NC(CSc2nc(N)cc([nH]2)=O)=O)CCCCC1,MOSES sample,3785,282.369,19,100.87,0.8931,4,2
CC(C)Oc1ccccc1-c1ncc(CN2CC3(CC2)OCCO3)o1,MOSES sample,3786,344.411,25,56.96,3.0776,5,4
Cc1ncc(CN2CCN(c3cnn(C)c(=O)c3Cl)CC2)s1,MOSES sample,3787,339.852,22,54.26,1.52082,3,3
O=C(c1cc(OC)c(cc1C)OC)OCC(=O)N,MOSES sample,3788,253.254,18,87.85,0.65432,5,1
O=C(NCCCO)Nc1cc(ccc1)N1CCCC1=O,MOSES sample,3789,277.324,20,81.67,1.3173,5,2
Oc1cccc(c1)CC(NCCNc1nccc(-c2ccccc2)n1)=O,MOSES sample,3790,348.406,26,87.14,2.62,7,3
c1(c(=O)c2c(ccc(c2)F)n(C)n1)C(=O)NC1CC1,MOSES sample,3791,261.256,19,63.99,0.9648,2,3
O=c1cc(CSc2ccc3ccccc3n2)nc2sccn12,MOSES sample,3792,325.418,22,47.26,3.5965,3,4
C(c1ccc(n(C)c1)=O)CC(N1CCN(CC1)c1cnccn1)=O,MOSES sample,3793,327.388,24,71.33,0.4567,4,3
c1cnc(n1C)C(CC)(CC)NC(c1c(OC)cccc1)=O,MOSES sample,3794,301.39,22,56.15,2.874,6,2
CC1COCCN1C(=O)NCc1ccc(C(F)(F)F)cc1,MOSES sample,3795,302.296,21,41.57,2.6357,2,2
C(NC(NC(c1cc(Cl)cc(Cl)c1)C)=O)C(=O)OC(C)C,MOSES sample,3796,333.215,21,67.43,3.3052,5,1
CC(c1ccccc1Cl)N(C)C(=O)c1ccc(-n2ccnn2)cc1,MOSES sample,3797,340.814,24,51.02,3.7539,4,3
c1cc[nH]c1C(=O)COC(=O)c1cnn(-c2ccccc2)n1,MOSES sample,3798,296.286,22,89.87,1.6351,5,3
Cc1cc(C(=O)CSc2nnc(-c3ccccc3F)n2C)c(C)[nH]1,MOSES sample,3799,344.415,24,63.57,3.54114,5,3
n1(C2C(C)OCC2)cc(cn1)NC(=O)c1c(Cl)cccc1,MOSES sample,3800,305.765,21,56.15,3.1387,3,3
O(c1c(OC2CCN(C(c3cn4ccsc4c3)=O)CC2)cccc1)C,MOSES sample,3801,356.447,25,43.18,3.693,4,4
c1cc(c(Cn2nnc(C(=O)Nc3ccccc3OC)c2)cc1)Cl,MOSES sample,3802,342.786,24,69.04,3.2407,5,3
CC(C)C(Sc1nnc(-c2ccccc2Cl)o1)C(=O)N(C)C,MOSES sample,3803,339.848,22,59.23,3.5949,5,2
c1sc(CCOC(C(N)c2ccccc2)=O)cc1,MOSES sample,3804,261.346,18,52.32,2.5338,5,2
CC(Oc1ccccc1)C(=O)Nc1c(F)cccc1F,MOSES sample,3805,277.27,20,38.33,3.3708,4,2
CSc1c2c(ncnc2NC(c2ccccn2)=O)n(C)n1,MOSES sample,3806,300.347,21,85.59,1.7325,3,3
c1(NC(CSc2nnc(n2-n2cccc2)C)=O)nnc(CC)s1,MOSES sample,3807,349.445,23,90.52,1.84412,6,3
CCOc1ccccc1NC(C)C(=O)Nc1ccc(C(N)=O)cc1,MOSES sample,3808,327.384,24,93.45,2.6233,7,2
c1c2c(OCC(=O)N(C)Cc3ccco3)nc(nc2ccc1)C,MOSES sample,3809,311.341,23,68.46,2.56862,5,3
CCOC(=O)c1ccc(CSc2nc(C(F)(F)F)n[nH]2)o1,MOSES sample,3810,321.28,21,81.01,2.8855,5,2
c1cc(OCC(=O)NC2CCCCC2C)ccc1C(=O)N,MOSES sample,3811,290.363,21,81.42,1.8592,5,2
CC(C)c1ccc(N2CC(C(=O)N(C)CC(O)C3CC3)CC2=O)cc1,MOSES sample,3812,344.455,25,60.85,2.3922,6,3
c1(c(F)c(ccc1)OC)C(Nc1cc2c(cc1)COC2)=O,MOSES sample,3813,287.29,21,47.56,3.1168,3,3
C(=O)(NC)c1cc(CCNC(=O)C2CN(CCOC)C(C2)=O)ccc1,MOSES sample,3814,347.415,25,87.74,0.1998,8,2
c1cccc(c1C(F)(F)F)NC(N(CCC(=O)NC)C)=O,MOSES sample,3815,303.284,21,61.44,2.3052,4,1
C1COCCC1(c1ccccc1)CNC(=O)NCC,MOSES sample,3816,262.353,19,50.36,2.0539,4,2
c1c(C(NCCCOCC)=O)n[nH]c1C1CC1,MOSES sample,3817,237.303,17,67.01,1.4435,7,2
CC(C)c1n[nH]c(C2CN(C(=O)Cc3ccccn3)CCO2)n1,MOSES sample,3818,315.377,23,84,1.4657,4,3
C(c1cc(Br)cc2c1OCCO2)(=O)CN,MOSES sample,3819,272.098,15,61.55,1.3617,2,2
COCCCNC(=O)CN1CNc2ccccc2C1=O,MOSES sample,3820,277.324,20,70.67,0.6645,6,2
c1cc(-n2ncc(c2N)C(Nc2cnc3c(c2)cccc3)=O)ccc1,MOSES sample,3821,329.363,25,85.83,3.255,3,4
Cn1c(=O)[nH]c(=O)c2c3c(c(=O)n(-c4ccccc4F)c21)CCC3,MOSES sample,3822,327.315,24,76.86,1.0055,1,4
c1cc(C)sc1CC(=O)NCCCn1nccc1,MOSES sample,3823,263.366,18,46.92,2.00202,6,2
c1(F)ccc(C(=O)NCc2ccc(COCC)cc2)cc1F,MOSES sample,3824,305.324,22,38.33,3.4313,6,2
OC(CCC(N1CCC(C)CC1)=O)c1cc(c(cc1)OC)C,MOSES sample,3825,305.418,22,49.77,3.07572,5,2
O=C(c1ccc(o1)C(=O)OC)Nc1c(cccc1C)C,MOSES sample,3826,273.288,20,68.54,2.93534,3,2
O=C(OC1CCCCC1)c1ccc([nH]c1)=NS(C)(=O)=O,MOSES sample,3827,298.364,20,88.59,1.3645,3,2
n1c(N)nc(-c2cccc(c2)S(=O)(=O)N2c3ccccc3CC2)cn1,MOSES sample,3828,353.407,25,102.07,1.8722,3,4
COc1c(C)cnc(CNC(=O)c2ccc(OC)c(F)c2)c1C,MOSES sample,3829,318.348,23,60.45,2.78474,5,2
C(c1ccc(o1)CO)(=O)N1CCC2(COCCN2C)CC1,MOSES sample,3830,294.351,21,66.15,0.7087,2,3
C(c1nnsc1)(Nc1cc(Cl)ccc1NCC)=O,MOSES sample,3831,282.756,18,66.91,2.8756,4,2
C12CC(CC2)CN1C(=O)c1ccc(cc1)-n1nncc1,MOSES sample,3832,268.32,20,51.02,1.8918,2,4
O=C(OCC)c1c(NC(=O)C(C)NC(N)=O)sc2CCCc21,MOSES sample,3833,325.39,22,110.52,1.4088,5,2
CCCC(N1CCC(CC1)c1nn(C)c2c1nccn2)=O,MOSES sample,3834,287.367,21,63.91,1.8694,3,3
n1c(cnc(c1)C(Nc1ccc(Oc2cnccc2)nc1)=O)C,MOSES sample,3835,307.313,23,89.89,2.61962,4,3
N#CC1(NC(=O)c2ccc(Oc3ccccc3)cc2)CCOCC1,MOSES sample,3836,322.364,24,71.35,3.28148,4,3
c1sc(nc1)NC(C1N(C(=O)c2c3nc[nH]c3cc(F)c2)CCC1)=O,MOSES sample,3837,359.386,25,90.98,2.4018,3,4
C1CC1c1nc(sc1C(OC)=O)NC(c1cccc(OC)c1F)=O,MOSES sample,3838,350.371,24,77.52,3.2071,5,3
O=C(N1C2CC(C(C2)NC(=O)C2CCC2)C1)NC(C)C,MOSES sample,3839,279.384,20,61.44,1.4835,3,3
C(C1CCCCC1)N(C)C(=O)CCc1ccc2c(OCO2)c1,MOSES sample,3840,303.402,22,38.77,3.3866,5,3
Cc1onc(CNc2cccc(c2C)C(NC)=O)n1,MOSES sample,3841,260.297,19,80.05,1.65814,4,2
C(CNS(=O)(=O)c1ccc(s1)C)C(=O)OCC,MOSES sample,3842,277.367,17,72.47,1.28802,6,1
n1ccn(Cc2nc(sc2)-c2cnn(-c3ccccc3)c2)c1C,MOSES sample,3843,321.409,23,48.53,3.54902,4,4
c1sc(nn1)NC(=O)CNC(c1cccc(-c2ccoc2)c1)=O,MOSES sample,3844,328.353,23,97.12,2.1666,5,3
Cc1cc(C)nc(NC(=O)NC(C)c2ccc3c(c2)OCCO3)c1,MOSES sample,3845,327.384,24,72.48,3.35234,3,3
C(CNC(=O)N1C(CCC1)c1occc1)c1c[nH]c2ccccc12,MOSES sample,3846,323.396,24,61.27,3.8501,4,4
CC(=O)N1CCCC(c2cnc(-c3ccncc3)cn2)C1,MOSES sample,3847,282.347,21,58.98,2.2645,2,3
O=C(NC(CC(F)(F)F)c1ccc(F)cc1)c1cscn1,MOSES sample,3848,318.295,21,41.99,3.7057,4,2
C1CN(CCO1)Cc1cc(=O)n2c(n1)c(cc(c2)Br)C,MOSES sample,3849,338.205,20,46.84,1.59762,2,3
n1c(C(C)C)cc(C(=O)N(CC(NC(C)(C)C)=O)C)n1C(C)(C)C,MOSES sample,3850,336.48,24,67.23,2.7482,4,1
c1(C)ccc(NC(N2CCC(OCC)CC2)=O)cc1,MOSES sample,3851,262.353,19,41.57,3.02782,3,2
c1c(ccc(N)c1C(F)(F)F)OC(C(OCC)=O)CC,MOSES sample,3852,291.269,20,61.55,3.0081,5,1
n1(ncc(C(NCC(O)C)=O)c1C(F)(F)F)CC(C)C,MOSES sample,3853,293.289,20,67.15,1.6685,5,1
C(Nc1ccc(CCC(NC)=O)cc1)(=O)NCC1CCC(CC1)(C)C,MOSES sample,3854,345.487,25,70.23,3.7031,6,2
c1(cn2c(ncc(n2)NC2CCC(CC2)C(NC)=O)n1)C,MOSES sample,3855,288.355,21,84.21,1.14942,3,3
Cc1cc(C)c(C)c(OCCn2c(=O)oc3ccc(N)cc32)c1,MOSES sample,3856,312.369,23,70.39,3.18096,4,3
Cc1ccc(S(=O)(=O)NC(C)Cn2ccnc2)cc1C,MOSES sample,3857,293.392,20,63.99,1.86694,5,2
Cc1cc(ccc1NC(=O)NCCO)C(NCC)=O,MOSES sample,3858,265.313,19,90.46,0.85852,5,1
CN(CC(=O)NCC1Cc2ccccc2O1)c1ncnc2[nH]cnc12,MOSES sample,3859,338.371,25,96.03,0.909,5,4
COC(=O)CCNC(=O)CNC(=O)c1ccncc1,MOSES sample,3860,265.269,19,97.39,-0.5093,6,1
COc1ccc(C(O)C(C)NC(=O)c2cc3c(C)nn(C)c3s2)cc1,MOSES sample,3861,359.451,25,76.38,2.80372,5,3
O=C(c1cnccn1)N1CCOC2C(OCc3ccccn3)CCC21,MOSES sample,3862,340.383,25,77.44,1.4604,4,4
CN(CCCC(=O)OC(C)(C)C)C(=O)c1c(F)cccc1F,MOSES sample,3863,313.344,22,46.61,3.1587,5,1
CSc1n(c(COc2ccc(cc2)Oc2ccccn2)nn1)C,MOSES sample,3864,328.397,23,62.06,3.3033,6,3
C1(CCCCN1C(c1nc2nccc(n2n1)C)=O)C,MOSES sample,3865,259.313,19,63.39,1.44732,1,3
N1(C(CC)=O)CCN(CC1)c1nc2ccccc2s1,MOSES sample,3866,275.377,19,36.44,2.3549,2,3
c1cc(cnc1)C(=O)N1CCN(C(=O)Nc2scc(C)n2)CC1,MOSES sample,3867,331.401,23,78.43,1.83642,2,3
c12CN(CCn2c(Cn2cncn2)cn1)Cc1nccs1,MOSES sample,3868,301.379,21,64.66,0.9952,4,4
C1=CCCC2C3C4c4c(C)[nH]n3C(CC4OC21)(O)O,MOSES sample,3869,,,,,,
C(=O)(c1n(C)ncc1)Nc1nnc(o1)-c1ccc(c(c1)Cl)Cl,MOSES sample,3870,338.154,22,85.84,3.0292,3,3
Cc1ccsc1CN(C)C(=O)c1cc(Cl)ccc1-n1cnnn1,MOSES sample,3871,347.831,23,63.91,2.95782,4,3
Cn1cc(S(=O)(=O)N2CCCCC2c2ccccn2)cn1,MOSES sample,3872,306.391,21,68.09,1.731,3,3
c1(cc(ccc1)OCC(=O)NCc1cc2ccccc2o1)C,MOSES sample,3873,295.338,22,51.47,3.43642,5,3
n1cccn1Cc1cccc(c1)CNC(Nc1scnn1)=O,MOSES sample,3874,314.374,22,84.73,2.1046,5,3
c1(c(C)cccc1)C(=O)NC(C)C(=O)Nc1ccc(c(c1)Cl)C#N,MOSES sample,3875,341.798,24,81.99,3.2771,4,2
C(c1occc1)N(C)c1nn2c(nnc2cc1)-c1ccccc1,MOSES sample,3876,305.341,23,59.46,3.0207,4,4
CC1CN(CC(=O)c2ccccc2Br)CC(C)O1,MOSES sample,3877,312.207,18,29.54,2.741,3,2
C1N(CC1c1nc(no1)-c1ccncc1)C(c1occc1)=O,MOSES sample,3878,296.286,22,85.26,1.9642,3,4
FC(F)(c1ccc(c(C(N2C(COCC2)CC(C)C)=O)c1)F)F,MOSES sample,3879,333.325,23,29.54,3.7316,3,2
O=S(=O)(N1CC(C)CC(C1)C)N1c2c(cc(cc2)N)CC1,MOSES sample,3880,309.435,21,66.64,1.854,2,3
c1c2c(ccc1OCc1ccc(cc1)Cl)c(=O)n(cc2)CCC#N,MOSES sample,3881,338.794,24,55.02,4.14758,5,3
O=C(CO)N1CCN(CC1)Cc1nc2c(c(n1)C)cccc2,MOSES sample,3882,300.362,22,69.56,0.57472,3,3
n1nc(SCC(=O)Nc2sccc2C#N)n(C)c1CC,MOSES sample,3883,307.404,20,83.6,2.04148,5,2
n1cc(CNC(=O)C(C)C)ccc1OCC(F)(F)F,MOSES sample,3884,276.258,19,51.22,2.2949,5,1
C(c1n(ncc1)C)(=O)Nc1nc2ccc(cc2s1)OCC,MOSES sample,3885,302.359,21,69.04,2.6808,4,3
n1(CC)cc(c(n(c1=O)C)=O)C#CCNC(=O)Cc1ccc(F)cc1,MOSES sample,3886,343.358,25,73.1,0.4164,4,2
CCCCNC(=O)N1CCN(c2nccs2)CC1,MOSES sample,3887,268.386,18,48.47,1.7748,4,2
CC(NC(=O)c1ccoc1)C(=O)NCc1cccc2ccccc12,MOSES sample,3888,322.364,24,71.34,2.8675,5,3
c1(C(O)Cn2c(=O)c3c(n(c2=O)C)ncn2nc(nc23)CC)occc1,MOSES sample,3889,356.342,26,120.45,0.0269,4,4
c1(csc(NC(=O)CSc2nc(CCC)cc(=O)[nH]2)n1)C,MOSES sample,3890,324.431,21,87.74,2.21812,6,2
Cc1ccc(S(=O)(=O)N(CCC#N)C(C)C)cc1C,MOSES sample,3891,280.393,19,61.17,2.61622,5,1
c1(n(cc(C(CN(CC=C)Cc2sccc2)=O)c(n1C)=O)C)=O,MOSES sample,3892,333.413,23,64.31,1.0164,7,2
c1c(-c2nc(CC3CCN(CC3)c3nccnc3)cnc2)cc(nc1)C,MOSES sample,3893,346.438,26,67.69,3.09612,4,4
CN(Cc1ccco1)C(=O)CN1CCN(c2ccccc2F)CC1,MOSES sample,3894,331.391,24,39.93,2.1993,5,3
CSc1ccc(C(C)NC(=O)c2ccc[nH]c2=O)cc1,MOSES sample,3895,288.372,20,61.96,2.5878,4,2
s1cccc1C1N(CCC1)C(Cn1ncc(c1)Br)=O,MOSES sample,3896,340.246,19,38.13,3.0708,3,3
c1cccc(c1Cl)Cn1c([nH]c2c1cc(c(OC)c2)OC)=O,MOSES sample,3897,318.76,22,56.25,3.0485,4,3
C(NC(CN(S(c1sccc1)(=O)=O)C)=O)c1cc(ccc1)C,MOSES sample,3898,338.454,22,66.48,1.99342,6,2
C(C)(c1noc(n1)C(C)N(CCOc1ccccc1)C)OC,MOSES sample,3899,305.378,22,60.62,2.8488,8,2
Cc1n[nH]cc1CNC(=O)COc1ccc(CC#N)cc1,MOSES sample,3900,284.319,21,90.8,1.4794,6,2
o1c(nnc1C1CCCCC1)NCc1c(cnn1C)C(C)C,MOSES sample,3901,303.41,22,68.77,3.5863,5,3
CC(=O)N(C)C1CCN(C(=O)c2c[nH]c3cccc(F)c23)CC1,MOSES sample,3902,317.364,23,56.41,2.3899,2,3
c1c(oc(C)c1C(NCc1cnccc1)=O)-c1c(F)cccc1,MOSES sample,3903,310.328,23,55.13,3.71912,4,3
C(C(=O)NCC(=O)NC1C(=O)NCCC1)C(C)(C)C,MOSES sample,3904,269.345,19,87.3,-0.0664,4,1
c1(C(=O)N(C(COC)C)C)cn(nc1)Cc1ccccc1Cl,MOSES sample,3905,321.808,22,47.36,2.6917,6,2
c1ccsc1-c1nn2c(c1)nc(c(C#N)c2N)-c1cccs1,MOSES sample,3906,323.406,22,80,3.64018,2,4
CS(=O)(c1nc(C(=O)NCc2c(COC)cccc2)cnc1)=O,MOSES sample,3907,335.385,23,98.25,0.9565,6,2
CCCCn1c(SCC(=O)c2ccccc2Cl)n[nH]c1=O,MOSES sample,3908,325.821,21,67.75,2.9999,7,2
c1c(ccnc1)CCC(=O)N1CCC(CC1)Sc1c(cccc1)C,MOSES sample,3909,340.492,24,33.2,4.10592,5,3
C1(=O)CN(CCN1c1ccccc1C)Cc1nc(C)sc1,MOSES sample,3910,301.415,21,36.44,2.60874,3,3
c1c(cccc1)C(OC(CCC(c1ccc(cc1)F)=O)=O)C,MOSES sample,3911,300.329,22,43.37,4.093,6,2
O=C(c1occ(C(=O)OC)c1)Nc1c(cccc1)C(N)=O,MOSES sample,3912,288.259,21,111.63,1.4174,4,2
O=c1cc(n(CC(=O)Nc2ccn(n2)CC)cc1)OC,MOSES sample,3913,276.296,20,78.15,0.712,5,2
FC(CN(C)C(C)c1nc2ccccc2c(=O)[nH]1)F,MOSES sample,3914,267.279,19,48.99,2.181,4,2
c1c(C(Nc2c(c(C)c(C)s2)C#N)=O)ccnc1OC1CCC1,MOSES sample,3915,327.409,23,75.01,3.81522,4,3
O=C(c1cc2c(cc1)OCO2)OCC(c1[nH]ccc1)=O,MOSES sample,3916,273.244,20,77.62,1.7831,4,3
C1N(CCC1)C(=O)CCNC(=O)Nc1ccccc1N1CCCCC1,MOSES sample,3917,344.459,25,64.68,2.8109,5,3
c12n(c3c(=O)n(c(n(c3n1)C)=O)C)c1ccccc1c(c2C)O,MOSES sample,3918,310.313,23,81.53,1.05212,0,4
c1c(-c2csc(CN3CCOCC3)c2Cl)ccc(c1)O,MOSES sample,3919,309.818,20,32.7,3.6063,3,3
CCc1onc(C)c1NC(=O)c1cc2c(cc1Cl)OCCCO2,MOSES sample,3920,336.775,23,73.59,3.61242,3,3
CC(=O)c1cccc(NC(=O)NCc2cc(C)oc2C)c1,MOSES sample,3921,286.331,21,71.34,3.42074,4,2
CN1C(C(Oc2ccc(S(NCCO)(=O)=O)cc12)(CC)CC)=O,MOSES sample,3922,342.417,23,95.94,0.8712,6,2
C1N(c2ccccc2F)CCC(C1)NC(NC1CCC(O)CC1)=O,MOSES sample,3923,335.423,24,64.6,2.3972,3,3
CC(CO)(NC(Nc1cc(F)c(OC)cc1OC)=O)C1CC1,MOSES sample,3924,312.341,22,79.82,2.1254,6,2
C1CN(CCC1C)C(=O)COc1cc(C(C)=O)ccc1,MOSES sample,3925,275.348,20,46.61,2.5265,4,2
c1ccccc1CC1CCN(c2c(cc(Cl)cn2)N)CC1,MOSES sample,3926,301.821,21,42.15,3.7763,3,3
FC(c1ccc(cc1)CNCC(=O)N1CC(CC(C1)C)C)(F)F,MOSES sample,3927,328.378,23,32.34,3.2995,4,2
n1c2ccccc2[nH]c1NC(=O)c1c(OCCOC)cccc1,MOSES sample,3928,311.341,23,76.24,2.8404,6,3
c1(S(C)(=O)=O)c[nH]c(c1)C(=O)CCCCC,MOSES sample,3929,243.328,16,67,2.1812,6,1
CC(=O)Nc1ccc(O)c(C(=O)Nc2ccc3c(c2)n(C)c(=O)n3C)c1,MOSES sample,3930,354.366,26,105.36,1.7933,3,3
O=c1c2c(nc(NCc3c(cccc3F)Cl)n1C)scc2,MOSES sample,3931,323.78,21,46.92,3.3996,3,3
s1c(CC)nc(c1)CC(NC(C)C(=O)NC(C)(C)C)=O,MOSES sample,3932,297.424,20,71.09,1.6674,5,1
COCCn1c(c2c(sc(c2)-c2ccccc2)nc1)=O,MOSES sample,3933,286.356,20,44.12,2.7714,4,3
CC(C)(OC(N1CCC(C(Nc2cc(cc(F)c2)F)=O)CC1)=O)C,MOSES sample,3934,340.37,24,58.64,3.5504,2,2
c1(c(CC(=O)NCCNC(=O)C(C)(C)C)c(C)on1)C,MOSES sample,3935,281.356,20,84.23,1.11244,5,1
C(#N)c1cccc(c1)OC(C)C(N1C(CCC1)(C)C)=O,MOSES sample,3936,272.348,20,53.33,2.72658,3,2
S(Cc1csc(n1)CC(=O)N(C)C)c1nccc(C#N)c1,MOSES sample,3937,318.427,21,69.88,2.33278,5,2
O=C(NCc1ccc(C)cc1)CNC(=O)C(c1ccccc1)OC,MOSES sample,3938,326.396,24,67.43,2.11512,7,2
O=C(NCC1CN2CCCCC2CO1)c1ccccc1,MOSES sample,3939,274.364,20,41.57,1.6697,3,3
O=C(CCC(=O)c1ccc(Cl)cc1)Nc1ccc2[nH]ccc2c1,MOSES sample,3940,326.783,23,61.96,4.4229,5,3
FC(F)(CNC(C(C)NC(c1ccncc1F)=O)=O)F,MOSES sample,3941,293.22,20,71.09,1.0175,4,1
c1(ccsc1C(NCC(NCc1occc1)=O)=O)CC,MOSES sample,3942,292.36,20,71.34,1.9497,6,2
C(N(Cc1nn(CC)cc1Cl)C)c1n2CCCCCc2nn1,MOSES sample,3943,322.844,22,51.77,2.5063,5,3
O=C(c1nocc1)NCC(O)COc1ccc(F)cc1,MOSES sample,3944,280.255,20,84.59,0.9834,6,2
C(c1csc(n1)C)Nc1ccc(cc1)S(=O)(=O)CC,MOSES sample,3945,296.417,19,59.06,2.85722,5,2
C1Cc2c(CC1)scc2C(=O)N1CCC(CC1)NS(C)(=O)=O,MOSES sample,3946,342.486,22,66.48,1.7807,3,3
O=C(CNC(=O)C1CC1)NCc1nnc2n1CCCCC2,MOSES sample,3947,291.355,21,88.91,0.1469,5,3
c1nc(n(c1C(Nc1cccc(c1)Cn1nccc1)=O)-c1ccccc1)C,MOSES sample,3948,357.417,27,64.74,3.67782,5,4
C(c1ccc(F)cc1S(N)(=O)=O)N(Cc1onc(CC)n1)C,MOSES sample,3949,328.369,22,102.32,1.0505,6,2
Fc1ccccc1OCCN(C)C(CCn1ncc(C)c1)=O,MOSES sample,3950,305.353,22,47.36,2.25812,7,2
c1(-c2noc(C3CCN(C(=O)C4CCCC4)C3)n2)ccccn1,MOSES sample,3951,312.373,23,72.12,2.6377,3,4
c12c(CCCC2)nc(CCNC(CCc2c(cccc2)OC)=O)s1,MOSES sample,3952,344.48,24,51.22,3.322,7,3
O=S(c1ccc(NC(=O)N)cc1)(=O)N(C(C)C)CC(F)F,MOSES sample,3953,321.349,21,92.5,1.8414,6,1
c1nccc(CCNC(=O)Nc2cc(F)c(c(c2)F)OC)c1,MOSES sample,3954,307.3,22,63.25,2.7326,5,2
c1(noc(n1)-c1[nH]ccc1)CC(Nc1cc(ccc1)C)=O,MOSES sample,3955,282.303,21,83.81,2.55432,4,3
n1n(ccc1)CC(=O)Nc1scc(n1)-c1cccnc1,MOSES sample,3956,285.332,20,72.7,2.0403,4,3
c1(OC2CC3(OC2)CCN(C(=O)COC)CC3)ccccc1,MOSES sample,3957,305.374,22,48,1.8619,4,3
COc1ccc(Cc2cn3c(n2)SCC3CC(=O)NC2CC2)cc1,MOSES sample,3958,343.452,24,56.15,2.798,6,4
CNC(=O)c1cccc(CNC(=O)NCC2CC=CCC2)c1,MOSES sample,3959,301.39,22,70.23,2.2017,5,2
c1cc(ncc1CNC(=O)N1CCc2ccccc2C1)-n1cccn1,MOSES sample,3960,333.395,25,63.05,2.5352,3,4
C(c1nc2ccccc2n1CF)N1CCN(CC1)c1sccn1,MOSES sample,3961,331.42,23,37.19,2.742,4,4
c1(S(=O)(=O)Nc2c(cccc2)C(OCC)=O)ccc(O)cc1,MOSES sample,3962,321.354,22,92.7,2.3697,5,2
N(c1cc(c(cc1)OC)F)C(c1c(n[nH]c1C)C)=O,MOSES sample,3963,263.272,19,67.01,2.42654,3,2
c1(=O)c(C(NC2CCCCC2)=O)cc2ccc(cc2o1)OC,MOSES sample,3964,301.342,22,68.54,2.8641,3,3
COc1ncccc1C(=O)N=c1[nH]c2ccccc2[nH]1,MOSES sample,3965,268.276,20,83.13,1.6407,2,3
O=c1c(ccc(C)[nH]1)C(=O)NCCCc1nc(-c2ccccn2)cs1,MOSES sample,3966,354.435,25,87.74,2.56442,6,3
CCCCCNC(=O)CSc1nnc(C)n1N,MOSES sample,3967,257.363,17,85.83,0.69882,7,1
n1(c(c2c(nc1SCC(N1CCCCC1C)=O)CCS2)=O)C,MOSES sample,3968,339.486,22,55.2,1.9216,3,3
C1=CCCCN(C1)C(=O)c1[nH]cc(c1)Br,MOSES sample,3969,269.142,15,36.1,2.5694,1,2
FC(CNC(CN1CCN(c2ccc(O)cc2)CC1)=O)(F)F,MOSES sample,3970,317.311,22,55.81,1.1927,4,2
c1cccc2c(onc21)CC(=O)N(Cc1c(cccc1)OC)C,MOSES sample,3971,310.353,23,55.57,3.0375,5,3
Cc1n[nH]cc1NC(=O)C1CCN(c2nc3c(cc2C#N)CCC3)CC1,MOSES sample,3972,350.426,26,97.7,2.3286,3,4
COc1cc(C)c(C(C)NC(=O)c2ccco2)cc1OC,MOSES sample,3973,289.331,21,60.7,3.09622,5,2
C1CCCCN(C1)C(=O)CN1C(=O)CNc2cc(c(cc12)C)C,MOSES sample,3974,315.417,23,52.65,2.46454,2,3
c1ncn(n1)C(C(=O)NC1CC(N(Cc2c(cccc2)F)C1)=O)C,MOSES sample,3975,331.351,24,80.12,0.8955,5,3
CN(Cc1ccccc1Br)C(=O)C1CCCCO1,MOSES sample,3976,312.207,18,29.54,2.9766,3,2
n1n(C)cc(CN(C(Nc2ccc(C)nc2)=O)CC)c1,MOSES sample,3977,273.34,20,63.05,2.17752,4,2
Cc1ccc(NC(=O)CN2CCOc3cccc(N)c32)cc1Cl,MOSES sample,3978,331.803,23,67.59,3.06812,3,3
Cc1cc(N2CCN(CCNC(Nc3cn(nc3)C)=O)CC2)ccc1,MOSES sample,3979,342.447,25,65.43,1.67222,5,3
c1(ccc(cc1)-c1nc(Cn2c(C)c(C)sc2=O)no1)F,MOSES sample,3980,305.334,21,60.92,2.76404,3,3
CCOC(CCC(C)NC(NC1(c2cc(ccc2)Cl)CC1)=O)=O,MOSES sample,3981,338.835,23,67.43,3.3601,7,2
c1c(F)cc(cc1-c1noc(n1)-c1cc2c(n[nH]c2nc1)C)F,MOSES sample,3982,313.267,23,80.49,3.26152,2,4
C(C)(c1ccccc1)OC(c1cc(cs1)C(N)=O)=O,MOSES sample,3983,275.329,19,69.39,2.765,4,2
c1ccc(C(C)=O)c(OCCn2nc(-c3sccc3)oc2=O)c1,MOSES sample,3984,330.365,23,74.33,2.8464,6,3
COc1ccc(C(=O)N2CC3CNC(=O)C(C)C3C2)nn1,MOSES sample,3985,290.323,21,84.42,-0.0607,2,3
n1c(-c2cc3n(ccc3cc2)CC(N)=O)nn(n1)CC(=O)OC,MOSES sample,3986,314.305,23,117.92,-0.0469,5,3
c12OCOc2ccc(CN(C(Nc2ccc(cc2)C(C)=O)=O)C)c1,MOSES sample,3987,326.352,24,67.87,3.2818,4,3
CN1C(C(CC1C(NC(c1cccs1)C)=O)c1cccnc1)=O,MOSES sample,3988,329.425,23,62.3,2.3348,4,3
COc1nccnc1N1CCC(NC(=O)C2CC2)C1,MOSES sample,3989,262.313,19,67.35,0.5901,4,3
C1C(N2CCOCC2)C(Oc2ncc(N)c(c12)N)CC,MOSES sample,3990,278.356,20,86.63,0.6603,2,3
C(=O)(COc1ccc(C(N)=O)cc1)N(Cc1ccco1)C,MOSES sample,3991,288.303,21,85.77,1.4159,6,2
C1N(C(c2cc(ccc2)NC(=O)OC)=O)CCC(C1)C,MOSES sample,3992,276.336,20,58.64,2.737,2,2
c1c(OC)cc(OC)cc1NC(=O)c1c(c(C(=O)C)c([nH]1)C)C,MOSES sample,3993,316.357,23,80.42,3.10364,5,2
Cc1nc(CN2CCN(C(=O)c3ccccc3C)CC2)no1,MOSES sample,3994,300.362,22,62.47,1.64444,3,3
Cc1cc(NC(=O)c2cccc(Nc3cnccn3)c2)no1,MOSES sample,3995,295.302,22,92.94,2.76892,4,3
COc1cccc(C(=O)NCc2ccc(NC(=O)CC(C)C)cc2)c1,MOSES sample,3996,340.423,25,67.43,3.6098,7,2
C1CCN(CCN1S(=O)(N1CCCC(C)C1)=O)c1nnccc1,MOSES sample,3997,339.465,23,69.64,0.9654,3,3
Cc1nsc(N2CCCN(C(=O)NCCC(C)C)CC2)n1,MOSES sample,3998,311.455,21,61.36,2.11432,4,2
Cc1cccc(C(=O)NCc2ccc(C(=O)N3CCCC3)cc2)c1C,MOSES sample,3999,336.435,25,49.41,3.46944,4,3
c1(=O)n(C)c2nc(sc2c(n1C)=O)SCc1nc(CC)no1,MOSES sample,4000,339.402,22,95.81,0.9314,4,3
COC(=O)c1cc(C(=O)Nc2cccc3cn[nH]c23)ccn1,MOSES sample,4001,296.286,22,96.97,1.9968,3,3
CCNC(=O)c1cccc(NC(=O)c2ccc3ncsc3c2)c1,MOSES sample,4002,325.393,23,71.09,3.2983,4,3
O=C(c1oc(NC(c2ccc(cc2-n2cnnn2)F)=O)cc1)OC,MOSES sample,4003,331.263,24,112.14,1.4333,4,3
CN(CCOCC1CC1)C(=O)c1ccc(C#N)cc1,MOSES sample,4004,258.321,19,53.33,2.05688,6,2
c1cc(OCC(=O)NCC(O)c2cn(c3ccccc32)C)ccc1,MOSES sample,4005,324.38,24,63.49,2.4069,6,3
COC(=O)c1ccc(NC(=O)c2ccc(N3CCCC3)cc2)cc1,MOSES sample,4006,324.38,24,58.64,3.3257,4,3
c12ccccc1cccc2CNCC(=O)NC1CC1,MOSES sample,4007,254.333,19,41.13,2.208,5,3
O=S(=O)(N(C(C)C)C)c1ccc(cc1)C(=O)N(CC1CC1)C,MOSES sample,4008,324.446,22,57.69,2.1975,6,2
c1c(cc(cc1OCC(=O)NC(C(NC)=O)CC(C)C)C)C,MOSES sample,4009,306.406,22,67.43,1.95914,7,1
c1cccc(c1OC)CNC(Nc1ccccc1SC(F)F)=O,MOSES sample,4010,338.379,23,50.36,4.3316,6,2
c1(C(C)C)oc(NCc2cnn(n2)-c2ccccc2)nn1,MOSES sample,4011,284.323,21,81.66,2.3858,5,3
O=C(Nc1onc(C)c1)CN1Cc2c(CC1)ccc(c2)Cl,MOSES sample,4012,305.765,21,58.37,2.63322,3,3
CC(=O)Nc1ccc(S(=O)(=O)NCc2c(C)nn(C)c2C)cc1C,MOSES sample,4013,350.444,24,93.09,1.78226,5,2
n1n(Cc2ccc(cc2)CNC(c2[nH]ccn2)=O)c(C)cc1C,MOSES sample,4014,309.373,23,75.6,2.20134,5,3
c1[nH]ncc1NC(c1cc(OC)c(cc1C)OC)=O,MOSES sample,4015,261.281,19,76.24,1.98762,4,2
C1CC(C(N(C(C)C)Cc2ccccc2)=O)CCN1C(=O)C1CC1,MOSES sample,4016,328.456,24,40.62,3.0722,5,3
c1c(cc(cc1)NCc1cccn1C)C(N1C(C)CCCC1)=O,MOSES sample,4017,311.429,23,37.27,3.6518,4,3
C(CCNc1nc(nc(c1)OC)C1CCCCC1)O,MOSES sample,4018,265.357,19,67.27,2.3272,6,2
C1(NC(Nc2cn(Cc3c(cccc3)C)nc2)=O)CC(OCC)C12CCC2,MOSES sample,4019,368.481,27,68.18,3.70902,6,4
C(c1ccccc1)n1c(C)nnc1SCc1ccc(cc1)C#N,MOSES sample,4020,320.421,23,54.5,3.7988,5,3
O(c1onc(C)n1)C(C(=O)N1CCCC1)c1ccccc1,MOSES sample,4021,287.319,21,68.46,2.12052,4,3
COC(=O)c1cccc(CC(=O)NCc2c(C)c3ccccc3o2)c1,MOSES sample,4022,337.375,25,68.54,3.38672,5,3
c12C(=O)NC(c2c(ccc1)C)(N1CCCC1)C(=O)C,MOSES sample,4023,258.321,19,49.41,1.57602,2,3
O=S(c1cccc(Br)c1)(=O)N(CC)CC(OC)=O,MOSES sample,4024,336.207,18,63.68,1.6327,5,1
C1COCCC1(CNS(=O)(c1cccs1)=O)c1c(cccc1)C,MOSES sample,4025,351.493,23,55.4,3.08322,5,3
CC(C)c1nc2cc(CCCCn3cc(N)cn3)ccc2o1,MOSES sample,4026,298.39,22,69.87,3.7528,6,3
c1nc2c3c(cc([nH]3)C(NCc3occc3)=O)ccc2cc1,MOSES sample,4027,291.31,22,70.92,3.2391,3,4
N(C(CSc1ccccc1C)=O)c1nonc1NC(=O)CC,MOSES sample,4028,320.374,22,97.12,2.45732,6,2
c1c(cccc1)-n1cnnc1SCC(c1cn(C)nc1)=O,MOSES sample,4029,299.359,21,65.6,1.9758,5,3
c12CCN(C(=O)c3ccccc3)Cc2sc(n1)NC(=O)C1CCC1,MOSES sample,4030,341.436,24,62.3,3.0802,3,4
C1N(CCN(CC1)Cc1n(ccn1)CC)c1sccn1,MOSES sample,4031,291.424,20,37.19,2.0718,4,3
C(OC)(=O)c1c(C)[nH]c(c1C)C(OCC(=O)c1ccc(cc1)F)=O,MOSES sample,4032,333.315,24,85.46,2.59694,5,2
c1(C(NC2c3c(c(ccc3)Cl)CC2)=O)cnn(C)c1C1CC1,MOSES sample,4033,315.804,22,46.92,3.3682,3,4
CC1=C(C(=O)N)C(C)N=C1C(=O)NCC1OCCC1,MOSES sample,4034,265.313,19,93.78,-0.0735,4,2
c1c(ccc(c1)F)CC(=O)Nc1c(F)cc(F)cc1,MOSES sample,4035,265.234,19,29.1,3.2851,3,2
COCc1ccccc1C(=O)Nc1ccc(OC(F)F)c(F)c1,MOSES sample,4036,325.286,23,47.56,3.8258,6,2
c1c2c(cc(c1C)C)N(C(C(N2CCC#N)(C)C)=O)C,MOSES sample,4037,271.364,20,47.34,2.77852,2,2
c1cccc(n1)C(CC)NC(=O)C1(CCOCC1)c1ccccc1,MOSES sample,4038,324.424,24,51.22,3.3973,5,3
CCN(CCC(=O)OC)S(=O)(=O)c1cc(Cl)ccc1C,MOSES sample,4039,319.81,20,63.68,2.22212,6,1
c1cccc2n(CC(Nc3scc(n3)C(C)C)=O)nnc12,MOSES sample,4040,301.375,21,72.7,2.6499,4,3
O=C(N1CC2CC1C(N(C2)Cc1nc(sc1)C)=O)CC1CC1,MOSES sample,4041,319.43,22,53.51,1.81092,4,4
O(CC(F)F)c1cccc(C(=O)Nc2ccc(cc2)C#N)n1,MOSES sample,4042,303.268,22,75.01,2.84948,5,2
c1cc(CC2C(=O)N(C)c3cc(N)ccc3O2)cc(Cl)c1,MOSES sample,4043,302.761,21,55.56,2.8887,2,3
S(c1ccc(nn1)NC(=O)Nc1cc(C)n[nH]1)CC,MOSES sample,4044,278.341,19,95.59,2.26412,4,2
N(c1ccc(NC(C)=O)cc1)C(=O)c1cccc(C)c1,MOSES sample,4045,268.316,20,58.2,3.20572,3,2
c1ccc2c(c1)cccc2NC(=O)CSc1c2c(n(nc2)C)ncn1,MOSES sample,4046,349.419,25,72.7,3.2473,4,4
Cc1c2c(ncnc2SCC(c2ccc(cc2)F)=O)on1,MOSES sample,4047,303.318,21,68.88,3.04032,4,3
C(Nc1c(C)cc(F)cc1)(c1nnn(c1COC)-c1ccccc1)=O,MOSES sample,4048,340.358,25,69.04,3.11352,5,3
C(CS(c1ccccc1)(=O)=O)c1ccccc1,MOSES sample,4049,246.331,17,34.14,2.703,4,2
C(C(=O)Nc1c(C)cccc1C)Sc1nc(c(nn1)C)C,MOSES sample,4050,302.403,21,67.77,2.83608,4,2
O1CC(N(C(=O)c2cc(C)nc3onc(C)c23)CC1)c1n(C)ccc1,MOSES sample,4051,340.383,25,73.39,2.39184,2,4
s1c(nc(C(=O)NC(c2cc(c(cc2F)OC)OC)C)c1C)C,MOSES sample,4052,338.404,23,60.45,3.40724,5,2
COCC(=O)Nc1sc(-c2cccc(c2)N)nn1,MOSES sample,4053,264.31,18,90.13,1.3722,4,2
O1CCC(C(=O)NC(C)c2cccc(c2)OC(C)C)CC1,MOSES sample,4054,291.391,21,47.56,3.0776,5,2
C(c1ccccc1)(C(=O)c1cc(oc1C)C)n1nnc2c1cccc2,MOSES sample,4055,331.375,25,60.92,4.11344,4,4
c1c2c(c(C(NCc3nc(-c4ccncc4)no3)=O)cn1)cccc2,MOSES sample,4056,331.335,25,93.8,2.6098,4,4
c1(c(cc(S(Cc2ccccc2)(=O)=O)cc1)Cl)C#N,MOSES sample,4057,291.759,19,57.93,3.18558,3,2
c12[nH]ccc2c(ccc1)C(=O)N(CCC(F)(F)F)C,MOSES sample,4058,270.254,19,36.1,3.1923,3,2
O=C1CC(c2nc(C3CC3)nn2-c2ccncc2)CN1,MOSES sample,4059,269.308,20,72.7,1.1432,3,4
Cc1ccc(NC(=O)c2cc(C)c(C)c(S(=O)(=O)N(C)C)c2)cc1,MOSES sample,4060,346.452,24,66.48,3.11446,4,2
C1C(C)=CCC2CN(C(=O)Cc3c(F)cccc3F)CC12,MOSES sample,4061,291.341,21,20.31,3.322,2,3
C=CCOc1ccccc1C(=O)NCc1ccccc1,MOSES sample,4062,267.328,20,38.33,3.1814,6,2
CCC(=O)N(CC)CCc1nc2ccccc2c(=O)[nH]1,MOSES sample,4063,273.336,20,66.06,1.7241,5,2
c1(C(=O)N(CCC)CCC)csc(c1)S(N)(=O)=O,MOSES sample,4064,290.41,18,80.47,1.6577,6,1
C(Cn1c(nnc1)C(Nc1ccc2oc(nc2c1)C)C)OC,MOSES sample,4065,301.35,22,78,2.54722,6,3
C1CN(CCN1Cc1n(C)c2c(cccc2)n1)c1nc(ns1)C,MOSES sample,4066,328.445,23,50.08,2.05542,3,4
C(C(=O)NC(C)C)NC(c1oc2c(C(CCC2)=O)c1C)=O,MOSES sample,4067,292.335,21,88.41,1.36142,4,2
O1CCC(NC(=O)CCc2cn(C)nc2)c2cccc(c12)Cl,MOSES sample,4068,319.792,22,56.15,2.6461,4,3
NS(=O)(=O)Cc1cccc(CNC(=O)c2ccc3[nH]cnc3c2)c1,MOSES sample,4069,344.396,24,117.94,1.2814,5,3
O(CC(=O)N(C)CC(N)=O)c1cc(C(C)(C)C)ccc1C,MOSES sample,4070,292.379,21,72.63,1.61502,5,1
CCN(CCC(=O)OC)C(=O)c1cc(OC)cc(O)c1,MOSES sample,4071,281.308,20,76.07,1.426,6,1
c1(cc(-c2onc(CCN(C(c3ccc(cc3)F)=O)C)n2)ccc1)C,MOSES sample,4072,339.37,25,59.23,3.49882,5,3
c1(cc(NC(C)=O)c(cc1)C)NCC(=O)Nc1cc(ccc1)Cl,MOSES sample,4073,331.803,23,70.23,3.65742,5,2
Cc1ccc(cc1)CN1C(C(c2cc(Br)ccc21)=O)=O,MOSES sample,4074,330.181,20,37.38,3.48702,2,3
Cc1c(cccn1)CN1CCN(C(=O)c2nc(COC)sc2)CC1,MOSES sample,4075,346.456,24,58.56,1.95092,5,3
Cn1ncc(C#N)c1NCc1cc(F)cc(Cl)c1,MOSES sample,4076,264.691,18,53.64,2.69638,3,2
CN(C(=O)Nc1nnc(s1)C)Cc1ccc(cc1)OCC,MOSES sample,4077,306.391,21,67.35,2.90912,5,2
Clc1c(SC)sc(C(N(C)CC(N)=O)=O)c1,MOSES sample,4078,278.786,16,63.4,1.6807,4,1
Cc1ccccc1CC(C)(C)NC(=O)CCn1cc(C)cn1,MOSES sample,4079,299.418,22,46.92,3.02754,6,2
c1(ccc(NC(c2cccc(c2)Cl)=O)cc1)C(=O)NC1CC1,MOSES sample,4080,314.772,22,58.2,3.4845,4,3
c1c(C)nc(NC(=O)Nc2ccc3c(oc(n3C)=O)c2)s1,MOSES sample,4081,304.331,21,89.16,2.54042,2,3
c1(C)c(NC(COc2c(O)cccc2)=O)c(C)ccc1,MOSES sample,4082,271.316,20,58.56,3.02654,4,2
c1(n(nc2c1CCCC2)CCNC(=O)Nc1cc(cc(c1)F)F)=O,MOSES sample,4083,,,,,,
Cc1ccc(NC(=O)C2CC2)cc1NC(=O)c1nc(C(C)C)cs1,MOSES sample,4084,343.452,24,71.09,4.17572,5,3
N1(C(CC)=O)CCc2sc(nc2C1)NC(=O)c1ccc[nH]c1=O,MOSES sample,4085,332.385,23,95.16,1.3784,3,3
COc1cc2c3nc4cccc(OC)n4c(=O)c3ccc2c1OC,MOSES sample,4086,,,,,,
c1c2cc[nH]c2cc(-c2nc(C3CCOCC3)on2)c1,MOSES sample,4087,269.304,20,63.94,3.1119,2,4
Cc1cccc(OCCSc2nnnn2C)c1,MOSES sample,4088,250.327,17,52.83,1.68962,5,2
C1C(CNC(=O)C(C)n2ncc(c2)Cl)CCC=C1,MOSES sample,4089,267.76,18,46.92,2.57,4,2
C(N(C)C(Cn1cc(ccc1=O)C(NC1CCCCC1)=O)=O)(C)C,MOSES sample,4090,333.432,24,71.41,1.7776,5,2
Nc1nonc1-c1noc(-c2ccc(Br)cc2F)n1,MOSES sample,4091,326.085,19,103.86,2.2704,2,3
N1(C(c2nc(C)nc(N(C)C)n2)CCC1)CC(OC)C,MOSES sample,4092,279.388,20,54.38,1.41782,5,2
C1(CC1)c1cc(n(CC(Nc2ccc(cc2)C)=O)cn1)=O,MOSES sample,4093,283.331,21,63.99,2.06782,4,3
N(C(=O)CNC(c1cccc(OC)c1O)=O)c1cccnc1,MOSES sample,4094,301.302,22,100.55,1.1643,5,2
Cc1nnc(COc2ccc(C(=O)Nc3cc(F)ccc3F)cc2)o1,MOSES sample,4095,345.305,25,77.25,3.48752,5,3
O=C(N1CCCC1)Nc1c(cc(cc1)OC)OC,MOSES sample,4096,250.298,18,50.8,2.3315,3,2
N(c1cc2OCCCOc2cc1Cl)C(CSc1[nH]ncn1)=O,MOSES sample,4097,340.792,22,89.13,2.3502,4,3
c1csc(-c2nnc(COc3ccc(Cn4cncn4)cc3)o2)c1,MOSES sample,4098,339.38,24,78.86,3.0169,6,4
COCCN1CCN(c2nc(=O)[nH]nc2C)CC1,MOSES sample,4099,253.306,18,74.35,-0.75828,4,2
N1(CCCCCC1)C(c1cc(ccc1)-n1nnc2cccnc12)=O,MOSES sample,4100,321.384,24,63.91,2.8317,2,4
o1nc(C(C#N)C(=O)c2c(cccc2F)F)c2c1cccc2,MOSES sample,4101,298.248,22,66.89,3.59608,3,3
COc1ccc(NC(=O)Cc2c(C)[nH]c(=O)[nH]c2=O)c(OC)c1,MOSES sample,4102,319.317,23,113.28,0.57002,5,2
CCS(=O)(N1Cc2c(CC1)scc2)=NC(=O)OC(C)(C)C,MOSES sample,4103,330.475,21,58.97,3.4442,2,2
C1N(S(C(C)C)(=O)=O)CCN(C(=O)C2CCC(N2)=O)C1,MOSES sample,4104,303.384,20,86.79,-0.8526,3,2
COc1ccc(OC)c2sc(NC(=O)C3CCCO3)nc12,MOSES sample,4105,308.359,21,69.68,2.431,4,3
Brc1ccc2CCNC(CC(C)C)c2c1,MOSES sample,4106,268.198,15,12.03,3.682,2,2
N1(Cc2ccccc2)C(CC(C(Nc2ccc(cc2)F)=O)C1)=O,MOSES sample,4107,312.344,23,49.41,2.8129,4,3
O=C(C1N(S(=O)(=O)Cc2cc(F)ccc2)CCCC1)N,MOSES sample,4108,300.355,20,80.47,0.9953,4,2
c1(nnnn1Cc1ccccc1)NCc1cccs1,MOSES sample,4109,271.349,19,55.63,2.395,5,3
c1cc2c(n(CCOC)c(nc2cc1)SCCc1ccccc1)=O,MOSES sample,4110,340.448,24,44.12,3.3777,7,3
c1(ccc2n(n1)c(nn2)CC)N1CCN(CC1)c1ccccc1,MOSES sample,4111,308.389,23,49.56,2.0133,3,4
S(NCCCc1cn(nc1)C)(=O)(Cc1ccon1)=O,MOSES sample,4112,284.341,19,90.02,0.4603,7,2
C(N(C(=O)Nc1ccc(cc1)OCC#C)CC1CCCCO1)C,MOSES sample,4113,316.401,23,50.8,3.1215,6,2
c1(C)n(C)c(=O)c(cc1-c1c(OC(C)C)ccc(F)c1)C#N,MOSES sample,4114,300.333,22,55.02,3.1587,3,2
Oc1ccc(Cl)c2c1CCNC2c1cccs1,MOSES sample,4115,265.765,17,32.26,3.3422,1,3
CCc1ncc2c(n1)CN(C(=O)c1ccc3[nH]ccc3c1)C2,MOSES sample,4116,292.342,22,61.88,2.6763,2,4
c1(nc2c(c(SCC(=O)c3ccc(F)cc3)n1)cccc2)C,MOSES sample,4117,312.369,22,42.85,4.05232,4,3
c1ccn2c(c(C#N)c(n2)CCc2ccccc2)n1,MOSES sample,4118,248.289,19,53.98,2.38618,3,3
c1([nH]c2c(c1)cc(cc2)C)C(=O)N1CCN(CC1)C(c1ncccc1)=O,MOSES sample,4119,348.406,26,69.3,2.46952,2,4
CC(C)CCNC(=O)NCC1CN2CCCCC2CO1,MOSES sample,4120,283.416,20,53.6,1.585,5,2
CC(O)CN1CCN(CC(=O)Nc2ncccn2)CC1,MOSES sample,4121,279.344,20,81.59,-0.5865,5,2
COc1ccc(-c2cc(C(=O)N3CCCC3)no2)c(OC)c1,MOSES sample,4122,302.33,22,64.8,2.5948,4,3
Cc1cc(C)cc(NC(=O)Cc2nc3ccc(C(=O)N)cc3c([nH]2)=O)c1,MOSES sample,4123,350.378,26,117.94,1.82004,4,3
Cc1nn(C)c(C)c1S(=O)(=O)N(C)C1CCCCCC1,MOSES sample,4124,299.44,20,55.2,2.38024,3,2
CCCC(NC(=O)C(C)Nc1cnn(C(C)(C)C)c1)c1ccccc1,MOSES sample,4125,342.487,25,58.95,4.0961,7,2
c1(c(NC(C)c2oc(C)nn2)c(Cl)ccc1)OC(F)F,MOSES sample,4126,303.696,20,60.18,3.80592,5,2
CC(C)(NC(=O)c1ccc(nc1N)C(C)(C)C)C,MOSES sample,4127,249.358,18,68.01,2.4896,1,1
C(n1cncn1)C(=O)NC1CCCCN(C1)C(=O)OC(C)(C)C,MOSES sample,4128,323.397,23,89.35,1.1839,3,2
n1(CC)c(nc2c(c1=O)cccc2)SCC(Nc1ccccc1)=O,MOSES sample,4129,339.42,24,63.99,3.1472,5,3
Clc1ccccc1CNC(CNc1cccc(c1)C(NC)=O)=O,MOSES sample,4130,331.803,23,70.23,2.4279,6,2
COCCN1CC2(CCC1=O)CCN(C(=O)Cc1cccnc1)CC2,MOSES sample,4131,345.443,25,62.74,1.5017,5,3
C(NCCn1nccc1)(=O)c1cc(-c2c(Cl)cccc2)[nH]n1,MOSES sample,4132,315.764,22,75.6,2.3566,5,3
C1C(n2cccn2)CCCN1C(C1(CCCC1)c1ccc(cc1)F)=O,MOSES sample,4133,341.43,25,38.13,3.6977,3,4
CCOC(=O)Nc1ccc2c(c1)N(C)C(=O)C(C)O2,MOSES sample,4134,264.281,19,67.87,1.9987,2,2
C(Nc1c(N2CC(OC(C2)C)C)cccc1)(=O)NC(C(C)C)C,MOSES sample,4135,319.449,23,53.6,3.4662,4,2
c1ccc2c(c1C(=O)N(C(c1ccc(OC)cc1)C)C)cc[nH]2,MOSES sample,4136,308.381,23,45.33,4.0097,4,3
O=C(C1CCCO1)N1CC(c2nc(-c3ccccc3)no2)C1,MOSES sample,4137,299.33,22,68.46,1.8414,3,4
n1n(CCC)c(C)c(c1)CNc1cnn(-c2ncccn2)c1,MOSES sample,4138,297.366,22,73.45,2.18932,6,3
c12ncn(C(c3ccco3)=O)c(=O)c2n(c2ccccc21)CC,MOSES sample,4139,307.309,23,70.03,2.6526,2,4
c1(ccc(cc1)C)CNC(C#N)c1ccc(cc1)F,MOSES sample,4140,254.308,19,35.82,3.4886,4,2
O=C(Nc1ccc(-n2cncn2)nc1)c1ccco1,MOSES sample,4141,255.237,19,85.84,1.5076,3,3
O=C(c1ccc(cc1)OC(C)(C)C)Nc1c(Cl)cc(cc1)N,MOSES sample,4142,318.804,22,64.35,4.3518,3,2
c1(c(CO)ccc(n1C(C)C)-c1c(C)ccc(c1)C)=O,MOSES sample,4143,271.36,20,42.23,3.20534,3,2
COC(=O)c1c(NS(=O)(=O)c2cc3c(cc2)CCC3)cccc1,MOSES sample,4144,331.393,23,72.47,2.7627,4,3
c1(CSc2c(NC(NCCO)=O)cccc2)ccccc1,MOSES sample,4145,302.399,21,61.36,3.0927,6,2
c1c(F)ccc(C(C)Sc2nc(c(C(=O)C)cc2C#N)C)c1,MOSES sample,4146,314.385,22,53.75,4.4567,4,2
n1(cc(c2c1cccc2)C(=O)NCCS(=O)(=O)c1ccccc1)C,MOSES sample,4147,342.42,24,68.17,2.382,5,3
N(C(c1cc(ccc1NCC#C)C(F)(F)F)=O)(C)C,MOSES sample,4148,270.254,19,32.34,2.4523,3,1
c1(cc(cc(c1)F)F)C(=O)N1CCN(CC1)C(C(C)OCCC)=O,MOSES sample,4149,340.37,24,49.85,2.0643,5,2
C(Nc1c(c(ccc1)Cl)C)(=O)C1sc(C)nc1C,MOSES sample,4150,,,,,,
C#Cc1cccc(NC(=O)C(C)Oc2ccccc2OCC)c1,MOSES sample,4151,309.365,23,47.56,3.4726,6,2
c1cc(c2c(c1)cc(o2)C(N1CCN(CC1)C)=O)Cl,MOSES sample,4152,278.739,19,36.69,2.4738,1,3
CC(=O)N1CCc2cc(NCc3cccn3C)ccc21,MOSES sample,4153,269.348,20,37.27,2.5462,3,3
Cc1c(C(=O)N(C)C)sc(NC(=O)c2cccc(Cl)c2)c1C#N,MOSES sample,4154,347.827,23,73.2,3.5357,3,2
c1c(ccc(c1)C(COC(=O)c1ncc(cc1)C(=O)N)C)F,MOSES sample,4155,302.305,22,82.28,2.2801,5,2
C(=O)(NCc1cnccc1)C(Sc1scc(n1)C)C,MOSES sample,4156,293.417,19,54.88,2.64352,5,2
c1cc(ncc1CC(=O)Oc1cc(Oc2ccccn2)ccc1)C,MOSES sample,4157,320.348,24,61.31,3.72542,5,3
n1c(NC(CN2CCOCC2CC(C)C)=O)scc1,MOSES sample,4158,283.397,19,54.46,1.8285,5,2
CCn1cc(C(=O)NC2(c3ccccc3)CC2)c(C(F)(F)F)n1,MOSES sample,4159,323.318,23,46.92,3.3409,4,3
C(NC(C)(C)C)(=O)CN(C(c1[nH]nc(CCC)c1)=O)C1CC1,MOSES sample,4160,306.41,22,78.09,1.8815,6,2
c1cccc2c1cc(cc2)NC(c1cnc2n(ncc2c1)CCC)=O,MOSES sample,4161,330.391,25,59.81,4.2468,4,4
C(C1CCCCC1)NC(COc1ccc(cc1)F)=O,MOSES sample,4162,265.328,19,38.33,2.901,5,2
C(OCC)(=O)C1(NC(CNC(=O)c2ccccc2Cl)=O)CCCC1,MOSES sample,4163,352.818,24,84.5,2.0619,6,2
N(Cc1cscc1)C(c1cc(C)c(s1)CC)=O,MOSES sample,4164,265.403,17,29.1,3.61042,4,2
Cc1ccc(Cn2c(CN(C(=O)c3cccn3C)C)scc2)cc1,MOSES sample,4165,,,,,,
c1cccn1-c1scc(CC(Nc2c(Cl)cccc2)=O)n1,MOSES sample,4166,317.801,21,46.92,3.7684,4,3
NS(=O)(=O)c1ccc(CNC(=O)c2cc(Cl)ccn2)cc1,MOSES sample,4167,325.777,21,102.15,1.3124,4,2
c1ccc(cc1)-c1c(n2c(n1)SCC2)CSc1nncn1C,MOSES sample,4168,329.454,22,48.53,3.0766,4,4
c1(c(cc(F)c(Cl)c1)Cl)C(NCCS(=O)(N)=O)=O,MOSES sample,4169,315.153,18,89.26,1.1508,4,1
c1c(NC(=O)COc2ccc(Cl)cc2)ccc(c1)C(NC)=O,MOSES sample,4170,318.76,22,67.43,2.7171,5,2
C(CCO)NC(=O)COc1cc(ccc1)Cl,MOSES sample,4171,243.69,16,58.56,1.2174,6,1
c1(C(Nc2ccccc2)=O)cc(ccc1)NC(=O)c1ccc(n(n1)C)=O,MOSES sample,4172,348.362,26,93.09,2.2849,4,3
O=C(Cn1ccnc1)NC1CCCCNC1=O,MOSES sample,4173,236.275,17,76.02,-0.332,3,2
Cc1ccc(S(=O)(=O)Nc2c(-c3ccc(F)cc3)ncn2C)cc1,MOSES sample,4174,345.399,24,63.99,3.33542,4,3
O=C(N(C)CC(Nc1cccc(c1)Cl)=O)NCc1ncsc1,MOSES sample,4175,338.82,22,74.33,2.5766,5,2
CCOC(=O)C(C)NC(=O)c1c(C)c2cc(O)ccc2oc1=O,MOSES sample,4176,319.313,23,105.84,1.48842,4,2
N(C(=O)CN1c2c(OC(C1=O)C)cccc2)Cc1nc(C)sc1C,MOSES sample,4177,345.424,24,71.53,2.19024,4,3
c12c(cccc2)nc([nH]c1=O)C(=O)NCc1cccs1,MOSES sample,4178,285.328,20,74.85,1.9146,3,3
O=c1c(C(F)(F)F)cccn1Cc1c(cccc1F)F,MOSES sample,4179,289.203,20,22,3.1936,2,2
Cc1cc2c(N)cccc2c(C(=O)Nc2ccccc2C)n1,MOSES sample,4180,291.354,22,68.01,3.68614,2,3
n1nc(oc1Cc1ccc(cc1)C)SCC(C)C(=O)C,MOSES sample,4181,290.388,20,55.99,3.28602,6,2
C(Oc1cccc(c1)NC(=O)Cc1ccc(F)cc1F)COC,MOSES sample,4182,321.323,23,47.56,3.1712,7,2
c1c(ccc(-c2noc(n2)-c2cnc(cc2)OCC)c1)N1CCCCC1,MOSES sample,4183,350.422,26,64.28,4.1876,5,4
CC(NS(=O)(=O)c1ccc(F)cc1F)c1ccccc1,MOSES sample,4184,297.326,20,46.17,3.0043,4,2
c1c(ccc(c1)Cn1ncc(NC(=O)Cc2cccs2)c1)C,MOSES sample,4185,311.41,22,46.92,3.48252,5,3
c1cc(ncc1)CNC(c1nn(CCCC)c(=O)c2ccccc21)=O,MOSES sample,4186,336.395,25,76.88,2.5216,6,3
COCCOc1ncccc1C(=O)NC(C)c1cnc(C)s1,MOSES sample,4187,321.402,22,73.34,2.36272,7,2
c1(ccc(cc1)C(=O)C)NC(=O)CCCSc1scc(n1)C,MOSES sample,4188,334.466,22,59.06,4.16512,7,2
C(C(=O)NC1(C#N)CCCC1)Nc1c(C)cccc1C,MOSES sample,4189,271.364,20,64.92,2.66792,4,2
N1C(CCC1C(=O)n1c(-c2sccc2)ccn1)=O,MOSES sample,4190,261.306,18,63.99,1.5304,2,3
Cc1cc(-c2nnc(NC(=O)c3ccc4c(c3)OCO4)o2)c(C)o1,MOSES sample,4191,327.296,24,99.62,2.92744,3,4
CN(C)C(=O)C1CCCN(C(=O)C2CCCCC2)C1,MOSES sample,4192,266.385,19,40.62,1.8935,2,2
S(=O)(=O)(c1c(C(F)(F)F)cccc1)NCC(=O)OCC,MOSES sample,4193,311.281,20,72.47,1.5468,5,1
N(C(=O)CCCOC)c1ccc(Cn2ccccc2=O)cc1,MOSES sample,4194,300.358,22,60.33,2.2617,7,2
Cn1cccc1C(O)CNC(=O)c1ccc(Cl)cc1,MOSES sample,4195,278.739,19,54.26,2.1419,4,2
c1c(-c2ccccc2)onc1NC(=O)NC1CCOC(C2CC2)C1,MOSES sample,4196,327.384,24,76.39,3.4207,4,4
C(c1c(cccc1)Br)n1nc(oc1=O)CO,MOSES sample,4197,285.097,16,68.26,1.1394,3,2
n1(-c2ccc(F)c(F)c2)nnc(c1N)-c1cccc(c1)OC,MOSES sample,4198,302.284,22,65.96,2.8033,3,3
COc1c(OC)cc(cc1OC)CCC(=O)N1CC(OC(C)C1)C,MOSES sample,4199,337.416,24,57.23,2.2808,6,2
CCCN(Cc1cc2ccccc2[nH]c1=O)C(=O)CC(C)C,MOSES sample,4200,300.402,22,53.17,3.3128,6,2
c1(ccc(cc1)NC(c1scc(c1)C(=O)N)=O)OC,MOSES sample,4201,276.317,19,81.42,2.1079,4,2
CC1CCN(C(=O)C2CC(=O)N(C)C2c2cccnc2)CC1,MOSES sample,4202,301.39,22,53.51,1.8595,2,3
o1cccc1CNC(CCC(O)c1cccs1)=O,MOSES sample,4203,265.334,18,62.47,2.4711,6,2
CCC(CC)N(CCO)C(=O)c1ccc(CC)cc1,MOSES sample,4204,263.381,19,40.54,2.8721,7,1
c12c(C(NC)=O)cc(nc2ncnc1Nc1ccccc1OC)C,MOSES sample,4205,323.356,24,89.03,2.44502,4,3
c1(C)c(cccc1)C(=O)Nc1sc2CN(C(C(C)C)=O)CCc2n1,MOSES sample,4206,343.452,24,62.3,3.24452,3,3
o1cccc1CN1CC(NS(=O)(=O)C)C2OCCCC21,MOSES sample,4207,300.38,20,71.78,0.5606,4,3
CN(C(=O)Cn1c(=O)cnc2ccccc21)c1nc2ccccc2s1,MOSES sample,4208,350.403,25,68.09,2.6692,3,4
C(c1ccccc1)N(C)C(=O)NCc1cccs1,MOSES sample,4209,260.362,18,32.34,3.0897,4,2
CCc1cc(NC(=O)c2sc(NCC)nc2C)[nH]n1,MOSES sample,4210,279.369,19,82.7,2.42112,5,2
CC(C)NC(=O)c1ccc(NC(=O)c2ccncc2)cc1,MOSES sample,4211,283.331,21,71.09,2.4721,4,2
CNc1snc(C)c1C(=O)NCC(=O)Nc1ccc(Cl)cc1,MOSES sample,4212,338.82,22,83.12,2.51512,5,2
N(C(=O)NCc1nn(cn1)C)(Cc1ccco1)Cc1sccc1,MOSES sample,4213,331.401,23,76.19,2.3816,6,3
O=S(=O)(c1c(cc(Br)cc1)Cl)N,MOSES sample,4214,270.535,12,60.16,1.7499,1,1
c1c(c(ccc1C)NC(=O)COC(=O)c1ccc(n(n1)C)=O)Cl,MOSES sample,4215,335.747,23,90.29,1.53762,4,2
CCN(CCC#N)c1ccc(Br)cc1C,MOSES sample,4216,267.17,15,27.03,3.4975,4,1
CCCn1c(=O)c2ccccc2n(CC(=O)N2CCCCCC2)c1=O,MOSES sample,4217,343.427,25,64.31,1.9758,4,3
O=C(CNC(=O)c1cccs1)c1ccc(Cl)cc1,MOSES sample,4218,279.748,18,46.17,3.0142,4,2
S(=O)(NCCCC(NC1CCC(CC1)O)=O)(C)=O,MOSES sample,4219,278.374,18,95.5,-0.2645,6,1
O=C(CCn1ccccc1=O)Cc1ccc(cc1)O,MOSES sample,4220,257.289,19,59.3,1.7558,5,2
C1COC(C(OCC(Nc2cccc(c2)F)=O)=O)C1,MOSES sample,4221,267.256,19,64.63,1.4864,4,2
C(c1ccc(cc1)C)CC(N(CC)CC(C#N)C)=O,MOSES sample,4222,258.365,19,44.1,2.9358,6,1
c1cc(C(=O)N2CCN(CCOc3ccc(cc3)C#N)CC2)oc1C,MOSES sample,4223,339.395,25,69.71,2.2965,5,3
c1cc(-c2ncc(-c3ccccc3)o2)cc(c1C)-n1nnnc1,MOSES sample,4224,303.325,23,69.63,3.29272,3,4
CCCC1CN(C(=O)c2cnc3ccc(C)cn23)CCO1,MOSES sample,4225,287.363,21,46.84,2.28382,3,3
O=C1NCCCCC1Nc1cccc2cccnc12,MOSES sample,4226,255.321,19,54.02,2.3154,2,3
c1cc(C)c(NC(=O)Cc2noc3c2cccc3)c(c1)CC,MOSES sample,4227,294.354,22,55.13,3.87982,4,3
C(Sc1oc(Cc2ccccc2)nn1)(C(NC1CC1)=O)C,MOSES sample,4228,303.387,21,68.02,2.4196,6,3
CCCn1cc(NC(=O)NC(C)c2c(C)noc2C)nn1,MOSES sample,4229,292.343,21,97.87,2.17564,5,2
c1c(c(Cl)ccc1)C(C)N(C)C(=O)Cn1nnnc1C(C)(C)C,MOSES sample,4230,335.839,23,63.91,2.8436,4,2
O1c2c(OCC1)ccc(c2)Cc1ccc(c(c1)C(C)=O)OC,MOSES sample,4231,298.338,22,44.76,3.2598,4,3
CC(C)CN1CC(C(=O)N2CCOC(C(N)=O)C2)CC1=O,MOSES sample,4232,297.355,21,92.94,-0.7964,4,2
C1CC(C(=O)N)CN(C(CSc2ccc(c3c2cccc3)C)=O)C1,MOSES sample,4233,342.464,24,63.4,2.96422,4,3
c1(c(cc(cc1)C(=O)CCN(Cc1ccccc1)C(=O)C)C)OC,MOSES sample,4234,325.408,24,46.61,3.62512,7,2
N(C(NC1CCC2(CC1)OCCO2)=O)c1cc(Cl)c(cc1)C,MOSES sample,4235,324.808,22,59.59,3.45562,2,3
n1(CC(=O)N2CC(c3c(Cl)cc(OC)cc3)OCC2)nccc1,MOSES sample,4236,335.791,23,56.59,2.1452,4,3
n1c(N(C2CC2)C(C)c2oc3c(cccc3)c2)c2c(nc1)n(C)nc2,MOSES sample,4237,333.395,25,59.98,3.8395,4,5
c1(cc(N2CCCC2)c(CNC(COCC)=O)cc1)Br,MOSES sample,4238,341.249,20,41.57,2.702,6,2
Cc1nnc(s1)SCc1ccc(C(NCC#C)=O)cc1,MOSES sample,4239,303.412,20,54.88,2.50182,5,2
C(NC(=O)c1coc(-c2ccccc2)n1)c1c[nH]nc1C,MOSES sample,4240,282.303,21,83.81,2.30312,4,3
n1cc(cnc1-c1ccccn1)C(N1CC(n2cncn2)CCC1)=O,MOSES sample,4241,335.371,25,89.69,1.6074,3,4
Cn1cc(CNS(=O)(=O)c2ccc(N3CCCC3=O)cc2)nn1,MOSES sample,4242,335.389,23,97.19,0.4204,5,3
c1(F)c(cc(OC2CCN(CC2)C(=O)COCCC)cc1)F,MOSES sample,4243,313.344,22,38.77,2.7612,6,2
CNC(=O)CN(C(=O)C1CC(=O)N(C2CCCCC2)C1)C,MOSES sample,4244,295.383,21,69.72,0.372,4,2
Cc1cccc(C(=O)Nc2sc(C)c(C)c2C(=O)N2CCCC2)c1,MOSES sample,4245,342.464,24,49.41,4.16166,3,3
c1c(C2CCCN2C(=O)NCc2ccc(nc2)OC)ccnc1,MOSES sample,4246,312.373,23,67.35,2.5319,4,3
c1cc(ccc1S(CC)=O)C(=O)N1C(C)COCC1C,MOSES sample,4247,295.404,20,46.61,2.0635,3,2
CN(C(c1cc2NC(CSc2cc1)=O)=O)CC1CC1,MOSES sample,4248,276.361,19,49.41,2.2128,3,3
Cn1nc2cc(N3CCCC(C(=O)c4nccn4C)C3)cnc2c1CC,MOSES sample,4249,352.442,26,68.84,2.3635,4,4
n1c(C(=O)NCC=C)coc1NC(=O)c1ccco1,MOSES sample,4250,261.237,19,97.37,1.4357,5,2
C(c1cnccc1)CNC(=O)N1CCC(CS(=O)(=O)N)CC1,MOSES sample,4251,326.422,22,105.39,0.3342,5,2
c1(noc(CNC(=O)N(CC)CC2CCOC2)c1)C(CC)C,MOSES sample,4252,309.41,22,67.6,2.7561,7,2
n1c2c(c(=O)n(c1)CC1CC1(Cl)Cl)cccc2,MOSES sample,4253,269.131,17,34.89,2.5903,2,3
O(CC)C(=O)CC1c2cc(Br)c(C)cc2CCN1,MOSES sample,4254,312.207,18,38.33,2.89752,3,2
c1cc(c(cc1)NC(=O)C1CC2OC1CC2)N1CC(C)OC(C)C1,MOSES sample,4255,330.428,24,50.8,2.8062,3,4
Cc1cc2c(cc1C)N(CC(=O)Nc1ccccc1)C(=O)CN2,MOSES sample,4256,309.369,23,61.44,2.70064,3,3
c1ccc(C(N2CCN3C(c4c(cccc4)C3=O)C2)=O)s1,MOSES sample,4257,298.367,21,40.62,2.401,1,4
Cc1cccc(S(=O)(=O)n2cc3c4c(cccc42)C(=O)C3(C)C)c1,MOSES sample,4258,339.416,24,56.14,3.66062,2,4
c12c(cccn2)c(n(CCOCC(C)C)cn1)=O,MOSES sample,4259,247.298,18,57.01,1.4641,5,2
CC1CC(C)CN(C1)S(NCCC(O)c1occc1)(=O)=O,MOSES sample,4260,316.423,21,82.78,1.5154,6,2
N(C(c1cc(c(cc1)C)C)=O)c1ccc(F)c(c1)N,MOSES sample,4261,258.296,19,55.12,3.27704,2,2
CC1CN(C(=O)NC2CCN(c3ccccc3)CC2)CCO1,MOSES sample,4262,303.406,22,44.81,2.0857,2,3
C(N1CCCC(NC(C)=O)C1)(Nc1c(Cl)ccc(c1)NC(=O)C)=O,MOSES sample,4263,352.822,24,90.54,2.4308,3,2
CCC(C)NC(=O)C(C)NC(=O)NCc1csc(C)n1,MOSES sample,4264,298.412,20,83.12,1.55392,6,1
C(N)(=O)c1ccc(NC(=O)CNc2c(ccc(c2)C#N)Cl)cc1,MOSES sample,4265,328.759,23,108.01,2.36118,5,2
c1(OCCC(=O)N2CCNC(=O)CC2)cc(Cl)ccc1,MOSES sample,4266,296.754,20,58.64,1.4574,4,2
CCN(CCC(=O)OC)S(=O)(=O)C(C)(C)C,MOSES sample,4267,251.348,16,63.68,0.9997,5,0
Cc1cc(C(=O)NCC=C)nc(N2CCOCC2)n1,MOSES sample,4268,262.313,19,67.35,0.53742,4,2
c1(F)cc(C(N(CC(C)O)Cc2ccccc2)=O)ccc1F,MOSES sample,4269,305.324,22,40.54,2.988,5,2
CC(NC(=O)CCCOc1ccc(F)cc1)C(N)=O,MOSES sample,4270,268.288,19,81.42,0.9747,7,1
O=C(COc1ccc2ccc(=O)oc2c1)NCc1ccc(Cl)cc1,MOSES sample,4271,343.766,24,68.54,3.1416,5,3
CC(C)(C)C(=O)CNC(=O)C1CC(=O)N(Cc2ccccn2)C1,MOSES sample,4272,317.389,23,79.37,1.1615,5,2
c1(ccc(cc1Cl)NC(=O)NCC(OC(C)C)=O)F,MOSES sample,4273,288.706,19,67.43,2.5522,4,1
C(NCC=C)(=O)c1c(nn(-c2ccccc2)c1C(C)C)C,MOSES sample,4274,283.375,21,46.92,3.21992,5,2
c1(ncc(C(=O)Nc2ccc(C(=O)NC(C)C)cc2)cc1)C,MOSES sample,4275,297.358,22,71.09,2.78052,4,2
CC(C(NC(C)(C)C)=O)NC(=O)Nc1sccn1,MOSES sample,4276,270.358,18,83.12,1.5678,3,1
O=C(NCc1cccc(Cl)c1)c1cnn2cc[nH]c12,MOSES sample,4277,274.711,19,62.19,2.2458,3,3
c1oc(CNC(CN2c3c(CCC2=O)cccc3)=O)cc1,MOSES sample,4278,284.315,21,62.55,1.8752,4,3
Cc1cccc(-n2ncc(C(=O)NCCC(N)=O)c2-n2cccc2)c1,MOSES sample,4279,337.383,25,94.94,1.57662,6,3
CN1CC(C(=O)OCc2sc3ccccc3c2Cl)CC1=O,MOSES sample,4280,323.801,21,46.61,3.0762,3,3
N1CCCn2c1nc1c2ccc(c1)Br,MOSES sample,4281,252.115,14,29.85,2.6144,0,3
CC(C)(C)Oc1c(ccc(c1)F)NC(Cc1ccc[nH]1)=O,MOSES sample,4282,290.338,21,54.12,3.5123,4,2
O=S(CCCC)(N1Cc2c(cnc(n2)N(C)C)C1)=O,MOSES sample,4283,284.385,19,66.4,0.9881,5,2
c1c(NC(CSc2c3[nH]cnc3ncn2)=O)cc(cc1OC)OC,MOSES sample,4284,345.384,24,102.02,2.1009,6,3
C(NC(CNc1c(cccc1)Oc1ccccc1)=O)C(F)(F)F,MOSES sample,4285,324.302,23,50.36,3.5693,6,2
N1c2c(cccc2)C(N(C2CC2)C1c1ccc(C)cc1)=O,MOSES sample,4286,278.355,21,32.34,3.72392,2,4
CC(NCc1ccc(C(N)=O)cc1)c1ccc(S(N)(=O)=O)cc1,MOSES sample,4287,333.413,23,115.28,1.2837,6,2
CC(C#N)CN(C)CC(=O)NCCc1ccccc1,MOSES sample,4288,259.353,19,56.13,1.43678,7,1
N(CCCn1c(ccn1)C1CC1)C(=O)c1c(cccc1)OC,MOSES sample,4289,299.374,22,56.15,2.5892,7,3
COc1cc(C)ccc1NCc1cnc(C)s1,MOSES sample,4290,248.351,17,34.15,3.38064,4,2
N1(CC(C(Nc2cc(ncn2)N2CCCC2)=O)CC1=O)C1CC1,MOSES sample,4291,315.377,23,78.43,1.0262,4,4
c1c(c(cc(C)c1)C)N1CCCS1(=O)=O,MOSES sample,4292,225.313,15,37.38,1.84334,1,2
C(n1c(=O)cnc2c1cccc2)C(NCc1ccc(OC)nc1)=O,MOSES sample,4293,324.34,24,86.11,1.1165,5,3
CCC1(CC)Oc2ccc(C)cc2N(Cc2ccccc2C#N)C1=O,MOSES sample,4294,334.419,25,53.33,4.3511,4,3
Cc1n(C)nc(c1NC(=O)c1c(n[nH]c1)-c1ccccc1F)C,MOSES sample,4295,313.336,23,75.6,2.81844,3,3
c1(Cl)c(cccc1)CN1CCN(C(=O)c2cc(cs2)C)CC1,MOSES sample,4296,334.872,22,23.55,3.66792,3,3
c1cc(CC)c(NC(CSc2nccn2Cc2occc2)=O)cc1,MOSES sample,4297,341.436,24,60.06,3.8176,7,3
O=C(c1ccc(OC)c(c1)-c1ccccc1)Nc1ccc(C)n(C)c1=O,MOSES sample,4298,348.402,26,60.33,3.62162,4,3
c1cc(C)c(cc1NC(=O)Cc1ccc(cc1)F)-n1cnnn1,MOSES sample,4299,311.32,23,72.7,2.29102,4,3
C(c1cc(=O)oc2c1ccc(OC)c2)(N1CCN(CC)CC1)=O,MOSES sample,4300,316.357,23,62.99,1.5793,3,3
n1n(c(nn1)-c1cc(ccc1)NC(c1ccc(OCC)cc1)=O)C,MOSES sample,4301,323.356,24,81.93,2.5281,5,3
N#CCc1c(c(C)sc1S(=O)(=O)C)-c1occc1,MOSES sample,4302,281.358,18,71.07,2.7861,3,2
C(n1c2c(cn1)cc(-c1cnn(CC)c1)cc2)CO,MOSES sample,4303,256.309,19,55.87,1.912,4,3
C1(CC)c2c(csc2CCN1C(COC)=O)C,MOSES sample,4304,253.367,17,29.54,2.53872,3,2
CC(C)(c1ccc(C(=O)NCc2cn(C)nc2)cc1)C,MOSES sample,4305,271.364,20,46.92,2.6476,3,2
c1(cc(ccc1)N1CCN(CC1)c1cccc(F)c1)N,MOSES sample,4306,271.339,20,32.5,2.7345,2,3
C(c1ccc(O)cc1Cl)(=O)NCCc1n2ccccc2nn1,MOSES sample,4307,316.748,22,79.52,2.0608,4,3
c1(NC(=O)Cn2ccnc2)ccc2c(c1)nc(-c1ccccn1)s2,MOSES sample,4308,335.392,24,72.7,3.1935,4,4
COCCN(C)C(=O)c1ccn(-c2cccc(c2)F)n1,MOSES sample,4309,277.299,20,47.36,1.7298,5,2
Cc1cc(Nc2cccc(Oc3ccccc3)c2)n2ncnc2n1,MOSES sample,4310,317.352,24,64.34,3.96862,4,4
c12nc(sc2CCCC1)NC(=O)Cc1nc(sc1)C,MOSES sample,4311,293.417,19,54.88,2.96802,3,3
c1c(O)cccc1NC(c1cc2c([nH]1)cccc2F)=O,MOSES sample,4312,270.263,20,65.12,3.2649,2,3
COC(=O)c1ccccc1NC(=O)N1CCCC1c1c(C)n[nH]c1C,MOSES sample,4313,342.399,25,87.32,3.18214,3,3
C1OCCN(C1)C(c1c(N)nc(-c2cccnc2)cc1)=O,MOSES sample,4314,284.319,21,81.34,1.1982,2,3
c1([nH]ccc1)CC(NC1CCCN(C1)C(=O)OC(C)(C)C)=O,MOSES sample,4315,307.394,22,74.43,2.0729,3,2
O=S(=O)(c1ccccc1F)Nc1ccc(cc1N)C,MOSES sample,4316,280.324,19,72.19,2.51712,3,2
CCN(CC(=O)NC(C)(C)C)C(=O)C1CC1c1ccccc1,MOSES sample,4317,302.418,22,49.41,2.5533,5,2
n1(C)nc(CNC(=O)Nc2c(cc(Cl)cc2)F)nc1,MOSES sample,4318,283.694,19,71.84,1.9293,3,2
O=C(Nc1ccccc1S(=O)(=O)N1CCCC1)c1ccc(F)cc1,MOSES sample,4319,348.399,24,66.48,2.8625,4,3
C(CNS(c1cccs1)(=O)=O)(O)c1cc2c(OCC2)cc1,MOSES sample,4320,325.411,21,75.63,1.6949,5,3
c1(ccc(CC)cc1)Cc1oc(NCc2cccnc2)nn1,MOSES sample,4321,294.358,22,63.84,3.2299,6,3
O=C(c1ccccc1)N1CCOCC1c1noc(-c2cccnc2)n1,MOSES sample,4322,336.351,25,81.35,2.3453,3,4
C(=O)(c1cccc(c1)CNC(=O)NCCc1ncccc1)NCC,MOSES sample,4323,326.4,24,83.12,1.8732,7,2
c12c(nc[nH]1)cc(C(NCc1c(cccc1)Cl)=O)cc2,MOSES sample,4324,285.734,20,57.78,3.1463,3,3
O=S(c1ccccc1OC)(=O)C(C(N(CC)CC)=O)C,MOSES sample,4325,299.392,20,63.68,1.7258,6,1
N#Cc1nccnc1Sc1nnc(C2CCCCC2)n1C1CC1,MOSES sample,4326,326.429,23,80.28,3.47358,4,4
CCc1cccc(NC(C)C(=O)Nc2cccc(C(=O)N(C)C)c2)c1,MOSES sample,4327,339.439,25,61.44,3.3899,6,2
COc1ccc2nnc(C(=O)NCc3ccoc3)nc2c1,MOSES sample,4328,284.275,21,90.14,1.5564,4,3
c1(n[nH]c(OC)c1C(c1ccc(Cl)cc1)CC(OC)=O)C,MOSES sample,4329,308.765,21,64.21,3.07512,5,2
c1c(c(C(C(C)C)c2ccc(cc2)O)c(cc1)C#N)F,MOSES sample,4330,269.319,20,44.02,4.19088,3,2
c1cc(OCCn2cc(c(c3c2cccc3N)=O)C(N)=O)cc(C)c1,MOSES sample,4331,337.379,25,100.34,2.07002,5,3
n1c(CN(C(=O)C2CCCN(C2)S(=O)(=O)C)C)c(C)c(OC)c(C)c1,MOSES sample,4332,369.487,25,79.81,1.33704,5,2
C(C(C)(CC(Nc1sc2c(n1)cccc2)=O)O)n1cccc1,MOSES sample,4333,315.398,22,67.15,2.8776,5,3
CCc1nn2c(=O)cc(COC(=O)CC(C)(C)C)nc2s1,MOSES sample,4334,309.391,21,73.56,2.1928,4,2
C(N1CCOC(C1)C)CN(CC(F)(F)F)CC(=O)N(C)C,MOSES sample,4335,311.348,21,36.02,0.6596,6,1
C(=O)(OC)c1c(C)cc(Cn2cc(c(=O)[nH]c2=O)Cl)o1,MOSES sample,4336,298.682,20,94.3,0.92632,3,2
c1ccc2c(cc(C(N3CC(=O)NCC3)=O)o2)c1OCC,MOSES sample,4337,288.303,21,71.78,1.4035,3,3
c1[nH]nc(c1)C(Nc1ccc2CCCN(c2c1)C(c1ccncc1)=O)=O,MOSES sample,4338,347.378,26,90.98,2.65,3,4
C(C)N(CCCNc1c(N)c(OC)ncn1)c1ccccc1,MOSES sample,4339,301.394,22,76.3,2.3959,8,2
c1ccc2c(oc(n2)CN(C(c2cc(ccc2)-n2nnnc2)=O)CC)c1,MOSES sample,4340,348.366,26,89.94,2.4658,5,4
C(NC(c1cc2c(oc1=O)cccc2)=O)Cc1ccc(OC)cc1,MOSES sample,4341,323.348,24,68.54,2.7741,5,3
c1(NS(CCC)(=O)=O)cccc(c1)NC(=O)c1ccccc1,MOSES sample,4342,318.398,22,75.27,3.0906,6,2
c1n(nc(C(=O)Nc2cccc(F)c2)c1OC)-c1ccc(Cl)cc1,MOSES sample,4343,345.761,24,56.15,3.9257,4,3
Fc1cc(F)c(cc1)NC(CNc1cc(ccc1)C(=O)NC)=O,MOSES sample,4344,319.311,23,70.23,2.375,5,2
n1c(C)c2c(Nc3ccccc3N=C2O)c(c1)C(=O)NC(C)(C)C,MOSES sample,4345,324.384,24,86.61,3.61162,1,3
CCNC(=O)N1CCN(Cc2nc(-c3ccc(OC)cc3)no2)CC1,MOSES sample,4346,345.403,25,83.73,1.5923,5,3
c1cccnc1NC(CSc1n(CC=C)c(C(C)C)nn1)=O,MOSES sample,4347,317.418,22,72.7,2.7133,7,2
NS(=O)(=O)c1ccc(CNC(=O)Nc2cccnc2)cc1,MOSES sample,4348,306.347,21,114.18,1.0507,4,2
Fc1c(ccc(c1)CN(C)C(=O)Cc1nc(C)sc1)OC,MOSES sample,4349,308.378,21,42.43,2.80032,5,2
C(c1ccc(N2CCN(CC2)C(=O)C2OCCC2)c(F)c1)(=O)C,MOSES sample,4350,320.364,23,49.85,1.8559,3,3
C(C)c1c(N2CCCS2(=O)=O)ccc(c1)Br,MOSES sample,4351,304.209,16,37.38,2.5514,2,2
Cc1cccc(S(=O)(=O)N(C)c2c(C)nc3ccccn3c2=O)c1,MOSES sample,4352,343.408,24,71.75,2.13644,3,3
N(C(N1CCC(CC1)O)=O)CCc1ccccc1F,MOSES sample,4353,266.316,19,52.57,1.5345,3,2
c1(=O)cc(n(C2CN(c3nnc(o3)CC)CCC2)c(C)c1)C,MOSES sample,4354,302.378,22,64.16,2.25204,3,3
c1(-c2oc(nn2)Cc2c(C)cccn2)c(cccc1)N,MOSES sample,4355,266.304,20,77.83,2.61302,3,3
c1cc(ccc1S(=O)(NCC)=O)C(=O)Nc1ncccc1,MOSES sample,4356,305.359,21,88.16,1.6321,5,2
CC(=O)N1CCCC1C1NCCc2c(C)cccc21,MOSES sample,4357,258.365,19,32.34,2.19272,1,3
c1cc(S(CC(NCC(C)C)=O)=O)ccc1C,MOSES sample,4358,253.367,17,46.17,1.87482,5,1
Cc1ccc(cc1NC(C)=O)NCC(N(C)Cc1ccccc1)=O,MOSES sample,4359,325.412,24,61.44,3.02392,6,2
C1C(C)CN(S(=O)(=O)NC(Cc2c(cc(cc2)F)F)=O)CC1,MOSES sample,4360,332.372,22,66.48,1.6002,4,2
c1(csc(n1)NC(C(C)(C)c1cc(F)ccc1)=O)-c1ncccc1,MOSES sample,4361,341.411,24,54.88,4.2605,4,3
Cc1n[nH]c2c1C(c1ccccc1O)c1c([nH]c(=O)[nH]c1=O)N2,MOSES sample,4362,311.301,23,126.66,1.03752,1,4
c1c(Cl)ccc(c1)OC(C(=O)NC1(CCCCC1)C(N)=O)C,MOSES sample,4363,324.808,22,81.42,2.4117,5,2
o1c(-c2c(F)cccc2)nnc1C1CCCN(C1)C(C(C)(C)C)=O,MOSES sample,4364,331.391,24,59.23,3.6278,2,3
Cc1cc(CN2CCOC(Cn3cccn3)C2)c2ccccc2n1,MOSES sample,4365,322.412,24,43.18,2.64072,4,4
CC1CN(CC(O)COCc2ccco2)C(C)CO1,MOSES sample,4366,269.341,19,55.07,1.2663,6,2
CCOc1ccc(C(=O)Nc2cc(F)ccc2OC)cc1OC,MOSES sample,4367,319.332,23,56.79,3.4939,6,2
CN(C)C(=O)c1ccc(Cl)c(NCC(=O)NC(C)(C#N)C(C)C)c1,MOSES sample,4368,350.85,24,85.23,2.50818,6,1
CCC(C)C(NC(=O)c1ccc(F)c(COC)c1)C(N)=O,MOSES sample,4369,296.342,21,81.42,1.6019,7,1
N(CCO)C(C12C(C)(C)C(C)(C(=O)C1)CC2)=O,MOSES sample,4370,239.315,17,66.4,0.8804,3,2
S(N(CC(=O)N1CC2CC1CC2)C)(c1c(F)cccc1)(=O)=O,MOSES sample,4371,326.393,22,57.69,1.4571,4,3
C(C(c1c(OC)cccc1)NC(C(C)C)=O)C(C)C,MOSES sample,4372,263.381,19,38.33,3.5546,6,1
NS(=O)(=O)c1ccc(NCCc2ccc(Cl)cc2)c(F)c1,MOSES sample,4373,328.796,21,72.19,2.7811,5,2
C(NCCNc1ncccn1)(=O)Nc1ccc(cc1)F,MOSES sample,4374,275.287,20,78.94,1.8493,5,2
C1N(Cc2ccccc2C)C(=O)CC1Nc1nc(cc(C(C)C)n1)N,MOSES sample,4375,339.443,25,84.14,2.70362,5,3
c12ccc(cc2OCCO1)CC(NC(C(=O)N1CCCCC1)C)=O,MOSES sample,4376,332.4,24,67.87,1.5175,4,3
c1nc(C(c2c(c(ccc2)OC)OC)=O)n(c1)C1CC1,MOSES sample,4377,272.304,20,53.35,2.4662,5,3
c1c(NC(CCCc2ccc(cc2)OC)=O)c(=O)n(C(C)C)cc1,MOSES sample,4378,328.412,24,60.33,3.3992,7,2
c1(OCCOC)ccc(CNC(C2C3CC(C=C3)C2)=O)cn1,MOSES sample,4379,302.374,22,60.45,1.9352,7,3
COC(=O)C(C)NC(=O)Nc1ccc(Cl)cc1Cl,MOSES sample,4380,291.134,18,67.43,2.6764,3,1
CC(CCc1ccc(Br)cc1)NC(=O)C(C)NC(N)=O,MOSES sample,4381,342.237,20,84.22,1.9432,6,1
CCNC(=O)N1CCN(C(=O)Cc2ccc(-n3cccn3)cc2)CC1,MOSES sample,4382,341.415,25,70.47,1.2885,4,3
C(C)(C)(NC(Nc1nc(C)c(s1)C(C)=O)=O)C,MOSES sample,4383,255.343,17,71.09,2.57412,2,1
O=C(CN1CCOCC1C1CC1)Nc1ccc2c(c1)OCO2,MOSES sample,4384,304.346,22,60.03,1.4646,4,4
c12c(n(C(C)C)nc2)nc([nH]c1=O)CN(CC)c1ccccc1,MOSES sample,4385,311.389,23,66.81,2.727,5,3
CN(C)c1c(OC2(CCCC2)C(N)=O)cc(C)cc1,MOSES sample,4386,262.353,19,55.56,2.23792,4,2
O=c1cc(c2c(ccc(c2)OCC(Nc2c(cccc2)C)=O)o1)C,MOSES sample,4387,323.348,24,68.54,3.42734,4,3
c1(Nc2ccc3c(CCN3C(C)=O)c2)nc(CCC)nc2nccnc21,MOSES sample,4388,348.41,26,83.9,3.0249,4,4
O=C(CCNC(C1CC(N(C)C1)=O)=O)NC1CCCC1,MOSES sample,4389,281.356,20,78.51,0.0298,5,2
c1ccc(Cn2c(=O)oc(c(Br)c2)=O)o1,MOSES sample,4390,272.054,15,65.35,1.2053,2,2
c1(cc(ccc1)NC(C)=O)C(N1CCCCC1C)=O,MOSES sample,4391,260.337,19,49.41,2.6596,2,2
Cc1ccc(C(N)=O)cc1NC(=O)c1ccc(Cl)cc1,MOSES sample,4392,288.734,20,72.19,2.99962,3,2
c1cc(-c2nn(CC(Nc3[nH]nc(c3)C)=O)c(=O)cc2)ccc1C,MOSES sample,4393,323.356,24,92.67,1.88894,4,3
c1c(C(Nc2cnn(c2C(=O)NC)C)=O)cc(C)cc1,MOSES sample,4394,272.308,20,76.02,1.34042,3,2
O=C(N(CC)Cc1cc(ccc1)C)NCCCOC,MOSES sample,4395,264.369,19,41.57,2.56302,7,1
n1c(C)c(nc(NCc2ccc(cc2)Cl)c1C)C,MOSES sample,4396,261.756,18,37.81,3.66736,3,2
O=C(c1sc2c(cco2)c1)Nc1c2c(cc(C)c1)cccn2,MOSES sample,4397,308.362,22,55.13,4.60322,2,4
CC(C)(OC(N(C)CCCC(NC(C)(C)C)=O)=O)C,MOSES sample,4398,272.389,19,58.64,2.5482,4,0
c1(-c2n(C)c(c3cc(ccc3n2)C)=O)sccc1,MOSES sample,4399,256.33,18,34.89,2.97042,1,3
c1(c(C)noc1C)C(Nc1nccc(c1)COC)=O,MOSES sample,4400,261.281,19,77.25,2.08514,4,2
C(NC(=O)c1ccc(C)c(C)c1)c1ccnc(OC)c1,MOSES sample,4401,270.332,20,51.22,2.63704,4,2
n1(C(c2cnn(C(C)C)c2N)=O)nc2c(c1)CCCC2,MOSES sample,4402,273.34,20,78.73,1.81,2,3
O=C(N1CCc2sccc2C1)CN1C(c2cccs2)CCC1,MOSES sample,4403,332.494,22,23.55,3.5314,3,4
CC(C)(C)c1nnc(CN2CCCSc3ccccc32)o1,MOSES sample,4404,303.431,21,42.16,3.8695,2,3
c1(nc2c(n(C)nc2c(n1)N1CCC1)C)-c1ccc(cc1)F,MOSES sample,4405,297.337,22,46.84,2.68792,2,4
n1c(c(cn1C)C(Nc1c(-n2c(C)cc(C)n2)cccc1)=O)C(F)F,MOSES sample,4406,345.353,25,64.74,3.41254,4,3
O=C(OCc1cc(F)ccc1)c1cc(S(N)(=O)=O)ccc1,MOSES sample,4407,309.318,21,86.46,1.8301,4,2
C(NC(c1ccccc1OCC(=O)N)=O)C(O)c1ccsc1,MOSES sample,4408,320.37,22,101.65,1.0756,7,2
n1ccncc1C(=O)Nc1cc2c(cc1)OC(C(=O)N2)C,MOSES sample,4409,284.275,21,93.21,1.4483,2,3
C1(CCCC1)NC(NC1CCN(C1)c1ncccc1F)=O,MOSES sample,4410,292.358,21,57.26,2.0412,3,3
Cc1ccc2nc(SCC(=O)Nc3ccc(Cl)cn3)oc2c1,MOSES sample,4411,333.8,22,68.02,3.91542,4,3
c1(=O)n2CCCCCc2nc2cc(ccc12)C(=O)N(CCC#N)C,MOSES sample,4412,324.384,24,78.99,2.10858,3,3
c1cnccc1NC(N1CCc2cc(ccc21)S(N(C)C)(=O)=O)=O,MOSES sample,4413,346.412,24,82.61,1.9265,3,3
CN(C1CCCN(C1)c1ncccn1)c1ncnc2c1c(no2)C,MOSES sample,4414,325.376,24,84.07,1.82142,3,4
O=C1CCC(C(=O)NC2CCSc3ccccc32)N1,MOSES sample,4415,276.361,19,58.2,1.6183,2,3
C12(CC(CCC2)NC(c2ccc(nc2C)C(=O)N)=O)CN(C(=O)C)C1,MOSES sample,4416,344.415,25,105.39,1.00982,3,3
c1cc(ccc1)N1CCN(C(CC2c3c(cccc3)NC2=O)=O)CC1C,MOSES sample,4417,349.434,26,52.65,2.8497,3,4
COc1cccc(C(=O)NCC(=O)NC2CCCC2)c1F,MOSES sample,4418,294.326,21,67.43,1.6229,5,2
O1C(C)(CC1)CNS(=O)(=O)c1ccc2CCN(c2c1)C(=O)C,MOSES sample,4419,324.402,22,75.71,1.0529,4,3
N(c1ccc(NC(=O)C2CCOCC2)cc1C(F)(F)F)(C)C,MOSES sample,4420,316.323,22,41.57,3.1365,3,2
Cc1c2c(c(c3c(CCCC3)n2)NCCO)nc(c1)C,MOSES sample,4421,271.364,20,58.04,2.52964,3,3
O=C(CCc1ccccc1O)NC1CCN(C(=O)c2ccccc2)C1,MOSES sample,4422,338.407,25,69.64,2.3557,5,3
C1(CCCCC1)C(NC1CCN(C(CC2CC3CC2CC3)=O)CC1)=O,MOSES sample,4423,346.515,25,49.41,3.5002,4,4
c1c(Cl)cc2ccn(c(=O)c2c1)CCCC(=O)OC,MOSES sample,4424,279.723,19,48.3,2.6081,4,2
n1c(ccn1CCCNC(=O)C(n1nccc1)C)-c1cnccc1,MOSES sample,4425,324.388,24,77.63,1.9091,7,3
N(CCCC(NC1CCCC(C1)C(F)(F)F)=O)C(=O)C,MOSES sample,4426,294.317,20,58.2,2.14,5,1
C1CN(CCN1c1ccccc1F)CC(=O)N1CCNC(=O)C1,MOSES sample,4427,320.368,23,55.89,-0.0939,3,3
O=C(c1ccsc1)N1CCc2nc3ccnn3cc2C1,MOSES sample,4428,284.344,20,50.5,1.9893,1,4
c1(NC(COC)=O)c(C(NC2CC2)=O)ccs1,MOSES sample,4429,254.311,17,67.43,1.2252,5,2
c1(-n2ccnc2)c(cccc1)NC(=O)c1cncn1-c1ccc(cc1)F,MOSES sample,4430,347.353,26,64.74,3.4494,4,4
c1(ccc(cc1)NC(=O)C1CC1)-c1n(ncn1)CC(O)CO,MOSES sample,4431,302.334,22,100.27,0.6468,6,3
C1CN(C(c2ccc(c(OCC)c2)OCC)=O)CCN1C(=O)C1CC1,MOSES sample,4432,346.427,25,59.08,2.1784,6,3
CC1CCN(C(=O)C2CCCN2C(=O)C2CC2)C1c1cccc(F)c1,MOSES sample,4433,344.43,25,40.62,3.1362,3,4
CN(C)C(=O)CN(C)C(=O)c1c[nH]nc1-c1ccccc1F,MOSES sample,4434,304.325,22,69.3,1.376,4,2
OCC1NCCc2c(Cl)cc(Br)cc21,MOSES sample,4435,276.561,14,32.26,2.2816,1,2
O=C(c1c(OCC)nccc1)N1CCN(CC1)CC(COC)O,MOSES sample,4436,323.393,23,75.13,0.2454,7,2
C=CCNC(=O)c1cn2c(n1)CCC(c1ccccc1)C2,MOSES sample,4437,281.359,21,46.92,2.5289,4,3
COC(=O)c1nn(C)c(N)c1-c1cc(OC)ccc1OC,MOSES sample,4438,291.307,21,88.6,1.4731,4,2
O=C(NCc1ccc(F)cc1)C1N(c2c(cccc2)OC1)C(C)=O,MOSES sample,4439,328.343,24,58.64,2.256,3,3
O=C(c1cc(F)c(Cn2cnc3c(ccs3)c2=O)o1)OC,MOSES sample,4440,308.29,21,74.33,2.025,3,3
C1CCC(CCNC(=O)c2ncc3OCCc3c2)=CC1,MOSES sample,4441,272.348,20,51.22,2.6368,4,3
CC(C)C1N(CCNC1=O)Cc1cccc2c1[nH]nc2,MOSES sample,4442,272.352,20,61.02,1.5193,3,3
c1(c(cccc1)Cl)C(=O)NCCC(=O)Nc1c(C)cccn1,MOSES sample,4443,317.776,22,71.09,2.80202,5,2
Cc1ccc(OCC(=O)Nc2ccc3c(c2)OCCCO3)c(C)c1,MOSES sample,4444,327.38,24,56.79,3.48224,4,3
c1(ccsc1)C(=O)OCC(Nc1ccccc1)=O,MOSES sample,4445,261.302,18,55.4,2.5436,4,2
C1N(c2sc3n(cc(C)n3)n2)CCCN(C1)C(=O)c1cc(on1)C,MOSES sample,4446,346.416,24,79.77,1.74814,2,4
c1c(C(NCC(=O)N2C(Cc3c2cccc3)C)=O)c(C)oc1C,MOSES sample,4447,312.369,23,62.55,2.60404,3,3
O(c1cccnc1)c1c(C)cc(NC(=O)N(C)CCC(F)(F)F)cc1,MOSES sample,4448,353.344,25,54.46,4.59842,5,2
C1C(Cl)(C1CNC(Cn1nc(-c2ccccc2)nn1)=O)Cl,MOSES sample,4449,326.187,21,72.7,1.6501,5,3
C1N(CC(C(N(CC)c2c(ccc(C)c2)C)=O)CC1)C(=O)CCC,MOSES sample,4450,330.472,24,40.62,3.69504,5,2
c1(C(C(NC2CCCC2)=O)N)c(OC)ccc(OC)c1,MOSES sample,4451,278.352,20,73.58,1.7624,5,2
c12c(cccc2)OC(CNC(NCCc2onc(n2)N)=O)C1,MOSES sample,4452,303.322,22,115.3,0.4972,5,3
o1c2c(nc1CSc1nnc(N)n1C)cc(Cl)cc2,MOSES sample,4453,295.755,19,82.76,2.4842,3,3
CC(C)Oc1ccc(CCNC(=O)Nc2cc(C)on2)cc1,MOSES sample,4454,303.362,22,76.39,3.13442,6,2
N1(C(OCc2ccccc2)=O)CC(C)C(C1)(C)O,MOSES sample,4455,249.31,18,49.77,2.0259,2,2
c1c(N)cc(cc1)S(=O)(=O)NCCc1cc(Cl)ccc1,MOSES sample,4456,310.806,20,72.19,2.4432,5,2
C(CCn1c2c(cc1-c1cccs1)cccn2)O,MOSES sample,4457,258.346,18,38.05,3.1472,4,3
COc1ccc2nc(N(Cc3cc(C)on3)C(C)=O)sc2c1,MOSES sample,4458,317.37,22,68.46,3.15442,4,3
N(Cc1ccccc1)C(=O)Nc1ccc(-c2nccc(n2)C)cc1,MOSES sample,4459,318.38,24,66.91,3.77372,4,3
C1(CCN(CC1)C(=O)Cn1ncc(=O)c2c1cccc2)C(=O)N,MOSES sample,4460,314.345,23,98.29,0.1204,3,3
N(c1nnc(C(C)C)s1)C(=O)C1(C(Cl)(C1)Cl)C,MOSES sample,4461,294.207,17,54.88,3.1839,3,2
C(=C(C)C)C1C(C1C(=O)N1CCOC(C(=O)N)C1)(C)C,MOSES sample,4462,280.368,20,72.63,0.9375,3,2
CCc1cnccc1C(=O)NC1C2CCCOC2C1(C)C,MOSES sample,4463,288.391,21,51.22,2.5774,3,3
c1n(c(ccc1NC(=O)c1[nH]c(c(C(=O)C)c1CCC)C)=O)CC,MOSES sample,4464,329.4,24,83.96,2.91212,6,2
C(Oc1ccc(cc1)-c1nc(C)cc([nH]1)=O)CC(C)C,MOSES sample,4465,272.348,20,54.98,3.17022,5,2
C1OCCN(c2ncc(c(n2)-c2cscc2)-c2cnccn2)C1,MOSES sample,4466,325.397,23,64.03,2.4987,3,4
C1N(S(C)(=O)=O)CCC(C1)NC(=O)Cc1ccc2OCCc2c1,MOSES sample,4467,338.429,23,75.71,0.7042,4,3
O1C2(CN(c3c(cc(cn3)C(F)(F)F)Cl)CCC2)OCC1,MOSES sample,4468,322.714,21,34.59,3.0971,1,3
c1cc(ccc1N1CC(C)OC(C1)C)C(NC(C)C)=O,MOSES sample,4469,276.38,20,41.57,2.4384,3,2
CC(NC(=O)NCCC(=O)N(C)C)c1cccc(N2CCCC2)c1,MOSES sample,4470,332.448,24,64.68,2.1253,6,2
c1ccc(CC2NCCc3c2ccc(O)c3F)s1,MOSES sample,4471,263.337,18,32.26,3.0223,2,3
c12c(ccc(c1)S(N1CCOCC1)(=O)=O)N1CCCCC1CN2,MOSES sample,4472,337.445,23,61.88,1.4919,2,4
O=C(c1cc(C2CC2)on1)N1CCC(OCc2ccccc2F)CC1,MOSES sample,4473,344.386,25,55.57,3.5125,5,4
Cc1ccc2ncc(C(=O)NC(c3cccc(c3)C#N)C(=O)N)n2c1,MOSES sample,4474,333.351,25,113.28,1.4708,4,3
O=C(C1CCN(CC1)C(=O)c1ccc(cc1)C)NC,MOSES sample,4475,260.337,19,49.41,1.59322,2,2
C(C(=O)NCCC(NC1CCCC1)=O)N1S(c2ccccc2C1)(=O)=O,MOSES sample,4476,365.455,25,95.58,0.756,6,3
Fc1cc(F)ccc1NC(NCCc1cnn(C)c1)=O,MOSES sample,4477,280.278,20,58.95,2.0625,4,2
C1N(C(CCNC(c2c(cccc2)C)=O)=O)c2ccccc2C1,MOSES sample,4478,308.381,23,49.41,2.70422,4,3
CS(=O)(=O)c1ccccc1C(=O)NCc1nnc2ccccn12,MOSES sample,4479,330.369,23,93.43,1.0628,4,3
CCC(C)N(C)C(=O)CNC(=O)c1cccc(Br)c1,MOSES sample,4480,327.222,19,49.41,2.4358,5,1
o1c2cc(n(c2ccc1)C)C(=O)NCc1scc(n1)C(C)(C)C,MOSES sample,4481,,,,,,
C(N1CCCN(CC1)c1nc(C)cs1)(=O)c1c(cccc1)OCC,MOSES sample,4482,345.468,24,45.67,3.20272,4,3
O=C(Nc1cc(C(F)(F)F)ccc1Cl)c1ccnnc1,MOSES sample,4483,301.655,20,54.88,3.4011,2,2
COc1ccc2oc(C)c(S(=O)(=O)Nc3cccc(C)c3)c2c1,MOSES sample,4484,331.393,23,68.54,3.85904,4,3
Cc1nnc(SC(C)c2ccc(F)cc2F)n1CC(N)=O,MOSES sample,4485,312.345,21,73.8,2.20332,5,2
FC(F)(F)c1cccc2c1NC(=O)C2Cc1ccncc1,MOSES sample,4486,292.26,21,41.99,3.3788,2,3
C(N(S(=O)(c1cc2c3c(c1)C(C(=O)N3CC2)(C)C)=O)C)CO,MOSES sample,4487,324.402,22,77.92,0.4797,4,3
CC(C)NC(C1CCCN1c1ncnc(c1)SCc1ccccc1)=O,MOSES sample,4488,356.495,25,58.12,3.2623,6,3
N1(C(c2nc3c(cccc3)c(n2C)=O)C)CC2CCCCC2(O)CC1,MOSES sample,4489,341.455,25,58.36,2.6215,2,4
c1nnn(CC=C)c1-c1cc2c(cc1Cl)OCO2,MOSES sample,4490,263.684,18,49.17,2.5132,3,3
Cc1noc(C2CN(C(c3ccc(cc3)-c3ccccc3)=O)CCC2)n1,MOSES sample,4491,347.418,26,59.23,4.06482,3,4
C(NC(Cn1ccc([nH]c1=O)=O)=O)C(Nc1nccs1)=O,MOSES sample,4492,309.307,21,125.95,-1.252,5,2
c1cnc(N2CCN(C(OC(C)(C)C)=O)CCC2)cn1,MOSES sample,4493,278.356,20,58.56,1.9238,1,2
c1c(ccnc1)C(CNC(=O)NCCC(C)(C)C)(C)C,MOSES sample,4494,277.412,20,54.02,3.0946,5,1
N(C(Nc1ccccc1C)=O)Cc1c(cccc1)F,MOSES sample,4495,258.296,19,41.13,3.45582,3,2
c1nc2c(cc1)C(NC(N2)c1cn(C)nc1)c1c(F)c(ccc1)F,MOSES sample,4496,327.338,24,54.77,2.8966,2,4
CCCCN(CC)C(=O)Nc1ccc(-n2nc(C)cc2C)nc1,MOSES sample,4497,315.421,23,63.05,3.53804,6,2
c1(ccccc1)CN1c2c(ccc(Br)c2)OCC1=O,MOSES sample,4498,318.17,19,29.54,3.3747,2,3
c1sc(NC(C(C)(C)C)=O)nc1-c1[nH]c2ccccc2c1,MOSES sample,4499,299.399,21,57.78,4.276,2,3
N(Cc1cc(Cl)ccc1)C(=O)C(NC(=O)c1n[nH]c2c1cccc2)C,MOSES sample,4500,356.813,25,86.88,2.651,5,3
C(O)C1CN(CC1CN1CCOCC1)Cc1sc(OCC=C)nc1,MOSES sample,4501,353.488,24,58.06,1.0804,8,3
CC(NC(=O)N(C)C(C)C1(C)CC1)c1cnn(C)c1,MOSES sample,4502,264.373,19,50.16,2.3111,4,2
c1cc(cc(S(=O)(=O)NC(C)(C)C)c1F)C(OCC#C)=O,MOSES sample,4503,313.35,21,72.47,1.6925,4,1
c1c(ccc(c1)C(N)=O)CN(CC(F)(F)F)CC(N(C)C)=O,MOSES sample,4504,317.311,22,66.64,1.238,6,1
s1c2c(c(O)nc(n2)SCC#CCOC(=O)C)cc1,MOSES sample,4505,294.357,19,72.31,2.0555,3,2
C1CC(NC(Nc2ccsc2C(OC)=O)=O)CCC1,MOSES sample,4506,282.365,19,67.43,2.9889,3,2
Cc1nc(Cc2ccc(OCC(N)=O)cc2)nc(C)c1N,MOSES sample,4507,286.335,21,104.12,1.13054,5,2
Cn1cc(c(C)n1)CNC(Nc1nc(n(C)n1)CC)=O,MOSES sample,4508,277.332,20,89.66,0.74112,4,2
c1c(-c2oc(nn2)C2(CCc3c2cccc3)C)n(nc1C)CC,MOSES sample,4509,308.385,23,56.74,3.51362,3,4
n1c2ccnn2c(SCC(=O)N)cc1-c1ccco1,MOSES sample,4510,274.305,19,86.42,1.5667,4,3
c1(Cl)c(Cl)c(OCC(=O)N)c(C)c(c1)C(=O)C,MOSES sample,4511,276.119,17,69.39,2.36852,4,1
CCOc1ccc2cc(C(=O)N(C)CCC#N)[nH]c2c1,MOSES sample,4512,271.32,20,69.12,2.55228,5,2
NC(=O)c1ccccc1N(C(C1COCCO1)=O)C,MOSES sample,4513,264.281,19,81.86,0.1637,3,2
C(CC)NC(c1oc2c(c(c1)=O)cc(cc2N)CC)=O,MOSES sample,4514,274.32,20,85.33,2.0774,4,2
[nH]1cc(CNc2oc(C(C)(C)C)nn2)c(n1)-c1ccccc1,MOSES sample,4515,297.362,22,79.63,3.3693,4,3
c1c(C)ccc(C(=O)N2CCC(c3nc4ccccc4[nH]3)CC2)c1,MOSES sample,4516,319.408,24,48.99,3.89112,2,4
CCOc1ncccc1C(=O)NCCC(=O)NC1CCCCC1,MOSES sample,4517,319.405,23,80.32,2.0491,7,2
c1(C(C)C)cc(C(NCc2nnn(-c3ccccc3)c2)=O)n[nH]1,MOSES sample,4518,310.361,23,88.49,2.0438,5,3
C(C(NC)=O)Sc1nnc(Nc2cccc(c2)C)s1,MOSES sample,4519,294.405,19,66.91,2.42822,5,2
COc1ccc(Br)c(C(=O)Nc2cc(C)n[nH]2)c1,MOSES sample,4520,310.151,18,67.01,2.74152,3,2
CN(C)C(=O)CCCN(C)S(=O)(=O)c1c(F)cc(F)cc1F,MOSES sample,4521,338.351,22,57.69,1.5928,6,1
O(CC)c1ccc(-n2cc(C(NC3CC3)=O)nn2)cc1,MOSES sample,4522,272.308,20,69.04,1.5582,5,3
Nc1cc(Cl)c(OCCn2ccccc2=O)c(Cl)c1,MOSES sample,4523,299.157,19,57.25,2.8163,4,2
C(=O)(N(CC)CC)c1cccc(c1)NC(=O)c1cc(ccc1)OC,MOSES sample,4524,326.396,24,58.64,3.4295,6,2
COc1cccc(CNC(c2oc(cc2)-c2ncccc2)=O)c1,MOSES sample,4525,308.337,23,64.36,3.2802,5,3
c1ccc(c(OCC(=O)N2CCCCCC2)c1)NC(=O)C,MOSES sample,4526,290.363,21,58.64,2.4264,4,2
C(NC(c1cc(-c2occc2)nc2c1cccc2)=O)C1CCCO1,MOSES sample,4527,322.364,24,64.36,3.4036,4,4
c1(ccc(cc1)-c1sc(c(n1)C)C(OC)=O)OC,MOSES sample,4528,263.318,18,48.42,2.91372,3,2
c1(scc(n1)C(=O)NCC(C)C)COc1ccccc1F,MOSES sample,4529,308.378,21,51.22,3.247,6,2
c1(cccc(C(F)(F)F)c1)C(NC(=O)NC(C)CO)C,MOSES sample,4530,290.285,20,61.36,2.4464,4,1
O=C1N(c2cccc(c2)C(=O)NCCc2cnn(c2)C)CCCN1,MOSES sample,4531,327.388,24,79.26,1.3123,5,3
C(N1C(CC(c2sccc2)C(C)=C1C)=O)CC#N,MOSES sample,4532,260.362,18,44.1,3.27158,3,2
S(=O)(=O)(C)N1CCCC1C(NCCc1cccc(c1)F)=O,MOSES sample,4533,314.382,21,66.48,0.9084,5,2
C1C(N(CC1)CC(CNC(=O)Nc1cc(C)cnc1OC)C)=O,MOSES sample,4534,320.393,23,83.56,1.77862,6,2
C#Cc1cccc(NC(=O)CCc2c(C)nc3cc(C)nn3c2C)c1,MOSES sample,4535,332.407,25,59.29,3.20716,4,3
s1c(C)ccc1CNS(=O)(c1c(nccc1)NC)=O,MOSES sample,4536,297.405,19,71.09,1.97172,5,2
c12c(SCC(=O)N1C)ccc(C(=O)Nc1nccc(c1)OC)c2,MOSES sample,4537,329.381,23,71.53,2.411,3,3
n1c(c2nc[nH]c2nc1)N1Cc2c(CC1)c(CO)ccc2,MOSES sample,4538,281.319,21,77.93,1.4079,2,4
c1c(cc(cc1)CC1CN(CCO1)C(C)=O)Cl,MOSES sample,4539,253.729,17,29.54,2.1298,2,2
CCC(NC(=O)Nc1ccn(C)n1)c1cccs1,MOSES sample,4540,264.354,18,58.95,2.7544,4,2
Cn1c(oc2ccc(NC(CCc3c(sc(C)n3)C)=O)cc21)=O,MOSES sample,4541,331.397,23,77.13,2.77614,4,3
CNC(=O)c1cc(C)ccc1NC(=O)c1cc(OC)c(OC)cc1C,MOSES sample,4542,342.395,25,76.66,2.93254,5,2
N1(CCN(CC1)c1c2ccccc2ncn1)C(=O)c1c(oc(c1)C)C,MOSES sample,4543,336.395,25,62.47,2.80204,2,4
N(c1ccc(cc1)Cn1cncn1)C(=O)Nc1ccccc1Cl,MOSES sample,4544,327.775,23,71.84,3.6238,4,3
O=S(=O)(N1CCCC1)c1c(ccc(c1)Cl)OC,MOSES sample,4545,275.757,17,46.61,2.1331,3,2
c1(ccccc1)NC(=O)NC1C(N(c2ccc(cc2)C)CC1)=O,MOSES sample,4546,309.369,23,61.44,2.92202,3,3
CC(NC(=O)NCC(C)(C)c1ccncc1)c1nncn1C,MOSES sample,4547,302.382,22,84.73,1.5481,5,2
CNC(=O)CCn1cc(OC)c(=O)cc1CN1CC(C)OC(C)C1,MOSES sample,4548,337.42,24,72.8,0.6022,6,2
C1C(CCCC1)CN1CCN(CC1)S(c1cnn(C)c1)(=O)=O,MOSES sample,4549,326.466,22,58.44,1.3067,4,3
Nc1c(-c2cccc(c2)S(C)(=O)=O)nn(CCCC)c1,MOSES sample,4550,293.392,20,77.98,2.3359,5,2
c12ccccc2c(oc2c(cc(OCC(=O)N)cc12)CC=C)=O,MOSES sample,4551,309.321,23,82.53,2.5388,5,3
N(C(Nc1cc(C(=O)OCC)ccc1)=O)C1CCC(O)CC1,MOSES sample,4552,306.362,22,87.66,2.2883,4,2
n1nc(sc1CNC(=O)c1c(C)n(c(C)c1)C1CC1)CC,MOSES sample,4553,304.419,21,59.81,2.78374,5,3
CCOC(=O)CNC(=O)c1ccccc1Sc1ccccc1,MOSES sample,4554,315.394,22,55.4,3.1307,6,2
c1(-c2nc(N)c(cc2)C(=O)Nc2cccc(C)c2)ccccc1F,MOSES sample,4555,321.355,24,68.01,4.03062,3,3
O(c1ccc(OCc2nnc3ccc(N)cn32)cc1)C,MOSES sample,4556,270.292,20,74.67,1.8991,4,3
O=C(CN1C(=O)COc2ccccc21)NCCc1ccc(F)cc1F,MOSES sample,4557,346.333,25,58.64,2.0491,5,3
C(=O)(CN(c1ncnc2oc(nc21)C)C)NC(C)COC,MOSES sample,4558,293.327,21,93.38,0.51352,6,2
C(c1cscn1)(N1CCC(Cn2cccn2)CC1)=O,MOSES sample,4559,276.365,19,51.02,1.892,3,3
c1n(CC(N2CC(Oc3cccnc3)CC2)=O)c2c(cccc2)n1,MOSES sample,4560,322.368,24,60.25,2.1112,4,4
c1(nc(C)c(C(Cn2c(S(=O)(C)=O)ncc2)=O)cc1)C,MOSES sample,4561,293.348,20,81.92,1.18134,4,2
COc1cccc(CN2Cc3nc(C)[nH]c(=O)c3CC2)c1,MOSES sample,4562,285.347,21,58.22,1.64522,3,3
O=C(CNC(c1cnccc1)=O)NCc1nc(-c2ccccc2)sc1,MOSES sample,4563,352.419,25,83.98,2.2513,6,3
CCC(C)C(=O)Nn1c(nc2c(c1=O)c1CCCCc1s2)C,MOSES sample,4564,319.43,22,63.99,2.76142,3,3
c12c(OCO1)cc(C(=O)Cn1cc(N)cn1)c(c2)Cl,MOSES sample,4565,279.683,19,79.37,1.7303,3,3
N1(C(=O)C)CCCC(C(OCC(=O)Nc2ccccc2)=O)C1,MOSES sample,4566,304.346,22,75.71,1.4268,4,2
Cc1cccc(NC(=O)Cn2cnc3onc(C)c3c2=O)c1,MOSES sample,4567,298.302,22,90.02,1.64004,3,3
Cc1c(C)ccc(S(=O)(Cc2ccccc2C#N)=O)c1,MOSES sample,4568,285.368,20,57.93,3.14902,3,2
C1CC(NC(=O)c2c3cc[nH]c3ccc2)C(c2cscc2)OC1,MOSES sample,4569,326.421,23,54.12,3.8795,3,4
CC(C(NCCCOCC)=O)c1ccsc1,MOSES sample,4570,241.356,16,38.33,2.3944,7,1
c1(NCc2cc(OC)c(c(OC)c2)O)ccc(F)c(C(=O)N)c1,MOSES sample,4571,320.32,23,93.81,2.2595,6,2
n1cc(C)sc1NC(=O)CSc1n(CC=C)c(C)nn1,MOSES sample,4572,309.42,20,72.7,2.26824,6,2
O=C(CNCC(F)(F)F)Nc1cc(Cl)cc(Cl)c1,MOSES sample,4573,301.095,18,41.13,3.0838,4,1
c1c(cncc1)OCCNC(c1cc(c(cc1)C)OC)=O,MOSES sample,4574,286.331,21,60.45,2.20742,6,2
C(c1sc(nc1)CC)(=O)Nc1cc(C)c(-n2cnnn2)cc1,MOSES sample,4575,314.374,22,85.59,2.24192,4,3
c12ccc(nn1c(SCc1nc(on1)-c1ccc(cc1)F)nn2)C,MOSES sample,4576,342.359,24,82,2.91412,4,4
C12CC(C(C1CO)NC(=O)c1cscn1)CC2,MOSES sample,4577,252.339,17,62.22,1.2799,3,3
Nc1c(ncnc1N1CCOCC1)Nc1ncc(cc1)C,MOSES sample,4578,286.339,21,89.19,1.34242,3,3
c1nn(cc1C)CCC(NCc1cccnc1OCC)=O,MOSES sample,4579,288.351,21,69.04,1.69172,7,2
c1(n[nH]c(=O)c2c1cccc2)Cc1ccc(cc1)OC,MOSES sample,4580,266.3,20,54.98,2.5225,3,3
c1(cc2c([nH]c(=O)c([nH]2)=O)cc1)C(=O)NCCOc1ccccc1,MOSES sample,4581,325.324,24,104.05,1.0252,5,3
C1CC(OC(c2cn(nc2)-c2ccccc2)=O)C(OC1)=O,MOSES sample,4582,286.287,21,70.42,1.7347,3,3
Cc1ccc(CN(C)C(=O)c2cncn2-c2ccccc2)o1,MOSES sample,4583,295.342,22,51.27,3.04592,4,3
c1(cc(ccc1)OC)N(S(c1sc(cc1)CC)(=O)=O)CCO,MOSES sample,4584,341.454,22,66.84,2.5067,7,2
C1CC(c2onc(C)n2)CCN1Cc1nc(on1)C,MOSES sample,4585,263.301,19,81.08,1.44904,3,3
c1cc(cc(C(NCCOC)=O)n1)NCCCBr,MOSES sample,4586,316.199,18,63.25,1.6547,8,1
C=CCNC(=O)c1ccc(NC(=O)COc2ccc(C#N)cc2)cc1,MOSES sample,4587,335.363,25,91.22,2.49158,7,2
c1c(ccc(c1)OCc1cnc(cc1)OC)C(Nc1nc(C)ccn1)=O,MOSES sample,4588,350.378,26,86.23,3.01992,6,3
CCN1CC(C(=O)N(C)Cc2c(C)noc2C)CC1=O,MOSES sample,4589,279.34,20,66.65,1.11824,4,2
c1(NCC(c2cccc(OC)c2)O)cccc(NC(=O)C)c1,MOSES sample,4590,300.358,22,70.59,2.7991,6,2
c1c(ccc(c1)-n1cccc1)C(=O)OCC(Nc1cc(F)ccc1)=O,MOSES sample,4591,338.338,25,60.33,3.4119,5,3
COc1cccc(C2NCCc3cccc(F)c32)n1,MOSES sample,4592,258.296,19,34.15,2.4644,2,3
c12c([nH]c3ccccc23)ccc(C(=O)NCc2ccccc2)c1,MOSES sample,4593,300.361,23,44.89,4.2511,3,4
c1cc(ccn1)CNCCc1n(Cc2ccccc2)c2ccccc2n1,MOSES sample,4594,342.446,26,42.74,3.8119,7,4
N1c2c(cc(cc2)C(=O)NC2CCSc3ccc(F)cc23)CC1=O,MOSES sample,4595,342.395,24,58.2,3.2872,2,4
c1(OC2CCOC2)ccc(cc1C)C(C1CCC1)=O,MOSES sample,4596,260.333,19,35.53,3.14552,4,3
c1c(CC(Nc2ccccc2C#N)=O)ccc(c1)NC(=O)C,MOSES sample,4597,293.326,22,81.99,2.69788,4,2
c1cc(C)cc2c1oc(c(C(=O)OCC)c2NCc1ccccc1)=O,MOSES sample,4598,337.375,25,68.54,3.89022,5,3
c1ccc2ccn(c(=O)c2c1)Cc1noc(-c2ccc(cc2)F)n1,MOSES sample,4599,321.311,24,60.92,3.2389,3,4
N#CC(C(=O)CC1CCCc2ccccc21)c1nc2ccccc2[nH]1,MOSES sample,4600,329.403,25,69.54,4.24938,4,4
C1(CNS(C2CC2)(=O)=O)(c2c(CCC1)cccc2)O,MOSES sample,4601,281.377,19,66.4,1.2923,4,3
c1cnc2c(cc(cc2)OC)c1NC(c1cn2cccnc2n1)=O,MOSES sample,4602,319.324,24,81.41,2.5384,3,4
N(CC(NC(C)(C)C)=O)(c1nc2c(c([nH]c(n2C)=O)=O)n1C)C,MOSES sample,4603,322.369,23,105.02,-0.6888,3,2
c1c(cn(-c2ncccn2)n1)NCc1c(cccc1F)F,MOSES sample,4604,287.273,21,55.63,2.5526,4,3
COc1cc(Cl)ccc1C(=O)N1CCNC(=O)C1,MOSES sample,4605,268.7,18,58.64,0.9206,2,2
c1c(Cl)c(ncc1)-n1nc(c2c1CCNC2)CC,MOSES sample,4606,262.744,18,42.74,2.1288,2,3
c1(c(ccc(c1)OC)OC)NC(=O)Nc1nn(cc1)CCC#N,MOSES sample,4607,315.333,23,101.2,2.45798,6,2
c1c(c(C(=O)Nc2sc(cn2)C)ccc1C)N1C(=O)CCC1,MOSES sample,4608,315.398,22,62.3,3.13904,3,3
N1(CCOCC1)C(=O)NCC1CN(CC1)c1ccccc1,MOSES sample,4609,289.379,21,44.81,1.5547,3,3
c1cnccc1-c1n(CCCCCC)c(=O)c(CC#N)cc1,MOSES sample,4610,295.386,22,58.68,3.55668,7,2
c1(ncc(Cl)cn1)N1CC2OCCN(c3cnccc3)C2C1,MOSES sample,4611,317.78,22,54.38,1.619,2,4
COc1cccc(NCc2ccc(F)cc2N)c1C,MOSES sample,4612,260.312,19,47.28,3.33702,4,2
C(O)CCC1OCCc2c1c(OC)c(OC)cc2,MOSES sample,4613,252.31,18,47.92,2.0901,5,2
n1(cncn1)CC(C)NC(=O)CCN1CCc2ccccc12,MOSES sample,4614,299.378,22,63.05,1.2356,6,3
c1c(OCc2nccs2)ccc(C(N(C)CCC(F)(F)F)=O)c1,MOSES sample,4615,344.358,23,42.43,3.7465,6,2
O1CCN(CC1)C(C)(C)CNC(=O)CSc1ccccc1,MOSES sample,4616,308.447,21,41.57,2.0057,6,2
C(NC(N1CC(CCC1)C(=O)N(C)C)=O)C1(CCC1)c1ccccc1,MOSES sample,4617,343.471,25,52.65,2.6181,4,3
c1c(ccnc1)CCNC(=O)Nc1ccccc1Br,MOSES sample,4618,320.19,19,54.02,3.2083,4,2
C1N(C(=O)C(C(C)C)OCC(C)C)CCC(NS(C)(=O)=O)C1,MOSES sample,4619,334.482,22,75.71,1.2238,7,1
COc1ccccc1CCC(=O)Oc1ccc(N2CCCC2=O)cc1,MOSES sample,4620,339.391,25,55.84,3.3602,6,3
C(OC(=O)c1nc(sc1)-c1ccc(OCC)c(c1)N)C,MOSES sample,4621,292.36,20,74.44,2.9677,5,2
O=S1(=O)c2ccccc2C(O)N1c1c(C)occ1,MOSES sample,4622,265.29,18,70.75,1.78782,1,3
O=S(c1ccc(CNc2c(F)c(ccc2)F)s1)(=O)N(C)C,MOSES sample,4623,332.397,21,49.41,2.8887,5,2
O1CCN(c2ccc(cc2)C(Nc2cc(ccc2OC)F)=O)CC1,MOSES sample,4624,330.359,24,50.8,2.9232,4,3
CCC1COCCN1C(=O)c1ccc(OC)c(-n2nnnc2C)c1,MOSES sample,4625,331.376,24,82.37,1.23032,4,3
c1c(ccc(NC(=O)COc2c(C)ccc(c2)C)c1N)F,MOSES sample,4626,288.322,21,64.35,3.04224,4,2
CCCN(CCC)C(=O)c1ccc(N2CCCC2)nc1,MOSES sample,4627,275.396,20,36.44,2.944,6,2
O=C(c1ccoc1)N1CCC2(CC(Nc3ncccn3)CCO2)C1,MOSES sample,4628,328.372,24,80.49,1.9454,3,4
FC(c1ccc(C2N(C(=O)CCNC(C)=O)CCCC2)cc1)(F)F,MOSES sample,4629,342.361,24,49.41,3.2852,4,2
c1ccc2CCN(C(CCc3c(N)cc(F)cc3)=O)Cc2c1,MOSES sample,4630,298.361,22,46.33,2.9254,3,3
n12ncnc1nc(cc2C(F)(F)F)NCC1CCC1,MOSES sample,4631,271.246,19,55.11,2.3551,3,3
c1cccc2c1n(C)nc(c2=O)CNC(=O)COc1ccc(cc1)C,MOSES sample,4632,337.379,25,73.22,1.93712,5,3
c1(ccccc1)N(CC)C(c1noc(-c2cnc(cc2)N(C)C)n1)=O,MOSES sample,4633,337.383,25,75.36,2.8643,5,3
O=S(=O)(Nc1ccc(-c2ccno2)cc1)c1cc(F)cc(F)c1,MOSES sample,4634,336.319,23,72.2,3.4206,4,3
Cc1ccc(C(C)NS(=O)(=O)N(C)CCC#N)s1,MOSES sample,4635,287.41,18,73.2,1.7974,6,1
N1(Cc2cncn2CCC1)c1nc(C(C)C)nc2c1cnn2C,MOSES sample,4636,311.393,23,64.66,2.0935,2,4
O=C(c1csc(n1)-c1ccco1)N(Cc1[nH]nc(n1)C(C)C)C,MOSES sample,4637,331.401,23,87.91,2.9168,5,3
c1(ccccn1)-c1nc(cc2n1c(=O)[nH]n2)-c1ccccc1,MOSES sample,4638,289.298,22,75.94,2.1466,2,4
c1cc(C#N)cc(c1)CN(C(c1cccc(c1)-n1cnnn1)=O)CC=C,MOSES sample,4639,344.378,26,87.7,2.36238,6,3
CC(NC(=O)c1ccc(=O)[nH]c1)c1cccc(N2CCCC2)c1,MOSES sample,4640,311.385,23,65.2,2.4661,4,3
O1CCCOc2cc(NC(C(C)Oc3c(C#N)cccc3)=O)ccc12,MOSES sample,4641,338.363,25,80.58,3.12558,4,3
c1cc(Oc2c(Cl)cc(C#N)cc2)ccc1CO,MOSES sample,4642,259.692,18,53.25,3.49628,3,2
Clc1c(n[nH]c1C(=O)OCC)-c1cccs1,MOSES sample,4643,256.714,16,54.98,2.9683,3,2
Fc1ccc(C(C2CCCN(C(=O)CN3CCCC3=O)C2)=O)cc1,MOSES sample,4644,332.375,24,57.69,1.8694,4,3
CCc1sc2c(c(=O)[nH]c(n2)-c2ccc(OC)c(OC)c2)c1,MOSES sample,4645,316.382,22,64.21,3.2312,4,3
O=C(N1CCC(C1Cc1cnccc1)OCC1CC1)C1CC1,MOSES sample,4646,300.402,22,42.43,2.4302,6,4
Nc1cccc2c1nc(COc1ccc(Cl)cc1)n2CC#N,MOSES sample,4647,312.76,22,76.86,3.37448,4,3
COc1ccc2c(Cn3ccnc3)cc(=O)oc2c1F,MOSES sample,4648,274.251,20,57.26,2.1855,3,3
N#Cc1ccc(OC2CCC(NC(=O)Cc3ccc[nH]3)CC2)nc1,MOSES sample,4649,324.384,24,90.8,2.33028,5,3
C(C)OC(C(=O)NCC(OC)c1cccc(O)c1)C,MOSES sample,4650,267.325,19,67.79,1.6209,7,1
n1c(csc1)C(N1CCCCCC1c1ccco1)=O,MOSES sample,4651,276.361,19,46.34,3.4936,2,3
c1cc(cc(c1C1NC(c2cc(Cl)ccc2N1)=O)F)F,MOSES sample,4652,294.688,20,41.13,3.4723,1,3
Cc1cc(F)ccc1NC(=O)Cn1cnc(C(C)C)cc1=O,MOSES sample,4653,303.337,22,63.99,2.45292,4,2
c1c(C(NC(C(C)C)C(=O)N2CC(C)OC(C2)C)=O)occ1,MOSES sample,4654,308.378,22,71.78,1.6698,4,2
c1(nc(SCC(Nc2ccc(F)cc2)=O)c2ccsc2n1C)=O,MOSES sample,4655,349.412,23,63.99,2.8649,4,3
c1sc(cc1Br)CNC(Cn1nc(nc1)C#N)=O,MOSES sample,4656,326.179,18,83.6,1.29018,4,2
c1c(oc(c1)C)C(COC)NC(NC(C)c1ccc(C)c(F)c1)=O,MOSES sample,4657,334.391,24,63.5,3.78344,6,2
c1ccc(cc1C1CC1C(=O)NCCn1c(nnc1)C)Cl,MOSES sample,4658,304.781,21,59.81,2.15982,5,3
Cc1ccnc2nc(C(=O)OCc3cc(-c4ccccc4)no3)nn12,MOSES sample,4659,335.323,25,95.41,2.44472,4,4
O(c1c(cccc1C)C)Cc1cc(n(c(n1C)=O)C)=O,MOSES sample,4660,274.32,20,53.23,1.27984,3,2
C1CC1N(CCCC=C[nH]1)S(=O)(c1cn(CC)nc1)=O,MOSES sample,4661,,,,,,
C(N(Cc1cc2OCOc2cc1)CC)c1oc(nn1)-c1c(cco1)C,MOSES sample,4662,341.367,25,73.76,3.38882,6,4
C1(C(=O)NCCc2onc(C(C)OC)n2)C2CC(CC2)C1,MOSES sample,4663,293.367,21,77.25,1.8719,6,3
c1(NC(CNC(=O)C(C)(C)C)=O)ccnc2n1ncc2,MOSES sample,4664,275.312,20,88.39,0.8301,3,2
Cc1ccccc1SC1CCN(C(=O)c2scnc2C)CC1,MOSES sample,4665,332.494,22,33.2,4.15684,3,3
c1(cccnc1)CN1CCN(C(c2cnc(SC)n2C)=O)CC1,MOSES sample,4666,331.445,23,54.26,1.495,4,3
c1ccc2N(C(=O)CSc3n(C)nnn3)CC(C)c2c1,MOSES sample,4667,289.364,20,63.91,1.4525,3,3
O(C)c1cc(CNC(Nc2cnc(cc2)-n2ncnc2)=O)ccc1,MOSES sample,4668,324.344,24,93.96,1.9926,5,3
c1(ccc(cc1)C(C)C)OCC(N1CCC(CC(=O)N)CC1)=O,MOSES sample,4669,318.417,23,72.63,2.3028,6,2
Nc1ccc2N(CC(=O)OC3CCCC3)C(=O)C(C)(C)c2c1,MOSES sample,4670,302.374,22,72.63,2.3788,3,3
Nc1c(F)ccc(C(=O)N(C)C(C)COC)c1F,MOSES sample,4671,258.268,18,55.56,1.6539,4,1
c1(F)cc(ccc1NC(c1cc(no1)C)=O)Br,MOSES sample,4672,299.099,17,55.13,3.13692,2,2
n1c(c(C)cn1CC)C(c1cccc(OC)c1)NC(=O)c1ccc[nH]1,MOSES sample,4673,338.411,25,71.94,3.06752,6,3
O(c1ncc(C(=O)NCc2oc(cc2)-c2nc(cs2)C)cc1)CC,MOSES sample,4674,343.408,24,77.25,3.43522,6,3
O=C(COC(=O)c1ccc2ncsc2c1)c1ccc(F)cc1,MOSES sample,4675,315.325,22,56.26,3.4751,4,3
O=c1n2c(csc2nc2cc(C)c(cc12)C)C(=O)OC,MOSES sample,4676,288.328,20,60.67,2.31264,1,3
O(CCCNC(=O)Nc1cc(C(C)OC)ccc1)C,MOSES sample,4677,266.341,19,59.59,2.552,7,1
N(c1c(cc(cc1)C)N)C(=O)CCCOC1CCC1,MOSES sample,4678,262.353,19,64.35,2.86502,6,2
c1(Cn2c(=O)ccc(C(=O)OC)c2)cccc(c1Cl)Cl,MOSES sample,4679,312.152,20,48.3,2.99,3,2
C1C(C1)Cn1ncc(c1C)C(=O)N(c1ccnn1C)C,MOSES sample,4680,273.34,20,55.95,1.61162,4,3
c1c(C(=O)N2CCC3(CCCC3)C2)nn(c1-c1ccccc1)C,MOSES sample,4681,309.413,23,38.13,3.4934,2,4
c1c(cccc1NC(=O)CSc1nccc([nH]1)=O)Cl,MOSES sample,4682,295.751,19,74.85,2.1541,4,2
O=C(NCc1ccccn1)C12CCC(=O)N2c2ccccc2S1,MOSES sample,4683,325.393,23,62.3,2.3268,3,4
O1CCN(C(C1C)C)C(Cn1c2c(C)nn(C)c2cn1)=O,MOSES sample,4684,291.355,21,65.18,0.71402,2,3
C(NC(c1c(cccc1)NC(c1cc(NC(N)=O)ccc1)=O)=O)CC,MOSES sample,4685,340.383,25,113.32,2.5693,6,2
n1cc(C(NCCC(=O)NC2CCCC2)=O)c(=O)[nH]c1-c1occc1,MOSES sample,4686,344.371,25,117.09,1.2086,6,3
c1(F)c2OCCC(NC(=O)c3cccc4cn[nH]c43)c2ccc1,MOSES sample,4687,311.316,23,67.01,2.9556,2,4
C1CCC2(O1)CCC(=O)N(Cc1coc(n1)-c1ccc(cc1)OC)CC2,MOSES sample,4688,356.422,26,64.8,3.4119,4,4
O=S(=O)(N(C1CCCCC1)C)c1cc2c(cc1)[nH]c(=O)c(=O)[nH]2,MOSES sample,4689,337.401,23,103.1,1.1696,3,3
N(Cc1csc([nH]1)=O)C(CCOC1C(C)CCCC1)=O,MOSES sample,4690,298.408,20,71.19,2.038,6,2
C(O)c1c(C)n(CCc2ccc3OCOc3c2)nc1CC,MOSES sample,4691,288.347,21,56.51,2.21762,5,3
O(c1cc(C(c2ccncc2)O)c(C)cc1OC)C,MOSES sample,4692,259.305,19,51.58,2.48892,4,2
C1C(CN(CC1)C(=O)Nc1cc(ccc1C)C(=O)NC)CO,MOSES sample,4693,305.378,22,81.67,1.59082,3,2
C(CCNC(c1c(C)ccc(c1)SC)=O)n1cccn1,MOSES sample,4694,289.404,20,46.92,2.73352,6,2
C(Nc1cc(ccc1)C(=O)OCCc1c(ncs1)C)(N)=O,MOSES sample,4695,305.359,21,94.31,2.34162,5,2
O=C(CCOC)N1CCCC(C)(c2ccccc21)C,MOSES sample,4696,261.365,19,29.54,3.1275,3,2
CSc1nc(N)nn1-c1nc(-c2cccc(OC)c2)cs1,MOSES sample,4697,319.415,21,78.85,2.7035,4,3
c1c(CNC(=O)Nc2sc(c(n2)C)C)ccc(c1)C(C)O,MOSES sample,4698,305.403,21,74.25,3.13494,4,2
O(CSc1[nH]nc(n1)-c1ccco1)c1ccc(cc1)C(OC)=O,MOSES sample,4699,331.353,23,90.24,2.9799,6,3
COc1ccccc1S(=O)(=O)N(CCCO)C(C)C,MOSES sample,4700,287.381,19,66.84,1.4767,7,1
C1CCCCC1NC(Cc1ccc(cc1)NC(=O)N1CCCC1)=O,MOSES sample,4701,329.444,24,61.44,3.3057,4,3
CN(C)C(=O)c1ccc(-c2ccccc2CN2CCOCC2)cc1,MOSES sample,4702,324.424,24,32.78,2.8876,4,3
O(C)c1ccccc1C1C(C1)C(=O)N(Cc1ccc(cc1)OC)C,MOSES sample,4703,325.408,24,38.77,3.4659,6,3
CN1CCN(C(=O)CCNC(=O)NCc2ccc3c(c2)OCO3)CC1,MOSES sample,4704,348.403,25,83.14,0.3786,5,3
Cc1ccc(N2CCC(C(=O)NC(C3CC3)C3CC3)C2=O)cc1,MOSES sample,4705,312.413,23,49.41,2.65272,5,4
O(C)c1cc(c(cc1)S(NCc1cnccc1)(=O)=O)C,MOSES sample,4706,292.36,20,68.29,1.87712,5,2
C(=O)(N(CCC)CC(OC)=O)c1cccc(NC(C)=O)c1,MOSES sample,4707,292.335,21,75.71,1.6702,6,1
c1(C)ccc(cc1C)C(CCc1sc(C)c(n1)C)=O,MOSES sample,4708,273.401,19,29.96,4.19228,4,2
c1cc(ccc1Br)OCC(NCC=C)=O,MOSES sample,4709,270.126,15,38.33,2.1301,5,1
O(C(=O)CC1CCCCN1C(c1c(C)cc(cc1)C)=O)C,MOSES sample,4710,289.375,21,46.61,2.86124,3,2
C(COc1c(OC)cccc1)NC(=O)c1c(O)cc(F)cc1F,MOSES sample,4711,323.295,23,67.79,2.4878,6,2
Cc1ccc(c2c1C(c1c(nccc1)F)NCC2)O,MOSES sample,4712,258.296,19,45.15,2.46982,1,3
c1ccnc(-c2sc(cc2)CNC(NCC2(CC2)CC)=O)c1,MOSES sample,4713,315.442,22,54.02,3.7995,6,3
CCOC1CC(NC(=O)C(C)(C)C#N)C12CCCC2,MOSES sample,4714,264.369,19,62.12,2.39018,4,2
COC(=O)c1ccc2c(c1)NCC(c1ccccc1)O2,MOSES sample,4715,269.3,20,47.56,3.0188,2,3
O=C(CNC(=O)NCc1c(C)cc(cc1)Br)NCCC,MOSES sample,4716,342.237,20,70.23,2.08292,6,1
CCC(CCO)NC(=O)c1ccc(OC)c(F)c1,MOSES sample,4717,255.289,18,58.56,1.7251,6,1
c1(cc(cc(c1NC(=O)C(Sc1nc(cs1)C)C)C)C)C,MOSES sample,4718,320.483,21,41.99,4.49608,4,2
c1(NC2CCN(CC2)C(=O)c2cn(-c3ccccc3)nn2)nnccc1,MOSES sample,4719,349.398,26,88.83,1.774,4,4
c1c(cc(cc1)CN(S(c1c(cccc1F)F)(=O)=O)C)C(N)=O,MOSES sample,4720,340.351,23,80.47,1.8844,5,2
CC1CN(c2nnc(C(C)C)s2)CCC1(O)C1CCC1,MOSES sample,4721,295.452,20,49.25,3.0389,3,3
O=C(c1ccc(C)cc1)Nc1snc(n1)-c1ccccc1,MOSES sample,4722,295.367,21,54.88,3.76582,3,3
N(C(=O)c1cccc(-c2ccoc2)c1)(Cc1ccc(C)o1)C,MOSES sample,4723,295.338,22,46.59,4.12022,4,3
Cc1ccc(cc1O)C(=O)N1CCC(CC1)c1nc(C(C)C)on1,MOSES sample,4724,329.4,24,79.46,3.22682,3,3
CC(C)CC(C)N(C)C(=O)c1cnn(C)c1-n1cccc1,MOSES sample,4725,288.395,21,43.06,2.7174,5,2
n1(c2ccccc2c(c1)C(OCCOCC(F)(F)F)=O)C,MOSES sample,4726,301.264,21,40.46,2.914,5,2
CNC(=O)c1cc(S(=O)(=O)Nc2cccc(C)c2)ccc1Cl,MOSES sample,4727,338.816,22,75.27,2.80882,4,2
c12ccc(cc2N(CCC1)C(=O)Cn1c(=O)[nH]c(cc1)=O)OC,MOSES sample,4728,315.329,23,84.4,0.5246,3,3
c1(C)cc(c(cc1C(N(C)CCC)=O)OC)OC,MOSES sample,4729,251.326,18,38.77,2.49422,5,1
C1c2ccc(Sc3ccc(cc3)CO)cc2C(O1)=O,MOSES sample,4730,272.325,19,46.53,3.0005,3,3
Cc1ccc(CNC(=O)N2CCCC(O)C2)c(OCC2CC2)c1,MOSES sample,4731,318.417,23,61.8,2.45012,5,3
c1c2ccc(cc2ccc1)N(C)Cc1nccn1C(F)F,MOSES sample,4732,287.313,21,21.06,4.0678,4,3
O=C(NCC(F)(F)F)COc1ccc(cc1C(=O)C)Cl,MOSES sample,4733,309.671,20,55.4,2.5999,5,1
C1OCC(N(C(c2cc(=O)n(C)cc2)=O)Cc2cccnc2)C1,MOSES sample,4734,313.357,23,64.43,1.2116,4,3
C1(NC(C(C)C)=O)CCN(CC1)c1ccccc1C(NCC#C)=O,MOSES sample,4735,327.428,24,61.44,1.7906,5,2
C(CN(Cc1ccc(cc1)C#N)C(c1cc(ccc1)F)=O)=C,MOSES sample,4736,294.329,22,44.1,3.52578,5,2
c1c(cn(C)n1)CN(C(CNC(=O)N1c2c(cccc2)CC1C)C)C,MOSES sample,4737,341.459,25,53.4,2.4012,5,3
c1cc(-c2noc(n2)CNC(=O)C(C(C)C)NC(C)=O)ccc1,MOSES sample,4738,316.361,23,97.12,1.5135,6,2
c1cc(ccc1S(N(C)Cc1cnn(C)c1)(=O)=O)-c1ccccc1,MOSES sample,4739,341.436,24,55.2,2.9078,5,3
CC(=O)Nc1cccc(NC(C#N)c2cccnc2)c1,MOSES sample,4740,266.304,20,77.81,2.71678,4,2
O=S(=O)(CCc1noc(-c2ccc(Cl)cc2)n1)c1ccccc1,MOSES sample,4741,348.811,23,73.06,3.4064,5,3
c12SCC(N(CC(Nc3cc(C)on3)=O)c1cccc2)=O,MOSES sample,4742,303.343,21,75.44,2.06042,3,3
COc1cc(-c2cc(C)c(Cl)c(C)c2O)nc(OC)n1,MOSES sample,4743,294.738,20,64.47,3.13664,3,2
c1sc2c(c(OCC(N3CCC4(CC3)OCCO4)=O)ncn2)c1,MOSES sample,4744,335.385,23,73.78,1.4356,3,4
C(=O)(Nc1c(cccc1)C(Nc1cc(C)ccn1)=O)c1sccc1,MOSES sample,4745,337.404,24,71.09,3.95612,4,3
Fc1ccc2c(C3CCN(C(=O)c4ccc(c(c4)F)F)CC=3)c[nH]c2c1,MOSES sample,4746,356.347,26,36.1,4.5147,2,4
N1(C(Nc2cn(CC3OCCC3)nc2)=O)-C(CCCC1)CC,MOSES sample,4747,306.41,22,59.39,2.8585,4,3
c1nc(ccc1)-n1ncc(NC(=O)c2c(cccc2)O)c1,MOSES sample,4748,280.287,21,80.04,2.2252,3,3
C(C(C)(C)C)(NC(CCNC(=O)NC1CCCCC1)=O)C(N)=O,MOSES sample,4749,326.441,23,113.32,1.0246,6,1
O(C(c1cc([nH]n1)-c1c(c(c(Cl)cc1)Cl)Cl)=O)C,MOSES sample,4750,305.548,18,54.98,3.8235,2,2
n1(c(ccc(C)n1)=O)CCCOc1ccc(cc1)C,MOSES sample,4751,258.321,19,44.12,2.32924,5,2
CCOCc1ccccc1NC(=O)c1scnc1C1CC1,MOSES sample,4752,302.399,21,51.22,3.8093,6,3
O(CCC(C)C)CCn1c(c2c(nc1)sc(C)c2)=O,MOSES sample,4753,280.393,19,44.12,2.82912,6,2
N(c1nccc(c1)OC)C(c1c2ccccc2ccc1)=O,MOSES sample,4754,278.311,21,51.22,3.4957,3,3
c1(C(F)(F)F)c(ccc(c1)SCC(OC)=O)N,MOSES sample,4755,265.256,17,52.32,2.5527,3,1
N(Cc1ccc(C)o1)C(c1nc(oc1)NC(=O)c1ccco1)=O,MOSES sample,4756,315.285,23,110.51,2.35132,5,3
C(Cn1nc(cc1C)C)CC(=O)N1CCN(CC1)C(C)=O,MOSES sample,4757,292.383,21,58.44,0.97084,4,2
C1CCc2c1c(C(N)c1cc(ccc1OC)F)n[nH]2,MOSES sample,4758,261.3,19,63.93,2.0942,3,3
N1(CCn2c(nnc2CNS(=O)(C)=O)C1)C(CCC1CCCC1)=O,MOSES sample,4759,355.464,24,97.19,0.6399,6,3
COc1ccc(NC(=O)NCCCn2ncccc2=O)cc1OC,MOSES sample,4760,332.36,24,94.48,1.4723,7,2
c1(-c2nnc(C(N3CCCC3)=O)o2)[nH]c2ccccc2c1,MOSES sample,4761,282.303,21,75.02,2.4539,2,4
c1c(-c2ccccc2)nc(s1)CCN1Cc2ccccc2CC1C(=O)N,MOSES sample,4762,363.486,26,59.22,3.2648,5,4
C1N(CCN(c2cc(nc(N)n2)C)C1)CC(=O)NC1CCOCC1,MOSES sample,4763,334.424,24,96.61,-0.21558,4,3
Cc1ccc(CNC(=O)CN2CCCCC2=O)cc1,MOSES sample,4764,260.337,19,49.41,1.62372,4,2
N(C(Nc1ccc(cc1)OCC)=O)c1c(ccnc1)C,MOSES sample,4765,271.32,20,63.25,3.43272,4,2
[nH]1c([nH]c(C(=O)NCc2ncn(C)n2)cc1=O)=O,MOSES sample,4766,250.218,18,125.53,-1.8783,3,2
C(N(S(=O)(c1cc(ccc1Cl)N)=O)C)CC,MOSES sample,4767,262.762,16,63.4,1.9527,4,1
C=CCNC(=O)CN(C)C(=O)Cc1ccc(F)cc1,MOSES sample,4768,264.3,19,49.41,1.1288,6,1
O(CC)c1ccc(C)cc1S(=O)(=O)N1CCN(CC1)C(C)=O,MOSES sample,4769,326.418,22,66.92,1.24652,4,2
c1(F)ccc(C2OCCN(C(c3cn(C(C)(C)C)nc3)=O)C2)cc1,MOSES sample,4770,331.391,24,47.36,2.9909,2,3
CCCOc1cccc2c1CCNC2c1cccnc1F,MOSES sample,4771,286.35,21,34.15,3.2446,4,3
c1(ccc(OC)cc1)CCNC(c1ccccc1C(=O)OC)=O,MOSES sample,4772,313.353,23,64.63,2.4543,6,2
COc1ccc(F)c(NC(=O)NCC(=O)N2CCCCC2)c1,MOSES sample,4773,309.341,22,70.67,1.9683,4,2
C(=O)(NC(C)c1ccc(OCc2cccnc2)cc1)C,MOSES sample,4774,270.332,20,51.22,2.8577,5,2
c1cc(CNC(=O)NCC2(c3cccc(Cl)c3)CC2)ncc1,MOSES sample,4775,315.804,22,54.02,3.266,5,3
c1(ccccc1NC(c1cc2OCOc2cc1)=O)-c1nnc(CC)o1,MOSES sample,4776,337.335,25,86.48,3.28,4,4
Cc1nc2ccccn2c1C(=O)NC(C)Cc1cccs1,MOSES sample,4777,299.399,21,46.4,3.06522,4,3
O=C(NC(C)Cc1ccco1)NC(c1sccc1)CC,MOSES sample,4778,292.404,20,54.27,3.7226,6,2
n1cccc(CNCC(N2CCc3c2cccc3)=O)c1OC1CCCC1,MOSES sample,4779,351.45,26,54.46,3.0819,6,4
O=C(NCCc1cnccc1)c1ccc2[nH]c(cc(=O)c2c1)COC,MOSES sample,4780,337.379,25,84.08,2.042,6,3
n1(nnnc1)-c1cccc(OCC(=O)N(Cc2ccc(C)cc2)C)c1,MOSES sample,4781,337.383,25,73.14,2.00812,6,3
COCc1ccccc1NC(=O)NCC1COc2ccccc2O1,MOSES sample,4782,328.368,24,68.82,2.7945,5,3
O=C(NCC1(c2ccc(Br)cc2)CCCC1)c1ccno1,MOSES sample,4783,349.228,21,55.13,3.6789,4,3
O=C(NCC1CCCO1)c1ccc2c(c1)ncn2-c1ccccc1,MOSES sample,4784,321.38,24,56.15,2.9343,4,4
C1CN(C2C(OCC2)C1OCC)C(=O)c1c(C)cccc1,MOSES sample,4785,289.375,21,38.77,2.40352,3,3
O(c1ccc(C(=O)Nc2nnc(-c3c(F)cccc3)o2)cc1)C,MOSES sample,4786,313.288,23,77.25,3.1366,4,3
O=C(NC(C)CC)CNC(=O)c1ccccc1Br,MOSES sample,4787,313.195,18,58.2,2.0936,5,1
Nc1c(C#N)c(n[nH]1)Sc1nccn1C(C)(C)C,MOSES sample,4788,262.342,18,96.31,1.96628,2,2
c1sc(NC(C(C)C)=O)nc1CC(=O)NCC(F)(F)F,MOSES sample,4789,309.313,20,71.09,1.9586,5,1
CC1C(=O)Nc2c(F)cc(C(O)c3ccccc3)cc21,MOSES sample,4790,271.291,20,49.33,2.963,2,3
n1cccc2c1NC(CN2C(=O)COC(c1cc(C)oc1C)=O)=O,MOSES sample,4791,329.312,24,101.74,1.43354,3,3
N(c1ccccc1)C(=O)COc1cccc(c1)C(=O)C,MOSES sample,4792,269.3,20,55.4,2.9067,5,2
O(c1ccc(cc1)C(=O)Nc1cc(ccc1C)N)CC,MOSES sample,4793,270.332,20,64.35,3.22822,4,2
N1(CCN(c2ccccc2)CC1)C(=O)CNC(=O)c1nn(cc1)C,MOSES sample,4794,327.388,24,70.47,0.4987,4,3
C1N(CCS(=O)c2ccc(F)cc2)CCOC1c1ccccc1F,MOSES sample,4795,351.418,24,29.54,3.1459,5,3
O1C(C)CN(Cc2cc(c(cc2)OC)F)c2n1ccc2,MOSES sample,4796,276.311,20,26.63,2.4731,3,3
O=C(Nc1sccc1-n1cccc1)c1cnc(-c2ccccc2)nc1,MOSES sample,4797,346.415,25,59.81,4.2481,4,4
n1nc(sc1-c1ccnn1C)NC(=O)c1cc([nH]n1)C1CC1,MOSES sample,4798,315.362,22,101.38,1.7914,4,4
N(c1c(cn(n1)-c1c(cccc1)Cl)C)C(CCNC(C)=O)=O,MOSES sample,4799,320.78,22,76.02,2.29882,5,2
c1(CSc2ccc(C)cc2)csc(n1)CC(NC)=O,MOSES sample,4800,292.429,19,41.99,3.03232,5,2
c1cc2c(cc[nH]2)c(c1)C(=O)N1CCNC(CC1)=O,MOSES sample,4801,257.293,19,65.2,1.13,1,3
C(c1cc(NC(=O)c2ccc(Cl)cc2)ccc1)(C)O,MOSES sample,4802,275.735,19,49.33,3.6456,3,2
Nc1cccc(Oc2nccc(C(F)(F)F)n2)c1,MOSES sample,4803,255.199,18,61.03,2.8699,2,2
O=C(CCNC(c1cc(c(cc1)C)C)=O)NCC(OC)=O,MOSES sample,4804,292.335,21,84.5,0.71254,6,1
CCCCN(C)C(=O)Cn1cnc2cc3c(cc2c1=O)OCCO3,MOSES sample,4805,331.372,24,73.66,1.4262,5,3
CC(C)(NS(=O)(c1cc2c(n(CCC)c(=O)c(n2)C)cc1)=O)C,MOSES sample,4806,337.445,23,81.06,2.19172,4,2
Cc1ncsc1CCOC(=O)Cc1csc(-c2ccco2)n1,MOSES sample,4807,334.422,22,65.22,3.49642,6,3
C(N1CCOC(C1)c1ccc(cc1)Br)c1scnc1C,MOSES sample,4808,353.285,20,25.36,3.78752,3,3
C#CCNC(C)(C(=O)OC)c1ccc(F)cc1F,MOSES sample,4809,253.248,18,38.33,1.5758,4,1
Cc1cccc2c(=O)n(CCC(=O)N(C)CCC#N)cnc12,MOSES sample,4810,298.346,22,78.99,1.4671,5,2
N(CCC(NC1CC1)=O)C(N(Cc1ccco1)C)=O,MOSES sample,4811,265.313,19,74.58,1.0897,6,2
Cc1cccc(NC2CCN(S(=O)(=O)CCCC#N)CC2)c1C,MOSES sample,4812,335.473,23,73.2,2.81332,6,2
c1cccc(SCCC(N2CCC(CC2)=O)=O)c1,MOSES sample,4813,263.362,18,37.38,2.3603,4,2
C(C)OC(C(C)NC(=O)Cc1cc2c(CCCC2)cc1)=O,MOSES sample,4814,289.375,21,55.4,2.1757,5,2
n1c(SC(C)CC)n(-c2ccc(cc2)C)c(n1)C,MOSES sample,4815,261.394,18,30.71,3.77474,4,2
COc1ccc(OCC(=O)NC2COc3c(cccc3OC)C2)cc1,MOSES sample,4816,343.379,25,66.02,2.2025,6,3
c1cccc2CC(CNC(c3cnc(CC)s3)=O)COc21,MOSES sample,4817,302.399,21,51.22,2.6866,4,3
O=S(=O)(c1ccc(NC(=O)C(CC)CCCC)c(c1)F)NC,MOSES sample,4818,330.425,22,75.27,2.8887,8,1
CCN(CC)c1ccc(-c2ccc(C(=O)N(C)C)cn2)cc1,MOSES sample,4819,297.402,22,36.44,3.2966,5,2
Cc1ccc(CNC(=O)Cn2nc3n(c2=O)CCCCC3)s1,MOSES sample,4820,320.418,22,68.92,1.45752,4,3
c12[nH]c(C3CN(Cc4cccnc4)CC3)cc(c1cc(OC)cc2)=O,MOSES sample,4821,335.407,25,58.22,2.9212,4,4
c1(ccccc1OC)CC(=O)Nc1sc(C)nn1,MOSES sample,4822,263.322,18,64.11,2.03632,4,2
O=C(Nc1ccc(cc1)O)C1CC(N(C1)c1ccc(cc1)C)=O,MOSES sample,4823,310.353,23,69.64,2.69222,3,3
C1N(Cc2c3ccccc3ccc2)CCN(C(c2ccoc2)=O)C1,MOSES sample,4824,320.392,24,36.69,3.3908,3,4
c1(C#N)cccc(c1)OC(C)C(NCCc1ccc(cc1F)F)=O,MOSES sample,4825,330.334,24,62.12,2.96268,6,2
n1(CCC(N(Cc2ccsc2)Cc2occc2)=O)ccc([nH]c1=O)=O,MOSES sample,4826,359.407,25,88.31,1.8102,7,3
N(C(c1cn(c(cc1)=O)C)=O)c1scc(n1)-c1c(Cl)cccc1,MOSES sample,4827,345.811,23,63.99,3.4145,3,3
NC(=O)CN1CCN(c2ncnc3sccc23)CC1,MOSES sample,4828,277.353,19,75.35,0.2986,3,3
c1c(cccc1-n1nnnc1)NC(c1ccoc1C)=O,MOSES sample,4829,269.264,20,85.84,1.81602,3,3
C(C)(NCc1ccccc1)C(=O)c1c(F)cc(cc1)F,MOSES sample,4830,275.298,20,29.1,3.3258,5,2
C1(CO)c2c(OC)cccc2CCN1C(COc1cc(ccc1)C)=O,MOSES sample,4831,341.407,25,59,2.50072,5,3
n1c(cc(nc1C)C)N1CCOC(C1)c1ccc(cc1)Cl,MOSES sample,4832,303.793,21,38.25,3.32474,2,3
N1(CCCS1(=O)=O)CCOc1cc(CC)ccc1,MOSES sample,4833,269.366,18,46.61,1.6633,5,2
c12C(c3ccccn3)CC(=O)Nc2c2c(o1)cccc2,MOSES sample,4834,264.284,20,55.13,3.3019,1,4
c12OCCOc1c(Br)cc(c2)CNC(=O)c1cc[nH]n1,MOSES sample,4835,338.161,20,76.24,1.8734,3,3
CN(C(=O)c1ccc(cc1)-n1ncnc1)Cc1ccc(c(c1)OC)SC,MOSES sample,4836,368.462,26,60.25,3.27,6,3
c1ccccc1Cn1nc(ccc1=O)C(=O)NCCC,MOSES sample,4837,271.32,20,63.99,1.4314,5,2
O=C(Nc1sc2c(n1)CCCC2=O)c1ccccc1F,MOSES sample,4838,290.319,20,59.06,3.0535,2,3
c12n(c(=O)ccc2C(Nc2ncccn2)C)CCC1,MOSES sample,4839,256.309,19,59.81,1.7576,3,3
c1c(SC(F)F)c(ccc1)NC(CSc1ccncc1)=O,MOSES sample,4840,326.393,21,41.99,4.1271,6,2
o1nc(C(N(C)Cc2oc(C3CC3C)cc2)=O)cc1C1CC1,MOSES sample,4841,300.358,22,59.48,3.5406,5,4
O=c1c2c(nc(C)n1-c1c(cccc1)C)nc1n(c2=O)CCCN1,MOSES sample,4842,323.356,24,81.81,1.37484,1,4
c1(SCC(=O)OCCC)nn(cn1)-c1ccccc1,MOSES sample,4843,277.349,19,57.01,2.3126,6,2
C(=O)(c1c(N(C)C)nccc1)NCc1cccc(-c2cn(C)nc2)c1,MOSES sample,4844,335.411,25,63.05,2.4781,5,3
C(N)(=O)CSc1nccn1-c1cccc(Cl)c1,MOSES sample,4845,267.741,17,60.91,2.1031,4,2
c1(C(=O)N(C)C(C)c2cc3c(o2)cccc3)cn(c(cc1)=O)C,MOSES sample,4846,310.353,23,55.45,2.9647,3,3
c1(-c2onc(CNC(=O)c3cscc3)c2)cccc(Cl)c1,MOSES sample,4847,318.785,21,55.13,3.9865,4,3
O=C(CNC(=O)c1cnn2c1OCCC2)Nc1ccc(F)c(Cl)c1,MOSES sample,4848,352.753,24,85.25,1.8266,4,3
c1c(c(cc(F)c1)OC)NC(=O)CN1CCOc2c1cc(F)cc2,MOSES sample,4849,334.322,24,50.8,2.8109,4,3
c1(c(cc2c(n1)cccc2)C(Nc1nc(C)no1)=O)C,MOSES sample,4850,268.276,20,80.91,2.48694,2,3
c1(C(C)C)cccc(OCCNC(=O)NCC2OCCC2)c1,MOSES sample,4851,306.406,22,59.59,2.667,7,2
C(OC(=O)C1CC1)CCn1c(=O)c2ccc(F)cc2nc1,MOSES sample,4852,290.294,21,61.19,1.8789,5,3
n1(cnnc1)-c1cccc(NC(=O)Cn2cnc3c(cccc3)c2=O)c1,MOSES sample,4853,346.35,26,94.7,1.6159,4,4
C(C(=O)Nc1c(C)cc(cc1C)C)NC(=O)c1ccc(SC)cc1,MOSES sample,4854,342.464,24,58.2,3.70226,5,2
c1c2c(ccc1)C(N(C(c1c(C)n(nc1C)C)=O)C)CC2,MOSES sample,4855,283.375,21,38.13,2.79644,2,3
n1cc(C(F)(F)F)ccc1SCC(=O)Nc1sccc1C#N,MOSES sample,4856,343.355,22,65.78,3.76438,4,2
c12ccccc2OC(CO1)C(NCc1ccc(C)cc1)=O,MOSES sample,4857,283.327,21,47.56,2.45122,3,3
c1(C(=O)OC(C#C)C)cn(nc1)Cc1ccccc1,MOSES sample,4858,254.289,19,44.12,2.1099,4,2
c1ccc(CC(NCc2cn[nH]c2)c2c(cccc2)F)cc1,MOSES sample,4859,295.361,22,40.71,3.6224,6,3
c1ccc(C(c2n(ccn2)C)NC(Nc2ccc(cc2)OC)=O)cc1,MOSES sample,4860,336.395,25,68.18,3.3398,5,3
C(COc1ccc(cc1)Cl)NC(=O)NC1COc2c(cccc2)C1,MOSES sample,4861,346.814,24,59.59,3.0217,5,3
c1cccc(c1OCC(N1Cc2ccc(cc2CC1)F)=O)C#N,MOSES sample,4862,310.328,23,53.33,2.66108,3,3
c1cccc(OC(C)C)c1NC(Cc1nocc1)=O,MOSES sample,4863,260.293,19,64.36,2.643,5,2
c1cccnc1N1CCC(NC(=O)c2csc(C)c2)CC1,MOSES sample,4864,301.415,21,45.23,2.85032,3,3
c1cccc(C=CC2NCCc3c2cc(O)cc3O)c1,MOSES sample,4865,267.328,20,52.49,2.998,2,3
c1c(-c2cccs2)n(nc1C(=O)NCc1ncsc1)CC,MOSES sample,4866,318.427,21,59.81,3.018,5,3
c1(C)c(COc2ccc(cc2)C(OCC)=O)c(on1)C,MOSES sample,4867,275.304,20,61.56,3.04714,5,2
CCCOc1nc(NCC2CCCO2)ccc1N,MOSES sample,4868,251.33,18,69.4,2.0435,6,2
C1N(C(=O)OCC)CCC(NC(=O)COc2c(C)cccc2)C1,MOSES sample,4869,320.389,23,67.87,2.11092,5,2
N1(c2ncccn2)CCN(C(C2CCCO2)=O)CC1,MOSES sample,4870,262.313,19,58.56,0.3042,2,3
O=C(NCc1cc(F)ccc1F)NCC1CCCO1,MOSES sample,4871,270.279,19,50.36,1.943,4,2
CCCC(=O)Nc1cc(Br)cn(C)c1=O,MOSES sample,4872,273.13,15,51.1,1.8864,3,1
c1nc(sc1)CN1C(Cc2sccc2)CCC1,MOSES sample,4873,264.419,17,16.13,3.4117,4,3
C1CN(CC1)C(Cc1cc(ccc1)F)CNC(c1cnccc1C)=O,MOSES sample,4874,341.43,25,45.23,2.96602,6,3
Cc1cc(Cc2nnc(NC(=O)Cn3ccc(C)n3)o2)ccc1C,MOSES sample,4875,325.372,24,85.84,2.42086,5,3
N(C(NCc1ccc2c(c1)OCO2)=O)Cc1ccc(c(Cl)c1)F,MOSES sample,4876,336.75,23,59.59,3.2072,4,3
CC(OC(N1CCC(CC1)S(=O)(c1ccccn1)=O)=O)(C)C,MOSES sample,4877,326.418,22,76.57,2.2548,2,2
Cn1cc(C(=O)Nc2ccncc2)c(=O)c2ccccc21,MOSES sample,4878,279.299,21,63.99,2.1858,2,3
C(Nc1c(cccc1)Cl)(=O)c1cnc2c(scc2)c1,MOSES sample,4879,288.759,19,41.99,4.202,2,3
O=S(c1ccccc1)(N1CCN(C(c2oncc2)=O)CC1)=O,MOSES sample,4880,321.358,22,83.72,0.8213,3,3
C1CCC(CN1C(c1cnc2ccoc2c1)=O)c1nc2ccccc2o1,MOSES sample,4881,347.374,26,72.37,3.9888,2,5
C1CCCCC(NC(Nc2c(C)noc2CC)=O)C1,MOSES sample,4882,265.357,19,67.16,3.38972,3,2
CCNC(=O)c1ccc(Cl)cc1NC(=O)c1ccc[nH]1,MOSES sample,4883,291.738,20,73.99,2.6701,4,2
C(C)OC(C1CCN(C(=O)Nc2scnn2)CC1)=O,MOSES sample,4884,284.341,19,84.42,1.3451,3,2
C(NC(=O)N(C)C(c1cc(F)c(F)cc1)C)c1sc(C)nc1,MOSES sample,4885,325.384,22,45.23,3.63232,4,2
O=C1COc2ccccc2N1Cc1ccccc1Cl,MOSES sample,4886,273.719,19,29.54,3.2656,2,3
c1(OC)ccc(cc1)-c1oc(c(C#N)n1)N1CC(C)OC(C)C1,MOSES sample,4887,313.357,23,71.52,2.83548,3,3
c1cc2c(cc1)nc(cc2C(=O)N(C(c1ncccc1)C)C)N(C)C,MOSES sample,4888,334.423,25,49.33,3.529,4,3
CCC(CC)C(=O)Nc1ccc(F)c(c1)NC(=O)C,MOSES sample,4889,266.316,19,58.2,3.1588,5,1
C1C(OC(=O)c2c(Cl)cc(cc2)Cl)CC(C1)=O,MOSES sample,4890,273.115,17,43.37,3.2718,2,2
Cc1ccc2cccc(NC(=O)c3cnn(-c4ccncc4)c3C)c2n1,MOSES sample,4891,343.39,26,72.7,3.68464,3,4
c1(NC(=O)c2c3CCCc3[nH]n2)cc2c(cc1)[nH]c(c2Cl)C,MOSES sample,4892,314.776,22,73.57,3.59382,2,4
c1(-c2cccs2)n(c(SCCOC)nn1)N,MOSES sample,4893,256.356,16,65.96,1.4589,5,2
N(C(NC(C)c1ccc(SCC)cc1)=O)(Cc1cc(C)on1)C,MOSES sample,4894,333.457,23,58.37,3.99762,6,2
s1c(ccc1)-c1nc(-c2nc(C(N(C)C)=O)cs2)cs1,MOSES sample,4895,321.452,20,46.09,3.6969,3,3
O=C(N)C1CN(C(=O)c2ccc(cc2O)C)CCC1,MOSES sample,4896,262.309,19,83.63,1.03812,2,2
CC(C(N1CCC(CC1)C(NCc1csc(C)n1)=O)=O)C,MOSES sample,4897,309.435,21,62.3,1.96232,4,2
Nc1cccc(SCc2n(ccn2)C(F)F)c1,MOSES sample,4898,255.293,17,43.84,3.1527,4,2
N(C(=O)c1cccc(C#CCO)c1)C1CC2CC1CC2,MOSES sample,4899,269.344,20,49.33,1.9488,2,3
C(c1sc(C)nc1C)n1nc2n(c1=O)cccc2,MOSES sample,4900,260.322,18,52.19,1.61764,2,3
COCCn1ccc(NC(=O)N2CC3C4CCC(CC4)C3C2)n1,MOSES sample,4901,318.421,23,59.39,2.4294,4,5
O=C(Nc1ccc(cc1)C(=O)N(C)C)c1ccccc1OCC,MOSES sample,4902,312.369,23,58.64,3.0394,5,2
c1(Cl)cc2c(cncc2Br)cc1N,MOSES sample,4903,257.518,13,38.91,3.2329,0,2
C1CN(CCC21OCCO2)S(=O)(=O)c1ccc(Cl)cc1F,MOSES sample,4904,335.784,21,55.84,2.0067,2,3
C(F)(COc1ccc(cc1)C(=O)Nc1cn(c(=O)cc1)CC)(F)F,MOSES sample,4905,340.301,24,60.33,3.0616,5,2
c1(C)sc(C)nc1C(N(C)Cc1ccc2OCOc2c1)=O,MOSES sample,4906,304.371,21,51.66,2.76084,3,3
c1(C(=O)N(CC)CC(OC)=O)c(c(n[nH]1)C(C)C)Br,MOSES sample,4907,332.198,19,75.29,1.9307,5,1
CC(c1nccs1)CNc1nc(nc(c1CCO)C)N,MOSES sample,4908,293.396,20,96.95,1.57412,6,2
C(c1ccc(cc1)OC)(N(C)C(=O)c1cnccc1)C,MOSES sample,4909,270.332,20,42.43,2.9234,4,2
C1(N2CCOCC2)(CNC(Nc2cccc(c2)C)=O)CCCCC1,MOSES sample,4910,331.46,24,53.6,3.15162,4,3
c1(N)c(ncc(Br)c1)NCCCOCC,MOSES sample,4911,274.162,15,60.17,2.2648,6,1
C(c1c(C)nns1)(Oc1ccc2c(OCO2)c1)=O,MOSES sample,4912,264.262,18,70.54,1.79442,2,3
n1c(-c2ccc(C)c(c2)N)csc1NC(=O)c1occc1,MOSES sample,4913,299.355,21,81.15,3.54602,3,3
COC1CCCN(C(=O)c2[nH]c(C)c(C(C)=O)c2C)C1,MOSES sample,4914,278.352,20,62.4,2.08514,3,2
c1[nH]cc(c1-c1nc(-c2ccc(cc2)C#N)no1)C,MOSES sample,4915,250.261,19,78.5,2.9118,2,3
O=C(N1CCC(c2c(NC(C3CCC3)=O)sc(n2)C)CC1)C,MOSES sample,4916,321.446,22,62.3,2.91602,3,3
C(c1cccc(C(NCC(=O)NC2CC2)=O)c1O)(F)(F)F,MOSES sample,4917,302.252,21,78.43,1.4194,4,2
CCCC1CN(C(=O)Nc2cc(NC(C)=O)c(F)cc2F)CCO1,MOSES sample,4918,341.358,24,70.67,2.956,4,2
O=C(NCc1cccc(OCC(F)F)c1)c1cc(C(C)C)[nH]n1,MOSES sample,4919,323.343,23,67.01,3.107,7,2
c1(ccccc1NC(Cc1ccc(cc1)Cl)=O)C(=O)NC,MOSES sample,4920,302.761,21,58.2,2.8808,4,2
c1cc(c(CN(C)C(=O)CC2CC3CCC2C3)cc1)OCC,MOSES sample,4921,301.43,22,29.54,3.87,6,3
n1c(C(=O)NCC)ccc(NC(NCC(C)C)=O)c1,MOSES sample,4922,264.329,19,83.12,1.6088,5,1
c1cc2[nH]c(nc2cc1)CN1CCN(C(c2[nH]cc(c2)C#N)=O)CC1,MOSES sample,4923,334.383,25,91.81,1.72068,3,4
c1(Cl)cc(ncc1)C(=O)N(C)c1c(C(OC)=O)cccc1,MOSES sample,4924,304.733,21,59.5,2.7982,3,2
N1(CC2(OCC1)CCC2)Cc1ccc(c(c1)OC(F)F)OC,MOSES sample,4925,313.344,22,30.93,3.0515,5,3
c1cc(Oc2ccc(C(C)NC(=O)c3c(ncs3)C)cc2)cnc1,MOSES sample,4926,339.42,24,64.11,4.12982,5,3
c1(ccc(C(=O)N(c2ccccc2)C)cc1)C(=O)N,MOSES sample,4927,254.289,19,63.4,2.0621,3,2
COc1ccc(C2(C(=O)NC(C)C(C)C)CCOCC2)cc1OC,MOSES sample,4928,335.444,24,56.79,2.9127,6,2
COc1c(N)cc(CCC(N2CCCCCC2)=O)c(OC)c1,MOSES sample,4929,306.406,22,64.79,2.6212,5,2
Cc1c(cn(C)n1)CNCc1c[nH]nc1-c1c(cc(cc1)F)F,MOSES sample,4930,317.343,23,58.53,2.68662,5,3
O=C(N(C1CCC1)C(C)C)c1cn(-c2ccc(Cl)cc2)nn1,MOSES sample,4931,318.808,22,51.02,3.3238,4,3
c1c(C(N(CCCCC)CC)=O)cc2OCCOc2c1,MOSES sample,4932,277.364,20,38.77,3.1101,6,2
C1N(CCc2c1cc(cc2)OCC)S(=O)(N1CCOCC1)=O,MOSES sample,4933,326.418,22,59.08,1.0204,4,3
c1ccc(OC)c(CNC(COc2c[nH]c(cc2=O)C)=O)c1,MOSES sample,4934,302.33,22,80.42,1.38712,6,2
CN(C(=O)COc1ccc(C#N)cc1)C1CCCCC1,MOSES sample,4935,272.348,20,53.33,2.72818,4,2
c1(NC(=O)CCc2oc(c(C(C)=O)c2)C)ccccc1NC(=O)N,MOSES sample,4936,329.356,24,114.43,2.85252,6,2
Cc1cc(C)n(Cc2nc(Cc3ccc(F)cc3)no2)n1,MOSES sample,4937,286.31,21,56.74,2.66114,4,3
s1c(c[nH]c1=O)CNC(CSc1nc2ccccc2[nH]1)=O,MOSES sample,4938,320.399,21,90.64,1.7212,5,3
c1c2c(c(OC)cc1)c(c(C(NCc1nn(cn1)C)=O)o2)C,MOSES sample,4939,300.318,22,82.18,1.80832,4,3
C(C)OC1CCN(CC1)C(=O)NCCc1sc(nn1)C,MOSES sample,4940,298.412,20,67.35,1.59952,5,2
c1c(oc(C2C(C)C2)c1)CSc1nnc(-c2c(C)occ2)n1N,MOSES sample,4941,330.413,23,83.01,3.56902,5,4
n1(cc(CCCSc2n(CCC)c(nn2)C)cn1)C,MOSES sample,4942,279.413,19,48.53,2.45492,7,2
O=C(c1ccnnc1)N1CCC(COCc2ccccc2)C1,MOSES sample,4943,297.358,22,55.32,2.1555,5,3
N1(CCC(=O)OCC)c2c(cc(Cl)cc2)NCC1=O,MOSES sample,4944,282.727,19,58.64,2.0517,4,2
c1(N(CC(C)(C)O)C)c(N)c2c(cc1Cl)cccc2,MOSES sample,4945,278.783,19,49.49,3.2825,3,2
Cc1cc(on1)CC(N1CCCC(C(=O)NCC2OCCC2)C1)=O,MOSES sample,4946,335.404,24,84.67,1.05932,5,3
COc1ccnc(Sc2nnc(-c3ccccc3)o2)n1,MOSES sample,4947,286.316,20,73.93,2.6864,4,3
N1(CCCCC1=O)Cc1cccc(NC(=O)c2c3c([nH]c2)cccc3)c1,MOSES sample,4948,347.418,26,65.2,3.9327,4,4
O=C(OCCc1cccs1)C1CCN(c2ncccn2)CC1,MOSES sample,4949,317.414,22,55.32,2.5404,5,3
C1C(N2CC(CC2=O)COC(=O)c2ncn(-c3ccccc3)n2)C1,MOSES sample,4950,326.356,24,77.32,1.435,5,4
N(C(=O)Cn1c(cc(C)nc1N1CCCC1)=O)c1cccc(Cl)c1,MOSES sample,4951,346.818,24,67.23,2.44402,4,3
COc1ccccc1CC(=O)Nc1nc(C)c(C(C)=O)s1,MOSES sample,4952,304.371,21,68.29,2.84392,5,2
Cc1nc(-c2ccc(C(C)C)s2)sc1CO,MOSES sample,4953,253.392,16,33.12,3.79572,3,2
c1ncccc1C(n1nnc(c1)-n1c(nnn1)-c1ccc(cc1)C)C,MOSES sample,4954,332.371,25,87.2,2.23352,4,4
c1nn(cn1)CC(=O)Nc1cc(OC)ccc1OC,MOSES sample,4955,262.269,19,78.27,0.934,5,2
C(=O)(NCCC1CCCO1)N1CCOCC1c1oc(cc1)CC,MOSES sample,4956,322.405,23,63.94,2.494,5,3
N(C(C)COC)C(CCSc1ccccn1)=O,MOSES sample,4957,254.355,17,51.22,1.7149,7,1
N1CCc2c(c(cc(c2)F)C)C1c1cc(cc(O)c1)O,MOSES sample,4958,273.307,20,52.49,2.78042,1,3
C(N1C(C2c3n(CCN2C(C1)=O)ccc3)C(OC)=O)c1ccco1,MOSES sample,4959,329.356,24,67.92,1.0218,3,4
c1c(ccc(-c2nc(CC(NCCC(C)C)=O)[nH]n2)c1)C,MOSES sample,4960,286.379,21,70.67,2.48492,6,2
O=C(Cn1nnc2ccccc2c1=O)Nc1cc(C(F)(F)F)c[nH]c1=,MOSES sample,4961,,,,,,
C(c1sc(nn1)NC(=O)c1ccc2c(S(N(CCC2)C)(=O)=O)c1)C,MOSES sample,4962,366.468,24,92.26,1.9195,3,3
n1c2n(cccc2)c(n1)CCNC(CSc1ccc(C)cc1)=O,MOSES sample,4963,326.425,23,59.29,2.48872,6,3
CC(C)(C)OC(=O)NC1(CCCC1)c1ccc(cc1)O,MOSES sample,4964,277.364,20,58.56,3.6862,2,2
O1CCCOc2ccc(cc12)S(NCCC#C)(=O)=O,MOSES sample,4965,281.333,19,64.63,1.1495,4,2
c1(SC)nncn1CC(Nc1cccc(Cl)c1)=O,MOSES sample,4966,282.756,18,59.81,2.2921,4,2
CC(=O)NCc1ccc(C(=O)N(CC2CC2)CC2CC2)cc1,MOSES sample,4967,300.402,22,49.41,2.5849,7,3
O=C(C(Nc1oc(C2CC2)nn1)c1ccccc1)OC,MOSES sample,4968,273.292,20,77.25,2.2732,5,3
Cc1ccc(S(=O)(=O)CCC(=O)Nc2ccc3ccccc3n2)cc1,MOSES sample,4969,354.431,25,76.13,3.34572,5,3
C1CC1COC(C)C(=O)Oc1c(Cl)ccc(Cl)c1,MOSES sample,4970,289.158,18,35.53,3.7139,5,2
Clc1c(ccc(c1)CN1CCOCS1(=O)=O)OC(C)C,MOSES sample,4971,319.81,20,55.84,2.2467,4,2
c1sc(c(c1)C)C(=O)NC1CCCCC1CO,MOSES sample,4972,253.367,17,49.33,2.33742,3,2
o1c2c(c(n1)C1CCN(C(CC(C)C)=O)CC1)c(C)nc(n2)C,MOSES sample,4973,316.405,23,72.12,2.98674,3,3
c1(c(C)ccoc1=O)OCC(=O)Nc1ccc(Cl)cn1,MOSES sample,4974,294.694,20,81.43,2.01412,4,2
Cc1ccc(C(=O)NCCC(=O)Nc2ccccn2)cc1,MOSES sample,4975,283.331,21,71.09,2.14862,5,2
c1(C(NC)=O)c(NC(c2nn(C)c(c2)C)=O)c(n(C)n1)C,MOSES sample,4976,290.327,21,93.84,0.38234,3,2
O1CCOC21CCC(Nc1ccc3nnnn3n1)CC2,MOSES sample,4977,276.3,20,86.46,0.6169,2,4
c1(-c2nsc(NC(C(C)CC3CCCC3)=O)n2)ncccc1,MOSES sample,4978,316.43,22,67.77,3.755,5,3
Cc1cc(Nc2cc(N)nc(SCC(=O)N(C)C)n2)no1,MOSES sample,4979,308.367,21,110.17,1.27912,5,2
CCC(CC)c1c(C#N)nnn1-c1cccc(OC)c1,MOSES sample,4980,270.336,20,63.73,3.05118,5,2
Nc1nc(CN2CCOC(c3ccc(F)c(Cl)c3)C2)nc2ccccc12,MOSES sample,4981,372.831,26,64.27,3.578,3,4
c12ccc(F)cc1nc1c(cc(C(OCC)=O)[nH]1)c2,MOSES sample,4982,258.252,19,54.98,3.0319,2,3
C(n1cccn1)C(C)NC(COc1cc(C(C)C)ccc1)=O,MOSES sample,4983,301.39,22,56.15,2.5902,7,2
CCn1cnnc1-c1cccc(NC(=O)C2CC=CC2)c1,MOSES sample,4984,282.347,21,59.81,2.8697,4,3
[nH]1c(=O)c2c(n(c1=O)C)nc(n2CC(=C)C)NCCCCC,MOSES sample,4985,305.382,22,84.71,1.6015,7,2
COc1ccc(OC)c(C(O)CCc2nccs2)c1,MOSES sample,4986,279.361,19,51.58,2.8265,6,2
c1(-c2c(OC)nccc2)cc2c(nc1)cccc2O,MOSES sample,4987,252.273,19,55.24,3.011,2,3
COC(=O)C(C)NC(=O)c1nccc2c(N)c(C)ccc12,MOSES sample,4988,287.319,21,94.31,1.41672,3,2
c1cc(cc(c1)NC(c1nccnc1)=O)CN(CC)C(=O)C,MOSES sample,4989,298.346,22,75.19,2.0973,5,2
CS(=O)(=O)N1CCC(NC(=O)c2c3c(ccc2)cccn3)CC1,MOSES sample,4990,333.413,23,79.37,1.3886,3,3
N(Cc1onc(C)n1)C(=O)NCc1cc(C)ccc1,MOSES sample,4991,260.297,19,80.05,1.68584,4,2
c1cc(oc1)C(N1CCN(CC(C(C)(C)C)O)CC1)=O,MOSES sample,4992,280.368,20,56.92,1.4444,3,2
c1ccc(cc1OCCOC(c1c(C)c(c(C)[nH]1)C(C)=O)=O)F,MOSES sample,4993,319.332,23,68.39,3.20904,6,2
c1c(cccc1)OCCNC(NCCc1c(O)cccc1)=O,MOSES sample,4994,300.358,22,70.59,2.3129,7,2
c1(Br)c(cc(cc1)O)CN1CC(CC#N)CCC1,MOSES sample,4995,309.207,18,47.26,3.28038,3,2
C(=O)(NC(C)(C)CC(OC)=O)c1c(nccc1)OCC,MOSES sample,4996,280.324,20,77.52,1.5518,6,1
COC(=O)c1ccc(NCc2nc3ccccc3o2)c(C)c1,MOSES sample,4997,296.326,22,64.36,3.53492,4,3
c1ccc(o1)CNCCc1cnn(-c2ccccc2)c1,MOSES sample,4998,267.332,20,42.99,2.7976,6,3
C(Nc1cc(F)ccc1OC)(c1ccc(cc1)N1CCOC1=O)=O,MOSES sample,4999,330.315,24,67.87,3.0432,4,3
CN(CCC)C(Nc1cc2COCc2cc1)=O,MOSES sample,5000,234.299,17,41.57,2.5905,3,2
Clc1cc(-c2nc(CN3CCN(CC3)CC#C)c(o2)C)ccc1,MOSES sample,5001,329.831,23,32.51,3.05422,4,3
c1(-c2ccc(F)cc2)n(c(SCCOC)nn1)CC1CCCO1,MOSES sample,5002,337.42,23,49.17,3.0017,7,3
C(CN(S(=O)(=O)c1cc2c(cc1)OCCO2)C)COC,MOSES sample,5003,301.364,20,65.07,1.1148,6,2
n1c(-c2ccccc2)n(C(C)C)c(SCc2nccn2C)n1,MOSES sample,5004,313.43,22,48.53,3.5518,5,3
n1c(SCC(=O)NCC)oc(n1)-c1ccccc1,MOSES sample,5005,263.322,18,68.02,1.9648,5,2
O=C(NCCc1ccccc1F)CN1CCN(C(=O)C2CC2)CC1,MOSES sample,5006,333.407,24,52.65,1.0386,6,3
c1c2c(=O)n(cnc2sc1CC)CC(=O)N1C(C)CCCC1C,MOSES sample,5007,333.457,23,55.2,2.8099,3,3
O=C(Nc1cccc(C(=O)N2CCOCC2)c1)C1CCCCC1,MOSES sample,5008,316.401,23,58.64,2.6778,3,3
c1cc(ccc1)N(C(Cn1cccc(c1=O)C(F)(F)F)=O)CCC#N,MOSES sample,5009,349.312,25,66.1,2.81398,5,2
CCCNC(=O)CNC(c1[nH]nc(c1Br)C)=O,MOSES sample,5010,303.16,17,86.88,0.73662,5,1
CC(NC(c1ccc(c(c1)OC)C)=O)C(=O)OCC,MOSES sample,5011,265.309,19,64.63,1.68502,5,1
Cc1sc(NC(=O)C2CCC2)c(C(=O)OC(C)C)c1C,MOSES sample,5012,295.404,20,55.4,3.66874,4,2
O(C)c1cc(c(cc1)N(S(=O)(=O)N1CC(C)CCC1)C)OC,MOSES sample,5013,328.434,22,59.08,2.1167,5,2
Cn1c(C)c(c(C)n1)-c1c(cccc1)Br,MOSES sample,5014,265.154,15,17.82,3.46644,1,2
c1(ccc(cn1)-n1cncc1)NCCSc1ccc(cc1)C,MOSES sample,5015,310.426,22,42.74,3.77992,6,3
C1COCCN1CCOc1cc(ccc1)Br,MOSES sample,5016,286.169,16,21.7,2.1601,4,2
c1c2c(Sc3ccccc3N2C(=O)OCC)c(C#N)cc1,MOSES sample,5017,296.351,21,53.33,4.31748,1,3
O=C(c1cc(F)cc(F)c1)N1CCN(CCc2ccccc2)CC1,MOSES sample,5018,330.378,24,23.55,2.9653,4,3
c1(c(cc(C(NC(=O)c2scnc2C)CC(C)C)cc1)F)F,MOSES sample,5019,324.396,22,41.99,4.24692,5,2
c1(SCC(=O)Nc2c(n(C)nc2C)C)ccc(cn1)C(F)(F)F,MOSES sample,5020,344.362,23,59.81,3.18154,4,2
C1COCCN1C(=O)Cc1ccc(cc1)NC(C1CCCCC1)=O,MOSES sample,5021,330.428,24,58.64,2.6067,4,3
CN(C)S(=O)(=O)c1c(F)cc(Br)cc1F,MOSES sample,5022,300.124,15,37.38,1.9776,2,1
c1(c(F)cc(F)cc1)C1(CCOCC1)NC(=O)C(C)OC,MOSES sample,5023,299.317,21,47.56,2.1216,4,2
O=C(NC(c1ccc(C)c(C)c1)C)c1c[nH]c(=O)cc1,MOSES sample,5024,270.332,20,61.96,2.48274,3,2
c1c(occ1)C(=O)Nc1c(CC(OC)=O)cccc1,MOSES sample,5025,259.261,19,68.54,2.2474,4,2
COc1c(Cl)cc(Cl)cc1C(=O)CCCC(=O)OC,MOSES sample,5026,305.157,19,52.6,3.528,6,1
c1n(ncc1N)CCOc1c(OC)cc(Cl)cc1,MOSES sample,5027,267.716,18,62.3,2.2063,5,2
C(N1CCC(CC1)OC)(Cn1c2c([nH]c1=O)cccc2)=O,MOSES sample,5028,289.335,21,67.33,0.967,3,3
c1cn(c(C(C2CCCCC2)OC(=O)C(C)c2sccc2)n1)C,MOSES sample,5029,332.469,23,44.12,4.4499,5,3
NC1=Nc2nc3ccccc3n2C(c2cccc(O)c2)N1,MOSES sample,5030,279.303,21,88.46,1.8382,1,4
c1cccc(c1C)CN(C1CCCCC1)C(c1cnccn1)=O,MOSES sample,5031,309.413,23,46.09,3.76012,4,3
Cc1ccc(O)c(C(=O)N2CCN(C(=O)c3cccc(F)c3)CC2)c1,MOSES sample,5032,342.37,25,60.85,2.43792,2,3
c1(c(C)c(ccc1)NC(CSc1nnc(o1)-c1ncccc1)=O)C,MOSES sample,5033,340.408,24,80.91,3.47924,5,3
CCN(C(=O)c1cc2c(=O)n3ccccc3nc2s1)C(C)C(C)C,MOSES sample,5034,343.452,24,54.68,3.4158,4,3
C1CN(CCCN1C(c1ccc(c(c1)C)C)=O)C(=O)OCC(C)C,MOSES sample,5035,332.444,24,49.85,3.24394,3,2
C1(CCC1)C(=O)OCC(=O)N1c2ccccc2SCC1,MOSES sample,5036,291.372,20,46.61,2.4686,3,3
COc1ccc(NC(=O)NC2CCCC(C)C2)cc1-n1nnnc1C,MOSES sample,5037,344.419,25,93.96,2.67952,4,3
CC1CCCCC1NC(=O)CN1CCN(CC(=O)N2CCCC2)CC1,MOSES sample,5038,350.507,25,55.89,0.9213,5,3
C=CCN(Cc1nccn1Cc1ccc(Cl)cc1)C(C)=O,MOSES sample,5039,303.793,21,38.13,3.1193,6,2
CS(NC1CCN(CC1)S(=O)(N(C(C)C)C)=O)(=O)=O,MOSES sample,5040,313.445,19,86.79,-0.415,5,1
Cc1c(c(C)nn1CC(=O)N1CCC(CC1)C(=O)OCC)Cl,MOSES sample,5041,327.812,22,64.43,1.95504,4,2
Cc1n(C)nc(c1C(OCc1nc(-c2ccc(cc2)Cl)no1)=O)C,MOSES sample,5042,346.774,24,83.04,3.09734,4,3
COc1cccc(-c2nnc(NC(c3scnc3C3CC3)=O)o2)c1,MOSES sample,5043,342.38,24,90.14,3.3314,5,4
c1cc(NS(=O)(c2c(OC)cc(c(c2)OC)Cl)=O)cnc1,MOSES sample,5044,328.777,21,77.52,2.553,5,2
N(S(=O)(c1c(onc1C)C)=O)CCC(C1CC1)O,MOSES sample,5045,274.342,18,92.43,0.73074,6,2
CC1(C)OC(=O)C(c2ccccc2)N2CCCC21C,MOSES sample,5046,259.349,19,29.54,2.9176,1,3
O=C(NCc1ccccc1)C1CCN(c2ccc3nccn3n2)CC1,MOSES sample,5047,335.411,25,62.53,2.2621,4,4
C1C(C1)NC(c1ccc(NCCCCO)nn1)=O,MOSES sample,5048,250.302,18,87.14,0.5532,7,2
c1(CCNS(=O)(=O)c2c(ccc(c2)Cl)C)ncccc1,MOSES sample,5049,310.806,20,59.06,2.56442,5,2
Cc1nnnn1-c1ccc(C(=O)Nc2n[nH]c(C(C)C)n2)cc1,MOSES sample,5050,312.337,23,114.27,1.46452,4,3
O=C(NCc1c2c(ccn1)ccc(c2)N)c1ccccc1,MOSES sample,5051,277.327,21,68.01,2.747,3,3
c1(cccc(C)c1)-c1nc(on1)CSc1n(C(C)C)c([nH]n1)=O,MOSES sample,5052,331.401,23,89.6,2.80302,5,3
c12c(NC(=O)N(C1c1c(OC)cccc1)Cc1ccncc1)cccc2,MOSES sample,5053,345.402,26,54.46,4.2273,4,4
c1nn(cc1CCC(=O)NCCc1occc1)-c1ccccc1,MOSES sample,5054,309.369,23,60.06,2.7568,7,3
c1c(Cl)c(ccc1)C(=O)N(CC1CCCO1)CC(=O)N,MOSES sample,5055,296.754,20,72.63,1.4465,5,2
c12nc[nH]c(c1c(c(o2)C)C(=O)NCc1ccccc1Cl)=O,MOSES sample,5056,317.732,22,87.99,2.40792,3,3
c1c(cc(OC)c(OC)c1)CN(C(=O)C(c1ccccc1)N)C,MOSES sample,5057,314.385,23,64.79,2.3622,6,2
C1OCCN(C1)C(c1c(cnnc1N)-c1cnccc1)=O,MOSES sample,5058,285.307,21,94.23,0.5932,2,3
C(NCCC(C)C)(=O)Nc1ccc(CN2CCOC2=O)cc1,MOSES sample,5059,305.378,22,70.67,2.8064,6,2
C1(COCCN1C(Nc1ccc(C(=O)OCC)cc1)=O)C1CC1,MOSES sample,5060,318.373,23,67.87,2.506,4,3
CC(C)c1cccc(C)c1NC(=O)CSc1nc2ncccc2o1,MOSES sample,5061,341.436,24,68.02,4.38542,5,3
N(C(NCc1ccc(C)cc1OCC1COCC1)=O)CC,MOSES sample,5062,292.379,21,59.59,2.22942,6,2
C1CC(=O)N(C1)c1ccc(CNc2ncnc3c2ccs3)cc1,MOSES sample,5063,324.409,23,58.12,3.4302,4,4
C1CC(CCN1S(=O)(=O)C)Oc1nc(C)ccc1,MOSES sample,5064,270.354,18,59.5,1.19282,3,2
c1(OC)ccccc1C(N1CCN(CC(=O)NC(C)C)CC1)=O,MOSES sample,5065,319.405,23,61.88,0.9776,5,2
N(C(C(Oc1c(cccc1)Cl)C)=O)CC(O)c1ccccc1,MOSES sample,5066,319.788,22,58.56,2.9571,6,2
c1c(NC(=O)c2nn3c(n2)nccc3)c(N)cc(c1)F,MOSES sample,5067,272.243,20,98.2,1.0979,2,3
N(C(=O)NCCCc1nc2c(cccc2)s1)CC1CCCO1,MOSES sample,5068,319.43,22,63.25,2.7071,6,3
C1(CC1)C(CNC(c1ccc(OC(C)C)cc1)=O)(O)C,MOSES sample,5069,277.364,20,58.56,2.3646,6,2
CC1N(CC(C)OC1)C(Nc1cc(C(NCC)=O)ccc1)=O,MOSES sample,5070,305.378,22,70.67,2.0774,3,2
c1nc(cnc1)-c1noc(CCc2c(cccc2)OCC)n1,MOSES sample,5071,296.33,22,73.93,2.7105,6,3
Cc1nnc(SC(C)C(=O)NC2CCCC2)s1,MOSES sample,5072,271.411,17,54.88,2.38592,4,2
O=S(=O)(NCCc1ccccn1)c1ccc(CC(F)(F)F)cc1,MOSES sample,5073,344.358,23,59.06,2.7074,6,2
c1c(ccc(OC)c1)CN1C(C)Cc2c1ccc(c2)N,MOSES sample,5074,268.36,20,38.49,3.2286,3,3
c1cc(C(NCC2C3C=CC(C2)C3)=O)c(cc1)SC,MOSES sample,5075,273.401,19,29.1,3.3505,4,3
c1ccc2C(C)CN(C(COC(=O)c3ccc(OC)nc3)=O)c2c1,MOSES sample,5076,326.352,24,68.73,2.3973,4,3
c1cc(cc(F)c1C(=O)N(C(C)c1sc(C)cc1)C)F,MOSES sample,5077,295.354,20,20.31,4.16792,3,2
C1(C(=O)NCc2ccc(S(=O)(N)=O)cc2)C2CCC(C2)C1,MOSES sample,5078,308.403,21,89.26,1.3864,4,3
c1sc(CC)nc1Cn1c(oc(-c2ccc(cc2)F)n1)=O,MOSES sample,5079,305.334,21,60.92,2.7096,4,3
c1cccc(c1)CCNC(c1c(nc2c(c(nn2C)C)c1)C)=O,MOSES sample,5080,308.385,23,59.81,2.55764,4,3
O=C(C1CCC1)N1CCC2(COCCN2Cc2ccccc2)CC1,MOSES sample,5081,328.456,24,32.78,2.6801,3,4
Cc1cc(NC(=O)NCCOC(C)C)n(Cc2ccccc2)n1,MOSES sample,5082,316.405,23,68.18,2.78632,7,2
C1C(CNC(CC(C)C)=O)CN(c2ccccc2)C1,MOSES sample,5083,260.381,19,32.34,2.6752,5,2
O=C(NC1CC(=O)N(C2CC2)C1)c1ccn(-c2ccccc2Cl)n1,MOSES sample,5084,344.802,24,67.23,2.0188,4,4
C1CCC2C(C1OC)OCCN2C(Cc1ccccc1OC)=O,MOSES sample,5085,319.401,23,48,2.0326,4,3
C(C(NC(C)C(=O)N1c2ccccc2CC1C)=O)c1ccccc1,MOSES sample,5086,322.408,24,49.41,2.7116,4,3
CC(=O)N(C)c1ccc(S(=O)(=O)N2CCC(C(N)=O)C2)cc1,MOSES sample,5087,325.39,22,100.78,0.1652,4,2
c1(-c2cccnc2)oc(SCC(N=c2sccn2C)=O)nn1,MOSES sample,5088,333.398,22,86.17,1.7512,4,3
C(Oc1ccccc1)COCCc1c(F)cccc1,MOSES sample,5089,260.308,19,18.46,3.4638,7,2
c1cc(ccn1)-n1c(C)c(C(=O)NCc2c(cccc2F)F)cn1,MOSES sample,5090,328.322,24,59.81,2.78392,4,3
c1(C)ccc(cc1)-c1nn(CC(NC(C#N)(C)C2CC2)=O)nn1,MOSES sample,5091,310.361,23,96.49,1.457,5,3
c1cc(-c2nn(CC(OC)=O)c(-c3c(O)c(cc(c3)C)O)n2)oc1,MOSES sample,5092,329.312,24,110.61,2.09772,4,3
N1(c2c(C3C1(C(N(CC(OC)=O)C3)=O)C)cccc2)CC,MOSES sample,5093,288.347,21,49.85,1.384,3,3
C(Cc1ncccc1)Nc1n(-c2ccccc2)nc(C(C)C)c1,MOSES sample,5094,306.413,23,42.74,4.0453,6,3
C1Oc2c(cc(CC(=O)NCC(Oc3c(cccc3)F)C)cc2)O1,MOSES sample,5095,331.343,24,56.79,2.6806,6,3
C1N(C(Cc2c(cc(cc2)F)F)=O)C2(CCN(CC)C2=O)CC1,MOSES sample,5096,322.355,23,40.62,2.1207,3,3
C(NC(=O)Nc1c(CC)cccc1)c1ncn(n1)C,MOSES sample,5097,259.313,19,71.84,1.6992,4,2
c1cc2C(NC(c3cccc(OCCOC)c3)=O)CCc2cc1,MOSES sample,5098,311.381,23,47.56,3.1291,6,3
C(c1ccc(cc1)OC)C(NCC1OCC2N(CCCC2)C1)=O,MOSES sample,5099,318.417,23,50.8,1.6072,5,3
CN(C(Nc1ccc(Cl)cc1F)=O)CC1OCCC1,MOSES sample,5100,286.734,19,41.57,3.1218,3,2
C(CSc1ncc(-c2nccn2Cc2noc(n2)C)cn1)#N,MOSES sample,5101,313.346,22,106.31,1.6955,5,3
C(c1ccc(cc1)N)(CCC(=O)N1CCOCC1)=O,MOSES sample,5102,262.309,19,72.63,1.0905,4,2
c1c(OCCCC)cc(cc1)CNC(C1CN(C(C1)=O)C)=O,MOSES sample,5103,304.39,22,58.64,1.96,7,2
c1c(-n2c(c3sccc3nc2C)=O)ccc(C)c1F,MOSES sample,5104,274.32,19,34.89,3.20314,1,3
Nc1cc2sc(CCc3ccc(F)cc3)nc2cc1,MOSES sample,5105,272.348,19,38.91,3.8028,3,3
O=C(N(c1ccccc1)C)Nc1ccc(cc1)OCC#N,MOSES sample,5106,281.315,21,65.36,3.25728,4,2
OC(COc1cccc(CO)c1)CN(c1ccccc1)C,MOSES sample,5107,287.359,21,52.93,2.055,7,2
c1(C2c3c([nH]c([nH]c3=O)=O)Nc3[nH]nc(c32)C)ccc(C)cc1C,MOSES sample,5108,323.356,24,106.43,1.94876,1,4
c1(C(CNC(C2CC2)=O)OC)ccc(c(C)c1)OC,MOSES sample,5109,263.337,19,47.56,2.21732,6,2
c1ccccc1CCc1nc2n(ncn2)c(N2CCOCC2)c1,MOSES sample,5110,309.373,23,55.55,1.7461,4,4
O=S(c1cccc(c1)C(=O)N1CCCC(C)(C1)C)(NCC=C)=O,MOSES sample,5111,336.457,23,66.48,2.4131,5,2
O=C(OCC(=O)NCc1ccc(Cl)cc1)c1ccc(F)cc1N,MOSES sample,5112,336.75,23,81.42,2.5345,5,2
O=C(Cc1ccc[nH]1)NCCN(CC)c1ccccc1C,MOSES sample,5113,285.391,21,48.13,2.50832,7,2
Cc1ccc(Cl)cc1NCC(=O)N1CC(C)OC(C)C1,MOSES sample,5114,296.798,20,41.57,2.69612,3,2
n1n(c(SC(C)C(=O)N2CCOCC2)nn1)C1CCCC1,MOSES sample,5115,311.411,21,73.14,1.1276,4,3
CC(O)CNC(=O)C1CCC(=O)N(CCc2ccc(F)cc2)C1,MOSES sample,5116,322.38,23,69.64,1.1038,6,2
CCCCN(C)C(=O)CSc1nnc(C)n1-c1cccc(C)c1,MOSES sample,5117,332.473,23,51.02,3.23474,7,2
CS(=O)(=O)NCCCN1CCOCC1C1CC1,MOSES sample,5118,262.375,17,58.64,0.0365,6,2
C(NC1CC1)(CNC(c1cccc(OC)c1OC)=O)=O,MOSES sample,5119,278.308,20,76.66,0.7122,6,2
C1C(CCC1)CC(Nc1ccc(N2CCCC2=O)cc1)=O,MOSES sample,5120,286.375,21,49.41,3.3322,4,3
o1cccc1C(N(C1CC1)C(CSc1c(C)cccc1)=O)C,MOSES sample,5121,315.438,22,33.45,4.43232,6,3
C(NS(=O)(CC)=O)(c1c(C)nn(c1C)CC)C,MOSES sample,5122,259.375,17,63.99,1.52014,5,1
c1c(cccc1NS(=O)(C)=O)C(NC(C1CC1)C1CC1)=O,MOSES sample,5123,308.403,21,75.27,1.9765,6,3
Cc1ccc(c(c1)C)NCC(c1ccccc1OC)O,MOSES sample,5124,271.36,20,41.49,3.45754,5,2
C1(=O)CC(Oc2c1cc(N)cc2)c1c(Cl)cccc1,MOSES sample,5125,273.719,19,52.32,3.6287,1,3
C1(NC(NCc2ccn(c2)C(C)(C)C)=O)CCCC1,MOSES sample,5126,263.385,19,46.06,2.9849,3,2
c1(C(=O)N2CC(CCC2)C(=O)N)c[nH]c2c1c(ccc2)F,MOSES sample,5127,289.31,21,79.19,1.6445,2,3
C1CN(CC1)C(c1nc(-c2ccccc2)nn1-c1ccccc1)=O,MOSES sample,5128,318.38,24,51.02,3.1703,3,4
c1c(cc(cc1)NC(=O)c1c(ccc(c1)Cl)F)C(N)=O,MOSES sample,5129,292.697,20,72.19,2.8303,3,2
CCN(CC)C(=O)CCC(=O)Nc1ccc(SC)cc1,MOSES sample,5130,294.42,20,49.41,2.9956,7,1
COc1ccsc1C(=O)Nc1sc(nn1)CCCC,MOSES sample,5131,297.405,19,64.11,3.2031,6,2
c1ccc(-c2cc(c([nH]n2)=O)C(N)c2ccc(C)cc2)cc1,MOSES sample,5132,291.354,22,71.77,2.79342,3,3
c12N(C(C3CCN(CC3)c3ncccn3)=O)C(Cc2cccc1)C,MOSES sample,5133,322.412,24,49.33,2.6708,2,4
CN(C(=O)c1nc(sc1)-c1cccs1)Cc1c2c(CCC2)[nH]n1,MOSES sample,5134,344.465,23,61.88,3.3556,4,4
O1COc2c1ccc(C(C)(C)NC(CSc1scc(C)n1)=O)c2,MOSES sample,5135,350.465,23,60.45,3.32382,5,3
CC(C)C(c1c(cccc1)NC(C(C)c1ccsc1)=O)=O,MOSES sample,5136,301.411,21,46.17,4.329,5,2
Cc1cc(-c2csc(CCN3CCOC3=O)n2)c(C)n1CC(N)=O,MOSES sample,5137,348.428,24,90.45,1.70844,6,3
c1(ccc(C(F)(F)F)nc1)C(=O)N1c2c(ccc(c2)OC)OCC1,MOSES sample,5138,338.285,24,51.66,3.1482,2,3
FC(F)(F)COC(C(C)NC(=O)c1ccccc1)=O,MOSES sample,5139,275.226,19,55.4,1.9104,4,1
c1(-c2ccncc2)nnnn1CC(Nc1cc(C#N)ccc1)=O,MOSES sample,5140,305.301,23,109.38,1.24548,4,3
c1c(Cl)cccc1CNC(c1c(C)oc(S(=O)(N)=O)c1)=O,MOSES sample,5141,328.777,21,102.4,1.81882,4,2
c1c(nc(s1)C)CN1C(c2c(noc2C)C)CCC1,MOSES sample,5142,277.393,19,42.16,3.39346,3,3
C(C)c1noc(C(N(Cc2ccsc2)CCC)C)n1,MOSES sample,5143,279.409,19,42.16,3.6667,7,2
C(C)(C)CCn1c(=O)c2c(n(NC(C)=O)c1=O)cccc2,MOSES sample,5144,289.335,21,73.1,1.2993,4,2
N(C(N(C)CC1OCCC1)=O)c1cc(Cl)c(OC)cc1OC,MOSES sample,5145,328.796,22,60.03,2.9999,5,2
CN(Cc1ccc2c(c1)OCO2)C(=O)Nc1cccc(COC)c1,MOSES sample,5146,328.368,24,60.03,3.2256,5,3
N1(CCCCC1)C(=O)c1nccc2c(N)ccc(C)c12,MOSES sample,5147,269.348,20,59.22,2.75152,1,3
c12[nH]c(=O)c3c(c(C(OCC)=O)sc3n1cnn2)C,MOSES sample,5148,278.293,19,89.35,1.11742,2,3
c1(c(OC)cccc1-c1c(C#N)c(OCC)ncc1)OC,MOSES sample,5149,284.315,21,64.37,3.03618,5,2
COc1cc(NC(=O)N(C)CC2(O)CCCC2)cc(OC)c1OC,MOSES sample,5150,338.404,24,80.26,2.4812,6,2
Nc1ncc(C(F)(F)F)cc1Oc1ccc(Cl)cc1,MOSES sample,5151,288.656,19,48.14,4.1283,2,2
Cc1c(cnn1-c1ccccc1F)C(=O)Nc1scnn1,MOSES sample,5152,303.322,21,72.7,2.42362,3,3
c1(C)ccc(C(=O)OCC(=O)NCc2ccc(C)cc2)cc1N,MOSES sample,5153,312.369,23,81.42,2.35884,5,2
c1(nn(C2CCCC2)c(c1)NC(=O)NCc1cccnc1)C,MOSES sample,5154,299.378,22,71.84,3.02332,4,3
COc1ccc(C(C)NC(=O)Cn2ncc(=O)c3ccccc32)cc1,MOSES sample,5155,337.379,25,73.22,2.2825,5,3
N(C(Cn1c(N)nnc1SCc1nc2ccccc2cc1)=O)(C)C,MOSES sample,5156,342.428,24,89.93,1.789,5,3
C1CCCCC1NC(=O)c1c(c(no1)-c1ccccc1)N,MOSES sample,5157,285.347,21,81.15,2.9863,3,3
NC(=O)COc1ccc(cc1)CNC(=O)c1cc2c(cn1)[nH]cc2,MOSES sample,5158,324.34,24,110.1,1.357,6,3
O=C(Nc1scc(C2CC2)n1)c1ccc(nc1)C(F)(F)F,MOSES sample,5159,313.304,21,54.88,3.6866,3,3
Cc1cccc2c(CC(=O)NC(C)c3ccncc3)c[nH]c12,MOSES sample,5160,293.37,22,57.78,3.29122,4,3
S(CC(N1C(CCCC1C)C)=O)c1nccn1CC,MOSES sample,5161,281.425,19,38.13,2.7846,4,2
C(c1ccc(cc1)OC(=O)Cn1ncc(N)c1)C(C)C,MOSES sample,5162,273.336,20,70.14,2.2694,5,2
CCC(=O)NCC(=O)c1cc(C)c(OC)cc1C,MOSES sample,5163,249.31,18,55.4,2.02094,5,1
c1(csc(n1)NC(c1cccc(OC)c1F)=O)CC(OCC)=O,MOSES sample,5164,338.36,23,77.52,2.6487,6,2
C1c2c(N(C(C3CC3)=O)C1)ccc(c2)NC(=O)Nc1ccccc1F,MOSES sample,5165,339.37,25,61.44,3.7688,3,4
c1ccccc1CNC(=O)c1n[nH]c2cc(C)ccc12,MOSES sample,5166,265.316,20,57.78,2.80132,3,3
C1CC(CCC1)n1c(C(=O)Nc2nc(ns2)C)cc2c1cco2,MOSES sample,5167,330.413,23,72.95,4.15172,3,4
C=CCNS(=O)(=O)c1ccc2c3c(cccc13)C(=O)N2,MOSES sample,5168,288.328,20,75.27,1.8698,4,3
C(CNC(=O)N1C(CCC1)C1CCCC1)c1ncnn1C,MOSES sample,5169,291.399,21,63.05,1.7218,4,3
COC(=O)CNC(=O)C(N)c1c(F)cccc1F,MOSES sample,5170,258.224,18,81.42,0.2538,4,1
CSc1ccc(CNC(=O)c2ncsc2)cc1,MOSES sample,5171,264.375,17,41.99,2.795,4,2
C(=O)(Nc1ccccn1)NCCNC(=O)c1ccccc1OC,MOSES sample,5172,314.345,23,92.35,1.6417,6,2
O=C(CN1CCCc2ccccc21)Nc1ccc(N2CCCC2=O)cc1,MOSES sample,5173,349.434,26,52.65,3.2047,4,4
Clc1cc(ccc1)S(=O)(Cc1nc2c(cccc2)n1CC)=O,MOSES sample,5174,334.828,22,51.96,3.6835,4,3
c12ccc(-c3cccc(c3)-c3[nH]nc(n3)C3CC3)nc2cccc1,MOSES sample,5175,312.376,24,54.46,4.5643,3,5
c1(C)cc(cc(c1)NC(=O)CSc1nc(C)c(c(C)n1)CCO)C,MOSES sample,5176,345.468,24,75.11,2.97588,6,2
C(OC(=O)c1ccc(-n2cccc2)cc1)C(c1cc2c(OCO2)cc1)=O,MOSES sample,5177,349.342,26,66.76,3.2457,5,4
Cc1ccc(N2CCC(Sc3n[nH]c(=O)n3C)C2=O)cc1,MOSES sample,5178,304.375,21,70.99,1.31442,3,3
Cc1noc1CCNC(=O)CC12CC3CC(CC(C3)C1)C2,MOSES sample,5179,,,,,,
Cn1nccc1CNC(=O)Nc1ccc(-c2nc3ccccc3o2)cc1,MOSES sample,5180,347.378,26,84.98,3.55,4,4
c1(cc(C)cc(c1NC(=O)c1c[nH]c2ncccc2c1=O)C)C(C)C,MOSES sample,5181,335.407,25,74.85,3.91564,3,3
COC(=O)C1(NCc2cnc(-c3cccs3)s2)CC1,MOSES sample,5182,294.401,19,51.22,2.6668,5,3
CC(Sc1ccccc1Cl)C(=O)Nc1ccc(C(N)=O)cc1,MOSES sample,5183,334.828,22,72.19,3.5582,5,2
CS(=O)(=O)c1ccc(NCc2cccc(F)c2)cc1,MOSES sample,5184,279.336,19,46.17,2.8413,4,2
n1c(ncc2c1CC(CC2=O)C)NCc1ccccc1Cl,MOSES sample,5185,301.777,21,54.88,3.5071,3,3
COc1ccc(OC)c2sc(NCc3cccs3)nc12,MOSES sample,5186,306.412,20,43.38,3.9871,5,3
C(CCNC(c1cnn(CC(C)C)c1C(F)F)=O)(=O)N1CCCC1,MOSES sample,5187,342.39,24,67.23,2.219,7,2
C1CC(C(=O)OCC2CCCN2C(=O)N)(c2ccccc2)C1,MOSES sample,5188,302.374,22,72.63,2.1946,4,3
O(C)c1c(OC)c(OC)cc(CNc2onc(n2)C(C)C)c1,MOSES sample,5189,307.35,22,78.64,2.8309,7,2
o1cccc1CNC(c1nnc(o1)-c1ccccc1)c1ccccc1,MOSES sample,5190,331.375,25,64.09,4.2088,6,4
c1cc(C)c([nH]1)C(=O)N(Cc1onc(n1)-c1cccnc1)C,MOSES sample,5191,297.318,22,87.91,2.04032,4,3
O=C(Nc1ccn(-c2ccccc2)n1)NCC(O)c1ccco1,MOSES sample,5192,312.329,23,92.32,2.3204,5,3
c1c(C#N)ccc(c1)CCC(N1CCN(CC1)c1ccc(C#N)cc1)=O,MOSES sample,5193,344.418,26,71.13,2.71136,4,3
c1c(C#N)cc(OCC(N)=O)c(c1)Br,MOSES sample,5194,255.071,14,76.11,1.18488,3,1
Clc1c(cccc1)CNc1ccc2c([nH]nc2)c1,MOSES sample,5195,257.724,18,40.71,3.8284,3,3
C1C(CCC1)Oc1cc(NC(CSc2nncs2)=O)ccc1,MOSES sample,5196,335.454,22,64.11,3.5903,6,3
C(=O)(NCc1cnc(OC(C)C)cc1)CC(C)(C)C,MOSES sample,5197,264.369,19,51.22,2.9212,5,1
c1ncc(cc1)OCCNC(=O)c1cn2c(ccc(C)c2)n1,MOSES sample,5198,296.33,22,68.52,1.84652,5,3
c1cc(ccc1NC(=O)N(C)CC1CCCC1)C(N1CCCCC1)=O,MOSES sample,5199,343.471,25,52.65,3.9666,4,3
N(c1cc(C)cc(C)c1)C(=O)CCc1oc(cc1)C,MOSES sample,5200,257.333,19,42.24,3.77616,4,2
CCC(=O)N1CCN(c2cccc(C(F)(F)F)c2)CC1,MOSES sample,5201,286.297,20,23.55,2.764,2,2
Cc1nc(CNc2cc(F)ccc2OC(C)C)cs1,MOSES sample,5202,280.368,19,34.15,3.98992,5,2
n1(-c2ccc(C)cc2)c2CC(CC(=O)c2cc(c1=O)C#N)(C)C,MOSES sample,5203,306.365,23,62.86,3.1727,1,3
N(c1c(OC)ccc(c1)OC)C(c1oc2c(cccc2c1)OC)=O,MOSES sample,5204,327.336,24,69.93,3.7109,5,3
CCCCc1nc(-c2ccc(OC)c(N)c2)cc(=O)[nH]1,MOSES sample,5205,273.336,20,81,2.3703,5,2
n1ccnc(c1)N1CCC(C(Nc2cccc(c2)OC)=O)CC1,MOSES sample,5206,312.373,23,67.35,2.3403,4,3
Cc1cc(C)n2nc(C(=O)OCC(C)(C)C)nc2n1,MOSES sample,5207,262.313,19,69.38,1.94404,2,2
c1sc(cc1)CC(=O)Nc1ccc(C(NCC=C)=O)cc1,MOSES sample,5208,300.383,21,58.2,2.8451,6,2
O=C(c1ccnc(-n2cncn2)c1)N1CCCCC1,MOSES sample,5209,257.297,19,63.91,1.2884,2,3
C1(C)(C)C(C(N(c2c(O1)cc(cc2)N)CC#C)=O)(C)C,MOSES sample,5210,272.348,20,55.56,2.4322,1,2
CC(O)CNC(C(N)=O)c1ccc(Cl)c(Cl)c1,MOSES sample,5211,277.151,17,75.35,1.4902,5,1
N#Cc1ccc(Cn2nc(-c3ccco3)oc2=O)cc1,MOSES sample,5212,267.244,20,84.96,2.01628,3,3
c1(CN(C)C(=O)C2CC2C)ccc(C(NC)=O)cc1,MOSES sample,5213,260.337,19,49.41,1.6606,4,2
COCc1ccccc1CNC(=O)c1ccccc1F,MOSES sample,5214,273.307,20,38.33,2.9021,5,2
c1(N(CC)C(=O)c2onc(c2)C)cc(ccc1C)C,MOSES sample,5215,258.321,19,46.34,3.26656,3,2
O(c1c(cccn1)CNC(=O)C1CC=CC1)c1cccc2c1nccc2,MOSES sample,5216,345.402,26,64.11,4.0045,5,4
c1c(cccc1)CS(=O)(NCC#CCN1Cc2c(cccc2)C1)=O,MOSES sample,5217,340.448,24,49.41,2.1252,5,3
Cc1noc(C)c1CCC(=O)N1CCCC2(CCCCCC2)C1,MOSES sample,5218,318.461,23,46.34,4.18704,3,3
N#Cc1ccc(NC(=O)Cc2csc(Nc3ncccn3)n2)cc1,MOSES sample,5219,336.38,24,103.59,2.72958,5,3
Clc1cc(Cl)c(cc1)OCCNC(Nc1nncs1)=O,MOSES sample,5220,333.2,20,76.14,3.0454,5,2
c1c(Cl)cc(NC(CCOCC(F)(F)F)=O)cc1,MOSES sample,5221,281.661,18,38.33,3.2475,5,1
C(Sc1nc(ccn1)C(F)(F)F)c1cc(n(C)c(n1C)=O)=O,MOSES sample,5222,332.307,22,69.78,1.1851,3,2
c1c(NC(c2ccc(C)s2)=O)cc2c(n[nH]c2c1)C(N)=O,MOSES sample,5223,300.343,21,100.87,2.28402,3,3
Cc1c(Cl)cccc1Nc1ncnc(OC(C)C)c1N,MOSES sample,5224,292.77,20,73.06,3.55142,4,2
NC(=O)C(COC)NC(=O)C1(CCCC1)CC1CCCCC1,MOSES sample,5225,310.438,22,81.42,2.1337,7,2
CN(Cc1cccc(F)c1)C(=O)c1ccc(OCC(F)F)nc1,MOSES sample,5226,324.302,23,42.43,3.1368,6,2
c1ccccc1CC1CN(C(=O)C)CC1C(=O)NCc1occc1,MOSES sample,5227,326.396,24,62.55,2.233,5,3
C(CC(=O)Nc1nccc(C)c1)CNC(c1ccsc1)=O,MOSES sample,5228,303.387,21,71.09,2.60022,6,2
c1(C2CC2)oc(C(C)Sc2nnc(C)s2)nn1,MOSES sample,5229,268.367,17,64.7,2.96022,4,3
C(COc1c(cccc1)C(OC)=O)(=O)NC(C)c1ccccc1,MOSES sample,5230,313.353,23,64.63,2.7294,6,2
c1(cccnc1)CNC(C(n1cnc2c1cccc2)C)=O,MOSES sample,5231,280.331,21,59.81,2.3087,4,3
O=C(Cn1ccc(=O)[nH]c1=O)OC1CCCCC1,MOSES sample,5232,252.27,18,81.16,0.4125,3,2
c12n(nc(C3CC3)n1)cccc2NC(Cc1cc(OC)c(cc1)C)=O,MOSES sample,5233,336.395,25,68.52,3.10492,5,4
N1c2ccc(C(NCC3CCCO3)=O)cc2Sc2nccnc21,MOSES sample,5234,328.397,23,76.14,2.5936,3,4
c1(N2CC3(CCN(c4ncccn4)C3)CC2=O)ccc(C)cc1,MOSES sample,5235,308.385,23,49.33,2.41842,2,4
C(C(Nc1sc(C#N)cn1)=O)C1CCN(CC(F)(F)F)CC1,MOSES sample,5236,332.351,22,69.02,2.61768,4,2
C(Nc1cccc(S(=O)(=O)C)c1)(=O)C(C)n1ncnc1,MOSES sample,5237,294.336,20,93.95,0.8813,4,2
c1(CN(Cc2ccc(cc2)C)C(=O)NCCOC)sccc1,MOSES sample,5238,318.442,22,41.57,3.41472,7,2
c1c(C)c(C)[nH]c(=O)c1C(=O)NCC1OCCOC1,MOSES sample,5239,266.297,19,80.42,0.13694,3,2
COCCN(CC(F)F)C(=O)NCc1cccc(C)n1,MOSES sample,5240,287.31,20,54.46,1.81312,7,1
CC(C)(C)OC(=O)N1CCC(Nc2cc(N)ncn2)C1,MOSES sample,5241,279.344,20,93.37,1.4801,2,2
C1(=O)C(c2c(N1)c(ccc2)C(O)c1ccccc1)(C)C,MOSES sample,5242,267.328,20,49.33,2.998,2,3
N(C(CCCc1cc(F)ccc1F)=O)(C)Cc1cn(C)nc1,MOSES sample,5243,307.344,22,38.13,2.6796,6,2
C1(CCN(S(=O)(=O)CC)CC1)C(=O)NCc1ccc(F)cc1,MOSES sample,5244,328.409,22,66.48,1.5036,5,2
Cc1ccc(CC(=O)Nc2ccccc2F)s1,MOSES sample,5245,249.31,17,29.1,3.37682,3,2
C(NC(NCc1onc(C)n1)=O)(C)c1ccc(cc1)-n1cncn1,MOSES sample,5246,327.348,24,110.76,1.51912,5,3
COc1ccc(F)cc1CN1CCN(c2cccc(O)c2)CC1,MOSES sample,5247,316.376,23,35.94,2.8621,4,3
c1c(cccc1OC)-c1oc(NC(c2ccc(cc2)SC)=O)nn1,MOSES sample,5248,341.392,24,77.25,3.7194,5,3
c1n(CC2N(C(=O)c3c(CC)noc3C)CCC2)ncc1C,MOSES sample,5249,302.378,22,64.16,2.35514,4,3
c1(c(Cl)cccc1)Nc1[nH]c(=O)cc(n1)-c1cnccc1,MOSES sample,5250,298.733,21,70.67,3.2289,3,3
o1nc(CNc2c(ccc(Cl)c2)C(=O)NCC(C)C)nc1C1CC1,MOSES sample,5251,348.834,24,80.05,3.5983,7,3
c1c(cc(C(=O)N2C(c3oc(cc3)CC)COCC2)s1)C(=O)C,MOSES sample,5252,333.409,23,59.75,3.3198,4,3
Nc1cccc(c1)-c1nn2cnc3sc4CCCCc4c3c2n1,MOSES sample,5253,321.409,23,69.1,3.467,1,5
Cc1noc(CCC(=O)Nc2ccc(OCC(F)(F)F)cc2)n1,MOSES sample,5254,329.278,23,77.25,2.89042,6,2
C1C(CN(CC1)c1cc(C)ccc1F)NC(=O)C(n1cccn1)C,MOSES sample,5255,330.407,24,50.16,2.67682,4,3
n12c(nnc2cccc1)C(NC(COc1cccc(Cl)c1)=O)C,MOSES sample,5256,330.775,23,68.52,2.6389,5,3
c1(cccc2c1CCNC2c1ncc(cc1)F)C(F)(F)F,MOSES sample,5257,296.267,21,24.92,3.4746,1,3
Cc1ccccc1OCC(=O)Nc1noc2ccccc12,MOSES sample,5258,282.299,21,64.36,3.15372,4,3
C(Oc1ccc(cc1F)NC(=O)N1CC(CO)CCC1)(C)(C)C,MOSES sample,5259,324.396,23,61.8,3.2392,3,2
COc1ccc(Cl)cc1NC(=O)NCCCN1CCOCC1,MOSES sample,5260,327.812,22,62.83,2.1924,6,2
c1c(ccc(c1)C(NCc1ncnn1C)c1ccc(cc1)C#N)F,MOSES sample,5261,321.359,24,66.53,2.70508,5,3
N#Cc1ccc(C(=O)Nc2ccc(S(=O)(=O)NC3CC3)cc2)cc1,MOSES sample,5262,341.392,24,99.06,2.25128,5,3
c1c(cc(Cl)c(c1)Cl)C(N(CCO)C(C)C)=O,MOSES sample,5263,276.163,17,40.54,2.8363,4,1
c1(c(ccc(c1)C)CNC(=O)CCc1c(noc1C)C)C,MOSES sample,5264,286.375,21,55.13,3.15728,5,2
[nH]1cc(C(=O)N2Cc3c(cccc3)CC2)c(=O)c2ccccc21,MOSES sample,5265,304.349,23,53.17,2.7266,1,4
C(OCc1c(cco1)C)(C1CCN(CC1)C(C(C)C)=O)=O,MOSES sample,5266,293.363,21,59.75,2.52582,4,2
c1ccc(Oc2ccccc2)c(c1)NC(=O)NCC1CCOC1,MOSES sample,5267,312.369,23,59.59,3.6369,5,3
C(NC(=O)c1ccc(cc1)OCC)CNC(=O)c1ccc(F)cc1,MOSES sample,5268,330.359,24,67.43,2.3842,7,2
COc1cccc(-n2nnc(CO)c2C(Cl)(Cl)Cl)c1,MOSES sample,5269,322.579,19,60.17,2.5949,3,2
C1CCC(C(C1)C)NC(=O)C1CCN(C(=O)c2ccccc2C)CC1,MOSES sample,5270,342.483,25,49.41,3.54212,3,3
COCCN1CCOC2C(OCc3ccncc3)CCC21,MOSES sample,5271,292.379,21,43.82,1.4764,6,3
CCC(C)NC(NCC(N1CCN(c2ccc(F)cc2)CC1)=O)=O,MOSES sample,5272,336.411,24,64.68,1.572,5,2
c1cc(ccc1)N1CCN(CC1)C(=O)c1ccc(cc1)CNC(=O)C,MOSES sample,5273,337.423,25,52.65,2.2851,4,3
n1cc(ncc1)C(=O)OCC(Nc1c(Cl)ccc(Cl)c1)=O,MOSES sample,5274,326.139,21,81.18,2.5789,4,2
c1ccc(cc1OCCNC(NCCC)=O)Br,MOSES sample,5275,301.184,17,50.36,2.5371,6,1
c1c2c(ccc1)cc(n2CC(NC(C1CC1)C1CC1)=O)-c1occc1,MOSES sample,5276,334.419,25,47.17,4.2061,6,5
C1N(C)CCN(C(CS(c2ccc(c(Cl)c2)F)(=O)=O)=O)C1,MOSES sample,5277,334.8,21,57.69,1.0268,3,2
c1nc2c(cc(cc2)Cl)c(=O)n1CC1COCCC1,MOSES sample,5278,278.739,19,44.12,2.4765,2,3
C1CCCC1N(CCO)C(=O)Nc1ccccc1C,MOSES sample,5279,262.353,19,52.57,2.76382,4,2
c1cccc(C(O)CNC(=O)c2cc(NC(C)=O)ccc2F)c1C,MOSES sample,5280,330.359,24,78.43,2.55592,5,2
C(=O)(NCCc1ccccc1)C1CC(N(C1)c1c(ccc(F)c1)F)=O,MOSES sample,5281,344.361,25,49.41,2.6766,5,3
c1(=O)c(nc2c(n1C)cc(cc2)C(=O)N(C(C)CCC)C)C,MOSES sample,5282,301.39,22,55.2,2.50252,4,2
O=c1c(cnc2c(cc(cn21)Cl)Br)C(NC)=O,MOSES sample,5283,316.542,17,63.47,1.47,1,2
c1ccsc1C(CCC(=O)NCc1c(cccc1)F)=O,MOSES sample,5284,291.347,20,46.17,3.1665,6,2
Fc1ccc(cc1NCc1c2ccc(F)cc2oc(c1)=O)F,MOSES sample,5285,305.255,22,42.24,3.8224,3,3
c1(cn(CCC(Nc2nc(C)c(SCC(=O)N)s2)=O)nc1)C,MOSES sample,5286,339.446,22,102.9,1.56264,7,2
C1C(CNC(NC2CCN(CC2)C(=O)OCC)=O)Cc2ccccc12,MOSES sample,5287,345.443,25,70.67,2.3215,4,3
O=S(N1CCCCC1)(=O)c1ccc(cc1)NC(=O)C,MOSES sample,5288,282.365,19,66.48,1.8196,3,2
n1c(N)c(C(=O)Nc2ccccc2)cnc1-c1ccc(F)cc1,MOSES sample,5289,308.316,23,80.9,3.1172,3,3
c1c(c(cc(NC(NCC2CC=CCC2)=O)c1)OCC)OC,MOSES sample,5290,304.39,22,59.59,3.5717,6,2
CC(C)n1cnnc1CN(C)C(=O)c1sccc1C1CC1,MOSES sample,5291,304.419,21,51.02,3.0701,5,3
C(C(O)c1nc2c(s1)cccc2)NC(c1ccsc1)=O,MOSES sample,5292,304.396,20,62.22,2.8212,4,3
Cn1c(Cn2c(=O)oc3ccccc32)nc2cc(Cl)cnc21,MOSES sample,5293,314.732,22,65.85,2.5779,2,4
COc1c(c(CC=C)c(C(CCCC)=O)cc1OC)=O,MOSES sample,5294,,,,,,
n1c2c(cccc2ccc1)OCc1ccc(cc1)C(N)=O,MOSES sample,5295,278.311,21,65.21,2.9127,4,3
c1c(CC)ccc(c1)Cc1c(n2c([nH]c1)c(C(OCC)=O)cn2)=O,MOSES sample,5296,325.368,24,76.46,2.3525,5,3
n1c2c(cc(s2)C(=O)NC2CCCNC2=O)sc1,MOSES sample,5297,281.362,18,71.09,1.3662,2,3
c1c(c(C)cc2c1occ2CC(=O)Oc1ccc(cc1)C#N)C,MOSES sample,5298,305.333,23,63.23,4.06942,3,3
FC(F)(F)c1nnc2ccc(cn12)NC(=O)Cc1ccccc1,MOSES sample,5299,320.274,23,59.29,2.9293,3,3
CCC(C)NC(=O)c1cccc(CNC(=O)c2[nH]c(C)cc2C)c1,MOSES sample,5300,327.428,24,73.99,3.08984,6,2
c12N(CCNc2cc(Cl)cc1)CC(N(CC)CC)=O,MOSES sample,5301,281.787,19,35.58,2.4403,4,2
C(N1c2c(CC1)cc(cc2)N)(=O)COc1ccc(Cl)cc1,MOSES sample,5302,302.761,21,55.56,2.8903,3,3
COC(=O)c1ccc(CSc2ncccc2C#N)o1,MOSES sample,5303,274.301,19,76.12,2.62518,4,2
c1ccc(NC(=O)C)c2c1ccc(n2)-c1cccs1,MOSES sample,5304,268.341,19,41.99,3.9217,2,3
C(c1ccoc1)NC(Nc1cnc2ccccc2c1)=O,MOSES sample,5305,267.288,20,67.16,3.1495,3,3
C(c1ccc(c(c1OC)OC)OC)(Nc1c(N)cc(cc1)Cl)=O,MOSES sample,5306,336.775,23,82.81,3.2003,5,2
n1c(oc(-c2ccccn2)n1)NC(NCCCC)=O,MOSES sample,5307,261.285,19,92.94,2.0532,5,2
C1N(S(c2ccc(Cl)cc2C)(=O)=O)CCOC1C,MOSES sample,5308,289.784,18,46.61,2.05782,2,2
FC(F)(F)c1ccc(N2CCN(Cc3cccnc3)CC2)nc1,MOSES sample,5309,322.334,23,32.26,2.8176,3,3
Nc1cc(S(=O)(=O)NC(CCc2ccccc2)C)ccc1,MOSES sample,5310,304.415,21,72.19,2.5684,6,2
c1cc(ccc1CNC(=O)CCNC(c1ccccc1)=O)OC,MOSES sample,5311,312.369,23,67.43,2.1315,7,2
c1(C(F)(F)F)c(C(CC#N)C)ccc2c1C(C)CC2=O,MOSES sample,5312,281.277,20,40.86,4.41248,2,2
Cc1ccc(F)cc1S(=O)(=O)N1CCC(Oc2cccnn2)CC1,MOSES sample,5313,351.403,24,72.39,2.15622,4,3
n1c(c2c(cc1)c(ccc2)N)C(NC(CO)CC)=O,MOSES sample,5314,259.309,19,88.24,1.3177,4,2
c1cc(cc(c1)C(Nc1cc(NC(c2ccncc2)=O)ccc1)=O)C,MOSES sample,5315,331.375,25,71.09,3.89462,4,3
COc1ccc(NC(=O)N2CCOc3ccc(F)cc32)cc1C,MOSES sample,5316,316.332,23,50.8,3.57362,2,3
CCC(CO)NS(=O)(=O)c1c(C)sc2ccccc12,MOSES sample,5317,299.417,19,66.4,2.25892,5,2
N1C(Nc2ccccc2C1=O)c1cc(c(cc1)OC)OCC,MOSES sample,5318,298.342,22,59.59,2.948,4,3
c1sc(C)nc1C(=O)N(Cc1sccc1)C1CC1,MOSES sample,5319,278.402,18,33.2,3.31782,4,3
CN(Cc1csc(n1)C)C(c1cc(on1)-c1ccc(cc1)C)=O,MOSES sample,5320,327.409,23,59.23,3.68714,4,3
Nc1cccc(OC)c1C(N1CCCC(C1C)C)=O,MOSES sample,5321,262.353,19,55.56,2.538,2,2
n1(-c2cccc(NC(c3cc(ccc3OCC)OCC)=O)c2)cnnc1,MOSES sample,5322,352.394,26,78.27,3.317,7,3
FC(F)(c1ccc(NC(NC(C)CCC(OC)=O)=O)cc1)F,MOSES sample,5323,318.295,22,67.43,3.1686,5,1
CC(C)CCC(=O)N(C)c1ccc(S(C)(=O)=O)cc1,MOSES sample,5324,283.393,19,54.45,2.4891,5,1
c1(c(cccc1)Nc1sc2n(n1)c(cc(n2)C)=O)C(=O)OC,MOSES sample,5325,316.342,22,85.59,1.98962,3,3
C1C(NC(=O)COC(c2ccc3c(OCO3)c2)=O)C1,MOSES sample,5326,263.249,19,73.86,0.8507,4,3
CN(CCOCC1CC1)C(=O)NC1COc2ccc(OC)cc21,MOSES sample,5327,320.389,23,60.03,2.1967,7,3
O=C(N(C)c1ccccc1)c1nc2ccccc2nc1,MOSES sample,5328,263.3,20,46.09,2.9064,2,3
N#CC1C(=C(C(N=1)C)C(=O)OCC)CCC(OC)=O,MOSES sample,5329,264.281,19,88.75,1.16598,5,1
C(C(NCCCN1C(OCC1)=O)=O)C(c1ccc(F)cc1)C,MOSES sample,5330,308.353,22,58.64,2.2778,7,2
C(=O)(c1cccc(OS(=O)(c2ccc(cc2)Cl)=O)c1)NC,MOSES sample,5331,325.773,21,72.47,2.4673,4,2
Cc1ccc(CN(C)C(=O)CCc2nnc(-c3ccsc3)o2)s1,MOSES sample,5332,347.465,23,59.23,3.75922,6,3
CCOc1cc(NCCN2CCNC2=O)nc(SC)n1,MOSES sample,5333,297.384,20,79.38,1.0343,7,2
Brc1ccc(cc1)CC(=O)Nc1nc(cs1)C,MOSES sample,5334,311.204,17,41.99,3.39522,3,2
C1CCCN1c1ccn(Cc2ccccc2Br)c(c1)=O,MOSES sample,5335,333.229,20,25.24,3.2593,3,3
c1cc(ccc1C)NC1=Nc2n(C(c3c(F)cccc3)C1)nc(C)n2,MOSES sample,5336,335.386,25,55.1,4.16924,2,4
c1c(cccc1)C(=O)C1CCN(c2ccccc2C#N)CC1,MOSES sample,5337,290.366,22,44.1,3.65758,3,3
c1(NC(=O)Cc2cc(F)c(F)cc2)nn(Cc2cc(ccc2)C)cc1,MOSES sample,5338,341.361,25,46.92,3.69922,5,3
S(C(C(=O)NC(C)(C)C)C)c1n(c(nn1)N1CCOCC1)C,MOSES sample,5339,327.454,22,72.28,1.047,4,2
c1(cccc(C(C)N(C(CCCc2cccs2)=O)C)c1)O,MOSES sample,5340,303.427,21,40.54,3.996,6,2
CCC1(CC)Oc2c(N(CC#C)C1=O)cc(N)cc2,MOSES sample,5341,258.321,19,55.56,2.1862,3,2
CC1(C)CCCN1C(CCOCC(F)(F)F)=O,MOSES sample,5342,253.264,17,29.54,2.3564,4,1
O(c1cc(c(cc1)NC(c1cccs1)=O)C(=O)NC)CC,MOSES sample,5343,304.371,21,67.43,2.7587,5,2
C(C)(=O)NC(C(=O)Nc1c(ccc(c1)C(F)(F)F)Cl)C(C)C,MOSES sample,5344,336.741,22,58.2,3.458,4,1
Cc1ccc(C)c(COc2cc3c(cc2CO)OCO3)c1,MOSES sample,5345,286.327,21,47.92,3.10344,4,3
c1cc(F)ccc1NC=Cc1c(C)nn(c1C)-c1ncccn1,MOSES sample,5346,309.348,23,55.63,3.50104,4,3
COc1ccc(c(C(=O)N(C2CCC(CC2)C)C)c1)OC,MOSES sample,5347,291.391,21,38.77,3.3545,4,2
c1c(F)c(C(NCc2ccc(NCCOC)cc2)=O)c(F)cc1,MOSES sample,5348,320.339,23,50.36,2.9531,7,2
C1C(CC=CC1)COC(=O)c1ccccc1-c1oc(C)nn1,MOSES sample,5349,298.342,22,65.22,3.55812,4,3
C(C)(n1ccc(n1)C(=O)Nc1nc2c(s1)CC(C)CC2)C,MOSES sample,5350,304.419,21,59.81,3.2976,3,3
n1c(scc1CC(=O)Nc1ccc(cc1)SC(=O)N(C)C)C,MOSES sample,5351,335.454,22,62.3,3.40642,4,2
Cc1ccc(NC(=O)Cn2cc(S(=O)(=O)N(C)C)ccc2=O)cc1,MOSES sample,5352,349.412,24,88.48,1.04572,5,2
C1N(CCC1)C(=O)Cn1ccc2c1c(ccc2)N1CCOCC1,MOSES sample,5353,313.401,23,37.71,2.1003,3,4
c1(ccc(cc1)OCC)NC(c1nc2c(nn(C)c2c(=O)[nH]1)C)=O,MOSES sample,5354,327.344,24,101.9,1.61602,4,3
c1ccc(cc1)C(C(N(CCC)CC(C#N)C)=O)N,MOSES sample,5355,259.353,19,70.12,2.08468,6,1
CN(CC(=O)N(CCC#N)C(C)C)c1ccccc1,MOSES sample,5356,259.353,19,47.34,2.27348,6,1
C1(C)(C(=O)N(C1)c1cc(Cl)c(cc1)C)C(NC(CC)C)=O,MOSES sample,5357,308.809,21,49.41,2.91602,4,2
CCOC(=O)c1cnc(SC)nc1NCc1ccc(F)cc1,MOSES sample,5358,321.377,22,64.11,3.1264,6,2
n1c(-c2ccc(cc2)CC)ccc(C(N(CC)Cc2ncccc2)=O)c1,MOSES sample,5359,345.446,26,46.09,4.3683,6,3
O(c1cccc(c1C(N)=O)F)CC(Nc1cc(C)c(C)cc1)=O,MOSES sample,5360,316.332,23,81.42,2.55894,5,2
C1Cc2cc(NC(N(CC3CCCO3)C)=O)ccc2C1,MOSES sample,5361,274.364,20,41.57,2.818,3,3
CCCOCCC(=O)Nc1nnc(-c2cc3ccccc3o2)o1,MOSES sample,5362,315.329,23,90.39,3.238,7,3
CN(CCOc1cccc(C#N)c1)C(=O)NCCc1cccnc1,MOSES sample,5363,324.384,24,78.25,2.21618,7,2
c1c(cccc1N(C)C)C(=O)NC1CCCNC1=O,MOSES sample,5364,261.325,19,61.44,0.761,3,2
Cc1noc(CN2CCN(C(c3c(ccs3)C)=O)CC2)c1,MOSES sample,5365,305.403,21,49.58,2.31094,3,3
c1cc2sc(c(c2c(n1CC(N)=O)=O)C)C(=O)NC,MOSES sample,5366,279.321,19,94.19,0.21632,3,2
c1cc(ccc1NC(Cn1c2c(oc1=O)c(Cl)ccc2)=O)OCC,MOSES sample,5367,346.77,24,73.47,3.2853,5,3
c1cc(N(C)C)nc(C2N(CCCC2)S(C)(=O)=O)n1,MOSES sample,5368,284.385,19,66.4,1.0292,3,2
c1(-n2nnn(Cc3nc(oc3)-c3ccc(C)cc3)c2=O)sccc1,MOSES sample,5369,339.38,24,78.74,2.50222,4,4
CCc1ccccc1NC(=O)C1CCN(c2cnccn2)CC1,MOSES sample,5370,310.401,23,58.12,2.8941,4,3
c1n(ccc1)CCNC(C1CN(C(C1)=O)c1cc(c(C)cc1)C)=O,MOSES sample,5371,325.412,24,54.34,2.27424,5,3
Nc1c(OCC(=O)N2CCCCCC2)ccc(C)c1,MOSES sample,5372,262.353,19,55.56,2.35862,3,2
c1(OC)ccc(CNC(C(C)n2nc(ccc2=O)C)=O)cc1,MOSES sample,5373,301.346,22,73.22,1.43772,5,2
CC(C)Oc1ccc(C(=O)NCC(F)(F)F)cn1,MOSES sample,5374,262.231,18,51.22,2.1609,4,1
CNC(=O)c1cc(NC(=O)N2CCc3ccccc32)ccc1F,MOSES sample,5375,313.332,23,61.44,2.7799,2,3
Cc1cc(cc2CCc3c(onc3SCC(=O)NCCC)-c21)OC,MOSES sample,5376,346.452,24,64.36,3.37552,6,3
C(C)(NC(=O)NCCNC(=O)c1ccc(cc1Cl)Cl)C,MOSES sample,5377,318.204,20,70.23,2.4308,5,1
CCc1cccc(C)c1NC1=NS(=O)(=O)c2ccccc21,MOSES sample,5378,300.383,21,58.53,3.11842,2,3
CC(c1c(C(=O)Nc2ccc(cc2)OCC)cn(C)n1)(C)C,MOSES sample,5379,301.39,22,56.15,3.3686,4,2
c1c(cccc1-c1ocnc1C(=O)NCc1ccccc1)C,MOSES sample,5380,292.338,22,55.13,3.58002,4,3
c12cc(ccc2c(CC(N2C(C(N)=O)CCCC2)=O)co1)OC,MOSES sample,5381,316.357,23,85.77,1.8503,4,3
c12c(COC2)cc(cc1)NC(=O)NCc1c(n(C)nc1C)C,MOSES sample,5382,300.362,22,68.18,2.38884,3,3
c1cccnc1SCC(OCC(c1c2ccccc2n(c1)C)=O)=O,MOSES sample,5383,340.404,24,61.19,3.0915,6,3
c1(ccc(cc1)-c1nn(CCC)c(c(CO)c1)=O)OCC(C)C,MOSES sample,5384,316.401,23,64.35,2.8474,7,2
C(C(=O)N(C)C)Cc1cc2c(oc1=O)ccc(C)c2,MOSES sample,5385,259.305,19,50.52,2.12222,3,2
c1(CCCN2CCN(CC2)C(=O)CC)ccccc1,MOSES sample,5386,260.381,19,23.55,2.1734,5,2
N1(C(Nc2ccccc2)=O)C(Cc2ccccc2)C(OC)CC1,MOSES sample,5387,310.397,23,41.57,3.5505,4,3
O=S(=O)(NCc1cccc(F)c1)c1ccc(F)cc1,MOSES sample,5388,283.299,19,46.17,2.4433,4,2
COc1cccc(-n2c(=O)c3[nH]c(=O)n(-c4ccccc4C)c3n2C)c1,MOSES sample,5389,350.378,26,73.95,2.12522,3,4
N1(CCOCC1)C(N1CCN(C(=O)Nc2cccnc2)CC1)=O,MOSES sample,5390,319.365,23,78.01,0.6833,1,3
CCCNC(=O)c1nnc(N2CCCC(C)C2)c2ccccc12,MOSES sample,5391,312.417,23,58.12,3.0059,4,3
CCCOc1ccccc1Oc1ccc(N)c(F)c1,MOSES sample,5392,261.296,19,44.48,3.989,5,2
C(=O)(CS(=O)(c1cc(ccc1C)C)=O)NCC1CCC1,MOSES sample,5393,295.404,20,63.24,1.99344,5,2
CC(O)(CNC(=O)c1cc(-c2ccc(Cl)cc2)[nH]n1)c1ccco1,MOSES sample,5394,345.786,24,91.15,2.9606,5,3
Cc1cc(ccn1)NC(=O)c1cc(nc(N2CCOCC2)n1)C,MOSES sample,5395,313.361,23,80.24,1.57734,3,3
C1(C)N(C(=O)C(C)Oc2ccc(SC)cc2)C(C)COC1,MOSES sample,5396,309.431,21,38.77,2.8116,4,2
O=C(NCc1ccoc1)Nc1ccc2ccccc2c1,MOSES sample,5397,266.3,20,54.27,3.7545,3,3
c12c(ncn(c2=O)CC(=O)NCC(C)C)sc(C(C)(C)C)c1,MOSES sample,5398,321.446,22,63.99,2.5277,4,2
C=CCOc1cc(CNc2ccsc2)ccc1O,MOSES sample,5399,261.346,18,41.49,3.6306,6,2
CC(C)CCC(=O)C(C#N)c1nnc2n1CCCCC2,MOSES sample,5400,274.368,20,71.57,2.61698,5,2
C(=O)(NCc1ccc(nc1)OC)NCc1c(OC)cccc1,MOSES sample,5401,301.346,22,72.48,2.0982,6,2
O=C(NCCCOCC1CCOC1)c1ccccc1Cl,MOSES sample,5402,297.782,20,47.56,2.513,7,2
COC(=O)CN(C(=O)c1cc(C)no1)c1ccccc1,MOSES sample,5403,274.276,20,72.64,1.80282,4,2
c1c(cc(cc1)Cl)CC(=O)Nc1ccc2c(c1)OCC(=O)N2,MOSES sample,5404,316.744,22,67.43,2.8521,3,3
c1c(C(=O)N2CCN(Cc3c(C#N)cc(F)cc3)CC2)cncc1,MOSES sample,5405,324.359,24,60.23,2.05038,3,3
N1(C(c2cc(cn2C(C)C)Cl)=O)CC(OC)CCC1,MOSES sample,5406,284.787,19,34.47,2.9734,3,2
CCn1cc(CNc2ccc(-c3nnnn3C3CC3)cc2)c(C)n1,MOSES sample,5407,323.404,24,73.45,2.81192,6,4
CN(Cc1ccncc1)C(=O)C1COc2ccccc2C1,MOSES sample,5408,282.343,21,42.43,2.2913,3,3
N(CC1CCN(C(Nc2cc(ccc2)C)=O)CC1)C(=O)C,MOSES sample,5409,289.379,21,61.44,2.37502,3,2
C(c1cc(-c2ccccn2)nc2cccc(c21)C(=O)NCC1CC1)#N,MOSES sample,5410,328.375,25,78.67,3.30828,4,4
Cn1nccc1CN1CCOC(CCc2ccccc2)C1,MOSES sample,5411,285.391,21,30.29,2.2537,5,3
O=C(C1CCC(N1)=O)N(C)C(c1cc(ccc1)Cl)C,MOSES sample,5412,280.755,19,49.41,2.138,3,2
COCCNc1nnc(-c2cc3c(n(C)c2=O)CCCC3)s1,MOSES sample,5413,320.418,22,69.04,1.8409,5,3
C1CCC(NC(=O)c2oc3ccccc3c2N)CC1,MOSES sample,5414,258.321,19,68.26,3.0775,2,3
c1(C(N2CCCc3cc(C)ccc23)=O)cc2c(nc1)n(nc2C)C,MOSES sample,5415,320.396,24,51.02,3.17814,1,4
C1CC(CCN1Cc1cncs1)OC1CCOCC1,MOSES sample,5416,282.409,19,34.59,2.3031,4,3
N1(Cc2ccncc2)CCCC(c2c3c([nH]c2)nccn3)C1,MOSES sample,5417,293.374,22,57.7,2.7325,3,4
c12c(cc(cc1c(C(Nc1nccs1)=O)ncc2)Br)N,MOSES sample,5418,349.213,20,80.9,3.2883,2,3
Clc1ccccc1C(N(C)CC(=O)NCC=C)=O,MOSES sample,5419,266.728,18,49.41,1.7142,5,1
c1cc(ccc1)C1(CCOCC1)CNS(=O)(N(C)CCC#N)=O,MOSES sample,5420,337.445,23,82.43,1.41468,7,2
C(CC(Nc1c(ccc(-n2cnnn2)c1)C)=O)(C)c1ccccc1,MOSES sample,5421,321.384,24,72.7,3.10302,5,3
N(C(CC(C)C)=O)c1cc(nc2ccc(cc12)F)C,MOSES sample,5422,260.312,19,41.99,3.66692,3,2
C1N(CCN(Cc2ncccc2)C1)C(=O)Nc1ccnn1C(C)C,MOSES sample,5423,328.42,24,66.29,2.2087,4,3
c12ccc(OCC(=O)Nc3nnc(C)s3)cc2C(=O)CC(C)(C)O1,MOSES sample,5424,347.396,24,90.41,2.60782,4,3
O=C(Nc1nc(-c2cccs2)ns1)C1CCC1,MOSES sample,5425,265.363,17,54.88,3.0052,3,3
CCN(C(=O)NCc1cccc(NC(=O)c2ccco2)c1)C1CC1,MOSES sample,5426,327.384,24,74.58,3.2258,6,3
c1(cccc(N)c1C)C(N(C)Cc1cnccc1)=O,MOSES sample,5427,255.321,19,59.22,2.24442,3,2
O(C)CCNc1scc(n1)-c1c(=O)n(CC)c(cc1)C,MOSES sample,5428,293.392,20,56.15,2.35842,6,2
C(C(c1ccc(OC)c(c1)OC)NC(Nc1cc(ccc1C)C)=O)#N,MOSES sample,5429,339.395,25,83.38,3.70702,5,2
COc1ccc(CSc2nc(=O)cc(N)n2C2CC2)cc1F,MOSES sample,5430,321.377,22,70.14,2.6004,5,3
c1ncc(cc1)-c1nn2c(c3c(cccc3)nc2C)n1,MOSES sample,5431,261.288,20,55.97,2.64792,1,4
O=C(C)NC(CC(=O)NC(C)C(=O)OC)c1c(C)cccc1,MOSES sample,5432,306.362,22,84.5,1.24002,6,1
COc1c(OC)ccc(c1)C(=O)Nc1c(cccc1C)C(C)C,MOSES sample,5433,313.397,23,47.56,4.38792,5,2
C(NC(CO)(C1CCCC1)C)(Cn1ncc(N)c1)=O,MOSES sample,5434,266.345,19,93.17,0.5227,5,2
C1N(CCC1NS(C)(=O)=O)C(Nc1cc(Cl)ccc1C)=O,MOSES sample,5435,331.825,21,78.51,1.80382,3,2
C(Nc1snc(n1)C)(=O)CCCOc1ccc(Cl)cc1,MOSES sample,5436,311.794,20,64.11,3.29762,6,2
C(OCCNC(c1nnn(c1)-c1c(Cl)cccc1)=O)C(C)C,MOSES sample,5437,322.796,22,69.04,2.3231,7,2
C(c1noc(c1-c1ncccc1)N)(NCc1ccc(cc1)C)=O,MOSES sample,5438,308.341,23,94.04,2.55722,4,3
c1ccc(c(c1)CNc1c(NC(C)=O)c(ccc1)F)F,MOSES sample,5439,276.286,20,41.13,3.5353,4,2
CC(=O)Nc1ccc(NC(=O)NCc2nnc3ccccn23)c(C)c1,MOSES sample,5440,338.371,25,100.42,2.31782,4,3
CCC(O)(CC)CNC(=O)NCc1ncn(C)n1,MOSES sample,5441,255.322,18,92.07,0.1654,6,1
N#Cc1cccc(NC(=O)Nc2ccc(CC(N)=O)cc2)c1,MOSES sample,5442,294.314,22,108.01,2.23008,4,2
c1(c(C#N)c2CCCCc2s1)NC(=O)CCC(=O)NCCCO,MOSES sample,5443,335.429,23,102.22,1.71588,7,2
C(c1ccc2OCCOc2c1)N(C)S(=O)(=O)Cc1ccccc1,MOSES sample,5444,333.409,23,55.84,2.4196,5,3
c1cc(CN2C(C)COC(C2)C)ncc1C(=O)OC,MOSES sample,5445,264.325,19,51.66,1.4774,3,2
COC(=O)C(C)CN(C)S(=O)(=O)Cc1ccc(F)c(Cl)c1,MOSES sample,5446,337.8,21,63.68,2.0498,6,1
c1c(ccc2[nH]cc(CCNC(=O)COc3ccc(cc3)F)c12)F,MOSES sample,5447,330.334,24,54.12,3.1838,6,3
n1n(C)c(c(C(N(C)CCc2ccccc2)=O)c1)N,MOSES sample,5448,258.325,19,64.15,1.317,4,2
CC1CCCCC1NC(=O)CCCc1nc(-c2ccncc2)no1,MOSES sample,5449,328.416,24,80.91,3.1492,6,3
O=C(Cn1nc(C)cc1C)Nc1cc2c(cc1)[nH]nc2C(N)=O,MOSES sample,5450,312.333,23,118.69,1.11384,4,3
C1C(Oc2c(C)ccc(C)c2)CCN(C(=O)Cn2nnnc2)C1,MOSES sample,5451,315.377,23,73.14,1.35994,4,3
Cc1c(cc2OCCOc2c1)C(CCCC(OC)=O)=O,MOSES sample,5452,278.304,20,61.83,2.29222,5,2
Cc1sc(C(N)=O)cc1N1CCc2ccccc2C1,MOSES sample,5453,272.373,19,46.33,2.71812,2,3
C(Nc1nc2CCCc2s1)(=O)C1(c2ccccc2)CCOCC1,MOSES sample,5454,328.437,23,51.22,3.3187,3,4
COc1ccc(S(=O)(=O)CCC(=O)NCC(=O)N(C)C)cc1,MOSES sample,5455,328.39,22,92.78,0.0634,7,1
C(c1c(-c2ccc(F)cc2)n(CCCC(=O)OC)nc1)#N,MOSES sample,5456,287.294,21,67.91,2.51408,5,2
c1(ccc(cc1)NS(=O)(=O)C)C(=O)OCC(=O)N1CCCC1,MOSES sample,5457,326.374,22,92.78,0.8373,5,2
CCOc1ccc(-c2cc(C(=O)N3CCCC3)no2)cc1,MOSES sample,5458,286.331,21,55.57,2.9763,4,3
Cc1cc(N2CCCC(Cc3nc4ccccc4[nH]3)C2)ncn1,MOSES sample,5459,307.401,23,57.7,3.12042,3,4
CC(C)S(=O)(=O)NCC(=O)Nc1cccc(F)c1,MOSES sample,5460,274.317,18,75.27,1.092,5,1
N(C(=O)c1cc2n(n1)CCCO2)Cc1ccccc1COCC1CC1,MOSES sample,5461,341.411,25,65.38,2.5222,7,4
Cc1ccc(C(=O)Nc2n[nH]c(C3CC3)c2C)s1,MOSES sample,5462,261.35,18,57.78,3.21774,3,3
C(c1n[nH]c(C(=O)Nc2ccc(cc2C)C)c1)CC,MOSES sample,5463,257.337,19,57.78,3.23134,4,2
C(C)(C(NC(C1CC1)=O)C(=O)OCc1nccs1)C,MOSES sample,5464,282.365,19,68.29,1.7371,6,2
c1(cc(ccc1)C#N)OS(=O)(c1cccc(c1F)Cl)=O,MOSES sample,5465,311.721,20,67.16,3.11848,3,2
c1cc(ccn1)SCC(Nc1cccc(c1)C#N)=O,MOSES sample,5466,269.329,19,65.78,2.68408,4,2
c1(C(NCc2nc(CC)sc2)=O)sc(cc1OC)C,MOSES sample,5467,296.417,19,51.22,3.01402,5,2
O=S(N1CCCCC1)(=O)c1c(cc(cc1C)C)C,MOSES sample,5468,267.394,18,37.38,2.78646,2,2
N(CC(=O)NC(C)c1cc(Cl)ccc1)C(CCC)=O,MOSES sample,5469,282.771,19,58.2,2.4335,6,1
C1CN(CCO)CCN1C(CCOCc1ccccc1)=O,MOSES sample,5470,292.379,21,53.01,0.7298,7,2
C(N(C(c1c(cccc1)F)=O)C)c1cc(ccc1)Cl,MOSES sample,5471,277.726,19,20.31,3.7513,3,2
O(C(=O)N1CCC(CC1)CC(N1C(CC)CCCCC1)=O)C(C)(C)C,MOSES sample,5472,352.519,25,49.85,4.2048,3,2
c1c(O)cc2C(c3c(c(ccc3)C)F)NCCc2c1OC,MOSES sample,5473,287.334,21,41.49,3.08342,2,3
CCn1c(SCc2cn3ccccc3n2)nnc1C1CC1,MOSES sample,5474,299.403,21,48.01,3.1154,5,4
N1(CCCC1)S(=O)(NCC1(c2ccccc2)CC1)=O,MOSES sample,5475,280.393,19,49.41,1.6484,5,3
c1c(C(CNC(NC2C3CC(C2)C2CCCC23)=O)(C)C)ccnc1,MOSES sample,5476,327.472,24,54.02,3.4831,4,4
c1(C(=O)N(CC(N)=O)C)cc2c(CCC(C)C2)s1,MOSES sample,5477,266.366,18,63.4,1.4302,3,2
CCN(CC)C(=O)Nc1cccc(N2CCCCC2)c1,MOSES sample,5478,275.396,20,35.58,3.5506,4,2
Clc1cc(Cl)c(NC(=O)NCCc2nc[nH]n2)cc1,MOSES sample,5479,300.149,19,82.7,2.4757,4,2
C1C(N(C(=O)c2nc(-c3sccc3)sc2)CC(OCC)=O)C1,MOSES sample,5480,336.438,22,59.5,3.0393,6,3
CC(C)(C)C(NC(=O)CCn1cnc2sccc2c1=O)C(N)=O,MOSES sample,5481,336.417,23,107.08,0.8643,5,2
C1COc2c(c(ccc2C(NC(C(N(C)C)=O)(C)C)=O)Cl)O1,MOSES sample,5482,326.78,22,67.87,1.7078,3,2
Cc1ccc(c(c1)C1(CCCC1)C(=O)NC(CO)(CO)CO)C,MOSES sample,5483,321.417,23,89.79,0.94714,6,2
c12c3ccccc3oc2c(C(OCCOC)=O)ccc1,MOSES sample,5484,270.284,20,48.67,3.3892,4,3
c1cc2c(nc1NC(=O)C(N1C(=O)c3c(C1)cccc3)C)cccc2,MOSES sample,5485,331.375,25,62.3,3.2178,3,4
c1cc(cc(c1NC(=O)c1ccc2n(c(nc2c1)C)-c1ccccc1)C)O,MOSES sample,5486,357.413,27,67.15,4.60024,3,4
C1CNC(c2c1c(F)cc(c2)F)c1cnc(cc1)F,MOSES sample,5487,264.25,19,24.92,2.734,1,3
C12(NC(=O)CNC(c3ccccc3)=O)CC3CC(CC(C3)C2)C1,MOSES sample,5488,312.413,23,58.2,2.5014,4,5
N#CC(CCc1ccccn1)C(=O)N1CCCCC1,MOSES sample,5489,257.337,19,56.99,2.16648,4,2
C(C)(c1nc(NC(=O)c2cc(C)n(C)n2)sc1)C,MOSES sample,5490,264.354,18,59.81,2.56072,3,2
Cc1nc2ccc(NC(=O)CCc3ccc(C#N)cc3)cc2o1,MOSES sample,5491,305.337,23,78.92,3.5792,4,3
Cc1c(S(=O)(Nc2ccsc2C(=O)N)=O)cc(cc1)C,MOSES sample,5492,310.4,20,89.26,2.26464,4,2
n1n(CC(Nc2nccc(C)c2)=O)c(C(CC)CC)nc1CC,MOSES sample,5493,315.421,23,72.7,3.08622,7,2
n1c(scc1CN1CCN(CC1)CCO)-c1sccc1,MOSES sample,5494,309.46,20,39.6,1.9815,5,3
C(F)(CNC(C(N)=O)c1cc(cnc1)Br)(F)F,MOSES sample,5495,312.089,17,68.01,1.5224,4,1
O=S(=O)(N(CCO)CCO)c1cc(c(Cl)cc1C)C,MOSES sample,5496,307.799,19,77.84,0.93214,6,1
C1CC(CC1)CCC(N(c1ccc(cn1)Cl)C)=O,MOSES sample,5497,266.772,18,33.2,3.6682,4,2
CCC(C)C(C)NC(=O)c1cnn(-c2ccc(F)cc2)c1C,MOSES sample,5498,303.381,22,46.92,3.48422,5,2
n1cnn2c(cc(C3CCN(Cc4cscn4)C3)[nH]c12)=O,MOSES sample,5499,302.363,21,79.18,0.8636,3,4
c1c(C)cc(OC)c(c1C)C(NCCC(OC)=O)=O,MOSES sample,5500,265.309,19,64.63,1.60494,5,1
C1CCC(=O)N1Cc1oc(SCc2ccc(cc2)F)nn1,MOSES sample,5501,307.35,21,59.23,2.6234,5,3
FC(F)(Oc1c(c(c[nH]c1)Br)=O)F,MOSES sample,5502,257.993,13,42.09,2.036,1,1
CCOc1ccccc1CNC(=O)COc1cccc2c1CCC2=O,MOSES sample,5503,339.391,25,64.63,2.9094,7,3
CC(c1cc(c(cc1)OC)C(=O)CCC(=O)OC)C,MOSES sample,5504,264.321,19,52.6,2.9545,6,1
N(C1CC1)C(Nc1cc(OC)c(cc1Br)OC)=O,MOSES sample,5505,315.167,18,59.59,2.7502,4,2
C(OCCc1cccs1)(c1cc(C(C)C)nn1C)=O,MOSES sample,5506,278.377,19,44.12,3.0045,5,2
c1(nnc(c(C#N)c1C)NCc1cc(N(C)C)ccc1)C,MOSES sample,5507,281.363,21,64.84,2.64322,4,2
c1(ccc(cc1)-c1cc(F)cc(c1)F)C(NCc1cc(on1)C)=O,MOSES sample,5508,328.318,24,55.13,3.85822,4,3
c1(NC(c2c(c(C)n(C3CC3)c2C)C(=O)C)=O)ccc(cc1)C,MOSES sample,5509,310.397,23,51.1,4.20316,4,3
C1C(NC(c2ccc(=O)n(C)n2)=O)(CCCC1)c1noc(C)n1,MOSES sample,5510,317.349,23,102.91,1.06112,3,3
Cc1ccc2[nH]cc(NC(=O)N3CCC(C)CC3)c(=O)c2c1,MOSES sample,5511,299.374,22,65.2,3.10032,1,3
c1(ccc(COC)(c2ccccc2F)C(=O)N)ccccc1,MOSES sample,5512,,,,,,
c1cccc2c1C(=O)N(CCC(NCCCc1ncccc1)=O)CC2,MOSES sample,5513,337.423,25,62.3,2.219,7,3
c1c(N)cc(c(c1)C(=O)NC(C)C(NC)=O)Cl,MOSES sample,5514,255.705,17,84.22,0.7865,3,1
C(NC(C)C)(=O)CCc1ccc(cc1)NC(C1CC1)=O,MOSES sample,5515,274.364,20,58.2,2.4923,6,2
O=C(c1c2CCCCc2cs1)Nc1cc2c(cc1)n(C)c(n2)C,MOSES sample,5516,325.437,23,46.92,4.07432,2,4
COc1ccc(C(C)NC(=O)c2ccc(=O)[nH]c2)cc1,MOSES sample,5517,272.304,20,71.19,1.8745,4,2
s1c(CCCC(=O)Nc2cccc(Cl)c2F)ncc1,MOSES sample,5518,298.77,19,41.99,3.897,5,2
O=c1n(c(ccc1C#N)C)CCCOc1ccccc1,MOSES sample,5519,268.316,20,55.02,2.4975,5,2
CCOc1ccccc1-c1nc2ccccc2n1CC(C)O,MOSES sample,5520,296.37,22,47.28,3.4828,5,3
c1c(C(=O)c2oc3ccccc3c2N)c(F)ccc1,MOSES sample,5521,255.248,19,56.23,3.3851,2,3
c1cc(OC)ccc1-c1c(n2c3CCCc3sc2n1)CCO,MOSES sample,5522,314.41,22,46.76,3.0949,4,4
CN1CC(NC(=O)Cn2c(c3cc4occc4n3c(n2)C)=O)CC1=O,MOSES sample,5523,343.343,25,101.85,-0.10248,3,4
CC(C)(C)N(Cc1ccccc1)C(=O)Cn1cc(-c2ccccc2)nn1,MOSES sample,5524,348.45,26,51.02,3.7724,5,3
N(c1cc(Oc2ncc(cc2)C#N)ccc1)C(C)=O,MOSES sample,5525,253.261,19,75.01,2.70398,3,2
Cc1ccc(CCC(=O)Nc2ccc3c(c2)OCCCO3)o1,MOSES sample,5526,301.342,22,60.7,3.32062,4,3
Clc1c(O)ccc(C(Nc2cnc(OC)cc2)=O)c1,MOSES sample,5527,278.695,19,71.45,2.7015,3,2
c1c(cc(-c2c(c3c(cc(cc3)O)oc2)=O)cc1)O,MOSES sample,5528,254.241,19,70.67,2.8712,1,3
c12n(cnc1cc(-c1cc(c(F)cc1)N)cc2)C1CC1,MOSES sample,5529,267.307,20,43.84,3.7595,2,4
C(CC)(Nc1ccnc(-c2ccc(OC)cc2)n1)C,MOSES sample,5530,257.337,19,47.04,3.3626,5,2
O(C(=O)c1c(C)noc1-c1ccoc1)CC(N1CCCC1)=O,MOSES sample,5531,304.302,22,85.78,2.02222,4,3
[nH]1ccnc1-c1ccc(cc1)NC(N1CCC2(OCCO2)CC1)=O,MOSES sample,5532,328.372,24,79.48,2.4475,2,4
N1(CCN(C(c2ccc(NC(=O)CCC)cc2)=O)CC1)C,MOSES sample,5533,289.379,21,52.65,1.8128,4,2
C(=O)(N1CCCC(C)C1)c1ccc(cc1)NC(=O)c1nccnc1,MOSES sample,5534,324.384,24,75.19,2.601,3,3
c1cc(C)ccc1NC(=O)C(C#N)Cc1cccnc1,MOSES sample,5535,265.316,20,65.78,2.711,4,2
c1c2c3N(CCC2=c2c(C(=O)C)c(=O)oc2=N1)CCCC23OCCO2,MOSES sample,5536,,,,,,
CCc1cnccc1C(=O)N(C)c1ccccc1S(=O)(=O)C(C)C,MOSES sample,5537,346.452,24,67.34,3.1027,5,2
Cc1ccc(C)c(OCC(=O)N(C)C(C)CC#N)c1C,MOSES sample,5538,274.364,20,53.33,2.75124,5,1
CCN(C(c1cccc2n3c(nc21)CCCCC3)=O)CC,MOSES sample,5539,285.391,21,38.13,3.2447,3,3
N(c1ccc(NC(=O)C)cc1)C(C(Sc1cccc(c1)C)C)=O,MOSES sample,5540,328.437,23,58.2,4.07272,5,2
c1cccc2c1nnn2-c1ncnc2n(ncc21)-c1ccccc1,MOSES sample,5541,313.324,24,74.31,2.5494,2,5
COCCN1CC(C(=O)NCc2cnn(C)c2)CC1=O,MOSES sample,5542,280.328,20,76.46,-0.4688,6,2
c1c2c(n(CC(Nc3sc(C(C)C)nn3)=O)c1)cc(Cl)cc2,MOSES sample,5543,334.832,22,59.81,3.9083,4,3
O=C1CCc2c1cccc2OCC(=O)Nc1ccccc1CC,MOSES sample,5544,309.365,23,55.4,3.3954,5,3
c1(c(nccn1)C#N)Sc1oc(-c2noc(c2)C)nn1,MOSES sample,5545,286.276,20,114.52,1.8459,3,3
c1cc(OC(C(N2Cc3c(C(C2)O)cccc3)=O)C)ccc1F,MOSES sample,5546,315.344,23,49.77,2.6688,3,3
N(C(=O)C1CCCC1)CCc1nc(Nc2ncccn2)sc1,MOSES sample,5547,317.418,22,79.8,2.5256,6,3
C=CCN1CCN(CC1)C(=O)COc1ccccc1,MOSES sample,5548,260.337,19,32.78,1.3956,5,2
c1(C)nc(sc1)NC(=O)C1CCC(N(c2cc(ccc2)C)C1)=O,MOSES sample,5549,329.425,23,62.3,3.14164,3,3
COCCOCc1cccc(NC(=O)C2CC3CCC2O3)c1,MOSES sample,5550,305.374,22,56.79,2.3556,7,3
c1c(S(NCc2c(cccc2)OC)(=O)=O)cn[nH]1,MOSES sample,5551,267.31,18,84.08,0.8968,5,2
C(C1CN(C(Nc2ccc(cc2OCC2OCCC2)cc2)=O)C1)O,MOSES sample,5552,,,,,,
CN(CCOc1ccccc1F)C(=O)c1ccc[nH]1,MOSES sample,5553,262.284,19,45.33,2.3048,5,2
C(Oc1ccc(cc1)C)CNS(Cc1ccccc1)(=O)=O,MOSES sample,5554,305.399,21,55.4,2.49342,7,2
C(C1CCCCN1C(c1ccc(OC)nn1)=O)CNC(=O)C,MOSES sample,5555,306.366,22,84.42,1.0061,5,2
c1c(C(N2CCN(c3nc4c(ccc(c4)Cl)o3)CC2)=O)ccnc1,MOSES sample,5556,342.786,24,62.47,2.8386,2,4
c1cc(cc(C(NCCN2CCOCC2)=O)c1)COc1cnc(cc1)C,MOSES sample,5557,355.438,26,63.69,2.03102,7,3
COc1c(cc(Br)c(C(N2CCOC(C)C2)=O)c1)OC,MOSES sample,5558,344.205,20,48,2.3272,3,2
FC(CN(CC)c1ccc(cc1N)C(N)=O)(F)F,MOSES sample,5559,261.247,18,72.35,1.7563,4,1
C(#N)c1c(OCC(Nc2c(C(=O)OC)cccc2)=O)cccc1,MOSES sample,5560,310.309,23,88.42,2.36238,5,2
c1(Br)c(ccc(c1)N)-c1sc(nn1)NC,MOSES sample,5561,285.17,15,63.83,2.5915,2,2
c1(nc(nnc1C)SCc1ccccc1)CC,MOSES sample,5562,245.351,17,38.67,3.03472,4,2
c1(C(=O)OC)c(scc1)NC(=O)Cn1nc(nc1C)C,MOSES sample,5563,294.336,20,86.11,1.38174,4,2
c1c(C)cc(cc1)Oc1nc(ccc1CNC(NCC(F)F)=O)C,MOSES sample,5564,335.354,24,63.25,3.55504,6,2
Cc1onc2c(N3CCC(c4nc[nH]c(=O)c4)CC3)ncnc12,MOSES sample,5565,312.333,23,100.8,1.39352,2,4
CC(C)CNC(N1CCN(CC1)CC(NCC)=O)=O,MOSES sample,5566,270.377,19,64.68,0.1057,5,1
COc1cc(C)c(Cl)cc1n1ccnc1SCC#N,MOSES sample,5567,293.779,19,50.84,3.4584,4,2
COc1cc(c(C(=O)NCc2ccc(C(F)(F)F)cc2)cc1)OC,MOSES sample,5568,339.313,24,47.56,3.6526,5,2
Cc1cc(Br)cc(C)c1NCC(=O)Nc1cc(C)no1,MOSES sample,5569,338.205,20,67.16,3.41296,4,2
c1(ccncc1)C(N1CCCC1c1[nH]c2ccccc2n1)=O,MOSES sample,5570,292.342,22,61.88,2.9352,2,4
FC(F)(F)C1CN(C(=O)C2N(CCC2)C(=O)N)CCC1,MOSES sample,5571,293.289,20,66.64,1.3304,1,2
c1(c(C)[nH]c(=O)c(C#N)c1)CCC(=O)NCc1cc(ccc1)OC,MOSES sample,5572,325.368,24,94.98,1.8126,6,2
C1C2(CN(C(CC2)=O)C2C(C2)C)CCN(C1)C(c1cc(ncc1)N)=O,MOSES sample,5573,342.443,25,79.53,1.917,2,4
c1c(Br)ccc(Br)c1C(NC1CC1)=O,MOSES sample,5574,318.996,14,29.1,3.1038,2,2
CC(Cn1ccsc1=NC(=O)CNC(OC)=O)C,MOSES sample,5575,271.342,18,72.69,0.9889,4,1
Cn1cc(NS(=O)(=O)c2ccccc2Br)cn1,MOSES sample,5576,316.18,17,63.99,1.9834,3,2
c1(C)onc(C)c1CN1C2CCC(N(Cc3ccccn3)C2CC1)=O,MOSES sample,5577,340.427,25,62.47,2.45194,4,4
C(C(Nc1n(C)c(n(C)c(c1C#N)=O)=O)CC)C,MOSES sample,5578,250.302,18,79.82,0.55618,4,1
c1ccc2c(N(C(CNS(=O)(C)=O)=O)CC2)c1C(F)(F)F,MOSES sample,5579,322.308,21,66.48,1.1437,3,2
O(C(C)C)c1ncc(C(Nc2c(c3c(s2)CCCC3)C#N)=O)cc1,MOSES sample,5580,341.436,24,75.01,3.93308,4,3
CC(OC)(CNC(Cn1nnnc1C(C)(C)C)=O)C,MOSES sample,5581,269.349,19,81.93,0.5118,5,1
[nH]1c(cc(n1)-c1ccco1)C(=O)NC(c1ccc(cc1)NC(N)=O)C,MOSES sample,5582,339.355,25,126.04,2.6513,5,3
N1C(C)=C(C(c2sc(cc2)C)NC1=O)C(=O)OC,MOSES sample,5583,266.322,18,67.43,1.85742,2,2
c1(cc(c(cc1)-n1c(C)cc(c(C#N)n1)=O)OC)OC,MOSES sample,5584,271.276,20,77.14,1.4298,3,2
Brc1cc2nc(ccc2c(N)c1)C(F)(F)F,MOSES sample,5585,291.07,16,38.91,3.5983,0,2
C(=O)(N1Cc2sc(nc2CC1)NC(C1OCCC1)=O)c1ncccc1,MOSES sample,5586,358.423,25,84.42,1.8541,3,4
Cc1cc(-c2nc(CC(=O)NCc3ccccc3)no2)cc(=O)[nH]1,MOSES sample,5587,324.34,24,100.88,1.59222,5,3
C=CCNC(Nc1c(ccc(c1)Cl)OCC(N(C)C)=O)=O,MOSES sample,5588,311.769,21,70.67,2.1145,6,1
C(=O)(OCC(=O)N1CCOCC1)c1c(F)cccc1,MOSES sample,5589,267.256,19,55.84,0.8413,3,2
C(N1CCOC2(CCC2)C1)c1n2c3c(cccc3)c([nH]c2nn1)=O,MOSES sample,5590,325.372,24,75.52,1.3257,2,5
n1(ccnc1-c1nccnc1)CCc1[nH]c(c2c(cccc2)n1)=O,MOSES sample,5591,318.34,24,89.35,1.8193,4,4
c1(-c2noc(c2)C(=O)NCCNC(=O)C2CCCC2)c(cccc1)F,MOSES sample,5592,345.374,25,84.23,2.5169,6,3
NC(=O)NCc1ccc(NC(=O)c2ccc(F)c(F)c2)cc1,MOSES sample,5593,305.284,22,84.22,2.3854,4,2
n12c(ccc(c1)-c1nc(C3C4CC(CC4)C3)on1)nnc2C(F)(F)F,MOSES sample,5594,349.316,25,69.11,3.7017,2,5
O=C(Cc1c[nH]c2ncccc12)Nc1ccccc1-n1ccnc1,MOSES sample,5595,317.352,24,75.6,2.9298,4,4
c1cc(CC)ccc1NC(=O)COn1nnc2c1cc(Cl)cc2,MOSES sample,5596,330.775,23,69.04,2.7144,5,3
C(NCc1ccc(s1)-c1oc(C)cc1)(=O)c1ncccc1,MOSES sample,5597,298.367,21,55.13,3.64152,4,3
O=C(c1c(C)nn2cccnc12)N1C2CCC1CC(=O)NC2,MOSES sample,5598,299.334,22,79.6,0.53082,1,4
C(C(F)(F)F)C(NC1CN(S(=O)(C)=O)CCC1)=O,MOSES sample,5599,288.291,18,66.48,0.479,3,1
C(C)(NC(=O)c1c(cc(cc1)NC(=O)c1ccco1)Cl)C,MOSES sample,5600,306.749,21,71.34,3.3235,4,2
N1(CC(COc2c(F)cccc2OC)O)C(COCC1)C,MOSES sample,5601,299.342,21,51.16,1.2947,6,2
C1CCCc2oc(c(C)c12)C(Nc1ccc2[nH]c([nH]c2c1)=O)=O,MOSES sample,5602,311.341,23,90.89,2.88872,2,4
COc1cc(COC(=O)C2Cc3cc(F)ccc3O2)ccc1C,MOSES sample,5603,316.328,23,44.76,3.18962,4,3
c12cc(cnc1[nH]c(c2)C(=O)C)C(N1c2cc(ccc2CCC1)F)=O,MOSES sample,5604,337.354,25,66.06,3.4976,2,4
CCCN(CC1CNc2ccccc2O1)C(C)CC,MOSES sample,5605,262.397,19,24.5,3.37,6,2
C1CCC(C(C(N(C)Cc2nc(on2)C)=O)C)CC1,MOSES sample,5606,265.357,19,59.23,2.55282,4,2
CC(N(CC(NC1(CCCC1)C(OCC)=O)=O)C)=O,MOSES sample,5607,270.329,19,75.71,0.4568,5,1
Nc1c(NCc2ccccc2)ncnc1N1CCN(CCO)CC1,MOSES sample,5608,328.42,24,90.54,0.7852,6,3
CCOc1ccc(F)c(C(=O)Nc2nc(C)cs2)c1F,MOSES sample,5609,298.314,20,51.22,3.38072,4,2
C1C2CCCCN2CC(O1)CNC1=NS(=O)(=O)c2c1cccc2,MOSES sample,5610,335.429,23,71,0.9784,2,4
O=C(CCC1CCCC1)NCC1CN2CCCCC2CO1,MOSES sample,5611,294.439,21,41.57,2.3263,5,3
O=C(COc1ccc(F)cc1Cl)NCc1cscn1,MOSES sample,5612,300.742,19,51.22,2.6308,5,2
C(NC(c1ccoc1C)=O)c1ccc(c(OCC)c1)O,MOSES sample,5613,275.304,20,71.7,2.62232,5,2
CS(N1CCCC1C(=O)NCCCOc1cccc(c1)C)(=O)=O,MOSES sample,5614,340.445,23,75.71,1.30412,7,2
C(Cc1ccc(cc1)O)(=O)NCCOc1ccccc1,MOSES sample,5615,271.316,20,58.56,2.1299,6,2
C1CN(CC(N)=O)CCN1C(C1CCN(C(N(C)C)=O)CC1)=O,MOSES sample,5616,325.413,23,90.19,-0.9905,3,2
O=C(Nc1c(c(ccc1)F)N1CCOCC1)C1COCC1,MOSES sample,5617,294.326,21,50.8,1.6373,3,3
C(OC)c1ccccc1NC(=O)NCC(=O)NC(C)C,MOSES sample,5618,279.34,20,79.46,1.4791,6,1
CC(NC(NC1CCCN(C1=O)c1c(F)cccc1)=O)C,MOSES sample,5619,293.342,21,61.44,2.0287,3,2
Cc1ccccc1CC(=O)Nc1ccc(Cn2cncn2)cc1,MOSES sample,5620,306.369,23,59.81,2.81602,5,3
CC(=O)N1CCN(C(=O)c2ccc3c(c2)OCO3)CC1,MOSES sample,5621,276.292,20,59.08,0.7196,1,3
n1c(C(N2CC=C(CC2)c2ccc(OC)cc2)=O)ccc(=O)n1CC,MOSES sample,5622,339.395,25,64.43,2.2013,4,3
CCc1n[nH]c(SC(C)C(=O)Nc2ccc(F)cc2)n1,MOSES sample,5623,294.355,20,70.67,2.6255,5,2
c1c(CNC(=O)c2nnc(o2)C2CCC2)c(ccc1)C,MOSES sample,5624,271.32,20,68.02,2.57552,4,3
c1(noc(C)c1)NC(=O)NCc1cc(ccc1)C(=O)NC(CC)C,MOSES sample,5625,330.388,24,96.26,2.83302,6,2
S(CC(=O)OCC(C)C)c1sc(NC(C)=O)nn1,MOSES sample,5626,289.382,18,81.18,1.7878,6,1
C(C(=O)NCC(OCC)=O)n1c2ccccc2nc1CO,MOSES sample,5627,291.307,21,93.45,0.2079,6,2
s1c(C)ccc1CNC(=O)C1CN(C(=O)C1)c1ccccc1OC,MOSES sample,5628,344.436,24,58.64,2.73442,5,3
n1(cnc2n(C)ncc2c1=O)CC(=O)Oc1c(cc(Cl)cc1)C,MOSES sample,5629,332.747,23,79.01,1.69742,3,3
COc1ccc(CNC(=O)C(C)(C)C)cc1OC,MOSES sample,5630,251.326,18,47.56,2.3661,4,1
Fc1c(cc(-c2ccc(cc2)S(=O)(N)=O)cc1)OC,MOSES sample,5631,281.308,19,69.39,2.1487,3,2
c1scc(c1)CC(=O)Nc1cccc(c1)Br,MOSES sample,5632,296.189,16,29.1,3.6918,3,2
CC1CN(C2CCN(C(=O)NCCCn3cncn3)CC2)CCO1,MOSES sample,5633,336.44,24,75.52,0.5629,5,3
c1c(occ1)-c1n(-c2ccc3c(c2)nccn3)ncc1,MOSES sample,5634,262.272,20,56.74,3.0755,2,4
c1(CNC(=O)c2c(c3c(cccc3)o2)C)ccc(cc1)NC(=O)N,MOSES sample,5635,323.352,24,97.36,3.16182,4,3
n1ccc(c(F)c1)C(=O)Nc1nc2c(cc(cc2)C)s1,MOSES sample,5636,287.319,20,54.88,3.39112,2,3
c1(ccc(OC)c(c1)S(=O)(NCc1cccnc1)=O)NC(=O)C,MOSES sample,5637,335.385,23,97.39,1.5271,6,2
Cc1csc(CCNC(=O)c2ccc(Br)cc2)n1,MOSES sample,5638,325.231,18,41.99,3.18652,4,2
n1c2sc(nn2c(c(c1COC(=O)COC)C)=O)C1CCCC1,MOSES sample,5639,337.401,23,82.79,1.80662,5,3
O=C(c1[nH]c(C)c(c1C)C(=O)OCC)CNc1c(cccc1)C,MOSES sample,5640,314.385,23,71.19,3.41146,6,2
O=C(NCc1ccncc1)C1CC12CCN(C(=O)NC1CCCC1)C2,MOSES sample,5641,342.443,25,74.33,2.062,4,4
Fc1ccc(F)cc1CNCc1ncc(-c2cccnc2)s1,MOSES sample,5642,317.364,22,37.81,3.7731,5,3
Cc1cc(c(OC)c(c1)C)C(CC1(O)c2cc(Cl)ccc2NC1=O)=O,MOSES sample,5643,359.809,25,75.63,3.37814,4,3
c1cc(ccc1F)CN(C(=O)c1cscn1)C1CC1,MOSES sample,5644,276.336,19,33.2,3.087,4,3
Cc1n[nH]c(C)c1CCC(=O)NC(c1ccccc1)c1ccncc1,MOSES sample,5645,334.423,25,70.67,3.25994,6,3
c1(ccc(C(C)C)cc1)S(N(C)CC(NC)=O)(=O)=O,MOSES sample,5646,284.381,19,66.48,1.1765,5,1
c1(c2c(CCC2)n(C(C)C)n1)C(Nc1ncc(N(C)C)cc1)=O,MOSES sample,5647,313.405,23,63.05,2.666,4,3
CCN(CC(=O)NCc1ccc(F)cc1)C(=O)c1ccsc1,MOSES sample,5648,320.389,22,49.41,2.6657,6,2
c1ncn(c1)Cc1ccc(CNC(=O)c2cc(F)ccc2F)cc1,MOSES sample,5649,327.334,24,46.92,3.1396,5,3
c1cc(ccc1-c1c(cno1)C(=O)C)S(=O)(C)=O,MOSES sample,5650,265.29,18,77.24,1.9477,3,2
N(C(c1ccccc1)C(=O)Nc1nccs1)C(c1ccco1)=O,MOSES sample,5651,327.365,23,84.23,2.8459,5,3
c1(C(C)N(Cc2ccc(C)cc2)C)nc2c(c(=O)[nH]c(=O)n2C)[nH]1,MOSES sample,5652,327.388,24,86.78,1.45132,4,3
CCC1Oc2ccc(N)cc2N(CC(=O)OC(C)C)C1=O,MOSES sample,5653,292.335,21,81.86,1.7244,4,2
CN(CC(O)C1CC1)C(=O)c1ccc(-c2ccco2)[nH]c1=O,MOSES sample,5654,302.33,22,86.54,1.4778,5,3
C(N1C(=O)C2C(C2)CN(Cc2cccs2)C1C)c1ccncc1,MOSES sample,5655,327.453,23,36.44,2.9696,4,4
CN(C)C(=O)c1ccc(CNC(N2CCC(CC(N)=O)CC2)=O)cc1,MOSES sample,5656,346.431,25,95.74,1.1854,5,2
C(NC(=O)c1[nH]nc2c1CCCC2)c1nc(sc1C)C,MOSES sample,5657,290.392,20,70.67,2.29184,3,3
c1(C(C)C)ccccc1N1CC(CCC1)N1CCCC1=O,MOSES sample,5658,286.419,21,23.55,3.4012,3,3
c1nn(c(c1)CN(C)S(=O)(N1CCC(C(C)(C)C)CC1)=O)C,MOSES sample,5659,328.482,22,58.44,1.8548,4,2
Cc1cc(C(=O)OCC(=O)NCCc2ccccc2)c(C)o1,MOSES sample,5660,301.342,22,68.54,2.41214,6,2
c1cc(OC(F)F)ccc1NC(=O)NCCC(N1CCCC1)=O,MOSES sample,5661,327.331,23,70.67,2.422,6,2
COc1cc(C)ccc1OCC(=O)Nc1cc[nH]n1,MOSES sample,5662,261.281,19,76.24,1.74422,5,2
c1c(ccc(c1)C(=O)CCC(=O)NCC1CC1)CC,MOSES sample,5663,259.349,19,46.17,2.7381,7,2
C(C(Nc1c(C(NCCO)=O)cccc1)=O)C(C)C,MOSES sample,5664,264.325,19,78.43,1.3933,6,1
c1ccccc1C1(C(=O)OCC(=O)NC)c2ccccc2N(C1=O)C,MOSES sample,5665,338.363,25,75.71,1.2383,4,3
O(c1cccc(c1)CNC(N1CCOCC1)=O)Cc1cc1cccc1,MOSES sample,5666,,,,,,
C(=O)(C1CN(c2ccccc2C(N2CC3CCC2C3)=O)C(C1)=O)OC,MOSES sample,5667,342.395,25,66.92,1.837,3,4
N(C(CNC(=O)OC(C)(C)C)=O)Cc1ccncc1,MOSES sample,5668,265.313,19,80.32,1.2225,4,1
N1(C(=O)C)CCN(CC1)CCOc1c2c(cccc2)ccc1,MOSES sample,5669,298.386,22,32.78,2.3827,4,3
C1CN(C(CCC1)c1nn(C)cc1Cl)C(Cc1cccs1)=O,MOSES sample,5670,337.876,22,38.13,3.8214,3,3
c1cc(CNC(=O)N)ccc1C(Nc1ccccc1)=O,MOSES sample,5671,269.304,20,84.22,2.1072,4,2
N1CCN(CC1)C(C(Sc1nccn1C)C)=O,MOSES sample,5672,254.359,17,50.16,0.3325,3,2
CCc1ccccc1OCC(=O)NCc1cccnc1N1CCOCC1,MOSES sample,5673,355.438,26,63.69,2.1758,7,3
Cc1csc(C(C#N)C(=O)COc2ccc3ccccc3c2)n1,MOSES sample,5674,322.389,23,62.98,3.86,5,3
Cc1cnc(NC(=O)CSc2nncn2-c2ccccc2C)s1,MOSES sample,5675,345.453,23,72.7,3.07144,5,3
CC(C)CCCC1CN(C(=O)c2cc(C3CC3)on2)CCO1,MOSES sample,5676,306.406,22,55.57,3.2193,6,3
n1c2c(c(no2)C(=O)OCC)c(N)nc1SCc1ccccc1,MOSES sample,5677,330.369,23,104.13,2.669,5,3
n1(c(=O)c2c(cn1)nccc2)CC(N(C)C1CCCCC1)=O,MOSES sample,5678,300.362,22,68.09,1.5826,3,3
C1C(CCN(C(OC)=O)C1)NC(C1(CCCC1)C#N)=O,MOSES sample,5679,279.34,20,82.43,1.41738,2,2
c1(=O)cc2nc(cc(n2[nH]1)C)-c1ccc(OC)c(SC)c1,MOSES sample,5680,301.371,21,59.39,2.72852,3,3
COC(=O)C1CCN(C(=O)C(C)Oc2cccc(Cl)c2)CC1,MOSES sample,5681,325.792,22,55.84,2.5189,4,2
C=CCCCN(C(=O)c1cnc2ccccn2c1=O)c1ccccc1,MOSES sample,5682,333.391,25,54.68,3.3075,6,3
Fc1ccc2c(c1)c(CCNC(N1CC(OCC1)(C)C)=O)c[nH]2,MOSES sample,5683,319.38,23,57.36,2.6699,3,3
Cc1ccc2ncc(C(=O)NCCNC(=O)C(C)C)n2c1,MOSES sample,5684,288.351,21,75.5,1.14472,5,2
Cc1ccc(NC(=O)CC2(Cn3cnnn3)CCCCC2)nc1,MOSES sample,5685,314.393,23,85.59,2.35582,5,3
c1(c(NC(=O)COc2ccccc2C#N)cccc1)CC,MOSES sample,5686,280.327,21,62.12,3.13818,5,2
COC(=O)c1ccc(NC(=O)Cn2c(C)cc(C)c(C#N)c2=O)cc1,MOSES sample,5687,339.351,25,101.19,1.76212,4,2
C(C)(C(=O)NC1CCC(CC1)CC)OCCOC,MOSES sample,5688,257.374,18,47.56,2.1229,7,1
COCCNC(C(C(C)C)NC(=O)c1nn2ccccc2n1)=O,MOSES sample,5689,319.365,23,97.62,0.2463,7,2
Cc1ccc(OCC(=O)N2CCOCC2CC(C)C)cc1,MOSES sample,5690,291.391,21,38.77,2.64732,5,2
C(C)(=O)c1ccccc1NC(=O)C(OC(c1nccnc1)=O)C,MOSES sample,5691,313.313,23,98.25,1.8632,5,2
CNC(=O)c1ccccc1OS(c1ccc(cc1)OC)(=O)=O,MOSES sample,5692,321.354,22,81.7,1.8225,5,2
O=C(NC(C1CC1)C1CC1)c1ccc(Cl)cc1,MOSES sample,5693,249.741,17,29.1,3.2584,4,3
Cc1cc(C)n(CC(=O)Nc2ccccc2N2CCCCCC2)n1,MOSES sample,5694,326.444,24,50.16,3.51904,4,3
C(CN(C(=O)Nc1ccc(cc1)C(C)=O)CC1CCCO1)CC,MOSES sample,5695,318.417,23,58.64,3.7022,7,2
O=C(c1ccc(=O)[nH]c1)N1CC=C(c2ccccc2Cl)CC1,MOSES sample,5696,314.772,22,53.17,2.9578,2,3
O=C(Nc1ccc(Br)cn1)c1ccc(F)cc1F,MOSES sample,5697,313.101,18,41.99,3.3746,2,2
COc1ccc(Cl)cc1N(C)C(=O)Cn1nc(C)ccc1=O,MOSES sample,5698,321.764,22,64.43,1.87672,4,2
C1C(N(C(=O)Nc2ccc(c(F)c2)OC(F)F)C)C1,MOSES sample,5699,274.242,19,41.57,3.0532,4,2
C(c1ccco1)(C1CCCCC1)NC(=O)c1cnc(C)cc1,MOSES sample,5700,298.386,22,55.13,4.03442,4,3
c1ccsc1-c1nc2n(nc(s2)CC)c1CO,MOSES sample,5701,265.363,17,50.42,2.574,3,3
c1(-c2ccccc2)nnc(C(=O)NCc2ccco2)o1,MOSES sample,5702,269.26,20,81.16,2.2596,4,3
CCCC(=O)N1CCC(C(=O)NCCCn2nc(C)cc2C)CC1,MOSES sample,5703,334.464,24,67.23,2.04494,7,2
COc1cccc(-c2ccc(C(=O)N(C)CC3CC3)c(=O)[nH]2)c1,MOSES sample,5704,312.369,23,62.4,2.5325,5,3
Cc1nc2c(c(=O)n1C)CCN(S(=O)(=O)c1cc(F)cc(F)c1)C2,MOSES sample,5705,355.366,24,72.27,1.11392,2,3
S(C(C(Nc1cc(NC(C)=O)ccc1)=O)C)(=O)(=O)c1ccccc1,MOSES sample,5706,346.408,24,92.34,2.4459,5,2
C(NCC(C)C)(COc1ccc(C(=O)NC2CC2)cc1)=O,MOSES sample,5707,290.363,21,67.43,1.7298,7,2
c1ccnc(N)c1Cn1c(nc2cccc(F)c21)CO,MOSES sample,5708,272.283,20,76.96,1.6932,3,3
c1c(cc(C)c(c1)OCCCC(Nc1sc(cn1)C)=O)C,MOSES sample,5709,304.415,21,51.22,3.86606,6,2
N(C1c2cc(cc(c2OCC1)C)C(O)C)C(=O)CC,MOSES sample,5710,263.337,19,58.56,2.39812,3,2
n1c(Nc2nc3c(cccc3)c([nH]2)=O)nc(cc1CC)C,MOSES sample,5711,281.319,21,83.56,2.32752,3,3
C1N(CC(C(=O)N)OC1)Cc1nc2c(cccc2F)[nH]1,MOSES sample,5712,278.287,20,84.24,0.3881,3,3
c1(CNC(=O)C2CN(C(=O)OCC)CCC2)ccncc1,MOSES sample,5713,291.351,21,71.53,1.5663,4,2
Cc1ccnc(NC(=O)C2CCN(c3cc(F)cc(F)c3)C2=O)c1,MOSES sample,5714,331.322,24,62.3,2.65982,3,3
c1cc(C(=O)N(CC)C2CC2)ccc1NC(=O)NCC1CCOC1,MOSES sample,5715,331.416,24,70.67,2.4691,6,3
C(=O)(NCC1CN(C1)C(=O)OC(C)(C)C)OC(C)(C)C,MOSES sample,5716,286.372,20,67.87,2.378,2,1
c1(C)ccccc1NC(=O)CCn1ncc(c1)Br,MOSES sample,5717,308.179,18,46.92,2.98282,4,2
c1nccc(c1)CNC(C(CC)CC1CCCCC1)=O,MOSES sample,5718,274.408,20,41.99,3.6944,6,2
c1c2sc(nc2ccc1)NCC1CN(CCO1)C,MOSES sample,5719,263.366,18,37.39,2.0388,3,3
c1(cccc(OC)c1F)C(NCc1nccc(N2CCOCC2)n1)=O,MOSES sample,5720,346.362,25,76.58,1.3909,5,3
N(c1cc(C#N)c(F)cc1)CC(=O)N(C)Cc1ccccc1,MOSES sample,5721,297.333,22,56.13,2.76788,5,2
c1c2c(cccc2)c(C(OCc2onc(n2)C)=O)cc1,MOSES sample,5722,268.272,20,65.22,2.88822,3,3
CCC(C)NC(=O)CCc1ncS(=O)(=O)N2CCCCC2,MOSES sample,5723,,,,,,
CN(c1cn(C(N(C)c2ccccc2)=O)c(=O)cc1)C,MOSES sample,5724,271.32,20,45.55,2.0188,2,2
CC(C)(C(=O)Nc1ccccc1)n1nnc2ccccc2c1=O,MOSES sample,5725,308.341,23,76.88,2.1653,3,3
c1(cc(OCC)c(cc1)C)NC(=O)c1c(ncs1)C1CC1,MOSES sample,5726,302.399,21,51.22,3.97992,5,3
Cc1cc(C)cc(NC(=O)COC(=O)Cc2c(C)noc2C)c1,MOSES sample,5727,316.357,23,81.43,2.63268,5,2
NC(c1c(OC)cc(s1)-c1c(C)cccc1)=O,MOSES sample,5728,247.319,17,52.32,2.83102,3,2
c1(c(cc(cc1)C1NCCc2c(O)ccc(F)c21)O)Cl,MOSES sample,5729,293.725,20,52.49,3.1254,1,3
CC(NC(=O)Cc1ccc(Br)cc1)c1ccco1,MOSES sample,5730,308.175,18,42.24,3.462,4,2
CC(=O)N1CCC(C(NC2C(Oc3c2cc(C)cc3C)C)=O)CC1,MOSES sample,5731,330.428,24,58.64,2.50014,2,3
C#CCOc1ccc(CN(C)C(=O)c2cnn(CC)c2)cc1,MOSES sample,5732,297.358,22,47.36,2.1872,6,2
O=C(Cc1ccc(F)cc1F)Nc1ccc(F)cc1OCC1CC1,MOSES sample,5733,335.325,24,38.33,4.0739,6,3
c1c(OC)c(ccc1C(N(C(=O)CNC(=O)NC)C)C)OC,MOSES sample,5734,309.366,22,79.9,1.1522,6,1
Cc1cnn(CC2CCCCN2Cc2nnc(C3CC3)o2)c1,MOSES sample,5735,301.394,22,59.98,2.50662,5,4
c1(NC(=O)CCOC(C)C)ccc(cc1OC)N,MOSES sample,5736,252.314,18,73.58,2.031,6,1
n1(C)cncc1COC(c1cc(OC2CCC2)ncc1)=O,MOSES sample,5737,287.319,21,66.24,2.1034,5,3
O=S(=O)(CCN1CCCn2ncnc21)c1ccccc1,MOSES sample,5738,292.364,20,68.09,0.9621,4,3
Cc1nn(C)c(C)c1CNC(=O)c1c(F)cccc1F,MOSES sample,5739,279.29,20,46.92,2.24514,3,2
s1cccc1CC(=O)N1CC(Nc2c1c(ccc2)C)=O,MOSES sample,5740,286.356,20,49.41,2.58432,2,3
N(c1ccc(-c2nc3c(scc3)c([nH]2)=O)cc1)C(C)=O,MOSES sample,5741,285.328,20,74.85,2.61,2,3
C(Nc1ccc(OC(F)(F)F)cc1)(CSc1nc(C)n[nH]1)=O,MOSES sample,5742,332.307,22,79.9,2.74252,5,2
c1cc(C(NCC(=O)OCC(Nc2ccc(C)cc2)=O)=O)c(F)cc1,MOSES sample,5743,344.342,25,84.5,2.04582,6,2
n1cc(C(C)NS(c2ccc(OCC)cc2)(=O)=O)ccc1,MOSES sample,5744,306.387,21,68.29,2.5198,6,2
c1(C(=O)Nc2cc(ccn2)OC)ccn(C2CCCC2)n1,MOSES sample,5745,286.335,21,69.04,2.6541,4,3
N(c1nnc(SCCCC#N)s1)C(C1CCC1)=O,MOSES sample,5746,282.394,18,78.67,2.67258,6,2
CCOc1cc(cnc1N(CC(=O)N)C(C)C)Br,MOSES sample,5747,316.199,18,68.45,1.9429,6,1
c1cccc(c1)-c1nc(on1)C(NC(C(OCC)=O)C)=O,MOSES sample,5748,289.291,21,94.32,1.418,5,2
O1CCN(c2ncc3CC(OCc3n2)(C)C)CC1,MOSES sample,5749,249.314,18,47.48,1.1645,1,3
c1(NC(c2nc3c(c(=O)n(C)c(=O)n3C)cc2)=O)c(F)cccc1,MOSES sample,5750,328.303,24,85.99,1.0236,2,3
C(Cn1c(c2scc(-c3ccccc3C)c2nc1)=O)#N,MOSES sample,5751,281.34,20,58.68,2.957,2,3
C1Oc2cc(C(O)CNC(c3cccnc3)=O)ccc2O1,MOSES sample,5752,286.287,21,80.68,1.2737,4,3
c1n(nc(C)c1)CC(NCCCC(=O)N1CC2C(C1)C=CC2)=O,MOSES sample,5753,316.405,23,67.23,1.12242,6,3
C(=O)(Nc1cccc(c1)Cn1ccnc1C(C)C)NCCCO,MOSES sample,5754,316.405,23,79.18,2.5587,7,2
c1(c(oc(c1)-c1ccc(cc1)OC)C)C(=O)OC(C(=O)N)C,MOSES sample,5755,303.314,22,91.76,2.29422,5,2
c1cc(CNC(c2c(c(ns2)C(NC)=O)N)=O)oc1,MOSES sample,5756,280.309,19,110.25,0.6079,4,2
c1(cc(F)cc(NCC(N2CC(CCC2)C)=O)c1)F,MOSES sample,5757,268.307,19,32.34,2.6352,3,2
N#CCCN1CCN(S(=O)(=O)c2ccccc2Cl)CC1,MOSES sample,5758,313.81,20,64.41,1.55998,4,2
c1c(cn(Cc2ccccc2)n1)C(N1CC(OCC1)CCC)=O,MOSES sample,5759,313.401,23,47.36,2.5725,5,3
c1cc(ccc1OCC)OC(Cc1c(=O)[nH]c(C)nc1C)=O,MOSES sample,5760,302.33,22,81.28,1.93354,5,2
c1cccc2c1C(NC(COCc1onc(n1)C)=O)C(C)C2,MOSES sample,5761,301.346,22,77.25,1.94432,5,3
C1N(CC(OC1)c1nc(C(C)C)on1)C(C1CC(=O)N(CC)C1)=O,MOSES sample,5762,336.392,24,88.77,0.9613,4,3
C(NC(=O)c1ccccc1OC)CNC(=O)Cc1c(C)onc1C,MOSES sample,5763,331.372,24,93.46,1.38874,7,2
CCC(C)NC(=O)c1cccc(C(=O)NC(C)(C)C)c1,MOSES sample,5764,276.38,20,58.2,2.7432,4,1
c1cc(ccc1F)C(C)OC(CCNC(C(C)(C)C)=O)=O,MOSES sample,5765,295.354,21,55.4,2.9823,5,1
c1(c(C(=O)OC)ccc(c1)-c1cc(c(c(c1)OC)OC)OCC)N,MOSES sample,5766,331.368,24,80.01,3.1383,6,2
O=C1NCCCc2nc(-c3ccc(-c4ccco4)cc3)sc21,MOSES sample,5767,310.378,22,55.13,3.7461,2,4
CC(c1ccccn1)N(C)C(=O)C1COc2ccc(F)cc2C1,MOSES sample,5768,314.36,23,42.43,2.9914,3,3
N(c1ncccc1C#N)CC1(c2ccccc2)CCOCC1,MOSES sample,5769,293.37,22,57.94,3.11358,4,3
c1cc(OC)ncc1N(C)C(c1cc(C(F)(F)F)cc(c1)F)=O,MOSES sample,5770,328.265,23,42.43,3.5247,3,2
c1cc(ccc1-c1cc(C(=O)NCCCN2CCOCC2)n[nH]1)Cl,MOSES sample,5771,348.834,24,70.25,2.1822,6,3
CCc1nsc(N2CCCN(Cc3c[nH]nc3C)CC2)n1,MOSES sample,5772,306.439,21,60.94,1.84432,4,3
C(#N)C(NCC(F)(F)F)c1ccc(Cl)cc1,MOSES sample,5773,248.635,16,35.82,3.05658,3,1
n1ccc(cc1)NC(=O)NCCCC1C(O)CCCC1,MOSES sample,5774,277.368,20,74.25,2.5344,5,2
c1(NC(=O)c2ccc(cc2)CN2CC(OC(C)C2)C)ccc(nc1)OC,MOSES sample,5775,355.438,26,63.69,2.9517,5,3
C1N(C(=O)CCCc2ccc(Cl)cc2)CCOC1,MOSES sample,5776,267.756,18,29.54,2.5215,4,2
C(C)(=O)c1ccc(NC(=O)CSc2ccncc2)cc1,MOSES sample,5777,286.356,20,59.06,3.015,5,2
Cc1cc(CN(C)CC(O)c2ccc(F)cc2F)no1,MOSES sample,5778,282.29,20,49.5,2.42662,5,2
CC(C(=O)NCC=C)N1c2c(cc3c(c2)CCC(N3)=O)OC(C)(C1)C,MOSES sample,5779,343.427,25,70.67,2.2394,4,3
c1c(CNC(=O)CCc2nc(C)no2)cc(c(OC(C)C)n1)Cl,MOSES sample,5780,338.795,23,90.14,2.46262,7,2
C1CC1N(C(c1c(sc(C)n1)C)=O)Cc1cc(F)ccc1,MOSES sample,5781,304.39,21,33.2,3.70384,4,3
Cc1cc(CN(C)C(=O)NCCN(C)c2ccccc2)no1,MOSES sample,5782,302.378,22,61.61,2.26082,6,2
c1cccc(c1C(=O)N1CCC(Oc2ccc(F)cc2)CC1)F,MOSES sample,5783,317.335,23,29.54,3.6484,3,3
COc1ccc(NC(=O)C(C)Oc2ccccc2N)cc1,MOSES sample,5784,286.331,21,73.58,2.6834,5,2
n1cn(cc1)-c1ncnc(c1N)Oc1ccccc1OC,MOSES sample,5785,283.291,21,88.08,2.0454,4,3
CC(C)C(C)N(C(=O)CCn1cncn1)C1CC1,MOSES sample,5786,250.346,18,51.02,1.7037,6,2
c1(ccc(C)o1)CN(C)C(CSc1ccc(cc1)O)=O,MOSES sample,5787,291.372,20,53.68,3.04432,5,2
C(CNc1cc(NC(OC)=O)ccc1)(NCc1ccc(C)cc1)=O,MOSES sample,5788,327.384,24,79.46,2.90162,6,2
C1(CC1)C(N1CCN(CC1)c1ccc(F)cc1)=O,MOSES sample,5789,248.301,18,23.55,1.8843,2,3
CCCCNC(Nc1cccc(c1)NC(CC)=O)=O,MOSES sample,5790,263.341,19,70.23,2.9567,6,1
c12cc3CCCc3cc2cc(C(=O)Nc2ccc(cc2)F)c(=O)o1,MOSES sample,5791,323.323,24,59.31,3.6731,2,4
Nc1cc(Cl)ccc1C(=O)Nc1ccc2c(c1)CCC2,MOSES sample,5792,286.762,20,55.12,3.6632,2,3
COc1ccccc1CC(=O)Nc1ccccc1C(=O)N1CCCC1,MOSES sample,5793,338.407,25,58.64,3.1124,5,3
CCN(c1ccc(C(=O)NCC2CN3CCCCC3CO2)cc1)CC,MOSES sample,5794,345.487,25,44.81,2.5159,6,3
COc1cc(-c2noc(-c3ccoc3C)n2)ccn1,MOSES sample,5795,257.249,19,74.18,2.70862,3,3
CC(NC(=O)c1ccccc1)C(=O)N1CCN(C(C)(C)C)CC1,MOSES sample,5796,317.433,23,52.65,1.7476,3,2
c1cc2c(c(CC(=O)Nc3ccc(c(c3)C)C(C)=O)c[nH]2)cc1F,MOSES sample,5797,324.355,24,61.96,3.99922,4,3
c1cccc2cc(C(=O)NCC(NCCC(C)C)=O)oc(c21)=O,MOSES sample,5798,316.357,23,88.41,1.6851,6,2
Cc1ccccc1C(=O)NC(C)c1nc2ccccc2n1C,MOSES sample,5799,293.37,22,46.92,3.37272,3,3
CCOC(=O)C(C)NC(=O)C1(C)Cc2ccccc2C(=O)O1,MOSES sample,5800,305.33,22,81.7,1.226,4,2
n1c(sc(NC(NC(C)c2cnn(c2C)C)=O)n1)CC(C)C,MOSES sample,5801,322.438,22,84.73,2.66122,5,2
Cc1cccc(C(=O)N2CCCC(C(=O)Nc3ccccn3)C2)n1,MOSES sample,5802,324.384,24,75.19,2.27592,3,3
C1Oc2cc(NC(=O)Cc3noc(n3)CCCC)ccc2O1,MOSES sample,5803,303.318,22,86.48,2.3221,6,3
N1(c2cccc(c2)NC(NCc2ccc(C)cc2)=O)CCCC1=O,MOSES sample,5804,323.396,24,61.44,3.44352,4,3
CC(C)(C)NC(=O)CN(c1cccc(c1)Cl)S(=O)(C)=O,MOSES sample,5805,318.826,20,66.48,2.0207,4,1
n1c(sc(n1)NC(=O)c1c(cc(Cl)cc1)Cl)COC,MOSES sample,5806,318.185,19,64.11,3.2436,4,2
CS(=O)(=O)NC1CCN(C(=O)C2CCCOC2)C1,MOSES sample,5807,276.358,18,75.71,-0.4369,3,2
Brc1c(ccc(C(=O)NC)c1)OC(C)C(=O)N(C)C,MOSES sample,5808,329.194,19,58.64,1.6642,4,1
c1(occc1)C(=O)N1CC(C(N(CCCC)CC)=O)CCC1C,MOSES sample,5809,320.433,23,53.76,3.1689,6,2
c1cc2C(OCCc2cc1)CC(Nc1ccccc1-n1cnnn1)=O,MOSES sample,5810,335.367,25,81.93,2.3049,4,4
O=S(NCc1ccc2c(c1)CCC2)(c1cnccc1)=O,MOSES sample,5811,288.372,20,59.06,2.0488,4,3
C(NC(Nc1cc(OC)ccc1F)=O)C(=O)OCc1ccccc1,MOSES sample,5812,332.331,24,76.66,2.6992,6,2
COCc1cc(N(C)Cc2cnn(C)c2)ncn1,MOSES sample,5813,247.302,18,56.07,0.9929,5,2
CC(C)(C)NC(=O)CN(S(=O)(=O)C)c1ccc2OCCOc2c1,MOSES sample,5814,342.417,23,84.94,1.1385,4,2
c1c(cc(cc1)C)-n1nc(-c2ccc(F)cc2)c(c1)CO,MOSES sample,5815,282.318,21,38.05,3.47912,3,3
CC(=O)Nc1cccc(C(=O)N(C)C2(C#N)CCC2)c1,MOSES sample,5816,271.32,20,73.2,2.16328,3,2
Brc1cccc(Cc2nccn2CC#N)c1,MOSES sample,5817,276.137,16,41.61,2.75998,3,2
O=C(N)c1c(N)n(C)nc1S(=O)(c1ccc(cc1)C)=O,MOSES sample,5818,294.336,20,121.07,0.24242,3,2
c1([nH]c(cc1C(=O)CSc1oc(nn1)CC)C)C,MOSES sample,5819,265.338,18,71.78,2.55194,5,2
Cc1nccc(CNc2ccc(Cl)cc2C(O)C)n1,MOSES sample,5820,277.755,19,58.04,3.10382,4,2
n1c(Nc2cnccc2)nc(cc1C1CN(C(=O)CO)CC1)CC,MOSES sample,5821,327.388,24,91.24,1.4858,5,3
c1(C(N)=O)cccc(c1)CNC(=O)c1cc(ccc1)Cl,MOSES sample,5822,288.734,20,72.19,2.3689,4,2
N(Cc1cc(ccc1)OC)C(=O)C1CCN(CC1)C(C(C)(C)C)=O,MOSES sample,5823,332.444,24,58.64,2.5961,4,2
c1(ccc2c(OCCO2)c1)NC(=O)c1cc(cc(F)c1)F,MOSES sample,5824,291.253,21,47.56,2.9883,2,3
C(CNc1ncccn1)CN(C)c1oc2c(n1)cccc2,MOSES sample,5825,283.335,21,67.08,2.5562,6,3
N1(CCN(C(N(CC)CC)=O)CC1)c1ccccc1,MOSES sample,5826,261.369,19,26.79,2.2704,3,2
C1N(CCN(C1)S(=O)(C)=O)c1ncnc(c1N)NC(C)CC,MOSES sample,5827,328.442,22,104.45,0.3508,5,2
Cc1cc(C)c(CNC(=O)c2c[nH]nc2-c2ccccc2)c(=O)[nH]1,MOSES sample,5828,322.368,24,90.64,2.31184,4,3
n1nnc2ccc(N3CCN(c4ncccn4)CC3)nn12,MOSES sample,5829,283.299,21,88.23,-0.3641,2,4
Fc1ccc2CN(C(=O)Nc3ccc(CC(N(C)C)=O)cc3)CCc2c1,MOSES sample,5830,355.413,26,52.65,3.0466,3,3
Cc1c(NCC(=O)Nc2ccc(CC#N)cc2)cccc1-n1cnnn1,MOSES sample,5831,347.382,26,108.52,2.0874,6,3
N1(c2c(cc(cc2)N)OC(C1=O)C)CC(N(CC)CC)=O,MOSES sample,5832,291.351,21,75.87,1.2511,4,2
Fc1cccc(-c2ncc(CNc3ncc(F)cn3)cn2)c1F,MOSES sample,5833,317.274,23,63.59,2.963,4,3
C(c1cc(ccc1)NC(Cc1ccc(c(c1)OC)C)=O)O,MOSES sample,5834,285.343,21,58.56,2.67712,5,2
c1cc(c(cc1CC(=O)N(Cc1cccnc1)CCC#N)Cl)OC,MOSES sample,5835,343.814,24,66.22,3.22858,7,2
Cc1ccc(CNC(=O)NCC(=O)N2CCC(C)CC2)cc1,MOSES sample,5836,303.406,22,61.44,2.05272,4,2
c1(cccc(COc2cc(ccc2)N)c1)S(=O)(=O)N(C)C,MOSES sample,5837,306.387,21,72.63,2.0981,5,2
N(c1cccc(OCCCC#N)c1)C(=O)c1c[nH]c(cc1)=O,MOSES sample,5838,297.314,22,94.98,2.30978,6,2
C1CCCc2c1onc2C(=O)NCc1cnn(-c2ccccc2)c1,MOSES sample,5839,322.368,24,72.95,2.6691,4,4
CC(C)(C)OC(=O)N(CCNC(=O)NC1CCCC1)C1CC1,MOSES sample,5840,311.426,22,70.67,2.6277,5,2
c1c2nc([nH]c(c2cc(C(=O)NC(C2CC2)(C)C)c1)=O)C1CCC1,MOSES sample,5841,325.412,24,74.85,3.109,4,4
c1(-c2cc3c([nH]2)cccc3)n[nH]c(COc2c(cccc2)OC)n1,MOSES sample,5842,320.352,24,75.82,3.5406,5,4
COC(C)(C)c1noc(-c2cccc(OCC(N)=O)c2)n1,MOSES sample,5843,291.307,21,100.47,1.4822,6,2
c1(C)c(nc2c(c(C)nn2C)c1C(=O)OCCC)C,MOSES sample,5844,261.325,19,57.01,2.46036,3,2
c1cc(C2(C(=O)N3CCC(c4nncn4CC)CC3)CCC2)ccc1,MOSES sample,5845,338.455,25,51.02,3.1259,4,4
CCCCC(=O)Nn1c(CCC)nc2ccccc2c1=O,MOSES sample,5846,287.363,21,63.99,2.6093,6,2
C(F)(F)(c1oc(COc2c(OC)cc(cc2)C#N)nn1)F,MOSES sample,5847,299.208,21,81.17,2.54768,4,2
c1(C)cc(c2c(n(nc2)CCC(NCCc2cnccc2)=O)n1)C,MOSES sample,5848,323.4,24,72.7,2.19214,6,3
N1(CCN(C(C(=O)N)C)CC1)CC(O)COCC,MOSES sample,5849,259.35,18,79.03,-1.1248,7,1
c1c(cncc1)NC(Nc1cc(ccc1)COC(C)C)=O,MOSES sample,5850,285.347,21,63.25,3.6506,5,2
c1c(NC(C(OCC)CC)=O)cc(-n2cnnn2)cc1,MOSES sample,5851,275.312,20,81.93,1.4159,6,2
C1C2(O)CC3CC1CC(C(=O)Nc1ccc(cc1)Cc1nc[nH]n1)(C3)C2,MOSES sample,5852,352.438,26,90.9,2.6653,4,6
c1ccc(CN2CCN(CC2)c2cc(OC)nc(n2)N)c(c1)OC,MOSES sample,5853,329.404,24,76.74,1.3982,5,3
c1(C)ccc(-n2c(NC(=O)c3cc(C)on3)cc(n2)C)cc1,MOSES sample,5854,296.33,22,72.95,3.03786,3,3
C1C2(OCC1OCC)CCCN(C2)C(C1COCC1)=O,MOSES sample,5855,283.368,20,48,1.2095,3,3
CC(CCOCCNC(Nc1nnc(C)s1)=O)C,MOSES sample,5856,272.374,18,76.14,2.03072,7,1
n1n(cc(C(=O)NCCCOC(C)c2ccccc2)n1)C,MOSES sample,5857,288.351,21,69.04,1.7128,7,2
c1ccsc1CCNC(c1c(=O)[nH]c2CCCc2c1)=O,MOSES sample,5858,288.372,20,61.96,1.8976,4,3
s1c2c(c(Br)ccc2N)c(n1)C(=O)N,MOSES sample,5859,272.127,14,82,1.7399,1,2
CCN(CC)C(=O)C1CCN(C(=O)C2(C#N)CCCC2)CC1,MOSES sample,5860,305.422,22,64.41,2.17738,4,2
[nH]1c(C(N)=O)cc(C(OC(Cn2ncc(c2)C)C)=O)n1,MOSES sample,5861,277.284,20,115.89,0.25902,5,2
c1(C(=O)N2CCC3(C2)CC(N(C3)c2cnccc2)=O)cnccn1,MOSES sample,5862,323.356,24,79.29,1.1408,2,4
n1(c(SC(C)C(Nc2ccc(C#N)cc2)=O)nnc1N)C(C)C,MOSES sample,5863,330.417,23,109.62,2.43218,5,2
C1CN(Cc2cc(=O)n3c(sc(c3)C)n2)CCO1,MOSES sample,5864,265.338,18,46.84,0.89662,2,3
COC(=O)CCNC(=O)c1cc(S(=O)(=O)N(C)C)ccc1F,MOSES sample,5865,332.353,22,92.78,0.3689,6,1
C(Oc1cccnc1)C1Cn2nccc2CN(Cc2cnccc2)C1,MOSES sample,5866,335.411,25,56.07,2.3841,5,4
O=S(N1CCC(CC1)Oc1ccccc1)(=O)CCC,MOSES sample,5867,283.393,19,46.61,2.2696,5,2
Cc1noc(C)c1CSc1n(nnn1)-c1ccc(OC)cc1,MOSES sample,5868,317.374,22,78.86,2.56804,5,3
O=C(NC1COCCC1)c1cnc(N(C)C)nc1N,MOSES sample,5869,265.317,19,93.37,0.0336,3,2
C(NC(N1Cc2c(cc(cc2)F)CC1)=O)c1cc(ccc1)C(NC)=O,MOSES sample,5870,341.386,25,61.44,2.4532,3,3
C1(Cc2ccc(OC)cc2)CN(C(=O)CNC(C)=O)CCC1,MOSES sample,5871,304.39,22,58.64,1.6124,5,2
c1c(OC)ccc(c1)C(C(Sc1nc2ccsc2c(=O)[nH]1)(C)C)=O,MOSES sample,5872,360.46,24,72.05,3.7468,5,3
c1c(NC(CSc2oc3ccccc3n2)=O)ccc(NC(C)=O)c1,MOSES sample,5873,341.392,24,84.23,3.517,5,3
C(Cc1cc(C)ccc1)C(N1CCCc2c1cccc2C(=O)N)=O,MOSES sample,5874,322.408,24,63.4,3.00592,4,3
C(COc1ccc(cc1)C#N)Sc1nnc(n1CC)-c1occc1,MOSES sample,5875,340.408,24,76.87,3.60078,7,3
n1cccnc1N1CCN(CC(=O)c2cc3OCCOc3cc2)CC1,MOSES sample,5876,340.383,25,67.79,1.2527,4,4
s1c(C2CCCCN2C(Cc2cccs2)=O)nc(C)c1,MOSES sample,5877,306.456,20,33.2,3.80932,3,3
COc1cccc(C(C#N)NCc2cccc(OC)c2)c1,MOSES sample,5878,282.343,21,54.28,3.05828,6,2
c12n([nH]c(=O)c1cc(cn2)C(=O)Oc1c(C)cc(Cl)cc1)C,MOSES sample,5879,317.732,22,76.98,2.44262,2,3
N1(CCC(C(=O)N2CCCC2)CC1)C(=O)NCc1ccco1,MOSES sample,5880,305.378,22,65.79,1.8236,3,3
NC(=O)c1ccc(C2CN(C(=O)c3cc[nH]n3)CCO2)nc1,MOSES sample,5881,301.306,22,114.2,0.1173,3,3
COCCn1c(C)cc(C(=O)CN2CCOC(C(F)(F)F)C2)c1C,MOSES sample,5882,348.365,24,43.7,2.19714,6,2
C(Nc1cccc(C(NC2CC2)=O)c1)(=O)CCc1c[nH]c2c1cccc2,MOSES sample,5883,347.418,26,73.99,3.6314,6,4
CCOC(=O)Nc1ccc(S(=O)(=O)N2CCCCC2)cc1,MOSES sample,5884,312.391,21,75.71,2.4296,4,2
[nH]1c(NS(=O)(=O)c2cnc3n(C)nc(C)c3c2)cc(C)n1,MOSES sample,5885,306.351,21,105.56,1.10904,3,3
c1(O)cc(NC(=O)CNS(=O)(CCCC)=O)ccc1,MOSES sample,5886,286.353,19,95.5,1.0502,7,1
C(C)C(N(S(=O)(=O)c1ccc(C(=O)C)cc1)Cc1cn(nc1)C)C,MOSES sample,5887,349.456,24,72.27,2.6121,7,2
N(C(=O)c1ccc(NCC(O)c2cc3CCOc3cc2)nc1)(C)C,MOSES sample,5888,327.384,24,74.69,1.8638,5,3
c12c(nc(C(NCC(C)C)=O)n2C(C)(C)C)cccc1,MOSES sample,5889,273.38,20,46.92,3.1771,3,2
c1cc(ccc1)-c1ccc(n(n1)C(C)C(NCC(NCC)=O)=O)=O,MOSES sample,5890,328.372,24,93.09,0.7236,6,2
CNC(=O)c1ccc(NC(=O)COC2CCCCC2)cc1Cl,MOSES sample,5891,324.808,22,67.43,2.9874,5,2
N(C(c1ccc(c(c1)OC)OC)=O)CCNC(C1CC1C)=O,MOSES sample,5892,306.362,22,76.66,1.2058,7,2
Nc1oc(-c2ccncc2)cc1C(=O)c1cscn1,MOSES sample,5893,271.301,19,82.01,2.6113,3,3
Nc1nnc2n1nc(s2)CCCOc1ccc(CC)cc1,MOSES sample,5894,303.391,21,78.33,2.342,6,3
O=C(CNC(NC)=O)N1CCC(CC1)Oc1ccc(F)cc1,MOSES sample,5895,309.341,22,70.67,1.1245,4,2
c1(ccc(NC(NCCOCC(C)C)=O)cc1C(=O)N)F,MOSES sample,5896,297.33,21,93.45,1.7187,7,1
O=C(c1c(C)cc(=O)oc1C)c1c(cc(F)cc1)F,MOSES sample,5897,264.227,19,47.28,2.76584,2,2
C1(CCC1)C(NCc1ccc(cc1)S(=O)(=O)N)=O,MOSES sample,5898,268.338,18,89.26,0.7503,4,2
COCC(C)NC(=O)Nc1sc(C(C)(C)C)nn1,MOSES sample,5899,272.374,18,76.14,1.992,4,1
Cc1ccc(-c2n[nH]c(NC(=O)C3CC3c3ccccc3F)n2)o1,MOSES sample,5900,326.331,24,83.81,3.25442,4,4
c1ccccc1NC(CSc1nc(c(C)n1CC(C)C)C)=O,MOSES sample,5901,317.458,22,46.92,3.88674,6,2
o1cc(C(N2CCCC2Cn2ccnc2)=O)c2ccccc12,MOSES sample,5902,295.342,22,51.27,2.9341,3,4
CC(C)CC(C)N(C)S(=O)(=O)N1CCC(O)CC1,MOSES sample,5903,278.418,18,60.85,1.0543,5,1
c1(C(OCCCc2nc(C)ccc2)=O)sc(-c2ccco2)nc1C,MOSES sample,5904,342.42,24,65.22,4.20454,6,3
c1c2c(CCCN2C(=O)c2ccc(Cl)c(c2)N)ccc1,MOSES sample,5905,286.762,20,46.33,3.5152,1,3
Cc1ccc(NC(=O)c2ccnc(SC)c2)cc1F,MOSES sample,5906,276.336,19,41.99,3.50332,3,2
O=C(c1csc(-c2cocc2)n1)NCCCCc1ccccn1,MOSES sample,5907,327.409,23,68.02,3.5508,7,3
Fc1ccc(CC(C(=O)N2CCOCC2)n2cccc2)cc1,MOSES sample,5908,302.349,22,34.47,2.2698,4,3
C(=O)(Nc1ccc(c(C)c1)C(N(C)C)=O)CCCC(NC(C)C)=O,MOSES sample,5909,333.432,24,78.51,2.33022,7,1
O=C(NC(c1ccc(cc1)F)C)C1CCCN1C(=O)OC(C)(C)C,MOSES sample,5910,336.407,24,58.64,3.4024,3,2
c12[nH]cc(CC(N(C)Cc3sccn3)=O)c1ccc(Cl)c2,MOSES sample,5911,319.817,21,48.99,3.4789,4,3
c1(NC(=O)c2nc(ccc2)-n2cccn2)c(-n2cccn2)ccc(c1)F,MOSES sample,5912,348.341,26,77.63,2.8444,4,4
CN1C(=O)COc2cc(NCc3ccccn3)c(Cl)cc21,MOSES sample,5913,303.749,21,54.46,2.7023,3,3
O(c1cc(ccc1CNc1nnc(o1)C1CCC1)F)C,MOSES sample,5914,277.299,20,60.18,3.0969,5,3
COc1ccc(OC)c(NC(=O)c2cn(Cc3ccc(C)cc3)nn2)c1,MOSES sample,5915,352.394,26,78.27,2.90432,6,3
c1(nn(cc1C(NC(Cn1cncn1)C)=O)CC)C(C)C,MOSES sample,5916,290.371,21,77.63,1.4364,6,2
Cn1cc(S(=O)(=O)NC2CCc3c(F)cccc32)cn1,MOSES sample,5917,295.339,20,63.99,1.525,3,3
C1CN(C(CNC(CC(CC)c2ccc(cc2)C)=O)C)CCO1,MOSES sample,5918,318.461,23,41.57,2.71562,7,2
CCOc1cccc(NC(=O)Cc2c(C)noc2C)c1,MOSES sample,5919,274.32,20,64.36,2.87134,5,2
c1ccccc1C(=O)Nc1ccc(cc1)-n1c(C)ncc1,MOSES sample,5920,277.327,21,46.92,3.43302,3,3
C(N(CCc1nccnc1)CC)(C1(CC1)c1ccc(F)cc1)=O,MOSES sample,5921,313.376,23,46.09,2.7385,6,3
c1(ccc(Br)cn1)NC(CN(C)C(=O)C(C)C)=O,MOSES sample,5922,314.183,18,62.3,1.897,4,1
c1(ccc(-c2nc(no2)-c2ccc(nn2)C)cn1)Sc1ccccc1,MOSES sample,5923,347.403,25,77.59,4.04822,4,4
n1oc2c(c1C)c(C)nn(c2=O)CC(=O)Nc1sccn1,MOSES sample,5924,305.319,21,102.91,1.09654,3,3
O=C(NC1CC1)c1cnc(OCC(F)(F)F)c(Cl)c1,MOSES sample,5925,294.66,19,51.22,2.5683,4,2
c1nn(CCCNC(=O)N2CCOCC2)c2ccc(cc21)Cl,MOSES sample,5926,322.796,22,59.39,2.1216,4,3
c12sc(c(c2c(n(cn1)C)=O)C)C(=O)N(CC1CCCCO1)C,MOSES sample,5927,335.429,23,64.43,1.94452,3,3
N(C(=O)c1ccncc1F)c1cnc(Oc2ccccc2OC)cc1,MOSES sample,5928,339.326,25,73.34,3.6689,5,3
c1cc2N(C)CCN(C(=O)Cc3csc(n3)CC)c2cc1F,MOSES sample,5929,319.405,22,36.44,2.8701,3,3
N(C(C)(C)C)C(CNC(NCc1nnn(-c2ccccc2)c1)=O)=O,MOSES sample,5930,330.392,24,100.94,0.9812,5,2
Brc1cc(c(nc1)NC(CNC(=O)OC(C)(C)C)=O)C,MOSES sample,5931,344.209,20,80.32,2.61572,3,1
C(C(NC(CC)C)=O)Nc1cc(C(N)=O)cc(c1C)F,MOSES sample,5932,281.331,20,84.22,1.55962,6,1
c1cccc2c1CCCN2C(=O)COC(C1NC(CNC1)=O)=O,MOSES sample,5933,317.345,23,87.74,-0.403,3,3
c1cc(-c2c(C(N(C)CCOCC3CC3)=O)c(on2)C)c(cc1)Cl,MOSES sample,5934,348.83,24,55.57,3.80202,7,3
c1c(ccc(F)c1C(=O)NC)NCc1sc2ccccc2c1,MOSES sample,5935,314.385,22,41.13,4.0121,4,3
COc1ccccc1C(=O)Nc1c(-n2cnnc2)nn(C)c1C,MOSES sample,5936,312.333,23,86.86,1.57012,4,3
CC(C)CNC(c1ccc(cc1)NC(N(C)Cc1ccccc1)=O)=O,MOSES sample,5937,339.439,25,61.44,3.7363,6,2
c1(cc(c(OC)cc1)S(=O)(=O)NCC#C)Cl,MOSES sample,5938,259.714,16,55.4,1.2601,4,1
Cn1nc(c2c1sc(NCCc1n(ncn1)CC(C)C)n2)C,MOSES sample,5939,319.438,22,73.45,2.24032,6,3
CC(O)(c1ccc(F)cc1)CNC(CCn1c(=O)scc1C)=O,MOSES sample,5940,338.404,23,71.33,1.77132,6,2
c1ccc(c(NCCO)c1)C(=O)NCC(F)(F)F,MOSES sample,5941,262.231,18,61.36,1.3829,5,1
C1(CN(C(CSc2nnc(o2)-c2ccc(OC)cc2)=O)C)CC1,MOSES sample,5942,333.413,23,68.46,2.7057,7,3
NC(=O)COC(=O)c1ccc(NC(=O)c2ccccc2Cl)cc1,MOSES sample,5943,332.743,23,98.49,2.2344,5,2
O=C(NC(C)c1ccc(c(F)c1)OC)C(C)NC(C)=O,MOSES sample,5944,282.315,20,67.43,1.5361,5,1
N(c1ccccc1OC)C(=O)c1ccc(cc1)SC,MOSES sample,5945,273.357,19,38.33,3.6694,4,2
c1(cc(c(cc1)O)-c1csc(=O)[nH]1)Br,MOSES sample,5946,272.123,14,53.09,2.5715,1,2
C(Sc1ccccc1F)C(=O)N1CCN(C(C2CC2)=O)CC1,MOSES sample,5947,322.405,22,40.62,1.9986,4,3
c1c(ccc(c1)F)COc1c(cc(cc1)C#N)OCC,MOSES sample,5948,271.291,20,42.25,3.67508,5,2
CC(C)(C)N1CC(C(=O)NCCc2nc(C3CC3)cs2)CC1=O,MOSES sample,5949,335.473,23,62.3,2.3262,5,3
C1(OCCCO1)COC(=O)Cc1ccc(cc1)F,MOSES sample,5950,254.257,18,44.76,1.6744,4,2
c1(C)c(cc(C)o1)C(NC1COCC1Cc1cc(C)no1)=O,MOSES sample,5951,304.346,22,77.5,2.18036,4,3
CC(C)c1cc(C(=O)Oc2ccccc2F)n(C)n1,MOSES sample,5952,262.284,19,44.12,2.9018,3,2
O=C(Cn1cc(C#N)c2ccccc12)N(C1c2c(cccc2)CCC1)C,MOSES sample,5953,343.43,26,49.03,4.04898,3,4
C(CC(C)C)NC(c1snc(-c2ccccn2)c1N)=O,MOSES sample,5954,290.392,20,80.9,2.5632,5,2
c1c(F)cccc1OCc1n[nH]c(n1)-c1ncccc1,MOSES sample,5955,270.267,20,63.69,2.5848,4,3
CCC1CCCCN1C(=O)CCc1c(C)nc2nc(C)nn2c1C,MOSES sample,5956,329.448,24,63.39,2.77326,4,3
C(NC(=O)c1c(cc(Cl)cc1)OC)c1nc2SCCn2c1,MOSES sample,5957,323.805,21,56.15,2.5808,4,3
C(c1nc2c([nH]1)cccc2)CCNC(c1c2c(ccc1)C(=O)CCS2)=O,MOSES sample,5958,365.458,26,74.85,3.604,5,4
CC1CC(=O)Nc2ccc(OC(F)(F)F)cc2O1,MOSES sample,5959,261.199,18,47.56,2.6947,1,2
N(c1c2c(c(cn1)Br)cccc2F)C1CC1,MOSES sample,5960,281.128,16,24.92,3.7107,2,3
O=S(C)(N(CCOc1ccccc1Cl)c1ccccc1)=O,MOSES sample,5961,325.817,21,46.61,3.185,6,2
c12ccc(nc2cccc1)NC(c1c[nH]c2cccc(F)c12)=O,MOSES sample,5962,305.312,23,57.78,4.1075,2,4
c1(c(cnc(N2CCN(CC2)Cc2c(C)nccc2)n1)C(N)=O)C,MOSES sample,5963,326.404,24,88.24,0.90954,4,3
c1(c(Cl)c(ccc1)Cl)NCC(NCC1OCCC1)=O,MOSES sample,5964,303.189,19,50.36,2.7005,5,2
CC(=O)Nc1ccc(NC(=O)CCc2ccccc2N)cc1,MOSES sample,5965,297.358,22,84.22,2.7985,5,2
c1(onc(C)c1-c1cccc(c1)Br)N,MOSES sample,5966,253.099,14,52.05,2.99472,1,2
Cc1c(Nc2c(C)n[nH]c(=O)n2)c(C)n(n1)-c1ccc(cc1)C,MOSES sample,5967,310.361,23,88.49,2.32788,3,3
n1cc(N2C(C(CC2)O)Cc2ccncc2)ncc1,MOSES sample,5968,256.309,19,62.14,1.0539,3,3
CC1(C)N(CCC1)C(=O)c1c(O)ccc(Br)c1,MOSES sample,5969,298.18,17,40.54,3.1693,1,2
c1c2C(O)C(N(CCN3CCOCC3)c2c(cc1)C)=O,MOSES sample,5970,276.336,20,53.01,0.70722,3,3
c1(ccc(cn1)N(C(=O)Cc1cccc(F)c1)C)OC,MOSES sample,5971,274.295,20,42.43,2.4348,4,2
C1CN(CCN1Cc1noc(C)c1)C(=O)Cc1ccc(Cl)cc1,MOSES sample,5972,333.819,23,49.58,2.52332,4,3
C(NCC(c1ccncc1)(C)C)(NCCC(N1CCCCC1)=O)=O,MOSES sample,5973,332.448,24,74.33,2.061,6,2
C12N(CC3CC3)C(CCC1(CCN(C2)C(c1c([nH]c(n1)C)C)=O)C)=O,MOSES sample,5974,344.459,25,69.3,2.27974,3,4
c12nc(COc3ccccc3)n(c1cccc2)CC(=O)N1CCCCC1,MOSES sample,5975,349.434,26,47.36,3.6278,5,4
CNc1ncc(C(=O)N2CCC3(CCCO3)CC2)cn1,MOSES sample,5976,276.34,20,67.35,1.3035,2,3
c1c(c(ccc1)OCc1noc(C2CC2)n1)C(N)=O,MOSES sample,5977,259.265,19,91.24,1.6249,5,3
n1ccc(cc1)-c1n(c(nn1)SCc1sc2c(n1)cccc2)C,MOSES sample,5978,339.449,23,56.49,3.7791,4,4
Cc1cc(C(=O)NC(C(N)=O)C(C)(C)C)c2c(C)noc2n1,MOSES sample,5979,304.35,22,111.11,1.46944,3,2
c1cc2ccccc2cc1C(NC(Cn1nnnc1)=O)CCC,MOSES sample,5980,309.373,23,72.7,2.4839,6,3
C1CC(C(=O)NCC(NCC2CCCC2)=O)CCN1CC#C,MOSES sample,5981,305.422,22,61.44,0.7542,6,2
c1c(ccc(n1)-n1ccnc1)C(=O)Nc1ccnn1C(C)CC,MOSES sample,5982,310.361,23,77.63,2.6871,5,3
N(c1c(cc(OC)cc1)OC)C(=O)Nc1ccccc1,MOSES sample,5983,272.304,20,59.59,3.3478,4,2
c1(C#N)c(SC(C)C(NCC=C)=O)nc(cc1C)C,MOSES sample,5984,275.377,19,65.78,2.35292,5,1
c1(ncccc1)CNC(C(N)=O)c1ccc(cc1)Br,MOSES sample,5985,320.19,19,68.01,2.1603,5,2
COc1cccc(Cn2ccnc2C(OC)=O)c1C,MOSES sample,5986,260.293,19,53.35,2.03502,4,2
Cn1cc(C(=O)Nc2nnc(Cc3ccc(SC)cc3)o2)cn1,MOSES sample,5987,329.385,23,85.84,2.3681,5,3
CCOc1ccccc1NC(=O)Nc1sc(CC)nn1,MOSES sample,5988,292.364,20,76.14,3.1432,5,2
COC(=O)c1cc(=O)n(-c2ccc(F)cc2)[nH]1,MOSES sample,5989,236.202,17,64.09,1.0913,2,2
Cn1cccc1CN1CCOC(C(=O)NC2CCCCC2)C1,MOSES sample,5990,305.422,22,46.5,1.6748,4,3
COC(c1cc(c(cc1)C)NC(=O)CC(C)n1ccc(C)n1)=O,MOSES sample,5991,315.373,23,73.22,2.87634,5,2
COC(=O)C(O)(NC(=O)CCc1ccccc1)C(F)(F)F,MOSES sample,5992,305.252,21,75.63,1.1593,5,1
C1CC(CCO1)C(=O)N1CCN(CC1)c1nc(C)cc(n1)OCC,MOSES sample,5993,334.42,24,67.79,1.25892,4,3
C1CCCCC1n1ccc2[nH]c(=O)c(C(=O)N3CCCCC3)cc2c1=O,MOSES sample,5994,355.438,26,75.17,2.8211,2,4
O=C(Cn1cnc(cc1=O)C1CCC1)Nc1ccc(F)cc1C,MOSES sample,5995,315.348,23,63.99,2.59702,4,3
c12c(oc(C(C)NC(=O)c3c([nH]ccc3)=O)c1)cccc2,MOSES sample,5996,282.299,21,75.1,2.6121,3,3
Cc1c(c(nc(N)n1)C)CC(Nc1cc(ccc1OC)C)=O,MOSES sample,5997,300.362,22,90.13,2.17386,4,2
C1n2c(cccc2=O)C2C3(CC(C(=O)OC)=C2C1C3)C,MOSES sample,5998,271.316,20,48.3,1.845,1,4
Cc1cc(C)n2c(=O)n(-c3ccccc3)nc2c1C#N,MOSES sample,5999,264.288,20,63.09,1.97372,1,3
c1(Cl)c(cc(S(NCCCCC)(=O)=O)cc1)OC,MOSES sample,6000,291.8,18,55.4,2.8171,7,1
c1scc(C(Nc2nnc(Cc3ccc4OCOc4c3)o2)=O)c1,MOSES sample,6001,329.337,23,86.48,2.7029,4,4
c1sc2c(c1-c1occc1)c(n(cn2)CCCO)=O,MOSES sample,6002,276.317,19,68.26,2.1004,4,3
O=S1(=O)CCCN1CCOc1cccc(F)c1,MOSES sample,6003,259.302,17,46.61,1.24,4,2
Fc1ccc(c(F)c1)C(Nc1ccc(cc1)NC(=O)OC)=O,MOSES sample,6004,306.268,22,67.43,3.3954,3,2
N(C(c1cnc(N2CCCC2)cc1)=O)c1ccc(OCC)cc1C,MOSES sample,6005,325.412,24,54.46,3.64122,5,3
CC(C)CNC(=O)Nc1ccc(Oc2cccnc2)nc1,MOSES sample,6006,286.335,21,76.14,3.0464,5,2
COCCCN1CC2=C(C1=O)C(c1ccccc1)NC(=O)N2,MOSES sample,6007,301.346,22,70.67,1.1733,5,3
C(C)N(C(=O)Cc1csc(n1)-c1ccoc1)Cc1noc(n1)C,MOSES sample,6008,332.385,23,85.26,2.68572,6,3
C1CN(c2cc(C3CC3)ncn2)CC21CN(C)C(=O)O2,MOSES sample,6009,274.324,20,58.56,1.3849,2,4
O=C1CC(c2ccncc2)c2sc(C3CCCO3)nc2N1,MOSES sample,6010,301.371,21,64.11,2.8637,2,4
COC(=O)Cn1cc(NC(=O)c2ccc(C)s2)cn1,MOSES sample,6011,279.321,19,73.22,1.67832,4,2
c1ncnn1-c1nccc(c1)C(NCCC(c1ccccc1)C)=O,MOSES sample,6012,321.384,24,72.7,2.5859,6,3
C(NCCCn1cncc1)(N1Cc2c(cc(cc2)F)CC1)=O,MOSES sample,6013,302.353,22,50.16,2.1802,4,3
Cc1ccc(C(=O)NC(C)c2ccc(Cl)cc2Cl)cn1,MOSES sample,6014,309.196,20,41.99,4.18782,3,2
c1c(C(=O)N(CC(=O)OCC)CC)cc(c(N)c1)C,MOSES sample,6015,264.325,19,72.63,1.60242,5,1
CCOCC(=O)NCC1(c2ccc(F)cc2)CC1,MOSES sample,6016,251.301,18,38.33,2.01,6,2
Brc1ccc(C(=O)N(CCC#N)c2ccccc2)cc1,MOSES sample,6017,329.197,20,44.1,4.00958,4,2
c1ccsc1C(C(=O)c1ccc(-n2nnnc2)cc1)C#N,MOSES sample,6018,295.327,21,84.46,2.21388,4,3
CC(C)n1ccc2cc(Br)c(N)cc21,MOSES sample,6019,253.143,14,30.95,3.5669,1,2
C(c1nn(Cc2c(C)ccc(C)c2C)cc1C#N)OC,MOSES sample,6020,269.348,20,50.84,2.87474,4,2
C(C(N(CC)c1sccn1)=O)Cc1onc(n1)-c1ncccc1,MOSES sample,6021,329.385,23,85.01,2.5738,6,3
c1c(Cn2c(nnc2SC2CC(OC2=O)C)N)cccc1,MOSES sample,6022,304.375,21,83.03,1.7047,4,3
Clc1ccc(-n2ncnc2)c(NC(c2ccccc2)=O)c1,MOSES sample,6023,298.733,21,59.81,3.173,3,3
c1cc2N(C(=O)C(C)C)CCc2cc1NC(c1ccc(cc1)F)=O,MOSES sample,6024,326.371,24,49.41,3.6231,3,3
C(C(F)(F)F)OCCOc1c2OC(C)(Cc2ccc1)C,MOSES sample,6025,290.281,20,27.69,3.3578,5,2
COc1ccc(Cl)cc1CN1C(=O)CNC(=O)c2ccccc21,MOSES sample,6026,330.771,23,58.64,2.6252,3,3
Cc1cccc(C(OCC(NCc2cc(ccc2)C)=O)=O)c1,MOSES sample,6027,297.354,22,55.4,2.77664,5,2
C(N1CCN(CC1)C(c1ccc(C)cc1)=O)C(=O)N1CCCCCC1,MOSES sample,6028,343.471,25,43.86,2.15542,3,3
Clc1ccc2c(c1)c(c(C(NC1CCC(CC1)C)=O)c[nH]2)=O,MOSES sample,6029,318.804,22,61.96,3.49,2,3
c1(ccc2CCCCc2c1)OC(COCc1nc(C)no1)=O,MOSES sample,6030,302.33,22,74.45,2.37902,5,3
CCN(C(=O)c1cnc(CCC)nc1N)c1ccccc1,MOSES sample,6031,284.363,21,72.11,2.678,5,2
c1n(nc(NC(C)=O)c1)-c1c(cccc1)NC(=O)CC1CCCC1,MOSES sample,6032,326.4,24,76.02,3.3495,5,3
C(Cc1c(noc1C)C)(=O)Nc1cc(ccc1NC(=O)C)OC,MOSES sample,6033,317.345,23,93.46,2.43964,5,2
c1cscc1CN(C(c1ccc(F)cc1)=O)C,MOSES sample,6034,249.31,17,20.31,3.1594,3,2
O=C(CC1CC2CN(c3ncccn3)CC2O1)NCc1ccncc1,MOSES sample,6035,339.399,25,80.24,1.1718,5,4
O=C(CN1CCN(C(C2CC2)=O)CC1)NC1C(C(C)CCC1)C,MOSES sample,6036,321.465,23,52.65,1.4815,4,3
COCn1c(=NC(C)=O)sc2cc(OC)c(OC)cc21,MOSES sample,6037,296.348,20,62.05,1.7711,4,2
c1c2C(=O)NC(Nc2ccc1)c1c(C(F)(F)F)cccc1,MOSES sample,6038,292.26,21,41.13,3.5595,1,3
NC(=O)NC(CCCC)C(Nc1ccc(cc1)N(C)C(C)=O)=O,MOSES sample,6039,320.393,23,104.53,1.8349,7,1
N(C(=O)CSc1n[nH]c(=O)n1CCC)c1cccc(OC)c1,MOSES sample,6040,322.39,22,89.01,1.7208,7,2
Cn1c(SCC(Nc2cnccc2)=O)ncc1,MOSES sample,6041,248.311,17,59.81,1.5459,4,2
c1(OC)c(OC)c(ccc1)C(=O)OCC(=O)c1c(cc(cc1)O)O,MOSES sample,6042,332.308,24,102.29,2.1547,6,2
c1(OC(=O)c2cccc(OC)c2F)c(C)n(nc1C)C,MOSES sample,6043,278.283,20,53.35,2.40384,3,2
c12c(OC(CNC(=O)C3C(C3)c3c(OC)cccc3)CO1)cccc2,MOSES sample,6044,339.391,25,56.79,2.7549,5,4
c1(onc(C)n1)CN1C(=O)COC2C1CN(C2)C1CCOCC1,MOSES sample,6045,322.365,23,80.93,-0.03138,3,4
N#CCC(N1C(CCC1)c1nc(cc(Nc2ncccc2C)n1)C)=O,MOSES sample,6046,336.399,25,94.8,2.80922,4,3
Cn1cc(C(=O)Oc2cccc(Cl)c2Cl)cn1,MOSES sample,6047,271.103,17,44.12,2.9461,2,2
CCOc1ccccc1CNC(=O)c1cc(COC)c(F)cc1,MOSES sample,6048,317.36,23,47.56,3.3008,7,2
C1C(CCO1)CNS(=O)(c1ccc(Cl)cc1N)=O,MOSES sample,6049,290.772,18,81.42,1.237,4,2
c12N(CC(CC)Oc1cccc2N)CC(=O)Nc1ncccn1,MOSES sample,6050,313.361,23,93.37,1.6749,4,3
C(CC(=O)Nc1c(C)cccc1C)c1nnc(-c2ccccc2)o1,MOSES sample,6051,321.38,24,68.02,3.92474,5,3
n1c(nc(o1)CCC(OCC(=O)N1CCCCCC1)=O)C(C)(C)C,MOSES sample,6052,337.42,24,85.53,2.2455,5,2
O=C(c1csnc1C)NCCC(N(CC)CC)=O,MOSES sample,6053,269.37,18,62.3,1.43982,6,1
c1nc(NCc2c(F)ccc(Br)c2)c(cc1C#N)F,MOSES sample,6054,324.128,19,48.71,3.60608,3,2
S(c1cc(NC(=O)N2CCCC2)c(Cl)cc1)C,MOSES sample,6055,270.785,17,32.34,3.6896,2,2
c1c(cccn1)C1N(c2c3cnn(c3ncn2)-c2ccccc2)CCC1,MOSES sample,6056,342.406,26,59.73,3.552,3,5
n1ncn(c1)CCC(=O)NCc1c(nc(s1)-c1ccccc1)C,MOSES sample,6057,327.413,23,72.7,2.41652,6,3
O=S(=O)(c1cccc(Cl)c1)N1CCC(CO)CC1,MOSES sample,6058,289.784,18,57.61,1.733,3,2
c1(CN(C(NCCOC)=O)C)cc(C)oc1C(C)C,MOSES sample,6059,268.357,19,54.71,2.49922,6,1
CN(Cc1cc2OCOc2cc1)C(CCc1cc2OCOc2cc1)=O,MOSES sample,6060,341.363,25,57.23,2.7352,5,4
O1C(CN(C(CC2CSc3n2c(=O)cc(n3)CC)=O)CC1C)C,MOSES sample,6061,337.445,23,64.43,1.4784,3,3
C1C2(CN1C(=O)C1CCCC1)COC(C)(OC2)C,MOSES sample,6062,253.342,18,38.77,1.7881,1,3
c12c(OCO2)cc(C(NCC(C)c2cccs2)=O)cc1,MOSES sample,6063,289.356,20,47.56,3.0103,4,3
CN(CC(NC(c1ccc(c(c1)Cl)F)C)=O)C(N)=O,MOSES sample,6064,287.722,19,75.43,1.6668,4,1
c1(cc(C)nn1C(NC(=O)CCc1ccccc1)c1ccccc1)C,MOSES sample,6065,333.435,25,46.92,3.79584,6,3
CC(=O)Nc1nc(C(=O)Nc2cc(F)ccc2Cl)cs1,MOSES sample,6066,313.741,20,71.09,3.1463,3,2
CN(C)C(=O)c1cccc(NC(=O)NC(C)(CO)C2CC2)c1,MOSES sample,6067,305.378,22,81.67,1.6709,5,2
CN(CC(F)F)C(=O)NCc1ccc(Cn2ccccc2=O)cc1,MOSES sample,6068,335.354,24,54.34,2.3031,6,2
c1cc(-c2nc(-c3cc(SC)ncc3)n(-c3ccccn3)n2)oc1,MOSES sample,6069,335.392,24,69.63,3.7062,4,4
C1CC2(CCN1Cc1csc(C(C)OCC)n1)OCCO2,MOSES sample,6070,312.435,21,43.82,2.5795,5,3
OCCc1nc2ccc(Br)cc2s1,MOSES sample,6071,258.14,13,33.12,2.5936,2,2
c12c(cc(cc1)C(CCC(=O)NCC1CC(CCC1)C)=O)OCCO2,MOSES sample,6072,345.439,25,64.63,3.3632,6,3
c1[nH]ncc1NC(=O)c1nn(-c2cccc(Cl)c2)cc1,MOSES sample,6073,287.71,20,75.6,2.5011,3,3
O=C(Cn1nc(n2c3c(cc2c1=O)ccs3)CC)N1CCCC1,MOSES sample,6074,330.413,23,59.61,1.8955,3,4
c12CC(CCc1cccc2)(C)NC(=O)c1cnc(C)cc1,MOSES sample,6075,280.371,21,41.99,3.06742,2,3
O(c1ncnc2ccccc21)CC(N(CC)CC(C)=C)=O,MOSES sample,6076,285.347,21,55.32,2.4332,6,2
Cc1ccc(C(=O)CCC(=O)Oc2cccc(C(N)=O)c2)s1,MOSES sample,6077,317.366,22,86.46,2.72392,6,2
N(C(C1CCCN1C(OC)=O)=O)CCCc1c(noc1C)C,MOSES sample,6078,309.366,22,84.67,1.57104,5,2
CCn1cc(C(=O)Nc2ccc(OCCOC)c(F)c2)cn1,MOSES sample,6079,307.325,22,65.38,2.3196,7,2
c1(c(cc(cc1)NC(c1sccc1C)=O)N)Cl,MOSES sample,6080,266.753,17,55.12,3.54442,2,2
C1(COCC1)Oc1cc(CNC(N(C)Cc2cnccn2)=O)ccn1,MOSES sample,6081,343.387,25,89.47,1.3809,6,3
C(c1cccc(c1)S(=O)(N1Cc2c(cc(F)cc2)CC1)=O)#N,MOSES sample,6082,316.357,22,61.17,2.44438,2,3
C1CC(N(C1)c1cccc(c1)NC(c1sc(nc1C)C)=O)=O,MOSES sample,6083,315.398,22,62.3,3.13904,3,3
[nH]1c(Nc2ccc(cc2)SC)nc(n1)-c1cccnc1,MOSES sample,6084,283.36,20,66.49,3.3322,4,3
C(Oc1ccc(CC(=O)NCc2c(C)cc(C)[nH]c2=O)cc1)C#N,MOSES sample,6085,325.368,24,94.98,1.75302,6,2
Cc1onc(-n2c(c(cn2)C(=O)NCC(C)Cn2nccc2)C)c1,MOSES sample,6086,328.376,24,90.77,1.73974,6,3
Fc1c(cc(C(Nc2cc(ccc2)C(=O)NC)=O)cc1)F,MOSES sample,6087,290.269,21,58.2,2.5767,3,2
O=C(c1cccc(c1)NC(=O)COC1CCCCC1)NC(C)(C)C,MOSES sample,6088,332.444,24,67.43,3.5027,5,2
C(n1c(ccn1)NC(NCc1c(nccc1)OC1CCCC1)=O)CC,MOSES sample,6089,343.431,25,81.07,3.3312,7,3
C1OCCN(c2ccccc2NC(c2cccs2)=O)C1,MOSES sample,6090,288.372,20,41.57,2.837,3,3
Cc1ccc(Cl)cc1NC(=O)CNC(=O)Cc1ccc(F)c(F)c1,MOSES sample,6091,352.768,24,58.2,3.22402,5,2
Cn1c(NCc2cc(CC(C)C)no2)c(C#N)c(=O)n(C)c1=O,MOSES sample,6092,317.349,23,105.85,0.75428,5,2
Cc1nn(-c2nc3ccccc3n2CCOc2ccccc2)c(N)c1C,MOSES sample,6093,347.422,26,70.89,3.50004,5,4
c1c(ccc(OC)c1C(=O)CN1CCC(=O)CC1)F,MOSES sample,6094,265.284,19,46.61,1.6819,4,2
Cc1c2c(cc(cc2[nH]c1C(NC(C(OC)=O)(C)C)=O)F)F,MOSES sample,6095,310.3,22,71.19,2.43592,3,2
O=C(NCCc1ccc(OC2CCCC2)cc1)NC1CCC(O)CC1,MOSES sample,6096,346.471,25,70.59,3.1532,6,3
c1cc2c(cc1)oc(=O)n2CCC(=O)Nc1ccc2c(n(C)cc2)c1,MOSES sample,6097,335.363,25,69.17,3.115,4,4
FC(c1cc(Cl)c(nc1)NCC(C)CN1CCOCC1)(F)F,MOSES sample,6098,337.773,22,37.39,3.134,5,2
c1(Cl)c(sc(C(=O)NCc2ccc3OCOc3c2)c1)C,MOSES sample,6099,309.774,20,47.56,3.36862,3,3
C(=O)(c1ccccn1)NCCCn1c(C)cc(C)n1,MOSES sample,6100,258.325,19,59.81,1.71504,5,2
O=c1c2cccc(c2n(CCC(NCc2cnccc2)=O)cc1)C,MOSES sample,6101,321.38,24,63.99,2.41142,5,3
C1COc2ccc(C(=O)OCC(N(C3CC3)C)=O)cc2O1,MOSES sample,6102,291.303,21,65.07,1.2354,4,3
CCOc1ncccc1C(=O)N(C)c1ccccc1F,MOSES sample,6103,274.295,20,42.43,2.896,4,2
n1nc(oc1CC)N1CCc2nc(sc2C1)C(=O)N(C)C,MOSES sample,6104,307.379,21,75.36,1.353,3,3
C(Oc1ccc(cc1)NC(NC1CCc2c1ccc(F)c2)=O)COC,MOSES sample,6105,344.386,25,59.59,3.6599,6,3
c1cc2nnc(n2c(c1C(OC)=O)N)-c1ccc(F)c(c1)F,MOSES sample,6106,304.256,22,82.51,2.0433,2,3
c1c(nc(nc1NCCC)-n1c(cc(n1)C)C)C,MOSES sample,6107,245.33,18,55.63,2.40946,4,2
Cc1cc(=O)[nH]c2cc(NC(=O)c3ccncc3)ccc12,MOSES sample,6108,279.299,21,74.85,2.48382,2,3
C1c2c(NC1=O)ccc(c2)NCc1cc(ccc1)Cl,MOSES sample,6109,272.735,19,41.13,3.4467,3,3
c1(-c2noc(C3CCN(C(C(C)C)=O)CC3)n2)ccccn1,MOSES sample,6110,300.362,22,72.12,2.4936,3,3
CS(=O)(=O)NCCC(=O)N1CCOCC1C1CC1,MOSES sample,6111,276.358,18,75.71,-0.4369,5,2
CC(=O)c1ccc(NC(=O)c2cccc(=O)n2C)cc1,MOSES sample,6112,270.288,20,68.17,1.8402,3,2
C1CC1c1csc2nc(cn21)-c1cc2c(nc([nH]2)CCOC)cc1,MOSES sample,6113,338.436,24,55.21,4.0054,5,5
O=c1[nH]c2c(cccc2)nc1Sc1ccc2n(cnn2)n1,MOSES sample,6114,296.315,21,88.83,1.512,2,4
c1c(OCCNC(c2csnc2C)=O)c(Cl)cc(c1)Cl,MOSES sample,6115,331.224,20,51.22,3.56712,5,2
O=C1C(C2CCC1(C(=O)O2)C)(c1ccccn1)C(F)(F)F,MOSES sample,6116,299.248,21,56.26,2.1763,1,4
s1c(ccc1)CNC(Cn1c(ccc(C)n1)=O)=O,MOSES sample,6117,263.322,18,63.99,0.92962,4,2
CCn1nc(C)cc1C(=O)Nc1ccc(F)c(Cl)c1,MOSES sample,6118,281.718,19,46.92,3.25622,3,2
c1(CC)n[nH]c(SC(C(=O)NCc2sccc2)C(C)C)n1,MOSES sample,6119,324.475,21,70.67,2.8617,7,2
c1(OCC=C)cc(C2C(C(OCC)=O)=C(C)Nc3n2nnn3)ccc1,MOSES sample,6120,341.371,25,91.16,2.0899,6,3
c1(OC)c(OC)cc(c(c1)F)C(NC(c1cc(F)ccc1)C)=O,MOSES sample,6121,321.323,23,47.56,3.473,5,2
O=c1n(c2ncnc(Nc3c4c(ccc3)ccc(C)n4)c2c(n1C)=O)C,MOSES sample,6122,348.366,26,94.7,1.62742,2,4
Cc1ccc2ncc(C(=O)N(CC(N)=O)C3CCCC3)n2c1,MOSES sample,6123,300.362,22,80.7,1.51282,4,3
c1(c(-c2cccs2)cnc2n1nc(c2)C(=O)N1CCN(C)CC1)C,MOSES sample,6124,341.44,24,53.74,2.15382,2,4
C(=O)(N(C)C)c1nc(N2CCCC2)c2c(ccnc2n1)-c1cccs1,MOSES sample,6125,353.451,25,62.22,3.0553,3,4
Cn1ncc(c1C)C(=O)N1Cc2c(CC1)nc(NC(=O)OCC)s2,MOSES sample,6126,349.416,24,89.35,1.95192,3,3
c12[nH]cc(c(c1cc(Cl)cc2)=O)C(=O)Nc1cc(ccc1)SC,MOSES sample,6127,344.823,23,61.96,4.1557,3,3
O=c1[nH]c(CNc2ccccc2)nc2scc(-c3ccccc3)c12,MOSES sample,6128,333.416,24,57.78,4.2637,4,4
C(F)(F)(c1n(c(=O)n(C)n1)-c1ccc(C)cc1)F,MOSES sample,6129,257.215,18,39.82,1.89822,1,2
c1c(C(=O)N(C)C)nc(s1)Nc1ccc(C)c(F)c1,MOSES sample,6130,279.34,19,45.23,3.03602,3,2
Cc1noc(CN(C(=O)Nc2ccc3c(c2)oc2ccccc23)C)n1,MOSES sample,6131,336.351,25,84.4,3.94132,3,4
O=C(NCC1CC1c1cccc(F)c1F)c1cc(F)cc(F)c1,MOSES sample,6132,323.289,23,29.1,3.7765,4,3
c1ccc(C(Nc2c(ccc(c2)OC)OC)=O)cc1N(C)C,MOSES sample,6133,300.358,22,50.8,3.0221,5,2
c1cnn(C)c1C(NC(=O)c1c(C2CC2)ncs1)CC,MOSES sample,6134,290.392,20,59.81,2.6351,5,3
C(F)(CCN(C(c1c(C)nn(c1C)Cc1ccccc1)=O)C)(F)F,MOSES sample,6135,339.361,24,38.13,3.57264,5,2
C(CNC(c1ccccc1NC(=O)NCc1cc(Cl)ccc1)=O)=C,MOSES sample,6136,343.814,24,70.23,3.5775,6,2
c1(C)nc(c(c([nH]1)=O)CCC(=O)N1CCc2c(cccc2C1C)F)C,MOSES sample,6137,343.402,25,66.06,2.60434,3,3
C(c1cnc(cc1)N1CCCC1)(N(CC)Cc1ccccc1)=O,MOSES sample,6138,309.413,23,36.44,3.3441,5,3
c1cc(c(cc1)C)OC(CC)C(=O)N1CC(CCC1)COCC,MOSES sample,6139,319.445,23,38.77,3.42752,7,2
O=S(c1ccccc1NC(c1nc2n(ccc(c2)C)c1)=O)(=O)C,MOSES sample,6140,329.381,23,80.54,2.29852,3,3
Cc1cc(C)cc(NCC(N(CC)CC(C)C#N)=O)c1,MOSES sample,6141,273.38,20,56.13,2.72352,6,1
O=c1ccccn1Cc1c(-c2cccs2)nccc1,MOSES sample,6142,268.341,19,34.89,3.0201,3,3
CC(=O)Nc1ccc(C(=O)c2cc3ccccc3oc2=O)cc1,MOSES sample,6143,307.305,23,76.38,2.9824,3,3
c1c([nH]c(c1)C(Nc1cccc(c1)OCC1CCCO1)=O)C,MOSES sample,6144,300.358,22,63.35,3.13322,5,3
Cc1cc(CC2Oc3c(ccc(c3)O)NC2=O)ccc1C,MOSES sample,6145,283.327,21,58.56,2.95124,2,3
N#Cc1ccc(S(=O)(=O)N2CCOc3ncc(CO)cc32)cc1,MOSES sample,6146,331.353,23,103.52,1.03328,3,3
Cc1[nH]ccc1C(=O)NC1CC(=O)N(C1c1ccc(Cl)cc1)C,MOSES sample,6147,331.803,23,65.2,2.67832,3,3
N(Cc1ncc(s1)C)c1c2cnn(c2ncn1)CCO,MOSES sample,6148,290.352,20,88.75,1.19562,5,3
O=C(NC(Nc1ncccn1)(C(F)(F)F)C(F)(F)F)c1ccco1,MOSES sample,6149,354.21,24,80.05,2.7324,4,2
C1(c2onc(CNc3cc(ccc3OCC3OCCC3)F)n2)CC1,MOSES sample,6150,333.363,24,69.41,3.256,7,4
Cc1ccoc1C(=O)Nc1n[nH]c(-c2cccc3ccccc23)n1,MOSES sample,6151,318.336,24,83.81,3.77862,3,4
c1cc(c(cc1Br)C(=O)OCc1nc(C)c(s1)C)F,MOSES sample,6152,344.205,19,39.19,4.01854,3,2
C(C)Oc1ccccc1CNC(=O)c1[nH]c2ccsc2c1,MOSES sample,6153,300.383,21,54.12,3.5581,5,3
Cc1ccc(OCCCC(=O)NCC2CCCO2)cc1C,MOSES sample,6154,291.391,21,47.56,2.75764,7,2
N1(C(=O)CC(C1)C(=O)Nc1ccc(cc1)C(=O)C)CCCC,MOSES sample,6155,302.374,22,66.48,2.4763,6,2
O=C1CN(C(C2C(=C(C(C)N=2)C(OCC)=O)C)=O)CCN1,MOSES sample,6156,293.323,21,88.07,-0.3325,3,2
C12CCCCC1N(CC(N1CC(=O)NCC1)=O)CCO2,MOSES sample,6157,281.356,20,61.88,-0.4118,2,3
CNCC1NCCc2cc(OC(F)(F)F)ccc21,MOSES sample,6158,260.259,18,33.29,1.9914,3,2
c1c(cc(F)c(c1)F)NC(=O)C1CN(S(=O)(=O)C)CCC1,MOSES sample,6159,318.345,21,66.48,1.5749,3,2
Cc1cc(=O)n(C)cc1NC(=O)OCc1ccccc1,MOSES sample,6160,272.304,20,60.33,2.44242,3,2
c1cc(c(c(OCc2ccccc2)n1)N)N1CCOCC1,MOSES sample,6161,285.347,21,60.61,2.0794,4,3
c1cc(cc(Cl)c1C)NC(=O)CCSc1nn2cnnc2o1,MOSES sample,6162,337.792,22,85.32,2.80002,5,3
C(n1c(c(-c2ccccc2)nn1)C)C(=O)N1CCCCCC1,MOSES sample,6163,298.39,22,51.02,2.65612,3,3
c1cnc(CN2CCOC3CC(COCC4CC4)CC32)s1,MOSES sample,6164,308.447,21,34.59,2.5491,6,4
C1CN(C(c2cc(ccc2)OC)=O)CC(=O)N1c1cc(ccc1)OC,MOSES sample,6165,340.379,25,59.08,2.1928,4,3
c1cc2n(cc(CCNC(Cc3cc(ccc3)F)=O)n2)cc1,MOSES sample,6166,297.333,22,46.4,2.3748,5,3
CC(C)c1nnnn1CC(=O)NCCCc1cccc(F)c1,MOSES sample,6167,305.357,22,72.7,1.6846,7,2
C(N1CCN(C(c2c(C)cccc2)=O)CC1)(=O)c1ccc(cc1)CC,MOSES sample,6168,336.435,25,40.62,3.15562,3,3
c1ccc(Cl)c(c1)CN(CC)C(=O)Nc1c(C)noc1CC,MOSES sample,6169,321.808,22,58.37,4.25282,5,2
O=C(CSc1cc(ccc1)N)NCC(C)(c1c(C)cccc1)C,MOSES sample,6170,328.481,23,55.12,3.76332,6,2
c1(ccc(S([nH]c2ccc(S(=O)(N)=O)cc2)(=O)=O)cc1)C(C)=O,MOSES sample,6171,,,,,,
CC(c1c(-c2ccncc2)nc2c(Cl)cc(cn12)Cl)=O,MOSES sample,6172,306.152,20,47.26,3.9057,2,3
C(Oc1c(F)cccc1)c1oc(cc1)C(NCc1nc(ccc1)C)=O,MOSES sample,6173,340.354,25,64.36,3.63112,6,3
c1(c(Cl)cccc1)C(CNC(Cc1[nH]ccc1)=O)(OC)C,MOSES sample,6174,306.793,21,54.12,2.8886,6,2
Cc1noc(C)c1C(=O)NC1CCN(c2c(F)cccc2F)C1=O,MOSES sample,6175,335.31,24,75.44,2.10494,3,3
c1c(ccc(c1)NC(=O)c1cn(nc1C(C)(C)C)C)C(NCC=C)=O,MOSES sample,6176,340.427,25,76.02,2.8857,5,2
N(Cc1ccccc1OCc1ccccc1)C(c1nnc(OC)cc1)=O,MOSES sample,6177,349.39,26,73.34,2.9942,7,3
[nH]1c2c(ccc(c2)F)nc1CN1CCN(c2ccc(C#N)cn2)CC1,MOSES sample,6178,336.374,25,71.84,2.29088,3,4
c12c(=O)[nH]c(c(c2CCCC21CCN(C(=O)OC(C)(C)C)C2)C)=O,MOSES sample,6179,,,,,,
COc1cc(C(=O)NCCCOC)c(cc1)OC,MOSES sample,6180,253.298,18,56.79,1.4701,7,1
CCCN1C(=O)CCc2cc(C(O)c3ccco3)ccc21,MOSES sample,6181,285.343,21,53.68,3.0505,4,3
c1(NC(Cc2ccc(OC)c(F)c2)=O)ccc(-n2ccnc2C)nc1,MOSES sample,6182,340.358,25,69.04,2.90462,5,3
c1cccc(CC(NCC)=O)c1NCC(=O)Nc1cccc(c1)F,MOSES sample,6183,329.375,24,70.23,2.5549,7,2
CCCCCC(C)NC(=O)Nc1ccc(-n2cnnn2)c(C)c1,MOSES sample,6184,316.409,23,84.73,3.06102,7,2
C(CNC(=O)c1cc(c(OC)cc1)OC)c1ccc(cc1)OC,MOSES sample,6185,315.369,23,56.79,2.6849,7,2
Cc1cc(N(C)CCc2scnc2C)nc(N)n1,MOSES sample,6186,263.37,18,67.93,1.81104,4,2
COC(=O)NCC(Nc1ccc(Cl)c(c1)C(NC1CC1)=O)=O,MOSES sample,6187,325.752,22,96.53,1.5267,5,2
Nc1nc(SCc2nc(-c3ccccn3)no2)n[nH]1,MOSES sample,6188,275.297,19,119.4,1.1242,4,3
O=C(NCCc1coc(-c2ccc(cc2)C)n1)c1cc(C)oc1C,MOSES sample,6189,324.38,24,68.27,3.83236,5,3
Cc1cccc(NCC(=O)Nc2ccc(F)cc2)c1C(N)=O,MOSES sample,6190,301.321,22,84.22,2.28362,5,2
C(N1CCN(CC1)C(=O)COc1ccc(cc1)OC)(=O)NCC,MOSES sample,6191,321.377,23,71.11,0.9477,5,2
Cc1cc(CNC(=O)Nc2ccc(C(=O)NC(C)C)cc2)no1,MOSES sample,6192,316.361,23,96.26,2.44292,5,2
Cc1cc(C(=O)Cn2cnc(C3CCC3)cc2=O)c(C)[nH]1,MOSES sample,6193,285.347,21,67.75,2.33864,4,3
COc1ccccc1NC(=O)Nc1c(C)ccc(N)c1C,MOSES sample,6194,285.347,21,76.38,3.53824,3,2
CCn1cc(NC(=O)C2(c3ccc(Br)cc3)CC2)cn1,MOSES sample,6195,334.217,20,46.92,3.3358,4,3
CC(CC(O)c1ccccc1)NC(=O)NCc1nccn1C(F)F,MOSES sample,6196,338.358,24,79.18,2.5896,7,2
Cc1nc2cc(=O)[nH]n2c(C)c1CC(=O)NCC(C)(C)c1ccncc1,MOSES sample,6197,353.426,26,92.15,1.67094,5,3
s1c2CCN3C(C(CC3C(=O)N2c2ccccc2)C1)=O,MOSES sample,6198,,,,,,
c1(scc(n1)-c1ccc(OCCOC)cc1)-c1cnccn1,MOSES sample,6199,313.382,22,57.13,3.2923,6,3
c1ccc(OCCNC(C2CN(C(C2)=O)Cc2ccccn2)=O)cc1,MOSES sample,6200,339.395,25,71.53,1.6253,7,3
O=C(CN1CCN(c2ccc(F)cc2)C1=O)Nc1ccccn1,MOSES sample,6201,314.32,23,65.54,2.1014,4,3
c1c(NC(N(C)C(COC)C)=O)ccc(c1C#N)F,MOSES sample,6202,265.288,19,65.36,2.19598,4,1
O=C(CCCc1ccc2[nH]c(=O)[nH]c2c1)NCc1ccccn1,MOSES sample,6203,310.357,23,90.64,1.8903,6,3
O=C(Cc1ccc(-n2cnnn2)cc1)NCc1cscn1,MOSES sample,6204,300.347,21,85.59,0.9777,5,3
c1c(ccc(OC(C(OCc2cccnc2)=O)C)c1Cl)C#N,MOSES sample,6205,316.744,22,72.21,3.11738,5,2
N1(CCOCC1)CCNC(=O)CCc1cscc1,MOSES sample,6206,268.382,18,41.57,1.1291,6,2
C1CN(C)CCN1C(c1ccn(-c2ccccc2)n1)=O,MOSES sample,6207,270.336,20,41.37,1.2599,2,3
n1(c(=O)c2c(scc2-c2ccccc2)nc1)CCCCC(=O)NC,MOSES sample,6208,341.436,24,63.99,3.0413,6,3
N(CC1CCC(c2nc3ccccc3[nH]2)CC1)C(C)=O,MOSES sample,6209,271.364,20,57.78,2.9728,3,3
COCCCN(C)C(=O)Nc1cc(C)cc(C)c1,MOSES sample,6210,250.342,18,41.57,2.80364,5,1
s1c(cc(OC)c1C(c1cc(ccc1)C)=O)C(=O)NCC1CC1,MOSES sample,6211,329.421,23,55.4,3.43592,6,3
c1c([nH]c(-c2cc(OC)c(c(OC)c2)OC)cc1)=O,MOSES sample,6212,261.277,19,60.55,2.0677,4,2
COc1cc(C(=O)NC2CC2)cc2c1OCCO2,MOSES sample,6213,249.266,18,56.79,1.3586,3,3
CCn1cc(C(=O)N2CC(C)CC(C)C2)c(C(F)(F)F)n1,MOSES sample,6214,303.328,21,38.13,3.0399,2,2
O=C(NCc1occc1)CNC(NC(C(C)C)c1sccc1)=O,MOSES sample,6215,335.429,23,83.37,2.6538,7,2
CC(C(=O)NC1CC1)N1CCN(C(=O)Nc2ccccc2)CC1,MOSES sample,6216,316.405,23,64.68,1.5032,4,3
N(C(=O)N)CC(=O)NCC(C(C)C)c1ccccc1,MOSES sample,6217,263.341,19,84.22,1.2107,6,1
O=c1c2cc(Br)cc(OCC#N)c2ccn1C,MOSES sample,6218,293.12,17,55.02,2.20338,2,2
CC(=O)Nc1cc(NC(=O)CC2CCCC2)ccc1F,MOSES sample,6219,278.327,20,58.2,3.3029,4,2
CCCC(=O)N1CCC(C(=O)Oc2cccc(C(=O)OC)c2)CC1,MOSES sample,6220,333.384,24,72.91,2.4173,5,2
CCCn1ncc2cc(C(=O)NCC(C)C)c(N)nc21,MOSES sample,6221,275.356,20,85.83,1.8093,5,2
COc1cccc(-c2c(N)n[nH]c2CCc2ccccc2)c1,MOSES sample,6222,293.37,22,63.93,3.4527,5,3
c1(ccc(C)cc1)S(=O)(Nc1cccc(c1)C(N)=O)=O,MOSES sample,6223,290.344,20,89.26,1.89472,4,2
O1COc2c1ccc(CNC(=O)NCC(C1CCCCC1)O)c2,MOSES sample,6224,320.389,23,79.82,2.1557,5,3
C(=O)(N(C)C)C(c1ccccc1)NC1CCCN(S(=O)(=O)C)C1,MOSES sample,6225,339.461,23,69.72,0.8295,5,2
O=C(Nc1ccnn1CCC)CCc1oc(C2C(C2)C)cc1,MOSES sample,6226,301.39,22,60.06,3.5808,7,3
c1cccc(c1N1CCN(c2ccc3n(nnn3)n2)CC1)C,MOSES sample,6227,295.35,22,62.45,1.15432,2,4
c1(c(=O)c(c(n(C)c1)C)C#N)-c1c(cccc1)OC,MOSES sample,6228,254.289,19,55.02,2.241,2,2
CN(CC(=O)Nc1ccccc1)S(=O)(=O)c1cccc(C#N)c1,MOSES sample,6229,329.381,23,90.27,1.81748,5,2
c1ccccc1CNC(COC(=O)Cc1sccc1)=O,MOSES sample,6230,289.356,20,55.4,2.1502,6,2
C(c1cc([nH]n1)C(F)(F)F)C(N=c1n2ccc(C)cc2n[nH]1)=O,MOSES sample,6231,324.266,23,91.2,1.38272,2,3
C1(CC1)N(C(=O)c1sccc1)Cc1ccc(cc1)F,MOSES sample,6232,275.348,19,20.31,3.692,4,3
c1(C(=O)N)ccc(cc1)OCC(Nc1sc(c(c1C(=O)N)C)C)=O,MOSES sample,6233,347.396,24,124.51,1.58024,6,2
C1CC(Oc2cnccn2)CCN1C(COc1ccc(cc1)OC)=O,MOSES sample,6234,343.383,25,73.78,1.934,6,3
c1sc2nc(CSc3n(c(nn3)N)CC=C)cn2c1,MOSES sample,6235,292.393,19,74.03,2.0478,5,3
CCOCC1CCCN(C(=O)Nc2ccc(SC)cc2)C1,MOSES sample,6236,308.447,21,41.57,3.6889,5,2
C1N(C(c2cnn(C(C)(C)C)c2)=O)CCC2(OCC(C2)C)C1,MOSES sample,6237,305.422,22,47.36,2.6693,1,3
COc1ccccc1C(NC(=O)CCC(C)C)C#N,MOSES sample,6238,260.337,19,62.12,2.81228,6,1
C1N(C(c2noc(n2)-c2occc2)CC1)C(=O)c1ncccc1,MOSES sample,6239,310.313,23,85.26,2.7019,3,4
Cc1ccc(CN(C)C(=O)CNc2cccc(NC(=O)OC)c2)s1,MOSES sample,6240,347.44,24,70.67,3.30532,6,2
COc1ccc2oc(C(=O)NC(C)CO)c(C)c2c1,MOSES sample,6241,263.293,19,71.7,1.86042,4,2
c1c2c(ccc1OCC(=O)NCC1(CCOCC1)O)CCC2,MOSES sample,6242,305.374,22,67.79,1.2118,5,3
COC(=O)c1c(c2C(=O)CCCc2o1)-c1ccc(OC)cc1,MOSES sample,6243,300.31,22,65.74,3.2608,3,3
Cc1ccn2cc(C(=O)NCC(F)(F)F)nc2c1,MOSES sample,6244,257.215,18,46.4,1.93482,2,2
C1CN(c2c(N)c(Nc3c(OC)ccc(c3)OC)ncn2)CCO1,MOSES sample,6245,331.376,24,94.76,1.6562,5,3
c1(c(C)oc(=O)c2c1ccc(OC)c2)C(OC)=O,MOSES sample,6246,248.234,18,65.74,1.89662,2,2
CCC(C)NC(=O)C(C)NS(=O)(=O)c1ccccc1,MOSES sample,6247,284.381,19,75.27,1.2681,6,1
c1cc(S(=O)(=O)NC(C)CC(C)C)ccc1N,MOSES sample,6248,256.371,17,72.19,1.9817,5,1
n1cc(CNC(N(C(C)c2sccc2)C)=O)cn1C,MOSES sample,6249,278.381,19,50.16,2.3842,4,2
CCn1nccc1C(=O)Nc1nnc(-c2cc(C)nn2C)o1,MOSES sample,6250,301.31,22,103.66,1.24722,4,3
CCc1ccc(cc1)NC(=O)CCC(N1c2c(cccc2)CC1)=O,MOSES sample,6251,322.408,24,49.41,3.557,5,3
c1c(Br)cnc(NC(=O)c2cscn2)c1,MOSES sample,6252,284.138,15,54.88,2.5529,2,2
c1(ccc2c(c1)OCCO2)C(N1CCc2c1cc(cc2)N)=O,MOSES sample,6253,296.326,22,64.79,2.2429,1,4
c1(CCC(=O)N2CCC(C(=O)N)CC2)cc(c(cc1)C)OC,MOSES sample,6254,304.39,22,72.63,1.66012,5,2
N#Cc1cccc(NC(=O)C(C)n2c(ncc2)-c2ccccc2)c1,MOSES sample,6255,316.364,24,70.71,3.62148,4,3
CCC1COCCN1Cc1cn(-c2ccccc2)nc1-c1cccnc1,MOSES sample,6256,348.45,26,43.18,3.5451,5,4
N(c1cnc(cc1)N1CCCC1)C(=O)c1cnccc1,MOSES sample,6257,268.32,20,58.12,2.3291,3,3
NC(c1ccccc1NC(COc1ccccc1OC)=O)=O,MOSES sample,6258,300.314,22,90.65,1.8116,6,2
c1(c(C(=O)NCC=C)ccc(c1)NC(c1c(cccc1)Cl)=O)O,MOSES sample,6259,330.771,23,78.43,3.2137,5,2
C(C)OC(=O)Nc1ccc(C(Nc2cc(C)ccn2)=O)cc1,MOSES sample,6260,299.33,22,80.32,3.21072,4,2
c1(CNC(=O)N2CCN(CC2)C(OCC)=O)cn(nc1)-c1ccccc1,MOSES sample,6261,357.414,26,79.7,1.856,4,3
C(c1ccc(o1)CC)(NCc1cc2ccsc2cc1)=O,MOSES sample,6262,285.368,20,42.24,3.9867,4,3
COC(=O)c1cccc(NC(=O)N2CCCC2CO)c1,MOSES sample,6263,278.308,20,78.87,1.4618,3,2
n1c2n(ncc2c(=O)n(CC(C)C)c1)-c1ccccc1,MOSES sample,6264,268.32,20,52.71,2.2382,3,3
n1c(OC)ncc(c1)NC(c1ccc(OC)cc1)=O,MOSES sample,6265,259.265,19,73.34,1.7461,4,2
n1cc(F)c(NCc2c(cc(cc2F)F)F)cc1,MOSES sample,6266,256.202,18,24.92,3.2501,3,2
Cc1cc(C2CCC2)cc(=O)n1CC(=O)N1CCCCCC1,MOSES sample,6267,302.418,22,42.31,2.82682,3,3
C(=O)(Nc1cc(C)nn1C)CN1CCN(c2c(cccc2)OC)CC1,MOSES sample,6268,343.431,25,62.63,1.49782,5,3
c1cc(cnc1C1CN(Cc2cccnc2)CCO1)C(=O)NC,MOSES sample,6269,312.373,23,67.35,1.4097,4,3
Nc1ccc(c(-c2nnc3n2c2cc(C)ccc2n3C)c1)C,MOSES sample,6270,291.358,22,61.14,3.08704,1,4
c1cccc2c1C(CCC2)n1ncc(c1N)C(OC)=O,MOSES sample,6271,271.32,20,70.14,2.1776,2,3
c1c(cc2c(oc(n2)NCc2cc3cc(ccc3[nH]c2=O)OC)c1)C,MOSES sample,6272,335.363,25,80.15,3.59842,4,4
C(c1ccccc1)c1nc(cs1)-c1cc(ccc1)N,MOSES sample,6273,266.369,19,38.91,3.9831,3,3
Cc1cccc(N2CCN(C(=O)c3ccc(-n4ccnn4)cc3)CC2)c1,MOSES sample,6274,347.422,26,54.26,2.53812,3,4
C1N(CC(NC(C)=O)C1)C(c1c(O)c(ccc1)OC)=O,MOSES sample,6275,278.308,20,78.87,0.7514,3,2
S(c1n(c(=O)c2ccccc2n1)CC(C#N)CCC#N)CC=C,MOSES sample,6276,324.409,23,82.47,3.11816,7,2
O=C(Nc1ccc(CN2CCOCC2)cc1)NC1CCCC1,MOSES sample,6277,303.406,22,53.6,2.5829,4,3
n1cnc(Nc2c(C)cccc2C)c2c1cc(cc2)OC,MOSES sample,6278,279.343,21,47.04,3.99884,3,3
c1(ccco1)CC(NC(=O)Nc1cc(cc(c1)C)C)C,MOSES sample,6279,272.348,20,54.27,3.64914,4,2
Cc1c(NC(=O)c2cnc(nc2)NCC)c(C)ccc1,MOSES sample,6280,270.336,20,66.91,2.77754,4,2
CCOC(=O)c1ccc2c(ncn2-c2ccccc2)c1,MOSES sample,6281,266.3,20,44.12,3.2022,3,3
COc1ccc(CNC(=O)c2c(C)nn3ccccc23)c(OC)c1,MOSES sample,6282,325.368,24,64.86,2.58992,5,3
COC(CNC(=O)CCc1ccsc1)c1cccc(Cl)c1,MOSES sample,6283,323.845,21,38.33,3.838,7,2
Cc1oc2cc(Br)ccc2c1C(=O)N1CCCC(C1)O,MOSES sample,6284,338.201,20,53.68,3.10062,1,3
CCC(CO)Nc1nc(N)c(C#N)c(CC#N)c1C#N,MOSES sample,6285,270.296,20,142.54,0.65604,5,1
N#CCc1cccc(C(=O)Nc2ccc(Br)cc2)c1,MOSES sample,6286,315.17,19,52.89,3.76748,3,2
n12nnnc2n(c(c(c1=O)CCC(N1CCCC1COC)=O)C)C,MOSES sample,6287,334.38,24,94.62,-0.29858,5,3
c1c(c(cc(NC(c2cnn(c2C)-c2ccncc2)=O)c1)F)C,MOSES sample,6288,310.332,23,59.81,3.27554,3,3
c1(cc2OCCc2cc1Cl)S(=O)(NCc1cocc1)=O,MOSES sample,6289,313.762,20,68.54,2.3464,4,3
C1CCC2(CN(c3ncccn3)CC2)C(N1C1CCCC1)=O,MOSES sample,6290,300.406,22,49.33,2.2381,2,4
FC(F)(CNC(COc1cc(F)cc(c1)F)=O)F,MOSES sample,6291,269.169,18,38.33,2.0221,4,1
Cc1cccc(-n2ccnc2SC(C(=O)N(C)C)C(C)C)c1,MOSES sample,6292,317.458,22,38.13,3.38562,5,2
CC(=O)Nc1ccc(C#CCNC(=O)c2cccc(N(C)C)c2)cc1,MOSES sample,6293,335.407,25,61.44,2.4925,4,2
O(c1c(C2N(Cc3ccc(C#N)cc3)CCC2)cccc1)C,MOSES sample,6294,292.382,22,36.26,3.90398,4,3
c1c(c(F)c(cc1)F)CC(NC(CCc1c(n[nH]c1C)C)=O)C,MOSES sample,6295,321.371,23,57.78,2.98474,6,2
COc1cc(C)ccc1OC(=O)c1cc(C)n(Cc2ccccn2)c1C,MOSES sample,6296,350.418,26,53.35,4.08446,5,3
O=C(c1ccc[nH]c1=O)N1CCc2nc(-c3ccccn3)[nH]c(=O)c2C1,MOSES sample,6297,349.35,26,111.81,0.7187,2,4
C(CCC)c1nc(C#N)c(NCc2ccc(F)cc2)o1,MOSES sample,6298,273.311,20,61.85,3.64008,6,2
Cc1cc(no1)CN(C)C(Cc1c(O)n[nH]c1C)=O,MOSES sample,6299,264.285,19,95.25,0.92124,4,2
O=C(Cc1nc(sc1)NC(c1ccc(F)cc1F)=O)NCC=C,MOSES sample,6300,337.351,23,71.09,2.5183,6,2
C(CC#N)N(C)S(=O)(=O)N(CC)Cc1cc(c(C)cc1)C,MOSES sample,6301,309.435,21,64.41,2.21562,7,1
[nH]1c2ccccc2cc(CNc2c(cc(cc2)C)C)c1=O,MOSES sample,6302,278.355,21,44.89,3.75704,3,3
Cc1cc(NC(=O)Cn2c(=O)[nH]c3ccccc3c2=O)no1,MOSES sample,6303,300.274,22,109.99,0.62492,3,3
c1cc(ccc1CNc1ccc(n(CCOC)c1)=O)F,MOSES sample,6304,276.311,20,43.26,2.2459,6,2
C(CNc1n(-c2ccccc2)nnn1)NC(=O)c1c(cccc1)Cl,MOSES sample,6305,342.79,24,84.73,2.1576,6,3
c1(cnccn1)-c1nc(on1)-c1c2c(cccc2)ccn1,MOSES sample,6306,275.271,21,77.59,2.7418,2,4
Cc1nc(C(=O)NCCN2CCOCC2)cs1,MOSES sample,6307,255.343,17,54.46,0.51352,4,2
S(c1nn(-c2nc(nc(n2)N2CCCCC2)N(C)C)cn1)C,MOSES sample,6308,320.426,22,75.86,1.2305,4,3
Oc1c2c([nH]nc2)nc(n1)N1CCN(CC1)c1ncc(C#N)c(N)n1,MOSES sample,6309,338.335,25,156.76,-0.37102,2,4
C1C2(CCN1C(c1c(=O)[nH]c(C)c(n1)C)=O)CCC1CN(C(=O)C1)C2,MOSES sample,6310,344.415,25,86.37,0.86134,1,4
c1cc(cc2c1nccn2)C(=O)N(Cc1sccc1)C,MOSES sample,6311,283.356,20,46.09,2.9635,3,3
C1C(CC#N)N(C(=O)CCc2cccnc2)CCCC1,MOSES sample,6312,271.364,20,56.99,2.69908,4,2
c1cc(ccc1)C=C(S(=O)(c1ccc(cc1)C(C)=O)=O)C,MOSES sample,6313,300.379,21,51.21,3.7239,4,2
c1c(c(ccc1F)N(C)C)C(=O)NCC(=O)N(C)C,MOSES sample,6314,267.304,19,52.65,0.7097,4,1
C(c1ccccc1)(C)NC(=O)Nc1nnc(o1)-c1c(C)oc(C)c1,MOSES sample,6315,326.356,24,93.19,3.82914,4,3
N1(CC(CC1)COCC)C(=O)c1c(CC)ccs1,MOSES sample,6316,267.394,18,29.54,2.8091,5,2
N1CCNC1c1c(-c2cccc(c2)OC)c([nH]n1)C,MOSES sample,6317,258.325,19,61.97,1.58512,3,3
Cc1ccccc1NC(=O)c1nccn1-c1ccccn1,MOSES sample,6318,278.315,21,59.81,2.82802,3,3
n1ccc(COCC23CN(CC2COC3)C(c2ccoc2C)=O)cc1,MOSES sample,6319,342.395,25,64.8,2.28842,5,4
Cc1ncsc1CCOC(=O)COc1ccccc1F,MOSES sample,6320,295.335,20,48.42,2.75532,6,2
CCn1c(C(=O)NC2CCC(O)CC2)cc2cccnc21,MOSES sample,6321,287.363,21,67.15,2.0895,3,3
CCc1nn(C)c(OC)c1CN1C-OC(C)(C)C1,MOSES sample,6322,253.346,18,39.52,1.5594,4,2
n1cn(CC(=O)NCCN(C)c2ccccc2)c(=O)c2ccsc12,MOSES sample,6323,342.424,24,67.23,1.7106,6,3
C(NC(c1cc(Cl)c(cc1)Cl)=O)(C(C)C)C(N(CC)CC)=O,MOSES sample,6324,345.27,22,49.41,3.6162,6,1
O(C)C(c1ccoc1COc1ccc(C#N)cc1Cl)=O,MOSES sample,6325,291.69,20,72.46,3.17028,4,2
O=C(COC(C)=O)Nc1nc(CC(=O)OC)sc1,MOSES sample,6326,272.282,18,94.59,0.3602,5,1
C1CCOC21CCN(C(CCCNC(=O)OCC)=O)CC2,MOSES sample,6327,298.383,21,67.87,1.6843,5,2
n1c(-c2nc(c(s2)C)-c2ccc(cc2C)C)ccc(n1)N,MOSES sample,6328,296.399,21,64.69,3.77456,2,3
c12cc3cc(OC)ccc3nc2n(c(cn1)=O)CCc1ccccn1,MOSES sample,6329,332.363,25,69.9,2.591,4,4
CCN(CC)C(=O)Cc1ccc(NC(=O)N2CCOCC2C)cc1,MOSES sample,6330,333.432,24,61.88,2.3501,5,2
O=C(Nc1nccs1)c1cc2occc2n1Cc1ccccc1,MOSES sample,6331,323.377,23,60.06,3.9914,4,4
c1cc(ccc1OC)OCCn1ccc2ccn(C)c2c1=O,MOSES sample,6332,298.342,22,45.39,2.4276,5,3
c12nnn(CC(N3CCCC(COc4ccccc4)C3)=O)c2cccc1,MOSES sample,6333,350.422,26,60.25,2.7489,5,4
C1CC(Oc2cc(cnc2)C(=O)N)CCC1NC(=O)NCC,MOSES sample,6334,306.366,22,106.34,1.1896,5,2
Clc1c(CNC(=O)CSc2n(C(C)C)cnn2)cccc1,MOSES sample,6335,324.837,21,59.81,2.9209,6,2
CNC(=O)c1cccc(NC(=O)COc2ccc(C)cc2)c1C,MOSES sample,6336,312.369,23,67.43,2.68054,5,2
c1c(Br)c(ccc1)-c1nnc(nc1)OC,MOSES sample,6337,266.098,15,47.9,2.3097,2,2
N(CCC#N)(CCC#N)C(=O)c1c(cc(cc1)Br)F,MOSES sample,6338,324.153,19,67.89,2.85776,5,1
Cc1oc(-c2ccco2)nc1CC(=O)NCC(F)(F)F,MOSES sample,6339,288.225,20,68.27,2.46402,4,2
FC(F)(COc1cc(NCc2csc(CC)n2)ccc1)F,MOSES sample,6340,316.348,21,34.15,4.2587,6,2
N(CCC(=O)N(C)C)C(c1c(C(F)F)n(nc1)CC(C)C)=O,MOSES sample,6341,316.352,22,67.23,1.6848,7,1
N(C(=O)c1cccc(OC)c1F)c1c(CC)onc1C,MOSES sample,6342,278.283,20,64.36,2.94542,4,2
c12n(nc(-c3sccc3)n1)cnc1n(ncc12)-c1(ccccc1)C,MOSES sample,6343,,,,,,
Cc1cc(C)n(-c2ccc(SC(C)C(=O)N3CCOCC3)nn2)n1,MOSES sample,6344,347.444,24,73.14,1.61854,4,3
C(C(=O)NCc1ccncc1)Oc1cccc(c1)Br,MOSES sample,6345,321.174,19,51.22,2.5393,5,2
CCN(CCO)c1ncnc(Oc2ccc(C)cc2)c1N,MOSES sample,6346,288.351,21,84.5,1.97812,6,2
C1C(c2scc(n2)C(C)(C)C)CCN(C1)C(=O)c1ccno1,MOSES sample,6347,319.43,22,59.23,3.4484,2,3
Cc1ccc(C(=O)N(C)Cc2cccc(Cl)c2)cc1N,MOSES sample,6348,288.778,20,46.33,3.50282,3,2
c12ccc(N3CC(CC3=O)C(=O)NC(C)(C)C)cc1CCCC2,MOSES sample,6349,314.429,23,49.41,2.833,2,3
CC(C)Cn1cc[nH]c1=NC(=O)C1COc2ccc(F)cc2C1,MOSES sample,6350,317.364,23,59.38,2.2899,3,3
C1N(Cc2ccncc2)CCN(C1)C(=O)COc1cc(C)ccc1,MOSES sample,6351,325.412,24,45.67,2.11322,5,3
CCOC(=O)c1ccc(CN2CCOCC2C2CC2)o1,MOSES sample,6352,279.336,20,51.91,2.0671,5,3
c1cc2C(CC(NC3CCN(C(OC)=O)CC3)=O)CCc2cc1,MOSES sample,6353,316.401,23,58.64,2.4535,3,3
n1c([nH]nc1-c1ccc(Br)cc1)NC(c1noc(C)c1)=O,MOSES sample,6354,348.16,21,96.7,2.78292,3,3
CCN(C(=O)Cc1ccc(NCc2ncccc2C)cc1)CC,MOSES sample,6355,311.429,23,45.23,3.41302,7,2
O(c1c(CC(=O)N(C2CCOCC2)C(C)C)cccc1)C(C)C,MOSES sample,6356,319.445,23,38.77,3.4323,6,2
n1c(CNc2cccc(C(=O)NCCC)c2)noc1C1CC1,MOSES sample,6357,300.362,22,80.05,2.6989,7,3
c1sc(nc1-c1ccc(Cl)cc1)NC(C(C)OCC=C)=O,MOSES sample,6358,322.817,21,51.22,3.9931,6,2
c1c(c2ncc(C(Nc3ncccc3C)=O)c(=O)n2cc1)OC,MOSES sample,6359,310.313,23,85.59,1.65882,3,3
c1(ccc(-c2c[nH]c(=O)[nH]c2=O)cc1)OCc1ccccc1,MOSES sample,6360,294.31,22,74.95,2.3092,4,3
C1(N(CCC1)S(=O)(=O)c1ccc(F)cc1)C(=O)NCC(C)C,MOSES sample,6361,328.409,22,66.48,1.751,5,2
N#Cc1ccc(OCC2CN(Cc3ccccc3)CCO2)cc1,MOSES sample,6362,308.381,23,45.49,2.83808,5,3
C1(C(NCC21CCN(C(C1CC=CC1)=O)CC2)=O)c1ccncc1,MOSES sample,6363,325.412,24,62.3,1.87,2,4
O=C(NCCN1CCN(c2ccc(Cl)cn2)CC1)c1ccccc1,MOSES sample,6364,344.846,24,48.47,2.287,5,3
CCC(C)(C)NC(=O)CNc1cc(C)nc2ccnn12,MOSES sample,6365,275.356,20,71.32,1.75442,5,2
CC(C)NS(=O)(=O)c1cccc(C(=O)NCCc2cn(C)nc2)c1,MOSES sample,6366,350.444,24,93.09,1.0793,7,2
C(NC(=O)c1c(CC)nn(Cc2ccccc2)c1CC)c1occc1,MOSES sample,6367,337.423,25,60.06,3.5792,7,3
COc1c(O)ccc(c1)CNc1cnn(CC(C)C)c1,MOSES sample,6368,275.352,20,59.31,2.8654,6,2
c1ccccc1CCNS(=O)(c1cc2c(oc1=O)cccc2)=O,MOSES sample,6369,329.377,23,76.38,2.314,5,3
N#Cc1cnn(-c2nc3c(Cl)cccc3s2)c1N,MOSES sample,6370,275.724,18,80.52,2.58928,1,3
C(Oc1ncnc2c1c(C)c(C)s2)c1ncncc1,MOSES sample,6371,272.333,19,60.79,2.67714,3,3
O1COc2ccc(NC(=O)c3cc(c(cc3)OC)N)cc12,MOSES sample,6372,286.287,21,82.81,2.2584,3,3
COc1ccc(S(=O)(=O)N2CC(c3cc(=O)[nH]c(C)n3)C2)cc1,MOSES sample,6373,335.385,23,92.36,0.87502,4,3
CCCCC(=O)N1CCC(OCc2ccc(F)cc2)CC1,MOSES sample,6374,293.382,21,29.54,3.5235,6,2
COc1cc(OC)c(C(=O)NC(C)c2c(C)noc2C)cc1OC,MOSES sample,6375,334.372,24,82.82,2.80824,6,2
O(c1ccccc1)CCNC(CN(C)c1ccc(cn1)Cl)=O,MOSES sample,6376,319.792,22,54.46,2.3664,7,2
Fc1c(cccc1)CC(C)NC(=O)c1cscc1,MOSES sample,6377,263.337,18,29.1,3.2482,4,2
c1(ccc(cc1)F)C(COc1c(cccc1)N)=O,MOSES sample,6378,245.253,18,52.32,2.6696,4,2
c1cccc2[nH]nc(c21)C(=O)Nc1c(cc(cc1)C(NCC)=O)O,MOSES sample,6379,324.34,24,107.11,2.2705,4,3
c1c(C)cc(OCC)c(c1)NC(=O)N1CC(O)(C(F)(F)F)CC1,MOSES sample,6380,332.322,23,61.8,2.92472,3,2
C1(CN(C(=O)c2c(N)ccc(Br)c2)C)CCCC1,MOSES sample,6381,311.223,18,46.33,3.2935,3,2
C(C(=O)NC(c1c(noc1C)C)C)c1nc(-c2cc(ccc2)C)sc1,MOSES sample,6382,355.463,25,68.02,4.14326,5,3
c1cc2c(OCCO2)cc1NC(NCCC(OCC)=O)=O,MOSES sample,6383,294.307,21,85.89,1.5325,5,2
c1(N)cccc(CCC(=O)Nc2cccc(c2C)Cl)c1,MOSES sample,6384,288.778,20,55.12,3.80192,4,2
c12OCOc1ccc(CCNC(=O)C(Oc1ccccc1)C)c2,MOSES sample,6385,313.353,23,56.79,2.5415,6,3
c1(nc(C)cs1)NC(=O)c1ccc2c(cccc2)n1,MOSES sample,6386,269.329,19,54.88,3.25202,2,3
c1c(ccc(-c2n[nH]cc2CN2Cc3c(CC2)cccc3)c1)F,MOSES sample,6387,307.372,23,31.92,3.7741,3,4
CC(=O)N1CCc2cc(ccc21)C(OCC(=O)c1ccccc1)=O,MOSES sample,6388,323.348,24,63.68,2.6353,4,3
C(CCC)(Nc1cc2c(OCC(N2CCCCC)=O)cc1)=O,MOSES sample,6389,304.39,22,58.64,3.3408,7,2
CN(Cc1cccc(C#N)c1)C(=O)NC1CCCN(S(C)(=O)=O)C1,MOSES sample,6390,350.444,24,93.51,1.12368,4,2
Clc1cc(ccc1)NC(Cn1nc(C)nc1C)=O,MOSES sample,6391,264.716,18,59.81,2.18704,3,2
c1nn(-c2ccccc2)c(c1C(=O)NC1CC1)-n1cccc1,MOSES sample,6392,292.342,22,51.85,2.5552,4,4
c1(N)ncc(c(N2CCCC(C2)CO)n1)C(C)C,MOSES sample,6393,250.346,18,75.27,1.3909,3,2
c1cccc(CNC(Nc2cccc(N3CCCC3=O)c2)=O)n1,MOSES sample,6394,310.357,23,74.33,2.5301,4,3
C(c1c(ccc(N)c1)F)(=O)N1CCN(CC1)Cc1ccccc1,MOSES sample,6395,313.376,23,49.57,2.3659,3,3
N(C(=O)c1cc2c(cc1)c(n(CC)c([nH]2)=O)=O)c1c(C)c(ccc1)C,MOSES sample,6396,337.379,25,83.96,2.57884,3,3
Brc1cc(NC(=O)CNC(=O)OC)c(cc1)OC,MOSES sample,6397,317.139,18,76.66,1.7522,4,1
c1sc(NC(C2CN(CCO2)Cc2ccccc2)=O)nc1,MOSES sample,6398,303.387,21,54.46,1.9826,4,3
c1(=O)n(Cc2nnc(C3CC3)n2C)c(=O)cc(n1C)N1CCCCC1,MOSES sample,6399,344.419,25,77.95,0.5915,4,4
c1(C(OCC)=O)cnn2c(N)c(C(=O)OCC)cnc21,MOSES sample,6400,278.268,20,108.81,0.6649,4,2
CC(=O)NCC(NC1CCCc2cc(C(CCC)O)ccc21)=O,MOSES sample,6401,318.417,23,78.43,2.1498,6,2
FC(F)(c1nc(NC2CCCCC2)c(N)cn1)F,MOSES sample,6402,260.263,18,63.83,2.8222,2,2
O1CCC(CSc2nc3ccccc3c3nc(C)nn23)CC1,MOSES sample,6403,314.414,22,52.31,3.10462,3,4
c1c(c(c2cc(OC)ccc2o1)=O)Oc1ccccc1,MOSES sample,6404,268.268,20,48.67,3.5939,3,3
c1ncnn1CCN1CCN(S(=O)(c2sccc2)=O)CC1,MOSES sample,6405,327.435,21,71.33,0.3461,5,3
c1c(c(OC)cc2c1CCNC2c1ccncc1)C,MOSES sample,6406,254.333,19,34.15,2.63372,2,3
c1csc(-c2n(Cc3noc(c3)C)ccn2)c1C,MOSES sample,6407,259.334,18,43.85,3.26474,3,3
CC1=NC2(CCC(C(=O)N3CCc4cc(C)ccc43)CC2)C(=O)N1C,MOSES sample,6408,339.439,25,52.98,2.70352,1,4
COc1ccc(C)cc1-c1ccc(CC#N)c(=O)[nH]1,MOSES sample,6409,254.289,19,65.88,2.425,3,2
O=C(c1cccc(c1)NC(C)=O)OCC(Nc1ccc(cc1)C)=O,MOSES sample,6410,326.352,24,84.5,2.74892,5,2
N(c1cnc(OC)cc1)C(=O)CC(C)n1c(C)cc(C)n1,MOSES sample,6411,288.351,21,69.04,2.49334,5,2
CCCS(=O)(=O)N1CCCC1C(=O)Nc1nncs1,MOSES sample,6412,304.397,19,92.26,0.6808,5,2
CC(=O)c1c(C)nc(C)nc1SCC(=O)N(C)c1ccccc1C,MOSES sample,6413,343.452,24,63.16,3.35956,5,2
O=C(Nc1ccc(F)cc1)c1ccc(-c2ccc(CO)o2)cc1F,MOSES sample,6414,329.302,24,62.47,3.9694,4,3
Cc1noc(C)c1COC(=O)c1csc(-c2ccsc2)n1,MOSES sample,6415,320.395,21,65.22,3.83344,4,3
c1c(NS(C)(=O)=O)ccc(c1)Cn1nc(cc1)C,MOSES sample,6416,265.338,18,63.99,1.61132,4,2
C1N(CCOc2ccc(cc2)OC)C2C(CCCC2)OC1,MOSES sample,6417,291.391,21,30.93,2.7174,5,3
O(CCC)c1cncc(N2CCC(CC2)C(NCC=C)=O)n1,MOSES sample,6418,304.394,22,67.35,1.784,7,2
O=C(NCc1cc2OCCOc2cc1)c1ccc(-n2cccc2)cc1,MOSES sample,6419,334.375,25,52.49,3.1785,4,4
c12ccc(Cl)cn2c(c(NCC(N2CCCCC2)=O)cn1)=O,MOSES sample,6420,320.78,22,66.71,1.7723,3,3
n1c(n2c(n1)sc(n2)Cc1ccc(cc1)F)-c1nccnc1,MOSES sample,6421,312.333,22,68.86,2.3727,3,4
O=C(COc1ccccn1)Nc1ccc(Br)cc1,MOSES sample,6422,307.147,18,51.22,2.8616,4,2
C1C(C)N(c2c(cc(cc2)S(=O)(N)=O)C1)Cc1scc(n1)C,MOSES sample,6423,337.47,22,76.29,2.44022,3,3
c12C(CCc1cccc2)N(CCCCO)C(=O)Nc1cnn(C)c1,MOSES sample,6424,328.416,24,70.39,2.714,6,3
c1c(C)nc(cc1)NC(NCC1OCC2N(CCCC2)C1)=O,MOSES sample,6425,304.394,22,66.49,1.76482,3,3
o1c2c(cc1C(Nc1cc(ccc1)C(=O)NCC)=O)cccc2OC,MOSES sample,6426,338.363,25,80.57,3.4434,5,3
c1cc(NC(C(C)C)=O)cc(C(=O)Nc2ccc3c(c2)[nH]c(=O)o3)c1,MOSES sample,6427,339.351,25,104.2,2.9679,4,3
C=CCNC(=O)c1ccccc1NC(=O)C(C)OC,MOSES sample,6428,262.309,19,67.43,1.5758,6,1
CCOC(=O)c1cc(-c2ccc3[nH]c(=O)oc3c2)nn1C,MOSES sample,6429,287.275,21,90.12,1.6983,3,3
c1c(Br)c2c(c(Nc3cc(ccc3)O)n1)cco2,MOSES sample,6430,305.131,18,58.29,4.0395,2,3
CC(C)N(CC(N)=O)C(=O)C1(c2ccc(F)cc2)CC1,MOSES sample,6431,278.327,20,63.4,1.5796,5,2
CNC(=O)c1ccc(C(N)c2nc(C)cs2)cc1,MOSES sample,6432,261.35,18,68.01,1.85922,3,2
O=S(CC1CCCCC1)(=O)c1nc2c([nH]1)cccc2,MOSES sample,6433,278.377,19,62.82,2.9169,3,3
c1c(-c2cccc(c2)Cl)nn(c1C)CC(=O)Nc1nocc1,MOSES sample,6434,316.748,22,72.95,3.13862,4,3
Clc1ccccc1CCC(NCC(Nc1cc(ccc1)O)=O)=O,MOSES sample,6435,332.787,23,78.43,2.7331,6,2
Cn1cccc(NC(=O)c2cccc(F)c2)c1=O,MOSES sample,6436,246.241,18,51.1,1.7767,2,2
Cc1ccc(C)c(NC(=O)CN(C)C(=O)c2ccccc2C)c1,MOSES sample,6437,310.397,23,49.41,3.32256,4,2
COc1cc(NC(=O)C2OCCc3ccccc32)cc(OC)c1OC,MOSES sample,6438,343.379,25,66.02,2.9649,5,3
c1cccc(c1)C(=O)Cn1cc(-c2ccccc2)[nH]c1=O,MOSES sample,6439,278.311,21,54.86,2.7263,4,3
c1(c(c(nn1C)C)CCC(N1CCCC1c1ccc(cc1)OC)=O)C,MOSES sample,6440,341.455,25,47.36,3.34184,5,3
N(C1CCN(C1=O)c1cn(C)nc1)C(c1cc(c(cc1)OC)OC)C,MOSES sample,6441,344.415,25,68.62,1.8934,6,3
O=C(NCc1ccoc1)C1CCC2(CC1)OCCO2,MOSES sample,6442,265.309,19,60.7,1.8291,3,3
O=C(Nc1cccn2ncnc12)c1ccc(C(F)(F)F)cc1,MOSES sample,6443,306.247,22,59.29,3.0004,2,3
NC(C(=O)NCCO)c1ccc2cc(O)ccc2c1,MOSES sample,6444,260.293,19,95.58,0.6537,4,2
[nH]1nc(-c2ccc(OC)cc2)nc1SC(C)C(N1CCOCC1)=O,MOSES sample,6445,348.428,24,80.34,1.8197,5,3
O=C(Nc1ccc(F)cc1Cl)C1Cc2ccccc2C(=O)O1,MOSES sample,6446,319.719,22,55.4,3.1993,2,3
N(C(=O)COc1cnc2ccccc2n1)c1cc(C)ccc1C,MOSES sample,6447,307.353,23,64.11,3.26414,4,3
c1(=O)c(NC(c2ccc(c(c2)F)F)=O)c(nc2sccn12)C,MOSES sample,6448,321.308,22,63.47,2.59492,2,3
O=S(c1ccc(C(=O)C2(CC2)C)cc1)(CCC)=O,MOSES sample,6449,266.362,18,51.21,2.8531,5,2
c1cc(nn1-c1ccc(F)cc1)C(NC(C)C(OC)=O)=O,MOSES sample,6450,291.282,21,73.22,1.3027,4,2
N(C(C(=O)Nc1cc(ccc1)OCC(=O)OC)C)C(=O)C,MOSES sample,6451,294.307,21,93.73,0.7015,6,1
NC(=O)c1ccc(C(=O)Nc2cc(-c3ccccc3)ns2)cc1,MOSES sample,6452,323.377,23,85.08,3.1613,4,3
O=C(Nc1ccccc1C)CN(C(=O)c1ccc(Br)o1)C,MOSES sample,6453,351.2,21,62.55,3.06122,4,2
C(C)(C(C(=O)NC(c1ccc(C)o1)C)NC(=O)C)C,MOSES sample,6454,266.341,19,71.34,1.92592,5,1
C(c1ccc(cc1)Cl)(NC(=O)Nc1nnc(s1)CC)CC,MOSES sample,6455,324.837,21,66.91,4.0267,5,2
o1c(CC)nnc1C(OC(c1ccc(cc1)C#N)=O)c1ccccc1,MOSES sample,6456,333.347,25,89.01,3.45008,5,3
C(Nc1ncc(cc1)Cl)(=O)c1cc(-c2n(nnn2)C)ccc1,MOSES sample,6457,314.736,22,85.59,2.1778,3,3
CN1C(=O)C(c2ccccc2)CC12CCN(C(=O)NC(C)(C)C)CC2,MOSES sample,6458,343.471,25,52.65,2.975,1,3
Cc1cc(C)n2nc(C)c(C(=O)N(C)CCC(F)(F)F)c2n1,MOSES sample,6459,314.311,22,50.5,2.67896,3,2
O1CCC(C(Nc2cccc(c2C#N)F)=O)(c2cc(F)ccc2)CC1,MOSES sample,6460,342.345,25,62.12,3.52338,3,3
CCCC(C)(C)NC(=O)Nc1cc(C)nn1C(C)C,MOSES sample,6461,266.389,19,58.95,3.47262,5,1
o1nc(nc1OCCOc1cccc(Br)c1)C,MOSES sample,6462,299.124,17,57.38,2.59832,5,2
COc1ccc(NC(=O)C2CSc3nccc(=O)n3C2)cc1OC,MOSES sample,6463,347.396,24,82.45,1.6211,4,3
c1(cc(C(N2CCCC2c2c(n(C)nc2C)C)=O)occ1)=O,MOSES sample,6464,301.346,22,68.34,1.96744,2,3
c1(OC)c(ccc(c1)C)NCc1onc(CCC)n1,MOSES sample,6465,261.325,19,60.18,2.95122,6,2
c1ccccc1CC1CN(CC1)Cc1oc(cc1)CO,MOSES sample,6466,271.36,20,36.61,2.8365,5,3
n1(CC)nc(cc1)C(Nc1c(C)ccc(c1)-c1occn1)=O,MOSES sample,6467,296.33,22,72.95,3.11872,4,3
c1(C)ccc(C(N2CCC3(CCN(c4ncccn4)CC3)C2)=O)nc1,MOSES sample,6468,337.427,25,62.22,2.31272,2,4
CCCC1CN(C(=O)Cc2cn(C)nc2C)CCO1,MOSES sample,6469,265.357,19,47.36,1.29852,4,2
c1cc(F)ccc1CNc1ncnc2onc(C)c12,MOSES sample,6470,258.256,19,63.84,2.67742,3,3
c1cc(NC(=O)Cn2cnnn2)cc(Cl)c1C(N1CCCCC1)=O,MOSES sample,6471,348.794,24,93.01,1.5913,4,3
c1c(OC)ccc(c1F)C(N1CC(c2nc(no2)C)C1)=O,MOSES sample,6472,291.282,21,68.46,1.76532,3,3
n1(cnc2c(cccc2CC)c1=O)CC(=O)Nc1c(cccc1)C,MOSES sample,6473,321.38,24,63.99,2.90602,4,3
Cc1nc2n(c(c1)C)nc(C(=O)Nc1cnccc1OC)n2,MOSES sample,6474,298.306,22,94.3,1.39704,3,3
C1N(c2c(N1)cccc2)C(=O)Cc1c(cccc1)F,MOSES sample,6475,256.28,19,32.34,2.7844,2,3
N(CCCOC)C(c1c(C(F)(F)F)n(C(C)(C)C)nc1)=O,MOSES sample,6476,307.316,21,56.15,2.4232,5,1
C1CCCC(N1CC(N1CCN(CC(F)F)CC1)=O)=O,MOSES sample,6477,289.326,20,43.86,0.4082,4,2
c12C(=O)NC(c3ccccc3)C(OCC#C)=O)c2cccc1,MOSES sample,6478,,,,,,
Cc1ccc(C2(O)CCN(C(=O)c3cn(C)nc3C)CC2)nc1,MOSES sample,6479,314.389,23,71.25,1.55574,2,3
C(=O)(N1CCN(CC(c2ccco2)O)CC1)Cc1c(cccc1)Cl,MOSES sample,6480,348.83,24,56.92,2.3533,5,3
O=C(Nc1cc2[nH]c(CN3CCCC3)nc2cc1)C,MOSES sample,6481,258.325,19,61.02,2.1171,3,3
CCc1ccccc1N1CC(CC1=O)C(=O)N1CC(C)OC(C)C1,MOSES sample,6482,330.428,24,49.85,2.2377,3,3
C(C(C)C)(C)NS(=O)(=O)C1=Cc2c(CC1)cccc2,MOSES sample,6483,279.405,19,46.17,2.9376,4,2
c1c(C(=O)Nc2c(cc(c(c2)Cl)OCC)OCC)c(C)oc1,MOSES sample,6484,323.776,22,60.7,4.29112,6,2
Cc1noc(CNC(=O)c2cccnc2N(C)C)n1,MOSES sample,6485,261.285,19,84.15,0.76902,4,2
n1c(-c2ccc3COCc3c2)cc(c(F)c1)Br,MOSES sample,6486,294.123,17,22.12,3.6804,1,3
n1(C(=O)c2c(ccc(c2)C)F)c2c(cccc2)nc1,MOSES sample,6487,254.264,19,34.89,3.17232,1,3
CCn1cc(-c2cc(C(=O)Nc3ccccc3)c3ccccc3n2)cn1,MOSES sample,6488,342.402,26,59.81,4.3705,4,4
CN(CCCCNc1ccccc1F)C(=O)Nc1cccnc1,MOSES sample,6489,316.38,23,57.26,3.5767,7,2
c1csc(c1)CNC(=O)Cn1nc(ccc1=O)C,MOSES sample,6490,263.322,18,63.99,0.92962,4,2
CCCCCCOc1cc(N)ccc1S(N)(=O)=O,MOSES sample,6491,272.37,18,95.41,1.8753,7,1
C(C)OC(=O)N1CCC(CC1)NC(c1cc2c(nc(c(n2)C)C)cc1)=O,MOSES sample,6492,356.426,26,84.42,2.59734,3,3
O=C(Nc1scc(n1)-c1c[nH]c(c1)C(=O)N)CCC1CCCC1,MOSES sample,6493,332.429,23,100.87,3.146,6,3
c1c(ccc(OC)c1)S(=O)(=O)N(C)C(c1c(c(ccc1)F)N)=O,MOSES sample,6494,338.36,23,89.7,1.8774,4,2
CC(C)COCCC(=O)Nc1ccc(N)c(F)c1,MOSES sample,6495,254.305,18,64.35,2.4091,6,1
C(=O)(c1ccc(NC(CCc2cnn(C)c2)=O)cc1)OCC,MOSES sample,6496,301.346,22,73.22,2.1681,6,2
C(c1cc(ccc1)C)N(C)C(=O)CNC(c1cccs1)=O,MOSES sample,6497,302.399,21,49.41,2.44492,5,2
Nc1nc(CSc2ccc(F)cc2)nc(N2CCOCC2)n1,MOSES sample,6498,321.381,22,77.16,1.7218,4,3
Fc1c(c(F)ccc1)C(=O)Nc1ccccc1C#N,MOSES sample,6499,258.227,19,52.89,3.08878,2,2
n1c(C(=O)Nc2c(C(OC)=O)ccs2)cc2c(CCC(C2)C)n1,MOSES sample,6500,331.397,23,81.18,2.7018,3,3
s1c(cc(c1)C(C)Nc1cnn(c(=O)c1Cl)C)CC,MOSES sample,6501,297.811,19,46.92,3.2307,4,2
COc1cc(NC(=O)c2cn(CC(=O)N(C)C)nn2)cc(OC)c1,MOSES sample,6502,333.348,24,98.58,0.6358,6,2
c1nc(ccc1)CN(CCC#N)C(Nc1cc2c(cc1)SCC2)=O,MOSES sample,6503,338.436,24,69.02,3.67758,5,3
CC(C)Oc1ccc(N2Cc3ccccc3C2)cc1N,MOSES sample,6504,268.36,20,38.49,3.5762,3,3
n1ccsc1NC(CCC(=O)Oc1c(c(C)cc(C)c1)C)=O,MOSES sample,6505,318.398,22,68.29,3.39266,5,2
c1nccn2c1nc(c2)C(N(Cc1ccc(cc1)Cl)CC)=O,MOSES sample,6506,314.776,22,50.5,3.045,4,3
c1(N)cccc2c(cccc12)C(Nc1ccc(C(=O)C)cc1)=O,MOSES sample,6507,304.349,23,72.19,3.8769,3,3
c1c(C(Nc2c(C)cccc2)=O)ccc(c1)NC(=O)Nc1nocc1,MOSES sample,6508,336.351,25,96.26,3.87932,4,3
C1COCC1c1noc(-c2nn(cc2Cl)C)n1,MOSES sample,6509,254.677,17,65.97,1.6274,2,3
CSc1nc(C2CC2)cc(C(=O)NCCO)c1C#N,MOSES sample,6510,277.349,19,86.01,1.27468,5,2
C(NC(NC(C)c1oc2ccccc2c1)=O)c1n2c(CCC2)nn1,MOSES sample,6511,325.372,24,84.98,2.5309,4,4
C(Cc1oc(-c2ccc(cc2)C)nn1)C(Nc1ccc(cc1)C#N)=O,MOSES sample,6512,332.363,25,91.81,3.488,5,3
c12n(C)c(C)c(CCC(=O)N3CCN(CC3)C)c(n1nc(n2)N)C,MOSES sample,6513,,,,,,
CC(C)Oc1ccccc1NC(=O)NCCc1ccccn1,MOSES sample,6514,299.374,22,63.25,3.233,6,2
Cc1cccc(NC(=O)c2ccccn2)c1C(=O)N1CCCCCC1,MOSES sample,6515,337.423,25,62.3,3.65852,3,3
CSc1ccc(OCC(=O)NCC(F)(F)F)cc1,MOSES sample,6516,279.283,18,38.33,2.4658,5,1
Cc1cc(C(=O)Nc2nc(-c3ccc4c(c3)CCC4)cs2)no1,MOSES sample,6517,325.393,23,68.02,3.84752,3,4
C1(CCCC1)n1c(C2COCC2)nc(n1)CNC(c1ccccn1)=O,MOSES sample,6518,341.415,25,81.93,2.2221,5,4
c1cc(OC)ccc1CC(C#N)C(=O)N1CCN(C)CC1,MOSES sample,6519,287.363,21,56.57,1.15148,4,2
N(c1ccc(cc1)OC)C(Nc1cccc(OCC(=O)N(C)C)c1)=O,MOSES sample,6520,343.383,25,79.9,2.8062,6,2
c1(N)ccc(cc1COCCCc1sccc1)F,MOSES sample,6521,265.353,18,35.25,3.6188,6,2
c1c(OC)cccc1CNS(c1cc(C(=O)OC)n(c1)C)(=O)=O,MOSES sample,6522,338.385,23,86.63,1.2988,6,2
c1(CNC(c2ccc(-n3nc(C)cc3C)cc2)=O)ccncc1,MOSES sample,6523,306.369,23,59.81,2.81414,4,3
c1(c(-c2ccccc2OC)nc(C(C)C)nc1)-c1n(ccn1)C,MOSES sample,6524,308.385,23,52.83,3.6761,4,3
c1cc(c(N(CC(=O)c2c(C)[nH]c(C)c2)Cc2ncccc2)cc1)OC,MOSES sample,6525,349.434,26,58.22,3.92464,7,3
c1(ccccc1C(F)(F)F)C(=O)Nc1ccc(cc1)C(NCC)=O,MOSES sample,6526,336.313,24,58.2,3.7074,4,2
c1(OC(C(NCC2=CCCCC2)=O)C)cccc(c1)N,MOSES sample,6527,274.364,20,64.35,2.6527,5,2
c1c(F)ccc2c1c1c(C(NC(N1)c1oc(cc1)C)=O)[nH]2,MOSES sample,6528,285.278,21,70.06,3.06252,1,4
N#Cc1ccccc1C(=O)NCC(O)c1ccccc1,MOSES sample,6529,266.3,20,73.12,2.02168,4,2
S(=O)(c1c(cc(cc1)Cl)F)(=O)N(CCn1cccn1)C,MOSES sample,6530,317.773,20,55.2,1.9963,5,2
Cc1cc(C)n(CCNc2nccc(-c3cn(C)nc3C)n2)n1,MOSES sample,6531,311.393,23,73.45,2.11096,5,3
N(C)(C)S(=O)(c1cc(C(=O)N2CCCCC2)c(OC)cc1)=O,MOSES sample,6532,326.418,22,66.92,1.5716,4,2
CCc1c(C#N)nnn1-c1ccc(OC)c(Cl)c1,MOSES sample,6533,262.7,18,63.73,2.36338,3,2
CCC(=O)N1CCN(C(=O)Nc2cc(Cl)ccc2Cl)CC1,MOSES sample,6534,330.215,21,52.65,3.0795,2,2
c1(Cc2c(C)nc3c(c(nn3c2C)C)C)onc(n1)C(C)(OC)C,MOSES sample,6535,329.404,24,78.34,2.81828,4,3
O=C(NC(C)C)CNc1ccc(c(c1)Cl)C#N,MOSES sample,6536,251.717,17,64.92,2.14818,4,1
C(N1C(=O)C2(CCN(C(c3ccccc3)=O)CC2)CCC1)(C)C,MOSES sample,6537,314.429,23,40.62,2.9398,2,3
Cc1ccc2cnn(CCC(=O)Nc3cccnc3)c2c1,MOSES sample,6538,280.331,21,59.81,2.76852,4,3
c1(ccc(cc1)-n1c(cc(N)n1)C)C(Nc1ccc(F)cc1)=O,MOSES sample,6539,310.332,23,72.94,3.15432,3,3
OCC(O)Cn1c(-c2ccncc2)nc2cccc(Cl)c21,MOSES sample,6540,303.749,21,71.17,2.1049,4,3
n1c(COC)scc1C(NC1COc2ccccc2C1)=O,MOSES sample,6541,304.371,21,60.45,2.023,4,3
C(NC(=O)C1CC1)C(N1CC(c2c(ccs2)C)OCC1)=O,MOSES sample,6542,308.403,21,58.64,1.48262,4,3
c1(C)nc(C)c(s1)CN1CCC(c2ccc(F)cc2)=CC1,MOSES sample,6543,302.418,21,16.13,4.18834,3,3
c1c(Cl)cc(S(=O)(N2CCOCC2)=O)c(OC)c1,MOSES sample,6544,291.756,18,55.84,1.3695,3,2
CC(Sc1ccc(Cl)cc1)C(=O)OCC1CCCO1,MOSES sample,6545,300.807,19,35.53,3.5428,5,2
Cc1ncsc1CCC(=O)N1CCCc2cc(-c3ccno3)ccc21,MOSES sample,6546,353.447,25,59.23,4.01852,4,4
Cc1ccccc1COC1CCN(C(=O)c2c(F)ccc(F)c2)CC1,MOSES sample,6547,345.389,25,29.54,4.09462,4,3
c1ccsc1CN1CC2(COCC2C1)CNC(=O)c1ncsc1,MOSES sample,6548,349.481,23,54.46,2.083,5,4
c1c(c2c(cc(OC(C)C)cc2)oc1=O)C(NCCN1CCOCC1)=O,MOSES sample,6549,360.41,26,81.01,1.6422,6,3
Cc1ccc(C)c(-n2nc(-c3cccnc3)cc2C(=O)NCCO)c1,MOSES sample,6550,336.395,25,80.04,2.27324,5,3
C1(C)CCCCN1C(c1ccc(Cl)c(c1)N)=O,MOSES sample,6551,252.745,17,46.33,2.9368,1,2
C(Nc1c(NC(C)=O)ccc(Cl)c1)(N1CC(O)CCC1)=O,MOSES sample,6552,311.769,21,81.67,2.287,2,2
c1(C#N)ccn2nc(C3CC3)nc2c1C(F)(F)F,MOSES sample,6553,252.199,18,53.98,2.49718,1,3
c1cccnc1SC(C)C(=O)NCC(=O)NC(C)C,MOSES sample,6554,281.381,19,71.09,1.203,6,1
CCCC1CN(C(=O)CNS(=O)(=O)c2cccs2)CCO1,MOSES sample,6555,332.447,21,75.71,1.0539,6,2
N(C(=O)C(n1c(c2ccccc2nn1)=O)C)c1cccc(c1)NC(C)=O,MOSES sample,6556,351.366,26,105.98,1.9496,4,3
c1(-c2ccccc2)cc(OC(F)F)c(CNC(CC#N)=O)cc1,MOSES sample,6557,316.307,23,62.12,3.48488,6,2
C1(CCCCN1C(c1c(C)occ1)=O)c1nn(C)cc1-c1ccncc1,MOSES sample,6558,350.422,26,64.16,3.75092,3,4
Cn1c(C(=O)Nc2ccccn2)cc2cc(Cl)ccc21,MOSES sample,6559,285.734,20,46.92,3.479,2,3
n1c(C)n2CCN(C(c3cccnc3Oc3cccnc3)=O)Cc2n1,MOSES sample,6560,336.355,25,86.03,1.82482,3,4
c1(CCNC(=O)c2scnc2C2CC2)c(F)cccc1,MOSES sample,6561,290.363,20,41.99,3.1321,5,3
c1cc(c(c(n1C1CC1)=O)C(N)c1cccs1)C,MOSES sample,6562,260.362,18,48.02,2.60122,3,3
C#CCNC(=O)c1ccc(OC(=O)C2CC=CCC2)c(OC)c1,MOSES sample,6563,313.353,23,64.63,2.3199,5,2
O(C)c1c(cc(C(Nc2cc(OC)c(cc2C)OC)=O)cc1)OC,MOSES sample,6564,331.368,24,66.02,3.28172,6,2
C(c1nn(C)c(cc1)=O)(Nc1ccc(Oc2ccccc2OC)cc1)=O,MOSES sample,6565,351.362,26,82.45,2.8335,5,3
c12c(=O)[nH]c(CCCSc3nnc(C)o3)nc2cccc1,MOSES sample,6566,302.359,21,84.67,2.33942,5,3
c1c2c(n(CC)cc(c2=O)C(=O)NCCCc2ccccc2)ccc1,MOSES sample,6567,334.419,25,51.1,3.384,6,3
Fc1c(C(=O)N2CCCC2C(=O)Nc2ccccc2)cc(cc1)F,MOSES sample,6568,330.334,24,49.41,3.2081,3,3
c1(nc(sc1C)NC(=O)COc1c(ccc(C)c1C)C)C,MOSES sample,6569,304.415,21,51.22,3.7027,4,2
c1(nc(CCNC(c2c(-c3ccccc3)n[nH]c2)=O)sc1C)CC,MOSES sample,6570,340.452,24,70.67,3.37652,6,3
Cc1ccc(C(=O)NCCOc2ncc(Cl)cc2Cl)c(F)c1,MOSES sample,6571,343.185,22,51.22,3.64472,5,2
C(N1CCCS1(=O)=O)c1c(ccc(F)c1)OC,MOSES sample,6572,259.302,17,46.61,1.3698,3,2
c1n2c(n(CCC(N3CCOc4ccc(C)cc34)=O)nc2ccc1)=O,MOSES sample,6573,338.367,25,68.84,1.62012,3,4
N(CC(=O)OC)C(=O)c1cccc(OCc2nc3c(cccn3c2)C)c1,MOSES sample,6574,353.378,26,81.93,2.12452,6,3
C(OC)CCNC(c1n(c2csnc2c1)-c1ccccc1)=O,MOSES sample,6575,315.398,22,56.15,2.8533,6,3
CC(c1nc(C)c(C(Nc2cnc(OC)cc2)=O)s1)C,MOSES sample,6576,291.376,20,64.11,3.23082,4,2
O=C(N)C1CCN(C(=O)CNc2ccc(cc2Cl)Cl)CC1,MOSES sample,6577,330.215,21,75.43,2.1292,4,2
C(#N)c1c(scc1)NC(=O)CCCCNC(N)=O,MOSES sample,6578,266.326,18,108.01,1.39688,6,1
CC(C(=O)NC(C)(C)C)Sc1nn2c(cc(nc2n1)C)C,MOSES sample,6579,307.423,21,72.18,2.13644,3,2
C(c1ccc(cc1C)C)C(=O)N1Cc2nnc(n2CC1)CC,MOSES sample,6580,298.39,22,51.02,2.04224,3,3
C(C(Nc1ccc(cc1)Cl)=O)OC(c1n(C)ncc1)=O,MOSES sample,6581,293.71,20,73.22,1.869,4,2
c1(F)cc(ccc1CN(C(c1c(F)cc(C#N)cc1)=O)CCC)C#N,MOSES sample,6582,339.345,25,67.89,3.76056,5,2
N(c1ccc(F)cc1)C(CNC(c1cc(cc(C)c1)C)=O)=O,MOSES sample,6583,300.333,22,58.2,2.81104,4,2
c1c(NC(=O)c2ccccc2C(F)(F)F)ccnc1C,MOSES sample,6584,280.249,20,41.99,3.66112,2,2
C1C2(CC1)CCN(C(Cc1nc(oc1C)-c1occc1)=O)CC2,MOSES sample,6585,314.385,23,59.48,3.57822,3,4
c12c(cccc1)n(nc2C)CCC(=O)NCC(N1CCCC1)=O,MOSES sample,6586,314.389,23,67.23,1.47342,5,3
CC(C)NC(=O)Cc1c(Cl)ccc(Cl)c1,MOSES sample,6587,246.137,15,29.1,3.0605,3,1
c1(=O)n(C)c2cccc(N)c2n1CCc1ccccc1,MOSES sample,6588,267.332,20,52.95,2.1649,3,3
c1ncc(-c2onc(CN(C)Cc3[nH]c(c4c(ccs4)n3)=O)n2)nc1,MOSES sample,6589,355.383,25,113.69,1.4566,5,4
C1CCc2c(C1)cc(CC(=O)NCCCC(=O)N)cc2,MOSES sample,6590,274.364,20,72.19,1.4896,6,2
C(n1c(=O)c2ccccc2nc1)C(=O)c1ccc(cc1)CC(C)C,MOSES sample,6591,320.392,24,51.96,3.4779,5,3
N(C(C(C)C)=O)CCNC(=O)NCc1ccc(-n2ncnc2)nc1,MOSES sample,6592,331.38,24,113.83,0.2337,7,2
c1(c(N)nccn1)C(Nc1ccc2c(c1)ncn2C)=O,MOSES sample,6593,268.28,20,98.72,1.1978,2,3
n1cc(cc(CNC(Nc2c(ccc(C(NC)=O)c2)C)=O)c1)Cl,MOSES sample,6594,332.791,23,83.12,2.72472,4,2
COCCn1c(-c2c(cccc2)OC(C)C)ccc(CO)c1=O,MOSES sample,6595,317.385,23,60.69,2.4412,7,2
c1(Cl)c(cccc1)Cc1c(C)nc([nH]c1=O)N1CCOCC1,MOSES sample,6596,319.792,22,58.22,2.15912,3,3
c1c(N)c(ccc1NC(=O)CCCOC)OCC,MOSES sample,6597,252.314,18,73.58,2.0326,7,1
NC(c1cccc(Cl)c1Cl)c1nc2ccccc2n1CCO,MOSES sample,6598,336.222,22,64.07,3.3835,4,3
c1(ccc(cc1)OC)Cc1c(=O)n2c(s1)nc(SC)n2,MOSES sample,6599,,,,,,
Cc1nc(C(=O)NC(C)C(=O)N2CCCC2)cs1,MOSES sample,6600,267.354,18,62.3,1.19222,3,2
C(c1ccc(cc1)F)CNC(c1cn(nc1C)C)=O,MOSES sample,6601,261.3,19,46.92,1.84012,4,2
Cc1sc(C(Oc2cccc(c2)NC(=O)c2ccco2)=O)cn1,MOSES sample,6602,328.349,23,81.43,3.51602,4,3
N#Cc1cccc(S(=O)(=O)Nc2ccc3c(c2)CCC3)c1,MOSES sample,6603,298.367,21,69.96,2.84778,3,3
c1(sccn1)N(C(CSc1n(ccn1)C)=O)CC(F)(F)F,MOSES sample,6604,336.364,21,51.02,2.5642,5,2
Cc1c(C(OC)=O)cccc1OC(CC(C)(C)C)=O,MOSES sample,6605,264.321,19,52.6,3.12322,3,1
c1ccccc1C(=O)c1ccc(cc1)OC(=O)Cc1c(C)noc1C,MOSES sample,6606,335.359,25,69.4,3.67054,5,3
C1CN(CCN1C(c1cc(cn1C)Br)=O)C(CC#N)C,MOSES sample,6607,339.237,20,52.27,1.84758,3,2
c1cc(cc(C(=O)Nc2nc(-c3ccc(C)cc3C)cs2)n1)OC,MOSES sample,6608,339.42,24,64.11,4.08284,4,3
c1(N2CCN(CC2)C(=O)c2cc(F)ccc2F)nc(ns1)CC,MOSES sample,6609,338.383,23,49.33,2.3411,3,3
C(c1ccc(cc1)C(=O)NCc1cc2OCOc2cc1)OC,MOSES sample,6610,299.326,22,56.79,2.4917,5,3
c1ncccc1C(=O)N1CCN(Cc2c(cccc2)Cl)CC1,MOSES sample,6611,315.804,22,36.44,2.693,3,3
CNC(=O)C(NC)c1cc(Br)ccc1OC,MOSES sample,6612,287.157,16,50.36,1.4642,4,1
CC(NC(CN(C)c1nc(nc2sccc21)C)=O)(C)C,MOSES sample,6613,292.408,20,58.12,2.35062,3,2
c1cc(ccc1CC(OCCN1C(CCC1)=O)=O)OC,MOSES sample,6614,277.32,20,55.84,1.4033,6,2
CCOc1ccc(OCC(=O)Nc2ccc(C)cc2O)cc1,MOSES sample,6615,301.342,22,67.79,3.11682,6,2
C(=O)(Nc1cccc(C(=O)N2CCOCC2)c1C)Cc1ccc(C)nc1,MOSES sample,6616,353.422,26,71.53,2.35204,4,3
C(C1CC1)OCCN(C)C(c1c(N)cccc1C)=O,MOSES sample,6617,262.353,19,55.56,2.07582,6,2
Fc1ccc(c(c1)F)CCNC(=O)c1oc(COC)cc1,MOSES sample,6618,295.285,21,51.47,2.6767,6,2
Cc1ccc(Cl)c(NC(=O)CCCn2cccc2)c1,MOSES sample,6619,276.767,19,34.03,3.86882,5,2
n1nc(n(c1)C)C1CCCN1C(=O)c1c(OC)c(OC)ccc1,MOSES sample,6620,316.361,23,69.48,1.8096,4,3
Fc1ccc2nc(CSc3nncs3)cn2c1,MOSES sample,6621,266.326,17,43.08,2.6172,3,3
c1(F)c(c(Cl)ccc1)C(=O)N1CCN(CC(C)O)CC1,MOSES sample,6622,300.761,20,43.78,1.6177,3,2
c1c(-n2nccc2)ccc(C(=O)N(C)CC(F)(F)F)c1,MOSES sample,6623,283.253,20,38.13,2.5066,3,2
CC(=O)c1ccc(NC(=O)NC(C)c2cccc(C)n2)cc1,MOSES sample,6624,297.358,22,71.09,3.47532,4,2
Cc1cc(CN(C)C(=O)CC2CCOc3ccccc32)no1,MOSES sample,6625,300.358,22,55.57,2.89782,4,3
C1CC(OC(=O)CCC(=O)Nc2nccs2)CC1,MOSES sample,6626,268.338,18,68.29,2.3476,5,2
C1N(Cc2cncn2C1)C(=O)COc1c(cccc1)OCC,MOSES sample,6627,301.346,22,56.59,1.703,5,3
n1nncn1CC(NCCCn1c(C)cc2c1cccc2)=O,MOSES sample,6628,298.35,22,77.63,1.14272,6,3
CCOC(=O)N1CCN(CC(=O)NC(C)c2ccccc2)CC1,MOSES sample,6629,319.405,23,61.88,1.6379,5,2
c1(=O)n(CC(=O)NCCc2cc(F)ccc2)nc2n1CCCCC2,MOSES sample,6630,332.379,24,68.92,1.2692,5,3
c1c(cccc1C)C(NCc1n2c(CCC2)nn1)=O,MOSES sample,6631,256.309,19,59.81,1.46272,3,3
Cc1cn2c(c(C)c1)nc(c2)COc1cccc(c1)C(N(C)CC)=O,MOSES sample,6632,337.423,25,46.84,3.62204,5,3
c1c(C2CCc3nc(C(NCCCOC)=O)cn3C2)cccc1,MOSES sample,6633,313.401,23,56.15,2.3794,6,3
c1(ccc(cc1)C(=O)N(Cc1n[nH]c(C2CC2)c1)C)OCC,MOSES sample,6634,299.374,22,58.22,2.958,6,3
c1nn(cc1NCc1c(n(nc1C)C)C)CCCCC,MOSES sample,6635,275.4,20,47.67,3.03574,7,2
N1(C(=O)c2c(OCC)nccc2)CCC(Sc2ccccc12)C,MOSES sample,6636,328.437,23,42.43,4.0114,3,3
COc1c(cccc1)S(=O)(=O)NC(C)c1sccc1,MOSES sample,6637,297.401,19,55.4,2.7962,5,2
C1COCC(C2CC2)N1C(=O)NCc1c2ccccc2on1,MOSES sample,6638,301.346,22,67.6,2.1482,3,4
C1CC1NC(=O)CNC(COc1cccc(C)c1C)=O,MOSES sample,6639,276.336,20,67.43,1.07704,6,2
CCOc1cc(Nc2ncc(N)cc2OC)ccc1OC,MOSES sample,6640,289.335,21,78.63,2.8233,6,2
CCn1c(NC(=O)c2snnc2C)nc2ccccc21,MOSES sample,6641,287.348,20,72.7,2.46842,3,3
n1n(C(C)c2cnccc2)c(cc1)NC(=O)c1cc(ncc1)OCC,MOSES sample,6642,337.383,25,81.93,2.9334,6,3
n1c(C)c2cc(C(N3C(CCCC3)Cn3cccn3)=O)cnc2o1,MOSES sample,6643,325.372,24,77.05,2.42262,3,4
o1c2c(OC)cccc2cc(C(=O)N(C2CC2)Cc2c(cccc2)F)n1,MOSES sample,6644,,,,,,
o1c(-c2nnc(NC(c3c(cccc3)SCC)=O)o2)cc(n1)C,MOSES sample,6645,330.369,23,94.05,3.39732,5,3
CS(=O)(N1CCCn2nc(-c3c(Cl)cccc3)cc2C1)=O,MOSES sample,6646,325.821,21,55.2,2.3688,2,3
c1(cnc(cc1)S(N(CCO)CC)(=O)=O)Cl,MOSES sample,6647,264.734,16,70.5,0.7379,5,1
c1ccc(Oc2ccc(cc2)C(=O)NCCNC(=O)C(C)C)cc1,MOSES sample,6648,326.396,24,67.43,2.9809,7,2
n1onc(c1NC(C1CCCCC1)=O)-c1ccccc1,MOSES sample,6649,271.32,20,68.02,3.2554,3,3
C(c1nccs1)N(Cc1ccccc1)C(=O)c1ccccc1O,MOSES sample,6650,324.405,23,53.43,3.6913,5,3
c1cncc(OC2CCC(NC(c3nn(nc3)-c3ccccc3)=O)C2)c1,MOSES sample,6651,349.394,26,81.93,2.3922,5,4
Cc1nc(CNC(=O)NCc2ccc(F)c(Cl)c2)c(C)s1,MOSES sample,6652,327.812,21,54.02,3.55184,4,2
S(c1c(C)[nH]nc1C)(=O)(=O)NCCc1c(C)cccc1,MOSES sample,6653,293.392,20,74.85,1.85596,5,2
C(n1nc(-c2ccc(C)cc2)nn1)C(c1cc(F)c(cc1)F)=O,MOSES sample,6654,314.295,23,60.67,2.80962,4,3
NC(c1c(oc(n1)-c1oc2c(cccc2)c1C)NCc1ccccc1)=O,MOSES sample,6655,347.374,26,94.29,4.10722,5,4
c1(C(NCc2ccc(C)cc2C)=O)ccc(NC(=O)NC(C)C)cc1,MOSES sample,6656,339.439,25,70.23,3.76334,5,2
C1(CCC(NC(CSc2ccncc2)=O)CC1)n1cnnc1,MOSES sample,6657,317.418,22,72.7,2.0653,5,3
CC1CCCN(c2cc(N)n(-c3ccc(F)c(Cl)c3)n2)C1,MOSES sample,6658,308.788,21,47.08,3.4833,2,3
c1(nc2cc(c(cc2n1N)Cl)Cl)NC(CO)(C)C,MOSES sample,6659,289.166,18,76.1,2.2397,3,2
C(C(C(O)c1cc2OCCOc2cc1)NCC(C)C)C(=O)OC,MOSES sample,6660,323.389,23,77.02,1.6685,7,2
c1(F)c(F)ccc(c1)-c1n(CCCO)nnc1C#N,MOSES sample,6661,264.235,19,74.73,1.47738,4,2
C(c1ccncc1)NC(=O)COc1ccc(OCC)cc1,MOSES sample,6662,286.331,21,60.45,2.1755,7,2
C(C)(C)(C)Oc1cc(ccn1)CNC(c1scnc1C)=O,MOSES sample,6663,305.403,21,64.11,2.95382,4,2
Nc1ccc(Nc2ccccn2)c(C(F)(F)F)c1,MOSES sample,6664,253.227,18,50.94,3.4262,2,2
C1(NCCN1c1cc(ccc1OC)NC(NCCCCC)=O)=O,MOSES sample,6665,320.393,23,82.7,2.5365,7,2
C(CNC(=O)C(Oc1c(cccc1)O)CC)c1c2ccccc2[nH]c1,MOSES sample,6666,338.407,25,74.35,3.3898,7,3
C1CN(CCCN1C(=O)c1ccc(cc1)CC)C(=O)c1ccccc1,MOSES sample,6667,336.435,25,40.62,3.2373,3,3
c1cc(ccc1C(Nc1cc2c(cc1)n(C)c(n2C)=O)=O)Cl,MOSES sample,6668,315.76,22,56.03,2.7827,2,3
c1cc(F)cc2C3(C(=O)N(c21)CCc1ccccc1)OCCO3,MOSES sample,6669,313.328,23,38.77,2.6146,3,4
c1ccc2nc(CCn3c(=O)c4c(s3)cccc4)n(CC)c(c2c1)=O,MOSES sample,6670,351.431,25,56.89,3.0355,4,4
C(CN(S(N1Cc2c(CC1)scc2)(=O)=O)C)C,MOSES sample,6671,274.411,17,40.62,1.6928,4,2
CS(=O)(=O)N1CCN(c2cc(Nc3ccccc3)ncn2)CC1,MOSES sample,6672,333.417,23,78.43,1.3018,4,3
C(C(F)(F)F)Oc1cc(ccc1)NCc1scc(C)n1,MOSES sample,6673,302.321,20,34.15,4.00472,5,2
C(N1C(CCCC1)CO)(C1CCN(CC1)C(=O)CCC)=O,MOSES sample,6674,296.411,21,60.85,1.3985,4,2
CCCNC(=O)c1cccc(NC(=O)c2ccc3c(c2)OCO3)c1,MOSES sample,6675,326.352,24,76.66,2.8074,5,3
C1CN(CCC1n1cccc1)C(=O)C1CN(C(N(C)C)=O)CCC1,MOSES sample,6676,332.448,24,48.79,2.0452,2,3
c1(F)c(cccc1C(Nc1ccc(CN2CCOC2=O)cc1)=O)OC,MOSES sample,6677,344.342,25,67.87,3.0388,5,3
CC1CCCC(N(C)C(=O)c2cc(-c3csc(C)n3)cn2C)C1,MOSES sample,6678,331.485,23,38.13,4.10772,3,3
Clc1cc(CN(C)C(Nc2n(C)nc(c2)C)=O)ccc1,MOSES sample,6679,292.77,20,50.16,3.04582,3,2
COC(=O)c1cccc(NCC(=O)Nc2ccccc2C(C)=O)c1,MOSES sample,6680,326.352,24,84.5,2.7264,6,2
c1c(-n2nc(C)cc2C)ccc(C(NCCC(NC(C)C)=O)=O)c1,MOSES sample,6681,328.416,24,76.02,2.13364,6,2
C1CN(CCC1C(=O)N(C)C)c1nnc(-c2c(F)cccc2)s1,MOSES sample,6682,334.42,23,49.33,2.6488,3,3
O=C(NCc1cscn1)c1cc(-c2ccc(F)cc2)n[nH]1,MOSES sample,6683,302.334,21,70.67,2.6023,4,3
C(NC1CCCn2c1nc(n2)CC)(=O)Cc1sccc1,MOSES sample,6684,290.392,20,59.81,2.0958,4,3
C(C)(c1ccc(cc1)S(N(CCC#N)CC1CC1)(=O)=O)C,MOSES sample,6685,306.431,21,61.17,3.12438,7,2
O=C(Nc1nc(-c2ccccn2)cs1)C1COc2ccccc2O1,MOSES sample,6686,339.376,24,73.34,2.9836,3,4
c1cnccc1-c1cc([nH]n1)NC(Cc1c(n[nH]c1C)C)=O,MOSES sample,6687,296.334,22,99.35,1.99284,4,3
N(CCC(C)C)C(=O)Nc1cc(N2C(CCC2)=O)c(cc1)OC,MOSES sample,6688,319.405,23,70.67,2.9896,6,2
N#Cc1cccc(COc2ccc(-n3cnnn3)cc2)c1,MOSES sample,6689,277.287,21,76.62,2.11298,4,3
C1C(N(C)C(CC2OC(=O)c3c2cccc3)=O)CCCCC1,MOSES sample,6690,301.386,22,46.61,3.4694,3,3
CN(C(CC#N)C)C(Nc1ccc(Oc2ccc(cc2)C#N)c(C)c1)=O,MOSES sample,6691,348.406,26,89.15,4.42488,5,2
n1c(noc1COC)CC(C)C(NC1CCCC1)=O,MOSES sample,6692,267.329,19,77.25,1.4534,6,2
COCCNC(=O)Cn1cc(C)c(-c2cnn(C)c2)n1,MOSES sample,6693,277.328,20,73.97,0.35462,6,2
C1(N(c2cc3CCC(Nc3cc2)=O)CCCC1)CC,MOSES sample,6694,258.365,19,32.34,3.3402,2,3
C(OC)CCNc1ccccc1S(=O)(=O)CC,MOSES sample,6695,257.355,17,55.4,1.9286,7,1
N(C(=O)CC1CCCCC1)c1oc(nn1)-c1n(ncc1)C(C)C,MOSES sample,6696,317.393,23,85.84,3.4229,5,3
O=C(NCc1ccccc1F)Nc1nccn(C)c1=O,MOSES sample,6697,276.271,20,76.02,1.2411,3,2
c1c(C(NC(Cn2c(csc2=O)C)=O)C)ccc(c1F)OC,MOSES sample,6698,324.377,22,60.33,2.24332,5,2
c1cc(C(=O)NCc2cc3c(OCO3)cc2)ccc1S(=O)(CC)=O,MOSES sample,6699,347.392,24,81.7,2.1389,5,3
c12c(ncn1Cc1onc(c1)C)n(c(=O)n(c2=O)C)C,MOSES sample,6700,275.268,20,87.85,-0.22158,2,3
C1c2nnc(n2CCN1C(Nc1cc(nn1C)CC(C)(C)C)=O)CC,MOSES sample,6701,345.451,25,80.87,2.2103,3,3
c1c(C(Nc2cc(C)c(cc2)OC)=O)c(C)c(o1)C,MOSES sample,6702,259.305,19,51.47,3.46576,3,2
n1n(cnc1)CCC(N1CCN(CC1)Cc1ccc(cc1F)F)=O,MOSES sample,6703,335.358,24,54.26,1.2908,5,3
n1c(cccc1C(COC)Nc1cccc(n1)C#N)-c1ccccc1,MOSES sample,6704,330.391,25,70.83,3.81488,6,3
O=C(c1cc2n(cc1)nnn2)NCc1c(Cl)cccc1,MOSES sample,6705,287.71,20,72.18,1.7077,3,3
N1(S(=O)(C)=O)CC(C(NC(Cn2cncn2)=O)C1)CCC,MOSES sample,6706,315.399,21,97.19,-0.5456,6,2
n1(C)cc(cn1)NC(=O)NCCOc1ccccc1OC,MOSES sample,6707,290.323,21,77.41,1.6292,6,2
N(c1cccc(S(N2CCOCC2)(=O)=O)c1C)C(=O)C(C)(C)C,MOSES sample,6708,340.445,23,75.71,2.00052,3,2
Fc1c(C(Nc2c(c(C3CC3)cs2)C(=O)OCC)=O)cccc1,MOSES sample,6709,333.384,23,55.4,4.1936,5,3
c1(c(S(=O)(N(C)CCCO)=O)ccc(F)c1)C,MOSES sample,6710,261.318,17,57.61,1.13702,5,1
C1CCCC(=C1)CCNC(=O)NC(c1n(cnn1)C)C,MOSES sample,6711,277.372,20,71.84,2.0658,5,2
O(C)c1ccc(NC(c2cccc(n2)C)=O)c(c1)OC,MOSES sample,6712,272.304,20,60.45,2.65952,4,2
O=C(NC(CO)c1ccccc1)c1cc2n(n1)CCCO2,MOSES sample,6713,287.319,21,76.38,1.129,4,3
O=C1CC2C(CCN2Cc2cccs2)N1Cc1ccncc1,MOSES sample,6714,313.426,22,36.44,2.5185,4,4
c1(nc(no1)C)C12COCC2CN(c2ncccn2)C1,MOSES sample,6715,273.296,20,77.17,0.57242,2,4
C1CN(CCN1Cc1c(cccc1)OCC#C)C(Nc1cn[nH]c1)=O,MOSES sample,6716,339.399,25,73.49,1.7714,5,3
c1ccc(cc1-c1nc2ccccc2n1CCO)OCC,MOSES sample,6717,282.343,21,47.28,3.0943,5,3
c1(scc(n1)CC(=O)NCCO)COc1ccc(Cl)c(c1)C,MOSES sample,6718,340.832,22,71.45,2.33492,7,2
O1c2ccccc2CC(C(N(CC)CC(=C)C)=O)C1,MOSES sample,6719,259.349,19,29.54,2.6623,4,2
CN(C(=O)COc1c(cccc1OC)OC)Cc1cc(F)ccc1,MOSES sample,6720,333.359,24,48,2.8803,7,2
O=S(c1ccc2CCCc2c1)(N1C(c2sccc2)CCC1)=O,MOSES sample,6721,333.478,22,37.38,3.7626,3,4
c1c(cccc1F)CCc1nc2ccccc2[nH]c1=O,MOSES sample,6722,268.291,20,45.75,2.8474,3,3
O=S(Nc1ccc(C(=O)CC)cc1)(=O)CCCC,MOSES sample,6723,269.366,18,63.24,2.8211,7,1
C(C)OC(=O)C(N)c1c(cc(c(c1F)F)F)F,MOSES sample,6724,251.179,17,52.32,1.8059,3,1
CC(NC(N)=O)C(=O)N(Cc1ccccc1F)C1CCCCC1,MOSES sample,6725,321.396,23,75.43,2.5438,5,2
c1(-c2nnc3n2nc(-c2c3cccc2)sc2c[nH]c(=O)c23)occc1,MOSES sample,6726,,,,,,
O(c1c(OC2OC(CO)C(C2O)NC(C)=O)cccc1)CC,MOSES sample,6727,311.334,22,97.25,0.0469,6,2
S(N1Cc2c(COC)(CC1)C#N)(=O)(CCC)=O,MOSES sample,6728,,,,,,
c1ccc(c(-c2c(cnc(-c3ccccc3)n2)S(C)(=O)=O)c1)OC,MOSES sample,6729,340.404,24,69.15,3.2227,4,3
O=c1[nH]ncc(NCCNS(=O)(=O)CC)c1Cl,MOSES sample,6730,280.737,17,103.95,-0.2255,6,1
CCOc1ccc2nc(N3CCN(C(C)=O)CC3)sc2c1,MOSES sample,6731,305.403,21,45.67,2.3635,3,3
c1c(NC(=O)CCn2c3ccccc3nc2)c(F)cc(F)c1,MOSES sample,6732,301.296,22,46.92,3.3433,4,3
OCc1ccc(-c2ccc(cc2)OCC)n(CCC)c1=O,MOSES sample,6733,287.359,21,51.46,2.8163,6,2
c1(ccc2OCOc2c1)NC(CCNc1ncccn1)=O,MOSES sample,6734,286.291,21,85.37,1.646,5,3
c1cc2c(cn(C)c2cc1)NC(=O)c1cccc2cn[nH]c21,MOSES sample,6735,290.326,22,62.71,3.3069,2,4
C(=O)(Nc1ccc(-n2cc(C(=O)N)nn2)cc1)c1sc(C)cc1,MOSES sample,6736,327.369,23,102.9,1.98842,4,3
O(C)c1c(OC(F)F)cc2c(CCNC2CCC)c1,MOSES sample,6737,271.307,19,30.49,3.2835,5,2
C1N(CCCC1N(CC)CO)C(c1csc(n1)C)=O,MOSES sample,6738,283.397,19,56.67,1.32782,4,2
C1C2C=CC1C(CO)C2NC(=O)Nc1cc(c(OC)c(F)c1)F,MOSES sample,6739,324.327,23,70.59,2.2779,4,3
Cc1cnn(CC2CCCCN2C(=O)c2ccc3c(c2)OCCO3)c1,MOSES sample,6740,341.411,25,56.59,2.65762,3,4
CN(Cc1scc(Br)c1)C(=O)c1ccccc1C#N,MOSES sample,6741,335.226,19,44.1,3.65448,3,2
C(C)(C(NC(c1ccco1)=O)C(=O)Nc1c(cccc1)OCC)C,MOSES sample,6742,330.384,24,80.57,3.0714,7,2
O=C(OC(C)(C)C)Nc1nc(ccc1-n1cccc1)C,MOSES sample,6743,273.336,20,56.15,3.52772,2,2
C(S(NCc1noc(-c2ccsc2)n1)(=O)=O)C,MOSES sample,6744,273.339,17,85.09,1.2374,5,2
C(C)C(Nc1c(ccc(c1)S(NCC1OCCC1)(=O)=O)C)=O,MOSES sample,6745,326.418,22,84.5,1.80082,6,2
O=C1N(C)Cc2cc(S(NC)(=O)=O)c(OC3CC3)cc2O1,MOSES sample,6746,312.347,21,84.94,1.0801,4,3
O=C(CN(C)C(C)=O)Nc1ccc(SC)cc1,MOSES sample,6747,252.339,17,49.41,1.8253,4,1
c1(cc(ccc1)C(=O)N1CCC2(CN(C)C(O2)=O)C1)OCC=C(C)C,MOSES sample,6748,344.411,25,59.08,2.6983,4,3
C=CCN1CCN(CC1)S(=O)(c1ccc(C)cc1C)=O,MOSES sample,6749,294.42,20,40.62,1.79574,4,2
CCOC(=O)CN(C)S(=O)(=O)c1c(C)cc(N)cc1C,MOSES sample,6750,300.38,20,89.7,1.06924,5,1
c12c(sc(C(=O)NCCCN3CCCC3=O)c2Cl)c(F)ccc1,MOSES sample,6751,354.834,23,49.41,3.4361,5,3
c1(nc(-c2cnccc2)no1)Cc1ccc(-n2nc(cc2C)C)cc1,MOSES sample,6752,331.379,25,69.63,3.52494,4,4
c1ccc(cc1N1C(=O)CCC1)NC(=O)COc1c(F)cccc1,MOSES sample,6753,328.343,24,58.64,2.97,5,3
COc1ccc(OC)c(NC(=O)NCCn2cnc3ccccc32)c1,MOSES sample,6754,340.383,25,77.41,2.8752,6,3
C1CC1NC(N1CC(c2onc(n2)-c2ncccn2)C1)=O,MOSES sample,6755,286.295,21,97.04,0.7978,3,4
Nc1c(N2CCC(C(=O)c3ccc(cc3)Cl)CC2)c([nH]n1)C,MOSES sample,6756,318.808,22,75.01,3.05302,3,3
n1(c(SCC(N(CCC#N)C)=O)ncc1)C(C)C,MOSES sample,6757,266.37,18,61.92,1.92818,6,1
O=C(c1cccc(NC(=O)c2ccoc2)c1)N(CCO)CC(F)(F)F,MOSES sample,6758,356.3,25,82.78,2.5287,6,2
O=C(NCCNC(=O)N(Cc1ccc(cc1)F)C)C,MOSES sample,6759,267.304,19,61.44,1.1032,5,1
c1cc(C(=O)Nc2c(F)cc(cc2)Cl)c(c(c1)OC)F,MOSES sample,6760,297.688,20,38.33,3.8791,3,2
COc1c(NC(CCn2nc(C)cc2C)=O)ccc(OC)c1,MOSES sample,6761,303.362,22,65.38,2.54594,6,2
c1(cc(Br)ccc1F)CC(N(CCC(NC)=O)C)=O,MOSES sample,6762,331.185,19,49.41,1.7252,5,1
N1(C(=O)c2cccs2)CCN(CC1)c1nc(C)nc2c1scc2,MOSES sample,6763,344.465,23,49.33,3.02362,2,4
C(Cn1c(nc2c1cccc2)SCC(NC1CC1)=O)CC,MOSES sample,6764,303.431,21,46.92,3.2071,7,3
C1CN(C(Cc2c(cccc2)Cl)C1)C(=O)NCc1cn(C)nc1,MOSES sample,6765,332.835,23,50.16,2.9902,4,3
c1(n[nH]c(C)n1)C(c1ccccc1)NC(=O)c1c(OCC)nccc1,MOSES sample,6766,337.383,25,92.79,2.42622,6,3
Brc1cc(c(OC)cc1CCOc1cc(N)ccc1)O,MOSES sample,6767,338.201,20,64.71,3.367,5,2
CCCCCN1C(=O)C(C)Oc2ccc(C(C)=O)cc21,MOSES sample,6768,275.348,20,46.61,3.1933,5,2
Cc1ncc(CNC(=O)N(C2CC2)C(C)C(C)C)s1,MOSES sample,6769,281.425,19,45.23,3.17002,5,2
C(N(C)C(c1cnc(N)c(c1-c1ccncc1)C)=O)CC,MOSES sample,6770,284.363,21,72.11,2.51622,4,2
N(Cc1ccc(c(OC)c1)OC)C(=O)C1C(c2ccccc2)C1,MOSES sample,6771,311.381,23,47.56,3.1237,6,3
CN(c1c2nnn(Cc3ccccc3)c2ncn1)C,MOSES sample,6772,254.297,19,59.73,1.3356,3,3
c1c(C2NCCc3c(cccc32)F)c(c(c(F)c1)F)F,MOSES sample,6773,281.252,20,12.03,3.4781,1,3
O=C1N(C2CCCC2)CC(C1)C(=O)NC1(CCC1)c1ccccc1,MOSES sample,6774,326.44,24,49.41,2.9731,4,4
COc1ccc2c3c1OCN(CCc1ccccc1)C32,MOSES sample,6775,267.328,20,21.7,2.9926,4,4
Cn1c(=O)[nH]c(=O)c2c1nc(-c1ccncc1)n2CC(C#N)CCC#N,MOSES sample,6776,349.354,26,133.15,0.92886,5,3
CC(NC(=O)CCC(=O)c1ccc(Br)cc1)C(N)=O,MOSES sample,6777,327.178,19,89.26,1.402,6,1
CC(=O)Nc1ccccc1NC(=O)CSc1ccc(Cl)cc1,MOSES sample,6778,334.828,22,58.2,4.0292,5,2
C(n1nc(C(N(C)Cc2cnccc2)=O)ccc1=O)COC,MOSES sample,6779,302.334,22,77.32,0.5569,6,2
C1c2ccccc2CN1C(CSc1nnc(-c2ccncc2)o1)=O,MOSES sample,6780,338.392,24,72.12,2.7661,4,4
c1cc(N(C(=O)c2onc(C)c2)CC2OCCC2)ccc1,MOSES sample,6781,286.331,21,55.57,2.80882,4,3
CCCCOC(=O)C(C)n1cnc2c(oc3ccccc32)c1=O,MOSES sample,6782,314.341,23,74.33,3.047,5,3
Cc1noc(CCNC(=O)c2cnn(-c3ccccn3)c2C(C)C)n1,MOSES sample,6783,340.387,25,98.73,2.05462,6,3
c1(NC(N(CC)CCCC)=O)ccc(OC)cc1,MOSES sample,6784,250.342,18,41.57,3.3491,6,1
Cc1ccc(Cc2nc(-c3cc(N)ccc3C)n[nH]2)cc1,MOSES sample,6785,278.359,21,67.59,3.26154,3,3
Cc1ccc(N2CCC(C(=O)NCC3(C)COC3)C2=O)cc1F,MOSES sample,6786,320.364,23,58.64,1.63972,4,3
C(NCCOc1ccc2CCCc2c1)(C(NC(=O)c1occc1)C)=O,MOSES sample,6787,342.395,25,80.57,2.0818,7,3
COC(=O)c1ccc(C)c(NC(=O)c2ccc(-n3cncn3)nc2)c1,MOSES sample,6788,337.339,25,99,2.00962,4,3
CCOc1ncccc1CNC(=O)N(CC)CC,MOSES sample,6789,251.33,18,54.46,2.0317,6,1
O=C(Cc1ccc(O)cc1)N1CCCC(CN2CCOCC2)C1,MOSES sample,6790,318.417,23,53.01,1.5055,4,3
CC1(C)CCC(CNC(=O)c2c[nH]nc2C2CCCCC2)CC1O,MOSES sample,6791,333.476,24,78.01,3.3744,4,3
Cc1cc(C(=O)COc2ccc(N)cc2F)c(C)n1C1CC1,MOSES sample,6792,302.349,22,57.25,3.42284,5,3
C(NS(=O)(c1c(cccc1)F)=O)c1cccnc1OC,MOSES sample,6793,296.323,20,68.29,1.7078,5,2
COc1cccc(CN2CCCC(c3n[nH]c4nccnc34)C2)c1,MOSES sample,6794,323.4,24,66.93,2.7411,4,4
Cc1cccc(C)c1NC(=O)CNC(=O)CSc1ncccn1,MOSES sample,6795,330.413,23,83.98,1.94044,6,2
Cc1ccc(C#N)cc1NC(=O)c1cccc2c1OCC(=O)N2,MOSES sample,6796,307.309,23,91.22,2.4499,2,3
COCCCNC(=O)N1CCc2sccc2C1C,MOSES sample,6797,268.382,18,41.57,2.4133,4,2
Cc1cc(C)c(CNC(=O)N(C)CC(=O)NC(C)(C)C)c(=O)[nH]1,MOSES sample,6798,322.409,23,94.3,1.04784,4,1
N(Cc1scc(Br)c1)c1nn(C)nn1,MOSES sample,6799,274.147,14,55.63,1.6462,3,2
C(CN(Cc1c(n[nH]c1)-c1cccs1)CC(F)(F)F)=C,MOSES sample,6800,301.337,20,31.92,3.6885,6,2
C(Sc1nc2c(c(n1CC=C)=O)cccc2)C(N1CCCCC1)=O,MOSES sample,6801,343.452,24,55.2,2.6871,5,3
c1(CNC(COc2c(cccc2)Cl)=O)c(CC)onc1CC,MOSES sample,6802,322.792,22,64.36,3.148,7,2
Cc1oc(-c2cccs2)nc1C(=O)Nc1ccccc1C(N)=O,MOSES sample,6803,327.365,23,98.22,3.06272,4,3
O=C(COc1ccc(-c2ocnn2)cc1)Nc1sccn1,MOSES sample,6804,302.315,21,90.14,2.2106,5,3
c12c(c(F)ccc2nc(n1CCO)C=Cc1cccs1)F,MOSES sample,6805,306.337,21,38.05,3.5387,4,3
C1CN(CCO1)c1ncnc2c1c(NC(=O)C(C)(C)C)ccc2,MOSES sample,6806,314.389,23,67.35,2.451,2,3
c1cccc(C(CSc2nnc(C)s2)=O)c1OC,MOSES sample,6807,280.374,18,52.08,2.83012,5,2
O(CC)C(=O)C1CCCN(C1)C(=O)c1c([nH]c(c(Cl)c1C)C)=O,MOSES sample,6808,340.807,23,79.47,2.06044,3,2
Cc1ccc(NCc2nnc3n2CCCCC3)cc1F,MOSES sample,6809,274.343,20,42.74,3.06412,3,3
C(=O)(c1c(C)nc(cc1)C)N(C)CCOc1ccc(C)cc1,MOSES sample,6810,298.386,22,42.43,3.15786,5,2
c1cc(C(=O)N)cc(c1)OCC(=O)Nc1c(c(C)ccc1)C,MOSES sample,6811,298.342,22,81.42,2.41984,5,2
N(C(C)(C)C1CCCCC1)C(c1cccc(c1)-n1nccc1)=O,MOSES sample,6812,311.429,23,46.92,3.961,4,3
O=C(CNc1ccc(cc1)NC(=O)OCC)N1C(C)CCCC1C,MOSES sample,6813,333.432,24,70.67,3.4564,5,2
c1n(ncc1CN(Cc1occc1)C(c1cnccc1)=O)CC,MOSES sample,6814,310.357,23,64.16,2.7336,6,3
c1cc(oc1)C(=O)Nc1ccc(cc1)S(=O)(N1CCOCC1)=O,MOSES sample,6815,336.369,23,88.85,1.5528,4,3
C1CCCC(CN(C)C(Cc2cn(c3ccccc32)C)=O)C=1,MOSES sample,6816,296.414,22,25.24,3.5355,4,3
c1c(Br)cn2c(n1)nc(C(NCCCC)=O)n2,MOSES sample,6817,298.144,17,72.18,1.4167,4,2
C1CC(N(C1)C(Nc1cccnc1)=O)c1cccs1,MOSES sample,6818,273.361,19,45.23,3.5121,2,3
c1(c(C)n(nc1)C)C(NC(=O)CNC(=O)c1cscc1)C,MOSES sample,6819,306.391,21,76.02,1.39722,5,2
C1CN(C(=O)c2cc(Br)cnc2)CCCO1,MOSES sample,6820,285.141,16,42.43,1.7066,1,2
c1(-c2ccncc2)c(nnn1Cc1ccc(F)cc1)C#N,MOSES sample,6821,279.278,21,67.39,2.39918,3,3
c12c(cccc1)cc(c(C)n2)C(=O)OCC(=O)NCc1cccs1,MOSES sample,6822,340.404,24,68.29,3.07792,5,3
n1c(cccc1)C(Nc1ccccc1NCc1nc(-c2ccco2)no1)=O,MOSES sample,6823,361.361,27,106.08,3.589,6,4
n1nn(cn1)-c1cccc(c1)C(Nc1c(OC)cc(Cl)c(C)c1)=O,MOSES sample,6824,343.774,24,81.93,2.88502,4,3
c1(N2CCCC(C2)CNC(=O)COc2c(C)cccc2)ncccn1,MOSES sample,6825,340.427,25,67.35,2.19662,6,3
c1(c(oc2c(c1)n(c1c2cccc1)C(C)C)=O)C(=O)NC(CC)C,MOSES sample,6826,326.396,24,64.24,3.8569,4,3
C1(C(NCC(C)Sc2ccccc2)=O)N(c2cccnn2)CCC1,MOSES sample,6827,342.468,24,58.12,2.7424,6,3
CC(C(NC(=O)Nc1cn[nH]c1)C)N1CCOCC1,MOSES sample,6828,267.333,19,82.28,0.6404,4,2
N#CC1(CCC1)N(C)C(c1cc(ccc1Br)OC)=O,MOSES sample,6829,323.19,19,53.33,2.97598,3,2
COCCOc1cccc(C(=O)N2CCCC(c3ccn[nH]3)C2)c1,MOSES sample,6830,329.4,24,67.45,2.4547,6,3
n1(Cc2cccnc2)c2c(CN(CC2COCC)C(C(C)C)=O)cn1,MOSES sample,6831,342.443,25,60.25,2.4447,6,3
c1cc(C)ccc1OCC(=O)N(C(C)C)CC(=O)OC,MOSES sample,6832,279.336,20,55.84,1.78382,6,1
O=S(=O)(C)c1ccc(NC(=O)NC(C)c2cc(C)oc2C)cc1,MOSES sample,6833,336.413,23,88.41,3.18264,4,2
C(c1c(C)noc1C)CC(N1CCN(c2ccc(cc2)Cl)CC1)=O,MOSES sample,6834,347.846,24,49.58,3.22624,4,3
N(C(c1cnc(nc1)CC)=O)C(C(F)(F)F)c1c(OC)cccc1,MOSES sample,6835,339.317,24,64.11,3.081,5,2
NC(=O)c1c2c(cccc2)c(n(CC(NC2CCC(CC2)C)=O)n1)=O,MOSES sample,6836,342.399,25,107.08,1.1903,4,3
C(C)Cn1ccnc1S(CC(=O)N1CCC(CC1)C)(=O)=O,MOSES sample,6837,313.423,21,72.27,1.3253,5,2
c1(nc(-c2ncccc2)no1)CN(C(=O)COC1CC(C)CCC1)C,MOSES sample,6838,344.415,25,81.35,2.6853,6,3
O=C(COc1cccc(-c2[nH]ncc2-c2ccccc2)c1)N,MOSES sample,6839,293.326,22,81,2.6078,5,3
CCOc1ccccc1NC(=O)N1CCC(Oc2ncccn2)CC1,MOSES sample,6840,342.399,25,76.58,2.9506,5,3
C(c1c(cccc1)Cl)NC(Nc1sccn1)=O,MOSES sample,6841,267.741,17,54.02,3.1182,3,2
COC(=O)COc1cc(=O)oc2cc(C)ccc12,MOSES sample,6842,248.234,18,65.74,1.65322,3,2
FC(F)(CCN(c1ncccc1Br)CCOC)F,MOSES sample,6843,327.144,18,25.36,3.2493,6,1
c1cc(oc1)-c1nc(CN2CC(c3ccc(O)cc3)(O)CC2)no1,MOSES sample,6844,327.34,24,95.76,2.1287,4,4
c1c(NCc2cnc(C)cc2)c(C)cc(Br)c1,MOSES sample,6845,291.192,17,24.92,4.07304,3,2
C=CCOC(C)C(=O)NCc1cc(Cl)c2c(c1)OCCCO2,MOSES sample,6846,325.792,22,56.79,2.7086,6,2
c1c(n[nH]c1-c1ccncc1)C(=O)N1CCC(C(OC)=O)CC1,MOSES sample,6847,314.345,23,88.18,1.4969,3,3
CCOC(=O)CCCn1c(=O)c(C(F)(F)F)nc2ccc(F)cc21,MOSES sample,6848,346.28,24,61.19,2.8977,5,2
c1(n(Cc2ccc(cc2)OC)c2ccc(cc2n1)N)C,MOSES sample,6849,267.332,20,53.07,2.98382,3,3
COc1ccc(C(Nc2ccncc2)=O)c(F)c1F,MOSES sample,6850,264.231,19,51.22,2.6207,3,2
O=C(C(NC(Nc1c(cc(C(NCC)=O)cc1)C)=O)C(C)C)NC,MOSES sample,6851,334.42,24,99.33,1.63682,6,1
Cc1sc2nc(Cn3nnnc3C(C)C)nc(N)c2c1C,MOSES sample,6852,303.395,21,95.4,2.04854,3,3
n1c2c([nH]c1SC1CCCCC1=O)cccc2,MOSES sample,6853,246.335,17,45.75,3.1667,2,3
N(C(c1ccc(N(C)C)cc1F)=O)(CC(C#N)C)C,MOSES sample,6854,263.316,19,47.34,2.12338,4,1
C(CCOC)(=O)NC(C)c1sc2c(CCCC2)n1,MOSES sample,6855,268.382,18,51.22,2.2356,5,2
C1CCC(CCC1)NC(=O)NCCNc1ncnc2c1cnn2C,MOSES sample,6856,331.424,24,96.76,1.7972,5,3
c1(ccc(s1)C)-c1n[nH]c(c1)C(=O)NCCCC(N)=O,MOSES sample,6857,292.364,20,100.87,1.44192,6,2
C(Nc1ccc(cc1)C(N)=O)(c1c(Br)cccc1)=O,MOSES sample,6858,319.158,19,72.19,2.8003,3,2
COc1c2ccc(C(=O)C(C)C)cc2sc1C(N)=O,MOSES sample,6859,277.345,19,69.39,2.8475,4,2
COCc1oc(-c2cccc(OC)c2OC)cc1CO,MOSES sample,6860,278.304,20,61.06,2.6025,6,2
CC1CN(C(=O)NCc2ccccc2COCCC)CC(O1)C,MOSES sample,6861,320.433,23,50.8,2.932,6,2
c1(c(N)ccc(c1)Br)S(=O)(NC1CC1)=O,MOSES sample,6862,291.17,15,72.19,1.472,3,2
O=C(COC(=O)c1c(N)nc(nc1)CCC)NC(C)C,MOSES sample,6863,280.328,20,107.2,0.6927,6,1
O=C(c1cnccc1C)N1CC(O)C(CC1)c1cc2c(cc1)cccc2,MOSES sample,6864,346.43,26,53.43,3.53382,2,4
Cn1ccnc(Nc2ccc(NC(=O)c3scnc3C3CC3)cc2)c1=,MOSES sample,6865,,,,,,
c1(C(=O)OCC(N)=O)c2ccccc2c(-c2ccc(cc2)C)nn1,MOSES sample,6866,321.336,24,95.17,2.24732,4,3
Nc1c(cccc1)C(=O)OCCCOc1ccccc1,MOSES sample,6867,271.316,20,61.55,2.8947,6,2
c1nc(ccc1C)CC(NCc1cccc2cccnc12)=O,MOSES sample,6868,291.354,22,54.88,2.79712,4,3
O=C(NCCOc1cccc(F)c1)Nc1ccccn1,MOSES sample,6869,275.283,20,63.25,2.4212,5,2
c1(ccc2c(sc(=NC(CC)=O)n2CC=C)c1)NC(=O)C,MOSES sample,6870,303.387,21,63.46,2.6845,4,2
O=c1n(nnc2c1cccc2)CCC(Nc1cccc2cccnc12)=O,MOSES sample,6871,345.362,26,89.77,2.3685,4,4
O=C(NCc1c(Cl)cccc1)c1c(SCCOC)cccc1,MOSES sample,6872,335.856,22,38.33,4.0085,7,2
C1C(=O)CCN(C1)C(=O)COc1ccc(cc1F)F,MOSES sample,6873,269.247,19,46.61,1.5351,3,2
c12nc3c(CCCC3)c(c2C(CCC1)=O)C(=O)Oc1ccccc1,MOSES sample,6874,321.376,24,56.26,3.6986,2,4
O(CC)C(=O)CCc1c(ccc(c1)F)Br,MOSES sample,6875,275.117,15,26.3,3.0839,4,1
FC(COc1ncc(OC)cc1Br)(F)F,MOSES sample,6876,286.047,15,31.35,2.7938,3,1
C1C(OC(=O)c2cccn21)CC(Nc1ccc(cc1)OC)=O,MOSES sample,6877,300.314,22,69.56,2.0645,4,3
c1ccnc(-n2cc(NC(NC(CC)c3cnn(C)c3)=O)cn2)n1,MOSES sample,6878,326.364,24,102.55,1.6686,5,3
Fc1ccc(cc1)C(CNC(=O)CCCc1ccc(cc1)C)(O)C,MOSES sample,6879,329.415,24,49.33,3.48072,7,2
O=C(N1CCOCC1)C(NC(=O)c1c(ncs1)C)C,MOSES sample,6880,283.353,19,71.53,0.42862,3,2
CC(=O)Nc1ccc(C)cc1NCc1cn(C)nc1-c1ccccc1,MOSES sample,6881,334.423,25,58.95,3.96602,5,3
O=C(NCC(Nc1cc(ccc1)OC(F)(F)F)=O)N,MOSES sample,6882,277.202,19,93.45,1.192,4,1
Cc1csc(=O)n1CCC(=O)Oc1ccccc1Cl,MOSES sample,6883,297.763,19,48.3,2.86732,4,2
N(C(c1c2c(sc1C)ccn(c2=O)CC)=O)Cc1cccs1,MOSES sample,6884,332.45,22,51.1,3.38282,4,3
CCNC(=O)NC1(C(=O)N(C)Cc2ccc(F)cc2)CCCC1,MOSES sample,6885,321.396,23,61.44,2.416,5,2
O(CC(=O)Nc1ccc(Cl)c(c1)NC(c1cc(ccc1)C#N)=O)C,MOSES sample,6886,343.77,24,91.22,3.04888,5,2
n1(-c2ccc(CC(=O)Nc3cc(ccc3C)C)cc2)cccn1,MOSES sample,6887,305.381,23,46.92,3.67034,4,3
C(c1cc(n(n1)C)NC(CNc1cc(ccc1OC)C(=O)N)=O)(C)C,MOSES sample,6888,345.403,25,111.27,1.7016,7,2
CCC(=O)Nc1cccc(NC(=O)Cc2c[nH]c3ccccc23)c1,MOSES sample,6889,321.38,24,73.99,3.6976,5,3
c1(ccc2c(CCC2)c1)OC(=O)Cn1c(C)c(C(=O)OCC)cc1C,MOSES sample,6890,341.407,25,57.53,3.37594,5,3
C1(C)Cc2ccccc2N1S(=O)(c1cn[nH]c1C)=O,MOSES sample,6891,277.349,19,66.06,1.85802,2,3
Cc1ccccc1OC(=O)CCCNC(=O)C(C)(C)C,MOSES sample,6892,277.364,20,55.4,2.84292,5,1
n1cc(C(Nc2ccc(Cl)cc2)=O)nn1-c1ccc(F)cc1,MOSES sample,6893,316.723,22,59.81,3.3121,3,3
O=C1CCN(C(=O)NCc2ccc(Br)cc2Cl)CCN1,MOSES sample,6894,360.639,20,61.44,2.134,2,2
c1coc(c1C(Nn1-c2n(nc(c2)C)-c2ccccc2)=O)C,MOSES sample,6895,,,,,,
C1(CCC(CC1)O)NC(NC(c1ccccc1)CCCO)=O,MOSES sample,6896,306.406,22,81.59,2.1029,6,2
c1c(N2C(=O)CCCC2)ccc(CNC(=O)NCCNC(C)=O)c1,MOSES sample,6897,332.404,24,90.54,1.1388,6,2
c1ccc(c(c1C)C)OCC(=O)Nc1nccs1,MOSES sample,6898,262.334,18,51.22,2.77744,4,2
O(C)c1cc(C(=O)Nc2ccc(C(C)=O)cc2)c(cc1)Br,MOSES sample,6899,348.196,21,55.4,3.9126,4,2
CCCCCNC(=O)c1ccc(-n2ccnn2)cc1,MOSES sample,6900,258.325,19,59.81,2.1873,6,2
C(Oc1ccccc1)COCn1c2ccccc2nn1,MOSES sample,6901,269.304,20,49.17,2.4844,6,3
c1cc(CNC(=O)c2cccc3NC(c4ccccc4Oc32)=O)ccn1,MOSES sample,6902,345.358,26,80.32,3.3696,3,4
c1(ccncc1)CC(Nc1ccc(C(C(C)C)=O)cc1)=O,MOSES sample,6903,282.343,21,59.06,3.1015,5,2
Fc1cc(c(NCC(=O)NCc2ccccc2OC)cc1)Cl,MOSES sample,6904,322.767,22,50.36,3.216,6,2
n1(c(nnc1SCC(c1c(C)cc(cc1)C)=O)CC)N,MOSES sample,6905,290.392,20,73.8,2.14614,5,2
O(CC1CC1)C(C(OCC1CC(=O)N(C2CC2)C1)=O)C,MOSES sample,6906,281.352,20,55.84,1.3556,7,3
CC(C)C(=O)NC(C(=O)N(C)Cc1cnn(C)c1)C(C)C,MOSES sample,6907,294.399,21,67.23,1.1753,6,1
c1c(cccc1)N(C(C(OC)=O)C)CC(NC(C)(CC)C)=O,MOSES sample,6908,306.406,22,58.64,2.3593,7,1
o1nc(c(NC(c2cc(ccc2)N(C)C)=O)c1CC)C,MOSES sample,6909,273.336,20,58.37,2.86372,4,2
O=S(Nc1cc(n[nH]1)C(C)C)(c1ccc(F)c(c1)F)=O,MOSES sample,6910,301.318,20,74.85,2.6121,4,2
Cc1noc(C)c1COc1ncnc2oc(C)c(-c3ccccc3)c12,MOSES sample,6911,335.363,25,74.18,4.38206,4,4
O=C(Nc1cc(F)c(cc1)OCCOC)Cc1ccc(nc1)C,MOSES sample,6912,318.348,23,60.45,2.73552,7,2
C1(N=C(CCC=1)OC1CCN(Cc2c(C)ncs2)CC1)C(=O)N,MOSES sample,6913,334.445,23,80.81,1.99402,4,3
Cn1c(c(cc1C)C(CSc1nnc(n1C)C1CC1)=O)C,MOSES sample,6914,304.419,21,52.71,2.62284,5,3
O=C(C)NCC(Nc1ccccc1-n1ccnc1)=O,MOSES sample,6915,258.281,19,76.02,0.9469,4,2
c1c(F)c(S(=O)(N(CC)CC(=O)NCC)=O)cc(F)c1,MOSES sample,6916,306.334,20,66.48,1.1115,6,1
c1c(COc2cc(ccc2N)F)ccc(c1)C(=O)NC,MOSES sample,6917,274.295,20,64.35,2.3465,4,2
N(C(Nc1ccc2SCC(=O)Nc2c1)=O)Cc1ccccc1OC,MOSES sample,6918,343.408,24,79.46,3.0611,4,3
C1CCCC1NC(=O)Cc1csc(-c2ccccc2)n1,MOSES sample,6919,286.4,20,41.99,3.4114,4,3
Cc1ccc(C)c(NC(=O)c2csc(-n3cccc3)n2)c1,MOSES sample,6920,297.383,21,46.92,3.80294,3,3
c1(C)cc(C(=O)N(C)CCOc2ccccc2OC)cs1,MOSES sample,6921,305.399,21,38.77,3.21612,6,2
COc1cc(-c2cc(C)no2)cc(OC)c1OC,MOSES sample,6922,249.266,18,53.72,2.67582,4,2
C1N(C(=O)OC(C)(C)C)CCC(C1)c1nc2c3c(ncn2n1)scc3,MOSES sample,6923,359.455,25,72.62,3.4535,1,4
s1c(C(NC(C)c2cc(Cl)ccc2)=O)cc2c1n(C)nc2C,MOSES sample,6924,333.844,22,46.92,4.08762,3,3
O=C(CCC1CCCO1)Nc1ccc(Sc2nncs2)cc1,MOSES sample,6925,335.454,22,64.11,3.587,6,3
c1ccc(cc1)-c1oc(nc1)CNC(c1cc(C)nc2n(C)ncc21)=O,MOSES sample,6926,347.378,26,85.84,2.86172,4,4
c1cc(-c2cc3OCCOc3cc2)n2c(s1)nnc2,MOSES sample,6927,,,,,,
n1(nc(cc1)C(=O)N(C)Cc1ccccc1)-c1ccccc1,MOSES sample,6928,291.354,22,38.13,3.1445,4,3
C(c1cccn1C)(=O)Nc1cc(cc(c1C)F)C(OC)=O,MOSES sample,6929,290.294,21,60.33,2.51152,3,2
c1cc(NC(=O)c2nc(sc2)NC(CC)=O)cc(F)c1,MOSES sample,6930,293.323,20,71.09,2.883,4,2
N(C(C(=O)NC1CC1)C)(S(=O)(C)=O)c1cccc(C)c1,MOSES sample,6931,296.392,20,66.48,1.42812,5,2
CCOC1CC(N(C)C(c2c(c(c([nH]2)CC)C(=O)OC)C)=O)C1(C)C,MOSES sample,6932,350.459,25,71.63,2.94772,6,2
C(OCc1scnc1C)(=O)CN(C)C(=O)c1sccc1,MOSES sample,6933,310.4,20,59.5,2.32842,5,2
CC(=O)c1ccc(NC(=O)N2CCC(n3cc(C4CC4)nn3)CC2)cc1,MOSES sample,6934,353.426,26,80.12,3.2271,4,4
COc1ccc(F)c2c1C(C1CC(=O)C1)NCC2,MOSES sample,6935,249.285,18,38.33,2.0002,2,3
C(NC(C1CN(C(C1)=O)c1ccccc1)=O)(C(CC)C)C(N)=O,MOSES sample,6936,317.389,23,92.5,1.0557,6,2
c1c(c(ccc1-c1ccc(OC)cc1)N1CCOCC1)N,MOSES sample,6937,284.359,21,47.72,2.781,3,3
c12cc3OCCOc3cc1n1c(SCC(C)C)nnc1n2CC,MOSES sample,6938,332.429,23,53.58,3.2232,4,4
n1(CCOCC)c(C(F)(F)F)nc2c1ncc(c2)Br,MOSES sample,6939,338.127,19,39.94,3.2491,4,2
c1(cc2c(c(cc(=O)o2)C)cc1C)CC(=O)Nc1cc(ccc1)OC,MOSES sample,6940,337.375,25,68.54,3.59964,4,3
COc1ccccc1C1NCCc2ccc3[nH]ccc3c21,MOSES sample,6941,278.355,21,37.05,3.4116,2,4
Cc1cccc(CC2COCCC2S(=O)(=O)NC(C)C)n1,MOSES sample,6942,312.435,21,68.29,1.66542,5,2
Cc1oncc1C(=O)N1CCC2C(CCC(=O)N2CCC(C)C)C1,MOSES sample,6943,333.432,24,66.65,2.48222,4,3
c1cccc(-c2scc(CC(NCC(C)(O)C(OC)=O)=O)n2)c1,MOSES sample,6944,334.397,23,88.52,1.3928,6,2
O=C(c1c(ccc(c1F)OCC)F)Nc1ccc(OC)c(c1)OC,MOSES sample,6945,337.322,24,56.79,3.633,6,2
Cn1nccc1-c1ccnc(NCc2cccs2)n1,MOSES sample,6946,271.349,19,55.63,2.5507,4,3
O=S(NCC1(CCCCC1)O)(=O)c1cnc2ccsc2c1,MOSES sample,6947,326.443,21,79.29,2.2698,4,3
c1c(cccc1N)OCCCOc1c(OC)cccc1,MOSES sample,6948,273.332,20,53.71,3.1253,7,2
CN(Cc1cccc(F)c1)C(=O)c1ccc(S(C)(=O)=O)cc1,MOSES sample,6949,321.373,22,54.45,2.5014,4,2
C(O)(CN(C(CC)C=Cc1ccccc1)C)c1ncccc1,MOSES sample,6950,296.414,22,36.36,3.5388,7,2
CCC(C)N(C)C(=O)Nc1ccc(Oc2ncccn2)cc1C,MOSES sample,6951,314.389,23,67.35,3.83952,5,2
CCCC(C)(NC(=O)c1ccc(c(c1)NC(C)=O)F)C,MOSES sample,6952,280.343,20,58.2,3.0926,5,1
c1(cc(-n2nnnc2SCc2cn(-c3ccccc3)nc2)ccc1)C,MOSES sample,6953,348.435,25,61.42,3.44872,5,4
CC1(C)C(=O)NCCN1Cc1cnc(-c2cccnc2)s1,MOSES sample,6954,302.403,21,58.12,1.9155,3,3
O=C(NCc1noc(-c2cccs2)n1)NCc1ccoc1,MOSES sample,6955,304.331,21,93.19,2.3905,5,3
S(=O)(=O)(c1ccc(cc1)OC)N(CC(C(OC)=O)C)C,MOSES sample,6956,301.364,20,72.91,1.1248,6,1
O=C(Nc1cn[nH]c1)c1ccccc1Br,MOSES sample,6957,266.098,15,57.78,2.4245,2,2
c1cc(S(=O)(=O)N(c2ccc(cc2)O)C)cc(c1C),MOSES sample,6958,277.345,19,57.61,2.52572,3,2
c1(C(NC(=O)C)C)ccc(cc1)SCc1ccccc1,MOSES sample,6959,285.412,20,29.1,4.176,5,2
C(CC(CCC)CNC(Nc1cnccc1C)=O)C,MOSES sample,6960,263.385,19,54.02,3.72792,7,1
Nc1cc(cc(C)c1)-c1nn2c(s1)nnc2C(C)C,MOSES sample,6961,273.365,19,69.1,2.86682,2,3
NC(=O)CC1CCN(c2ccnc(Cc3ccc(F)cc3)n2)CC1,MOSES sample,6962,328.391,24,72.11,2.2983,5,3
N(CCOc1ccc(C#N)cc1)C(NCC(c1sccc1)(C)O)=O,MOSES sample,6963,345.424,24,94.38,2.20548,7,2
O1CCCC1COc1c(cc(cc1)NC(c1cccs1)=O)F,MOSES sample,6964,321.373,22,47.56,3.6973,5,3
c1c(ccc(C(=O)Cn2cnc3ccccc3c2=O)c1)C,MOSES sample,6965,278.311,21,51.96,2.58782,3,3
O=C(Nc1c(cccc1)OCC1CC1)c1ncc(C)nc1,MOSES sample,6966,283.331,21,64.11,2.82612,5,3
c1c(F)cc(NC(Nc2c(c(ccc2)Cl)N2CCOCC2)=O)cc1,MOSES sample,6967,349.793,24,53.6,3.9597,3,3
c1c2cc(ccc2ccc1)CNC(Cn1c(=O)cccc1)=O,MOSES sample,6968,292.338,22,51.1,2.3179,4,3
CCn1cc(NC(=O)c2cc(OC)ccc2O)c(C(N)=O)n1,MOSES sample,6969,304.306,22,119.47,0.9684,5,2
O=S(C1CC1)(=O)N1CCC(CC1)Oc1c(C)ccc(C)c1,MOSES sample,6970,309.431,21,46.61,2.63884,4,3
c12cc(C(NC(Nc3cccnc3)=O)C)ccc2OCCCO1,MOSES sample,6971,313.357,23,72.48,3.1256,3,3
C1CN(S(=O)(c2ccc(OCC)c(c2C)C)=O)CCO1,MOSES sample,6972,299.392,20,55.84,1.72304,4,2
c1cccc(COC2CCN(CC2)C(=O)c2cc3cc[nH]c3cc2)n1,MOSES sample,6973,335.407,25,58.22,3.3843,4,4
N(c1ncc(cc1)NC(c1c2c(C)noc2nc(c1)C)=O)(C)C,MOSES sample,6974,311.345,23,84.15,2.55294,3,3
c1c([nH]cc(c1)C(N1CCCCCC1c1cccn1C)=O)=O,MOSES sample,6975,299.374,22,58.1,2.4709,2,3
Nc1ccc(SCC(=O)c2ccccc2)c(F)c1,MOSES sample,6976,261.321,18,43.09,3.3829,4,2
O(c1cc(cc(c1)Cl)Cl)C(CCSc1nnnn1C)=O,MOSES sample,6977,333.2,20,69.9,2.6047,5,2
Cc1cc(C(=O)NCC(=O)OCc2ccccc2)on1,MOSES sample,6978,274.276,20,81.43,1.45622,5,2
C1C(NC(=O)c2cccc(c2)OCC)CCN(c2ncccn2)C1,MOSES sample,6979,326.4,24,67.35,2.2741,5,3
c1ccc(cc1)Cc1nc2n(ncc2C(OC)=O)c(C)c1,MOSES sample,6980,281.315,21,56.49,2.41512,3,3
c1c(OC)cccc1CN1CCN(C(=O)Cc2ccc(C)s2)CC1,MOSES sample,6981,344.48,24,32.78,2.95202,5,3
C(NC(=O)N1CCCC(c2onc(C)n2)C1)CCc1c(C)[nH]nc1,MOSES sample,6982,332.408,24,99.94,1.93134,5,3
N(c1cnc(N)cc1)C(=O)c1ccc(Cl)cc1Cl,MOSES sample,6983,282.13,18,68.01,3.2229,2,2
COC1CCCCC1OC(=O)c1cncc(F)c1,MOSES sample,6984,253.273,18,48.42,2.3351,3,2
CN1C(=O)CC(NC(=O)c2cnc[nH]2)C1c1ccc(Cl)cc1,MOSES sample,6985,318.764,22,78.09,1.7649,3,3
C1CCCN1c1ncc(NC(=O)c2ccc(cc2)-n2cccc2)cc1,MOSES sample,6986,332.407,25,50.16,3.7248,4,4
c1(-c2ccc(cc2)F)cc(no1)CN1CCN(C(C)=O)CC1,MOSES sample,6987,303.337,22,49.58,2.1448,3,3
c1(NC(Nc2cc(OC)c(Cl)cc2OC)=O)c(onc1)C,MOSES sample,6988,311.725,21,85.62,3.29762,4,2
COc1ccc(NS(=O)(=O)c2cccc(N)c2)cc1,MOSES sample,6989,278.333,19,81.42,2.0782,4,2
c1(c(onc1C)C)(NC(Cc1ccc(cc1)N1C(=O)CCC1)=O)C,MOSES sample,6990,,,,,,
c1c(-c2nn(CC(NCC3CCC3)=O)nn2)ccc(Cl)c1,MOSES sample,6991,305.769,21,72.7,1.9098,5,3
C1C(CNC(C2CCCN(C2)C(=O)NCc2sccc2)=O)C1,MOSES sample,6992,321.446,22,61.44,2.1959,5,3
COc1cc(OC)cc(OCC(=O)Nc2ccc(C(C)=O)cc2)c1,MOSES sample,6993,329.352,24,73.86,2.9239,7,2
c1cc(ccc1Cc1nc(CC(C)C)[nH]c(=O)c1)O,MOSES sample,6994,258.321,19,65.98,2.2648,4,2
C(C(=O)NC(C)c1c(C)n(nc1)-c1nc(cc(n1)C)C)C,MOSES sample,6995,287.367,21,72.7,2.17476,4,2
Cc1ncc(C(C)NCCc2c(Cl)cccc2Cl)c(=O)[nH]1,MOSES sample,6996,326.227,21,57.78,3.27842,5,2
c1ccc(cc1)NC(=O)COc1ccc(cc1)Cl,MOSES sample,6997,261.708,18,38.33,3.3575,4,2
C1Cc2c(C(=O)Nc3[nH]nc(C(C)C)c3)noc2C1,MOSES sample,6998,260.297,19,83.81,2.2621,3,3
N1(C(CCC1)Cn1nccc1)C(C1C(c2ccccc2)OCCC1)=O,MOSES sample,6999,339.439,25,47.36,3.042,4,4
CCCC(=O)NCC(=O)NC1CCC(Oc2ccc(C#N)cn2)CC1,MOSES sample,7000,344.415,25,104.11,1.67578,7,2
n1c2ccc(cc2[nH]c1C)NC(C1(CCCCC1)Nc1nccn1C)=O,MOSES sample,7001,352.442,26,87.63,3.35832,4,4
C(C)NC(=O)CNC(=O)CCc1c(=O)[nH]c2ccccc2n1,MOSES sample,7002,302.334,22,103.95,0.108,6,2
c1(oc2c(cc1-c1onc(C)c1)cc(OCC)cc2)=O,MOSES sample,7003,271.272,20,65.47,3.15512,3,3
O1CC2N(CC1CNC(Nc1ccc(cc1)S(C)=O)=O)CCCC2,MOSES sample,7004,351.472,24,70.67,1.7988,4,3
c1(N(C)C)nc(nc(n1)C1COCCN1Cc1ncc(nc1)C)OC,MOSES sample,7005,345.407,25,89.39,0.61812,5,3
COc1c(cccc1)C(C)(c1ccc(OC)cc1OC)O,MOSES sample,7006,288.343,21,47.92,2.9682,5,2
c1cc(co1)C(=O)NCC(NCc1cccc(C(F)(F)F)c1)=O,MOSES sample,7007,326.274,23,71.34,2.3446,5,2
c1(nc(C)sc1C(NCc1cc2c(OCO2)cc1)=O)C,MOSES sample,7008,290.344,20,60.45,2.41864,3,3
CC(C)(C)c1ccc(C(=O)Nc2nnc(C3CC3)s2)cc1,MOSES sample,7009,301.415,21,54.88,3.9653,3,3
Cc1nn(Cc2ncc(-c3ccc(F)cc3)o2)c(c1)C,MOSES sample,7010,271.295,20,43.85,3.34234,3,3
CC(NC(CCc1cc(C)ccc1)=O)C(NC(C)(C)C)=O,MOSES sample,7011,290.407,21,58.2,2.34702,5,1
c1nc(NCCOC(c2ccc(nc2C)C(F)(F)F)=O)ncc1,MOSES sample,7012,326.278,23,77,2.46772,5,2
C(C1CCN(C1)C(OC(C)(C)C)=O)CNc1nccnc1C#N,MOSES sample,7013,317.393,23,91.14,2.40728,4,2
O=C(c1ccccn1)N1CCC2(CC(=O)N(c3cccnc3)C2)C1,MOSES sample,7014,322.368,24,66.4,1.7458,2,4
Fc1cc(F)c(CNC(c2nc(C(=O)NCC)sc2)=O)cc1,MOSES sample,7015,325.34,22,71.09,2.101,5,2
C(=O)(NCCC)CNC(=O)c1cc(c(cc1)OC)OC,MOSES sample,7016,280.324,20,76.66,0.9598,7,1
O=C(NC1CCCc2ccccc21)c1cc(-n2cccn2)ccn1,MOSES sample,7017,318.38,24,59.81,3.0747,3,4
c12ccccc2CCNC1c1cc(ccn1)Cl,MOSES sample,7018,244.725,17,24.92,2.9701,1,3
Cc1cc(-c2nn3c(-c4cc(F)c(F)c(F)c4)nnc3s2)n[nH]1,MOSES sample,7019,336.302,23,71.76,2.96862,2,4
c1cc(CN(C(=O)CNC(C)=O)C2CCCC2)sc1,MOSES sample,7020,280.393,19,49.41,2.1554,5,2
c1(C(=O)N(Cc2cc3OCCOc3cc2)C)cc([nH]c(=O)c1)C,MOSES sample,7021,314.341,23,71.63,1.72672,3,3
CCOc1cccc(OC(=O)C2CCCN2C(=O)c2ccco2)c1,MOSES sample,7022,329.352,24,68.98,2.8885,5,3
C(CC(=O)NCc1cscn1)C(c1cccs1)=O,MOSES sample,7023,280.374,18,59.06,2.4839,6,2
c1cc(NC(=O)c2c(oc(C)c2C)C)ccc1-c1ncon1,MOSES sample,7024,297.314,22,81.16,3.50716,3,3
c1(Cl)cc2C(NCCc2c(Cl)c1OC)C=CC,MOSES sample,7025,272.175,17,21.26,3.7649,2,2
O=C(Oc1ccc2cn[nH]c2c1)C1CC1c1ccccc1,MOSES sample,7026,278.311,21,54.98,3.272,3,4
CC(=O)N1CCN(C(=O)C2CCN(c3cccc(Cl)c3)C2=O)CC1,MOSES sample,7027,349.818,24,60.93,1.3836,2,3
c12c(cccc2)c(C2CC2C(=O)NC(C(C)(C)C)C(=O)N)c[nH]1,MOSES sample,7028,313.401,23,87.98,2.2876,4,3
CCOCCC(=O)N1c2ccccc2CC1C(N)=O,MOSES sample,7029,262.309,19,72.63,0.8562,5,2
n1(-c2cc(ccc2)NCc2nc(on2)CCC)c(C)nnn1,MOSES sample,7030,299.338,22,94.55,1.91832,6,3
CCN(CCC(=O)OC)C(=O)c1ccc(O)cc1O,MOSES sample,7031,267.281,19,87.07,1.123,5,1
Cc1ccccc1-n1ncc(C(=O)N2CCC(C(N)=O)C2)c1C(C)C,MOSES sample,7032,340.427,25,81.22,2.25152,4,3
c1nc(S(=O)(C)=O)ccc1NC(COc1cccc(c1)C)=O,MOSES sample,7033,320.37,22,85.36,1.81102,5,2
C(O)(c1ccc(Br)cc1)(C)C(C1OCCC1)=O,MOSES sample,7034,299.164,17,46.53,2.4047,3,2
CC(C)(c1nc(sc1)CN1CCN(CC1)C(=O)C(C)(C)C)C,MOSES sample,7035,323.506,22,36.44,3.1309,2,2
c1c(ccc2CCCc21)NC(Cn1c(c(Cl)c(Cl)cn1)=O)=O,MOSES sample,7036,338.194,22,63.99,2.6775,3,3
S(=O)(c1ccc2c(NC(C(S2)(C)C)=O)c1)(NCC(=O)OC)=O,MOSES sample,7037,344.414,22,101.57,0.9607,4,2
Cc1nc(C)n(CC2CN(C(C)c3ccncc3)CCO2)n1,MOSES sample,7038,301.394,22,56.07,1.75194,4,3
c1ccc(cc1)CNC(c1nnn(c1)-c1ccc(Cl)cc1)=O,MOSES sample,7039,312.76,22,59.81,2.8507,4,3
COc1ccc(-c2c(c3n(cn2)c([nH]n3)=O)-c2ccccc2)cc1,MOSES sample,7040,318.336,24,72.28,2.7602,3,4
C(C1OCCN(C(c2c(=O)c3c(cccc3)n(CC)n2)=O)C1)CC,MOSES sample,7041,329.4,24,64.43,2.0575,4,3
CCC1COCCN1c1nccc(N2CC(O)CC2C2CCCC2)n1,MOSES sample,7042,346.475,25,61.72,2.2216,4,4
C(C(Nc1ccccc1)=O)C(n1cccc1)c1cccs1,MOSES sample,7043,296.395,21,34.03,4.1678,5,3
CCCCCCNC(=O)NCC#Cc1ccccc1,MOSES sample,7044,258.365,19,41.13,2.9176,6,1
c1c(CCNS(c2ccc(OC)cc2)(=O)=O)cccc1,MOSES sample,7045,291.372,20,55.4,2.2162,6,2
O=S(=O)(c1c2ccccc2ccc1)N(CC(OCC)=O)CC,MOSES sample,7046,321.398,22,63.68,2.4135,6,2
n1c(oc(C)n1)CSc1c(C(=O)Nc2cc(C)ccc2C)cccc1,MOSES sample,7047,353.447,25,68.02,4.53946,5,3
C(CN(CCO)S(c1cc(C)sc1C)(=O)=O)C,MOSES sample,7048,277.411,17,57.61,1.75794,6,1
c1c(n(C)nc1C)NC(=O)C(C)n1c(=O)ccc(-c2ccccc2)n1,MOSES sample,7049,337.383,25,81.81,2.15192,4,3
O=c1cc(ccn1C)C(=O)Nc1cc(ccc1C)-c1ncco1,MOSES sample,7050,309.325,23,77.13,2.60102,3,3
N(c1c(C#N)cccc1)C(=O)CCCSc1ccccc1,MOSES sample,7051,296.395,21,52.89,4.06928,6,2
c1ccccc1N1CC(NS(=O)(c2ccc(cc2F)F)=O)CC1,MOSES sample,7052,338.379,23,49.41,2.522,4,3
COc1ccc(COC(=O)C(N)c2ccccc2)cc1,MOSES sample,7053,271.316,20,61.55,2.4384,5,2
c1csc(-c2noc(n2)CN2CCN(CC2)C(=O)c2ccco2)c1,MOSES sample,7054,344.396,24,75.61,2.3491,4,4
c1(ccc(OC)cc1NC(N1CCC(n2cccc2)CC1)=O)F,MOSES sample,7055,317.364,23,46.5,3.5048,3,3
c1(ccc(c(F)c1)-n1cncn1)NCc1cscc1,MOSES sample,7056,274.324,19,42.74,3.08,4,3
c1cc(COC(C)C(Nc2c(OC)ccc(C)c2)=O)ccc1,MOSES sample,7057,299.37,22,47.56,3.54742,6,2
C1(c2ccccc2)CC(Nc2ccsc12)C(=O)OCC,MOSES sample,7058,287.384,20,38.33,3.6273,3,3
N(c1ncc(cc1)Br)C(CCc1ccccc1N)=O,MOSES sample,7059,320.19,19,68.01,2.9976,4,2
C1CCCCC1(S(=O)(c1ccc(cc1)OC)=O)C(NC(C)C)=O,MOSES sample,7060,339.457,23,72.47,2.6964,5,2
S(NCc1ccc(cc1)N1CCCC1=O)(=O)(=O)c1c(noc1C)C,MOSES sample,7061,349.412,24,92.51,1.89674,5,3
C#Cc1cccc(NC(=O)CNCc2ccccc2OC)c1,MOSES sample,7062,294.354,22,50.36,2.4048,6,2
Cc1nn(c(C)c1C(=O)NCc1cc(OC)c(cc1)OCCC)C,MOSES sample,7063,331.416,24,65.38,2.76434,7,2
O=C(NCCNS(=O)(=O)C1CCCCC1)NC1CCCC1,MOSES sample,7064,317.455,21,87.3,1.4803,6,2
c1(ncccc1CNc1nc2c(nc1)cccc2)OC,MOSES sample,7065,266.304,20,59.93,2.6455,4,3
c1(ncccn1)N1CCC(CC1)C(=O)NCc1ccc(OCC)cc1,MOSES sample,7066,340.427,25,67.35,2.4081,6,3
c1(C(OCC(Nc2ccc3OCOc3c2)=O)=O)ccc(O)cc1,MOSES sample,7067,315.281,23,94.09,1.9164,4,3
C(C1C(C(Nc2nncs2)=O)CC=CC1)(=O)N1CCCCC1,MOSES sample,7068,320.418,22,75.19,2.0715,3,3
c1cc(ccc1S(=O)(N)=O)CCNCc1ccccc1F,MOSES sample,7069,308.378,21,72.19,1.8054,6,2
O=C(c1ccc(Cl)cc1O)N1CCN(Cc2ccccn2)CC1,MOSES sample,7070,331.803,23,56.67,2.3986,3,3
CN(C(=O)CSc1nnnn1-c1ccccc1)C1=CCCC1,MOSES sample,7071,315.402,22,63.91,2.2806,5,3
c12ccsc2n2cnn(Cc3occc3)c(=O)c2c1,MOSES sample,7072,271.301,19,52.44,2.352,2,4
c1c(CNc2cc(ncn2)C(C)C)c(C)n(C)n1,MOSES sample,7073,245.33,18,55.63,2.25402,4,2
O=C(NC1C(C1)c1c(F)cccc1)CCc1scc(c1)Cl,MOSES sample,7074,323.82,21,29.1,4.1455,5,3
c1cc(ccc1C#N)CCC(=O)NCC(O)CS(=O)(=O)N,MOSES sample,7075,311.363,21,133.28,-0.74352,7,1
c1c(c(cc(c1)C(=O)OC)N)-c1nc2ccccc2[nH]1,MOSES sample,7076,267.288,20,81,2.5987,2,3
Nc1cc(C(=O)NCC(F)(F)F)ccc1Cl,MOSES sample,7077,252.623,16,55.12,2.2143,2,1
C1CC(CC1)c1nn2c(c3c(n(-c4ccccc4)nc3)nc2)n1,MOSES sample,7078,304.357,23,60.9,3.1208,2,5
CCc1noc(C(C)Sc2nnc(N3CCCC3)s2)n1,MOSES sample,7079,311.436,20,67.94,2.937,5,3
C(c1ccc(cc1)-n1cccn1)OC(=O)c1c(ccc(c1)OC)O,MOSES sample,7080,324.336,24,73.58,2.9435,5,3
Cc1ccc(-c2ccc(SCc3nnnn3C3CC3)nn2)cc1,MOSES sample,7081,324.413,23,69.38,3.06572,5,4
Cn1c(SCc2nnnn2C2CCCC2)nnc1C1CC1,MOSES sample,7082,305.411,21,74.31,2.0864,5,4
C1CC(CC=1)C(NC1CCN(CC1)S(=O)(=O)c1sccc1)=O,MOSES sample,7083,340.47,22,66.48,1.9836,4,3
O=C(NC1CCCN(Cc2ccccc2)C1=O)c1ccc2nncn2c1,MOSES sample,7084,349.394,26,79.6,1.6503,4,4
COc1cc(C)c(C)cc1C(O)CCCC(=O)NC(C)C,MOSES sample,7085,293.407,21,58.56,3.04034,7,1
C(c1c(F)ccc(c1)C(C)NC(=O)N1CC(OC(C)C1)C)(OC)=O,MOSES sample,7086,338.379,24,67.87,2.4921,3,2
C(C)C(C(Nc1c(ccc(c1)N)C)=O)OCC(F)(F)F,MOSES sample,7087,290.285,20,64.35,2.87322,5,1
c1c(ccc(C)c1)CCC(NC1CCN(CC1)S(=O)(=O)CC)=O,MOSES sample,7088,338.473,23,66.48,1.85792,6,2
c1(Cl)c(C)cc(c(C)c1)OCC(=O)Nc1cccnc1,MOSES sample,7089,290.75,20,51.22,3.36934,4,2
C1N(c2nnc(C)s2)CCC2(C(=O)Nc3c2cc(cc3)OC)C1,MOSES sample,7090,330.413,23,67.35,2.34542,2,4
c1(n(c(c(c(=O)n1C)C#N)=O)C)SCC(=O)Nc1c(cccc1)F,MOSES sample,7091,,,,,,
O(c1cc(C)ccc1)c1c(C2CC(Nc3n[nH]cc23)=O)c(C)nn1C,MOSES sample,7092,337.383,25,84.83,3.02644,3,4
C1CN(C(c2cnc(N)cc2)=O)CCC1c1onc(CCCC)n1,MOSES sample,7093,329.404,24,98.14,2.4092,5,3
OCc1c(COc2c(OC)cc(cc2)C)n(nn1)CCC,MOSES sample,7094,291.351,21,69.4,2.07642,7,2
O=C(NCCC(=O)N1CCCCC1)NCc1ccsc1,MOSES sample,7095,295.408,20,61.44,1.9499,5,2
C(NC(=O)NC(CC)C)C(C)(c1cc2OCOc2cc1)C,MOSES sample,7096,292.379,21,59.59,2.7906,5,2
n1(Cc2cnn(c2)-c2ccccc2)c(=O)c(C#N)ccc1C,MOSES sample,7097,290.326,22,63.61,2.2624,3,3
C(NCCc1ccccc1)(CCC(O)c1ccccc1)=O,MOSES sample,7098,283.371,21,49.33,2.8591,7,2
c12cc(ccc2SC(C)C(=O)N1C)C(Nc1ccccc1F)=O,MOSES sample,7099,330.384,23,49.41,3.535,2,3
Cn1c(CNC(NCCCOCC)=O)nnc1C,MOSES sample,7100,255.322,18,81.07,0.34932,7,1
n1c(cc(nc1COc1cccc(OC)c1)C)NC,MOSES sample,7101,259.309,19,56.27,2.41432,5,2
c1cccc(c1)NC(=O)NCc1nc(C2CC2)no1,MOSES sample,7102,258.281,19,80.05,2.2687,4,3
CC(C)CCNC(=O)Cn1c(cc2occc21)C(OC)=O,MOSES sample,7103,292.335,21,73.47,2.1832,6,2
O=C(c1ccccc1F)c1ccccc1CCCN1CCOCC1,MOSES sample,7104,327.399,24,29.54,3.3215,6,3
Fc1ccc(cc1)OCC(NCCNC(=O)C)=O,MOSES sample,7105,254.261,18,67.43,0.4568,6,1
O=C(Cn1nnc(-c2cccs2)n1)c1ccc(Br)cc1,MOSES sample,7106,349.213,20,60.67,3.047,4,3
COc1ccc(CC(=O)NC(C)c2nc3ccccc3[nH]2)cc1OC,MOSES sample,7107,339.395,25,76.24,3,6,3
N(CCNCc1ccc(Cl)c(c1)Cl)1c2c(cccc2)NC1=O,MOSES sample,7108,336.222,22,49.82,3.4262,5,3
C1OCCC(C(N)=O)(CNC(=O)Cc2nc(sc2)C)C1,MOSES sample,7109,297.38,20,94.31,0.39232,5,2
n1c(N2CCCC2)nc(CNS(=O)(=O)c2sc(CC)cc2)cc1,MOSES sample,7110,352.485,23,75.19,2.1792,6,3
COc1ccc(C(C#N)CC(=O)NCc2ccncc2)cc1,MOSES sample,7111,295.342,22,75.01,2.40388,6,2
c1(C)nnnn1C(Cc1ccc(cc1)F)C(=O)OCC=C,MOSES sample,7112,290.298,21,69.9,1.63362,6,2
O=C(Cn1nc(-n2cccc2)ccc1=O)NCCCn1cccn1,MOSES sample,7113,326.36,24,86.74,0.437,7,3
C1CN(c2ccc(NC(CC3CCC=C3)=O)cc21)C(C)=O,MOSES sample,7114,284.359,21,49.41,2.8904,3,3
c12COCc1cc(NC(c1nc(C)sc1)=O)cc2,MOSES sample,7115,260.318,18,51.22,2.73402,2,3
O(C)C(CC(C)C(=O)N1C(C2CCCC2)CCC1)=O,MOSES sample,7116,267.369,19,46.61,2.3668,4,2
c1(ccncc1)NC(c1oc2c(CN(c3ncccn3)C2)n1)=O,MOSES sample,7117,308.301,23,97.04,1.6321,3,4
c1ccc2c(c1)oc(cc2=O)C(=O)NCc1[nH]c2c(cccc2)c1,MOSES sample,7118,318.332,24,75.1,3.2043,3,4
c1cc(-c2ccc[nH]2)nc(NC2CCOCC2)c1,MOSES sample,7119,243.31,18,49.94,2.6676,3,3
C(C(=O)NCCC)n1c2ccccc2c(n(CC)c1=O)=O,MOSES sample,7120,289.335,21,73.1,0.7093,5,2
CC(C)(c1nn(C)cc1C(NCc1oc(cc1)-c1nc(C)sc1)=O)C,MOSES sample,7121,358.467,25,72.95,3.67252,4,3
C(CCC(=O)N1CC(C)(OC(C)C1)C)c1onc(n1)C,MOSES sample,7122,281.356,20,68.46,1.72662,4,2
c1cc2[nH]nc(c2cc1)C(Nc1sc(SC)nn1)=O,MOSES sample,7123,291.361,19,83.56,2.3886,3,3
O=C(OCC)C1(CNC(Nc2ccccn2)=O)CCCC1,MOSES sample,7124,291.351,21,80.32,2.3266,5,2
c1(ccc(cc1)C)OC(=O)c1ccc(cc1)-n1ncnc1,MOSES sample,7125,279.299,21,57.01,2.79492,3,3
CCNC(=O)N1CCn2c(nnc2-c2ccccn2)C1,MOSES sample,7126,272.312,20,75.94,0.8852,2,3
n1c2c(sc(OC)c2)c(=O)n(Cc2oc(c(C(OC)=O)c2)C)c1,MOSES sample,7127,334.353,23,83.56,2.20292,4,3
C1(CCCCN1C(=O)CC(C)C)C(N(C)c1cccnc1OC)=O,MOSES sample,7128,333.432,24,62.74,2.4802,5,2
N(C(=O)c1sccc1CC)(c1ccccn1)Cc1ccco1,MOSES sample,7129,312.394,22,46.34,4.1455,5,3
c1(NCc2ccccc2C)c(C#N)cnc2c1cccc2,MOSES sample,7130,273.339,21,48.71,4.027,3,3
CC(C)Cc1ccc(S(=O)(=O)NC(CO)C(C)C)cc1,MOSES sample,7131,299.436,20,66.4,2.1803,7,1
CC(C)c1noc(CCC(=O)NCc2nc3c(s2)CCCC3)n1,MOSES sample,7132,334.445,23,80.91,2.7773,6,3
c12cc(ccc1NC(=O)C(CC)N2)S(=O)(=O)NCCCC,MOSES sample,7133,311.407,21,87.3,1.9076,6,2
Cc1ccc(CNC(=O)c2cc3n(n2)CCCO3)cc1,MOSES sample,7134,271.32,20,56.15,1.90402,3,3
c1c(C(NCCCNc2ncccc2C#N)=O)cnn1CC,MOSES sample,7135,298.35,22,95.63,1.40168,7,2
Cc1nn(c(c1)C)C(C)C(c1ccc(C#N)cc1)=O,MOSES sample,7136,253.305,19,58.68,2.81552,3,2
O(C)c1c(OC)c(cc(CCO)c1)Br,MOSES sample,7137,261.115,14,38.69,2.0011,4,1
COc1c(N2S(=O)(=O)CCCC2)cc(cc1)C(=O)NC(CC)C,MOSES sample,7138,340.445,23,75.71,2.1535,5,2
C(c1n(ccn1)Cc1cc(CNC(c2sc(cc2)C)=O)ccc1)(C)C,MOSES sample,7139,353.491,25,46.92,4.35472,6,3
s1c2CC(CC(=O)c2cc1C(OCc1ccccc1)=O)C,MOSES sample,7140,300.379,21,43.37,3.8701,3,3
c1(cc(N2CCC(CC2)C)nc(C)n1)C(=O)NC1CCCC1,MOSES sample,7141,302.422,22,58.12,2.69372,3,3
COc1ccc2nc(SCC(=O)N3CCCCCC3)[nH]c2c1,MOSES sample,7142,319.43,22,58.22,3.0662,4,3
c1c(Cl)c(F)ccc1Nc1c(c(-n2nc(cc2C)C)ncn1)N,MOSES sample,7143,332.77,23,81.65,3.39744,3,3
CC(c1cccnc1)n1c(COCc2ccccc2)n[nH]c1=O,MOSES sample,7144,310.357,23,72.8,2.2925,6,3
c1cc(Cn2nc(NC(c3ccc(cc3)OCC)=O)nc2)ccn1,MOSES sample,7145,323.356,24,81.93,2.3724,6,3
CC1CCN(C(=O)COC(=O)c2cc3ccc(F)cc3nc2C)CC1,MOSES sample,7146,344.386,25,59.5,3.09762,3,3
O=C(Oc1ccccc1F)C1CCN(c2cnccn2)CC1,MOSES sample,7147,301.321,22,55.32,2.4377,3,3
c1c(cccc1S(=O)(=O)N1CCCC1c1occc1)C(C)=O,MOSES sample,7148,319.382,22,67.59,3.008,4,3
Cn1cnnc1COC(=O)c1cc(Br)ccc1Cl,MOSES sample,7149,330.569,18,57.01,2.588,3,2
N(c1cc(NC(OC(C)(C)C)=O)ccc1F)C(C)=O,MOSES sample,7150,268.288,19,67.43,3.1311,2,1
CCc1ccccc1NC(=O)Cn1c(=O)cnc2ccccc21,MOSES sample,7151,307.353,23,63.99,2.5976,4,3
Cc1cccc(NS(=O)(=O)c2cc(-c3ccno3)cs2)c1,MOSES sample,7152,320.395,21,72.2,3.51232,4,3
c1(c2cc(sc2n(n1)C)C(Nc1ccc(cc1)OC(C)C)=O)C,MOSES sample,7153,329.425,23,56.15,3.98272,4,3
c1c(c(OC)c(c(c1C(=O)Nc1cc(F)ccc1)N)OC)OC,MOSES sample,7154,320.32,23,82.81,2.686,5,2
n1cc(cn1CCCOc1cc(cc(C)c1)C)N,MOSES sample,7155,245.326,18,53.07,2.55124,5,2
Cc1nc(COc2ccccc2C(=O)Nc2cccc(O)c2)no1,MOSES sample,7156,325.324,24,97.48,2.91492,5,3
C(NC(NC(c1c(noc1C)C)C)=O)(c1ccncc1)CC,MOSES sample,7157,302.378,22,80.05,3.19794,5,2
C(n1c(C)nnc1)CNC(=O)C1(c2cc3OCCOc3cc2)CCC1,MOSES sample,7158,342.399,25,78.27,1.59582,5,4
c1(ccc(Cl)cc1-n1c(C)c(nn1)CO)C(=O)N,MOSES sample,7159,266.688,18,94.03,0.82032,3,2
c12[nH]c(nc1cccc2)CCNC(=O)c1sc(C)cc1OC(F)F,MOSES sample,7160,351.378,24,67.01,3.50672,6,3
c1(-c2sc(-c3cscc3)nc2)csc(n1)NC,MOSES sample,7161,279.415,17,37.81,4.0368,3,3
c1(ccc(cc1)C)CNC(C(C)NC(c1sccc1)=O)=O,MOSES sample,7162,302.399,21,58.2,2.49122,5,2
Clc1cccc(c1)C(CSc1n(-c2ccccc2)nnn1)=O,MOSES sample,7163,330.8,22,60.67,3.2907,5,3
c1(F)ccc(C2CN(C(C3COc4c(C3)cccc4)=O)CCO2)cc1,MOSES sample,7164,341.382,25,38.77,2.9769,2,4
O=C(N)c1cc(ccc1)-c1nc(-c2ccc(C#N)cn2)no1,MOSES sample,7165,291.27,22,118.69,1.76918,3,3
O=S(c1cc(OC)c(cc1)OC)(=O)Nc1ccc(cc1)OC,MOSES sample,7166,323.37,22,73.86,2.5132,6,2
N(C(C(C)OC(=O)c1ccc(cc1)CN1CC(OC(C1)C)C)=O)C,MOSES sample,7167,334.416,24,67.87,1.5871,5,2
n1c(SCC2CN(C(OC(C)(C)C)=O)CC2)nc(cc1)C,MOSES sample,7168,309.435,21,55.32,3.13412,3,2
c1cc(C)cnc1S(=O)C(C(=O)NC(C)C)C,MOSES sample,7169,254.355,17,59.06,1.41072,4,1
CC(=O)OC(S(=O)(c1ccc(cc1)Cl)=O)CC,MOSES sample,7170,276.741,17,60.44,2.4129,4,1
N(C(=O)c1ccc(c(OC)c1)O)c1cc(ccc1)-c1ncn(C)n1,MOSES sample,7171,324.34,24,89.27,2.4486,4,3
c1ccccc1COC(C1n2ncc(c2NC(C1)=O)C#N)=O,MOSES sample,7172,296.286,22,97.01,1.38148,3,3
C1(=O)N(C)CCC1NC(=O)c1cccc2c1cc[nH]2,MOSES sample,7173,257.293,19,65.2,1.1284,2,3
C1N(C(CC)CNC(=O)c2ccc(NC(NC(C)C)=O)cc2)CCOC1,MOSES sample,7174,362.474,26,82.7,2.0571,7,2
c12c(n(c(=O)[nH]2)CCCOC(=O)c2ccccc2OC)cccc1,MOSES sample,7175,326.352,24,73.32,2.5853,6,3
N(CC1(CCCC1)O)C(Nc1nnc(s1)CC)=O,MOSES sample,7176,270.358,18,87.14,1.5271,4,2
O=C1CNc2n(cnc2C(=O)N1)-c1cc(Cl)c(C)cc1,MOSES sample,7177,290.71,20,76.02,1.51602,1,3
O=S(=O)(c1ccccc1OC)NCC(O)c1ccsc1,MOSES sample,7178,313.4,20,75.63,1.7686,6,2
Cc1cc(C)c(NC(=O)c2cccs2)c(C)c1,MOSES sample,7179,245.347,17,29.1,3.92566,2,2
c1cccn2c(nnc21)CNC(=O)N1C(CCCC1C)C,MOSES sample,7180,287.367,21,62.53,2.2018,2,3
c1(=O)n(c2ccccc2o1)CCC(OC(c1cc(ccc1F)F)C)=O,MOSES sample,7181,347.317,25,61.44,3.5672,5,3
C1CN(CCC1)c1cncc(OC2CCN(C(CC(C)C)=O)CC2)n1,MOSES sample,7182,346.475,25,58.56,2.8828,5,3
C1C(C(C)CCN1C(c1c(cccc1F)F)=O)C,MOSES sample,7183,253.292,18,20.31,3.0829,1,2
C(C(=O)N1CCCCC1)CC(=O)c1cc(N)c(OC)cc1,MOSES sample,7184,290.363,21,72.63,2.2528,5,2
O=c1c2c(c(ccc2)OC)ccn1Cc1ccc(C#N)cc1,MOSES sample,7185,290.322,22,55.02,2.93008,3,3
C1(C(Nc2nccc(OC)c2)=O)Cc2c(O1)ccc(Cl)c2,MOSES sample,7186,304.733,21,60.45,2.6858,3,3
Cc1noc(COC(=O)c2ccccc2-c2nc(C(C)C)no2)n1,MOSES sample,7187,328.328,24,104.14,2.90842,5,3
C(CCCN1CCOC1=O)(=O)Nc1ccc(-n2ccnc2)nc1,MOSES sample,7188,315.333,23,89.35,1.4382,6,3
O=S(N=c1[nH]cc(CO)cc1)(c1sc(C)cc1)=O,MOSES sample,7189,284.362,18,82.52,1.16652,3,2
C(C(NC(COC)C)=O)(NC(c1ccccc1)=O)C(C)C,MOSES sample,7190,292.379,21,67.43,1.5921,7,1
c1(C2N(CCC2)C(Nc2ccc(F)c(c2)F)=O)ccncc1,MOSES sample,7191,303.312,22,45.23,3.7288,2,3
C(n1c(=O)n2ccccc2n1)c1nc2ccccc2s1,MOSES sample,7192,282.328,20,52.19,2.154,2,4
C(C)c1c(C(=O)NC(c2ccccc2)CCC)c(no1)C,MOSES sample,7193,286.375,21,55.13,3.81662,6,2
CCc1nc(C2CCCN2C(=O)CCc2cccs2)no1,MOSES sample,7194,305.403,21,59.23,2.9898,5,3
Cc1c(C(C)(C)C)n[nH]c1NC(=O)c1ccc(S(C)=O)cc1,MOSES sample,7195,319.43,22,74.85,3.00532,3,2
c1nc(ccc1NC(=O)c1ccc2c([nH]cc2)c1)OC,MOSES sample,7196,267.288,20,67.01,2.8238,3,3
c12ccccn1nc(c2)C(=O)NCC(NCc1cccc(Cl)c1)=O,MOSES sample,7197,342.786,24,75.5,2.0339,5,3
c1c(cccc1)SCC(Nc1cc(ccc1)N)=O,MOSES sample,7198,258.346,18,55.12,2.9996,4,2
C(Oc1cc(nc(C(C)C)n1)NCc1cnccc1)CC,MOSES sample,7199,286.379,21,59.93,3.3959,7,2
C(=O)(Cn1c(=O)oc(c2c1c(ccc2)C)=O)N1CCC(CC1)C(=O)N,MOSES sample,7200,345.355,25,115.61,-0.01298,3,3
C1C(=O)N(c2c(cccc2)N1)CCOc1c(C)cccc1,MOSES sample,7201,282.343,21,41.57,2.83252,4,3
n1c(nccc1CNc1nc(ccn1)-c1ccccn1)N1CCOCC1,MOSES sample,7202,349.398,26,88.95,1.7773,5,4
CCOCC1CN(Cc2cccnc2)Cc2c1nnn2C,MOSES sample,7203,287.367,21,56.07,1.346,5,3
c1(CSc2nccn2C2CC2)nc(N)c2c(cccc2)n1,MOSES sample,7204,297.387,21,69.62,3.0357,4,4
c1cccc(C)c1C(O)c1cc(F)c2c(c1)C(C(=O)N2)CC,MOSES sample,7205,299.345,22,49.33,3.66152,3,3
Cn1ncc2c(=O)n(CC(=O)N3CCc4ccccc4C3)cnc21,MOSES sample,7206,323.356,24,73.02,0.7149,2,4
o1nc(nc1CCC)CNc1c(cccc1)NC(c1ccccc1)=O,MOSES sample,7207,336.395,25,80.05,3.8865,7,3
c1(ccco1)C(=O)NCCNC(=O)NC1c2ccccc2CCC1,MOSES sample,7208,327.384,24,83.37,2.3862,5,3
C(c1ccccc1Cl)Nc1c(C)ccc(C(=O)N)c1,MOSES sample,7209,274.751,19,55.12,3.35942,4,2
CCOC(=O)CCC(C)NC(=O)c1ccc2c(c1)Cc1ccccc1-2,MOSES sample,7210,337.419,25,55.4,3.7194,6,3
CC(O)CC(C)CNC(NC1CCC(CC1)O)=O,MOSES sample,7211,258.362,18,81.59,0.9961,5,1
N(C(C)COC)c1cc(C)nc2ccnn12,MOSES sample,7212,220.276,16,51.45,1.48452,4,2
c1(C2c3c(CCN2)cc(c(OCC)c3)O)n[nH]cn1,MOSES sample,7213,260.297,19,83.06,1.1441,3,3
C(Cc1sccc1)(NC(=O)NCC1CN2CCCCC2CO1)C,MOSES sample,7214,337.489,23,53.6,2.2316,5,3
O=C(NCCc1cc(ccc1)OC)Nc1cc(ns1)C,MOSES sample,7215,291.376,20,63.25,2.82432,5,2
CSc1ccc(C(=O)NCC2CCN(c3ccc(F)cc3)C2)cn1,MOSES sample,7216,345.443,24,45.23,3.1989,5,3
CC(Oc1ccc(C#N)cc1)C(=O)Nc1ccc2ncccc2c1,MOSES sample,7217,317.348,24,75.01,3.51248,4,3
c1(ccc(cc1)-n1ncnc1)C(=O)NCc1ccc(cc1OC)Cl,MOSES sample,7218,342.786,24,69.04,2.8593,5,3
c1cc(cc(NC(C2CC2)=O)c1C)S(N(C)C)(=O)=O,MOSES sample,7219,282.365,19,66.48,1.59382,4,2
c1(F)cc(-c2noc(n2)NCCc2cnn(c2)C)c(cc1)F,MOSES sample,7220,305.288,22,68.77,2.4029,5,3
c1(Cn2cccn2)sccc1-c1sc(C(=O)OC)c(C)n1,MOSES sample,7221,319.411,21,57.01,3.21142,4,3
c12ccc(C(O)COc3cc(C)c(cc3)N)cc2OCO1,MOSES sample,7222,287.315,21,73.94,2.41832,4,3
Clc1cc2n(C)c(C(Nc3c(C)n(nc3C)CC)=O)cc2cc1,MOSES sample,7223,330.819,23,51.85,3.91724,3,3
CC1CCCC(CNC(=O)c2cc(N3CCCC3=O)ccc2Cl)C1,MOSES sample,7224,348.874,24,49.41,4.0229,4,3
Cn1nnnc1-c1cccc(NC(=O)c2ccc(-n3ccnn3)cc2)c1,MOSES sample,7225,346.354,26,103.41,1.7101,4,4
C(OC(=O)c1ccc(C)s1)C(=O)c1cc2OCOc2cc1,MOSES sample,7226,304.323,21,61.83,2.82492,4,3
CCCc1nc(CNCCc2sc3ccccc3n2)cs1,MOSES sample,7227,317.483,21,37.81,4.0376,7,3
C(c1occc1)NC(=O)CSc1nnc(n1C1CCCCC1)C,MOSES sample,7228,334.445,23,72.95,3.09322,6,3
O=C(NCCc1ccc(Cl)cc1)c1cnc(-c2ccco2)nc1C,MOSES sample,7229,341.798,24,68.02,3.67092,5,3
c1(ccc(OS(NC2C(CCCC2)O)(=O)=O)cc1)C,MOSES sample,7230,285.365,19,75.63,1.51172,4,2
c1ccc(F)c(c1)Oc1c(cccn1)CNC(=O)c1c(oc(C)c1)C,MOSES sample,7231,340.354,25,64.36,4.15284,5,3
Cc1ccc(-n2cc(C(=O)NCCCO)c3ccccc3c2=O)cc1,MOSES sample,7232,336.391,25,71.33,2.41132,5,3
C(=O)(c1ccc(CSc2ccccc2C#N)cc1)N(C)C,MOSES sample,7233,296.395,21,44.1,3.55238,4,2
C1N(C(C(N(CC)CC)=O)CC1)C(c1ccc(cc1)N(CC)CC)=O,MOSES sample,7234,345.487,25,43.86,3.0058,7,2
c1cc(ccc1OC(F)(F)F)C(=O)N1CCC(CO)CC1,MOSES sample,7235,303.28,21,49.77,2.4297,3,2
c1cc(NC(COc2c(F)cccc2)=O)ccc1S(N)(=O)=O,MOSES sample,7236,324.333,22,98.49,1.4906,5,2
C1COC(C1)CNC(=O)c1ccc(NC(N2CCOCC2)=O)cc1,MOSES sample,7237,333.388,24,79.9,1.4595,4,3
O=C(NC1C=CC(CO)C1)Nc1cccc(OCCC)c1,MOSES sample,7238,290.363,21,70.59,2.5339,6,2
c1(c(cc(C(CCn2c(csc2=O)C)=O)cc1C)C)F,MOSES sample,7239,293.363,20,39.07,3.24716,4,2
o1c(-c2ccc(s2)C(Nc2sccn2)=O)cc(C)n1,MOSES sample,7240,291.357,19,68.02,3.42032,3,3
O=C(NCC1CC=CCC1)Nc1nncs1,MOSES sample,7241,238.316,16,66.91,2.0159,3,2
Nc1cnc(Cc2ccccc2Br)nc1,MOSES sample,7242,264.126,15,51.8,2.4121,2,2
C(=O)(Cn1nnc(-c2ccc(cc2)C)n1)NCc1csc(=O)[nH]1,MOSES sample,7243,330.373,23,105.56,0.71472,5,3
C1C(C1)CNC(=O)C1Cc2cc(ccc2OC1)Cl,MOSES sample,7244,265.74,18,38.33,2.4173,3,3
N#Cc1c(C)n(nc1C)-c1cc(c(cc1)Cl)C(F)(F)F,MOSES sample,7245,299.683,20,41.61,4.03302,1,2
[nH]1cc(c2c1ccc(c2)OC)C(N1CCC(c2nc(C)n[nH]2)CC1)=O,MOSES sample,7246,339.399,25,86.9,2.62282,3,4
C1CCC(NC(C(Oc2ccc(-c3ocnn3)cc2)C)=O)C1,MOSES sample,7247,301.346,22,77.25,2.5627,5,3
c1(NC(=O)c2c[nH]c3ccccc3c2=O)cc2OCOc2cc1,MOSES sample,7248,308.293,23,80.42,2.5091,2,4
O=c1[nH]cnc2c1C(c1ccc(O)cc1)CC(N2CCc1ccco1)=O,MOSES sample,7249,351.362,26,99.43,2.1798,4,4
O=C(C1C(=C(C(C)(O1)C)C(N1CCC(C(=O)N)CC1)=O)C)OCC,MOSES sample,7250,338.404,24,98.93,0.7673,4,2
Cn1c(=O)sc2cc(NC(=O)Nc3cccc(Cl)c3)ccc21,MOSES sample,7251,333.8,22,63.13,3.8974,2,3
c1(cc(on1)-c1ccc(cc1)F)CNC(=O)CNC(=O)C1CC1,MOSES sample,7252,317.32,23,84.23,1.6231,6,3
FC(F)(CCN(C)C(CC1C2CCC(C2)C1)=O)F,MOSES sample,7253,263.303,18,20.31,3.2235,4,2
N(c1ccc(S(=O)(=O)NCC=C)cc1)C(c1ccccc1Cl)=O,MOSES sample,7254,350.827,23,75.27,3.0566,6,2
NS(=O)(=O)N1CCN(CC(O)COc2cccc(F)c2)CC1,MOSES sample,7255,333.385,22,96.1,-0.6135,6,2
COCCN1CC(C(=O)NC2CCSc3ccccc32)CC1=O,MOSES sample,7256,334.441,23,58.64,1.8346,5,3
C(Nc1c(ccs1)C(OCC)=O)(=O)c1cnc2ccccc2n1,MOSES sample,7257,327.365,23,81.18,3.1203,4,3
c1(ncc(c(OC2CC2)c1)S(=O)(=O)N)C(NC)=O,MOSES sample,7258,271.298,18,111.38,-0.3702,4,2
COc1ccccc1NC(=O)NCc1noc(C(C)C)n1,MOSES sample,7259,290.323,21,89.28,2.5233,5,2
CCCn1cc(-c2c(C#N)c(N)nc(-c3c[nH]cc3)c2)c(C)n1,MOSES sample,7260,306.373,23,96.31,3.1125,4,3
c12c(c(cc(NC(=O)Nc3ccc(Cl)cc3)c2)C(=O)N)nccc1,MOSES sample,7261,340.77,24,97.11,3.6311,3,3
c1c(c(CCN(C(=O)Cn2nccc2)C)ccc1)F,MOSES sample,7262,261.3,19,38.13,1.7233,5,2
CC(c1nc(on1)CCC(=O)Oc1cc(C)ccc1)(C)C,MOSES sample,7263,288.347,21,65.22,3.21372,4,2
c1[nH]c(c(cc1)C(Nc1ccc(cc1)-c1[nH]nc(n1)C)=O)=O,MOSES sample,7264,295.302,22,103.53,1.72072,3,3
n1c(n2ccccc2n1)CCCNC(=O)C1COc2c(O1)cccc2,MOSES sample,7265,338.367,25,77.75,1.6181,5,4
c1c(N2CC(C(=O)NC(c3cc(ccc3OC)C)C)CC2=O)cccc1,MOSES sample,7266,352.434,26,58.64,3.23392,5,3
CC(C)(C)OC(Nc1sc(nn1)Cn1ncc(Cl)c1)=O,MOSES sample,7267,315.786,20,81.93,2.7833,3,2
c1(NC(CCCS(=O)(c2ccccc2)=O)=O)ccc(OC)cc1,MOSES sample,7268,333.409,23,72.47,2.8878,7,2
CCOC(=O)CSc1nnc(C)n1-c1ccc(C)cc1C,MOSES sample,7269,305.403,21,57.01,2.84776,5,2
Oc1ccc(cc1)C(=O)OCc1nc(-c2ccccc2)no1,MOSES sample,7270,296.282,22,85.45,2.7992,4,3
CNC(=O)c1cccc(NC(=O)c2ccc(F)c(C)c2)c1C,MOSES sample,7271,300.333,22,58.2,3.05444,3,2
C(C)OC(CN(C1CC1)C(=O)CN1CC(C)OC(C1)C)=O,MOSES sample,7272,298.383,21,59.08,0.6497,6,2
C(C)Oc1c(Cl)cc(cc1)NC(=O)NCCCN1CCOCC1,MOSES sample,7273,341.839,23,62.83,2.5825,7,2
c1(nc(-n2nc(cc2N)C(F)(F)F)nc(N(C)C)n1)-c1ccccc1,MOSES sample,7274,349.32,25,85.75,2.3913,3,3
c1c2nc(n(CCC)c2ccc1Cl)CS(c1ccccc1)(=O)=O,MOSES sample,7275,348.855,23,51.96,4.0736,5,3
COc1cn(-c2ccccc2)nc1C(=O)NCCNc1ncccn1,MOSES sample,7276,338.371,25,93.96,1.5128,7,3
O=c1c2c(c(NC(c3c(ccs3)C)=O)c[nH]1)ccc(Cl)c2,MOSES sample,7277,318.785,21,61.96,3.80372,2,3
c1(ncc(C(NCc2c(F)cccc2Cl)=O)cc1)-n1cnnc1,MOSES sample,7278,331.738,23,72.7,2.3848,4,3
COC(=O)CSc1ncc(CO)n1Cc1ccc(F)cc1,MOSES sample,7279,310.35,21,64.35,1.8279,6,2
N(c1cc(OC)c(C)cc1)C(C1CN(C(=O)C1)CCC(C)C)=O,MOSES sample,7280,318.417,23,58.64,2.83672,6,2
Clc1c(CC(N2CCCC(c3nc(C)no3)C2)=O)c(Cl)ccc1,MOSES sample,7281,354.237,23,59.23,3.63352,3,3
c1(cc(cc(c1)Cl)Cl)CN(C)S(C)(=O)=O,MOSES sample,7282,268.165,15,37.38,2.3848,3,1
C1N(CCN(Cc2cnc(OCC)cc2)C1)c1nc(C)c(C)s1,MOSES sample,7283,332.473,23,41.49,2.87584,5,3
C(N1C2CC(C)(C1)CC(C)(C2)C)(c1cc(S(C)(=O)=O)ccc1C)=O,MOSES sample,7284,349.496,24,54.45,3.43932,2,3
C(c1cc(C#N)ccc1)N(C)C(=O)NCCOCC(F)(F)F,MOSES sample,7285,315.295,22,65.36,2.27858,6,1
COC(=O)C1CCN(C(=O)c2cscn2)c2ccccc21,MOSES sample,7286,302.355,21,59.5,2.4502,2,3
c1c(C)cc(c(c1)Oc1ncccc1CNC(=O)C1CNC(C1)=O)C,MOSES sample,7287,339.395,25,80.32,2.24304,5,3
C(c1ccc(cc1)CSc1nnc(SCC)s1)(=O)N,MOSES sample,7288,311.457,19,68.87,3.0413,6,2
CCOc1cc(C)c(C(O)C(=O)NC2CC2)cc1C,MOSES sample,7289,263.337,19,58.56,2.01414,5,2
CCS(=O)(=O)c1ccccc1NCc1cn[nH]c1,MOSES sample,7290,265.338,18,74.85,1.8154,5,2
C(c1ccccn1)CNC(c1nn2c(nc(C)cc2C)n1)=O,MOSES sample,7291,296.334,22,85.07,1.10864,4,3
n1(-c2ccncc2)ncc(c1C)C(N1C(CCC1)COC)=O,MOSES sample,7292,300.362,22,60.25,1.82672,4,3
C(C)(C)(C(NC(C(N1c2c(cccc2F)CCC1)=O)C)=O)C,MOSES sample,7293,306.381,22,49.41,2.6557,2,2
Cc1ccc(cc1)C(N(C)Cc1ccc(cc1)OC)C#N,MOSES sample,7294,280.371,21,36.26,3.7003,5,2
n1c(C2CN(C(=O)C(C)(C)C)CCC2)ccnc1N,MOSES sample,7295,262.357,19,72.11,1.8109,1,2
O(c1cccc(c1OC(F)F)C(=O)NCc1nnc2n1CCC2)C,MOSES sample,7296,338.314,24,78.27,1.7643,6,3
OCc1c(-c2cccs2)nc2sc(CCc3c[nH]cn3)nn12,MOSES sample,7297,331.426,22,79.1,2.5199,5,4
n1ccccc1COC1CC2(OC1)CCN(C(=O)c1ccccn1)C2,MOSES sample,7298,339.395,25,64.55,2.067,4,4
N(C(=O)c1c(oc2c(c1)cccc2)=O)C1CCCCC1C,MOSES sample,7299,285.343,21,59.31,3.1015,2,3
c1coc(C(Nc2cc(-c3cnc(OC)nc3)ccc2)=O)c1,MOSES sample,7300,295.298,22,77.25,2.9975,4,3
o1nc(nc1C1CCN(C(=O)Cc2cccnc2)C1)-c1sccc1,MOSES sample,7301,340.408,24,72.12,2.7517,4,4
C1CNc2cc(ccc2S1(=O)=O)C(F)(F)F,MOSES sample,7302,251.229,16,46.17,1.9046,0,2
c1cc2c(nc(OC3CCN(S(C)(=O)=O)CC3)s2)cc1F,MOSES sample,7303,330.406,21,59.5,2.2382,3,3
c1cccc(CCC(=O)Nc2nnc(-c3cc(ccc3)N)s2)c1,MOSES sample,7304,324.409,23,80.9,3.3586,5,3
c1c(-c2[nH]ncc2C(N(C)Cc2cccs2)=O)cccc1,MOSES sample,7305,297.383,21,48.99,3.4104,4,3
c1(C(N(C)C)CNCc2cccc(c2F)F)cccs1,MOSES sample,7306,296.386,20,15.27,3.4188,6,2
O(CCOC)c1c(C(=O)C)ccc(c1)C(C)(C)C,MOSES sample,7307,250.338,18,35.53,3.2119,5,1
O=C1COc2cc(NC(=O)NCc3ccco3)ccc2N1,MOSES sample,7308,287.275,21,92.6,1.9322,3,3
Cc1cc(C)n(Cc2cccc(NC(=O)NCc3ncn(C)n3)c2)n1,MOSES sample,7309,339.403,25,89.66,1.99844,5,3
c1ccc(c(S(=O)(CCOc2ccc(cc2)C)=O)c1)C,MOSES sample,7310,290.384,20,43.37,3.15614,5,2
O=C(NCC#Cc1ccccc1)N1CCN(CC(F)F)CC1,MOSES sample,7311,307.344,22,35.58,1.6304,3,2
C(#N)c1ccc(nc1)-c1noc(C(=O)Oc2cccc(CC)c2)n1,MOSES sample,7312,320.308,24,101.9,2.78488,4,3
COc1ccc2c(c1)CC(NC(=O)NCc1ccco1)CO2,MOSES sample,7313,302.33,22,72.73,2.0911,4,3
O=C(Cc1csc(-c2nc[nH]n2)n1)NCc1ccccn1,MOSES sample,7314,300.347,21,96.45,1.1821,5,3
N#CC1CN(CCO1)Cc1cccc(c1)OCCc1ccccc1,MOSES sample,7315,322.408,24,45.49,3.03248,6,3
n1(cc(CNC(c2[nH]nc(c2Br)C)=O)cn1)C(C)C,MOSES sample,7316,326.198,19,75.6,2.18802,4,2
c1cc(cc(c1)N)OC(C(Nc1ccccc1OCC)=O)C,MOSES sample,7317,300.358,22,73.58,3.0735,6,2
Fc1ccc(cc1)OCC(CNc1cccc(c1C)C(=O)NC)O,MOSES sample,7318,332.375,24,70.59,2.34552,7,2
c12c(cnn2C(CC)C)c(C(=O)NCCc2ccco2)cc(C)n1,MOSES sample,7319,326.4,24,72.95,3.27622,6,3
O=C(c1c(ccc(F)c1)N)Nc1cc(Cl)ccc1C,MOSES sample,7320,278.714,19,55.12,3.62202,2,2
O=S(=O)(c1cccnc1)N1CCCCC1CCN1CCOCC1,MOSES sample,7321,339.461,23,62.74,1.3471,5,3
c1cc2c(c(ccc2)C(=O)NCCCC(N(CCO)C)=O)cc1,MOSES sample,7322,314.385,23,69.64,1.8005,7,2
O(C(C)(C)C)C(N1CCCC(C1)CNc1ncccn1)=O,MOSES sample,7323,292.383,21,67.35,2.5356,3,2
c1(cc2c(n(c(n2)N)C)cc1C)C(CSc1ncccn1)=O,MOSES sample,7324,313.386,22,86.69,2.22892,4,3
C(=O)(NCCc1ccc(cc1F)F)Nc1n(nc(c1)CC)C,MOSES sample,7325,308.332,22,58.95,2.6249,5,2
c1cccc(CN2CCN(C(Cc3ncccc3)=O)CC2C(N)=O)c1,MOSES sample,7326,338.411,25,79.53,0.8224,5,3
c1c(-c2ccc(cc2)OC)nc(=O)n(CC(NCc2occc2)=O)c1,MOSES sample,7327,339.351,25,86.36,1.8283,6,3
C(C)(Nc1ccc(C(NCc2nc3ccccc3s2)=O)cc1)=O,MOSES sample,7328,325.393,23,71.09,3.1847,4,3
CCOC(=O)C1CCN(C(=O)c2cn(C)c3ccccc23)CC1,MOSES sample,7329,314.385,23,51.54,2.5936,3,3
c1c(ccc(NC(=O)C(c2ccc(F)cc2)O)c1)C,MOSES sample,7330,259.28,19,49.33,2.80622,3,2
Fc1c(NC(Cn2cccn2)=O)ccc(c1)Oc1nc(C)cc(n1)C,MOSES sample,7331,341.346,25,81.93,2.86004,5,3
C(=O)(C)c1ccc(cc1)NC(=O)NC1CCCc2ccccc12,MOSES sample,7332,308.381,23,58.2,4.0883,3,3
c1(oc(CSc2nnc(CN3CCCC3=O)o2)nc1)C(C)(C)C,MOSES sample,7333,336.417,23,85.26,2.7698,5,3
N(C(C1CCN(S(c2cc(c(cc2)C)C)(=O)=O)CC1)=O)CC=C,MOSES sample,7334,336.457,23,66.48,2.00634,5,2
C(C)OC(c1nc(COC(C2C3CC4C2C(O)C2CCC2C23)=O)on1)=O,MOSES sample,7335,,,,,,
Cc1ccc(C)c(NCC(=O)N2CCOCC2)c1,MOSES sample,7336,248.326,18,41.57,1.57414,3,2
Cc1ccc(C(O)CNc2ccc(Cl)cc2)cc1,MOSES sample,7337,261.752,18,32.26,3.79392,4,2
C=CCNC(=O)c1ccc(NC(=O)C2(C#N)CCCC2)cc1,MOSES sample,7338,297.358,22,81.99,2.62488,5,2
N1(CCN(CC1)CCO)c1ccc(cn1)S(=O)(=O)NC(C)CC,MOSES sample,7339,342.465,23,85.77,0.2727,7,2
Cc1cnc(NCc2cccc(C(N)=O)c2)nc1-c1cnn(C)c1,MOSES sample,7340,322.372,24,98.72,1.89652,5,3
C1N(C2C(CCCC2)OC1)Cc1ccc(OCC(F)F)cc1,MOSES sample,7341,311.372,22,21.7,3.4739,5,3
C(=O)(Oc1cccc(c1)C(OC)=O)Cc1csc(CC)n1,MOSES sample,7342,305.355,21,65.49,2.6402,5,2
c1ccccc1-c1nn(CC(Nc2c(C)cccc2)=O)nn1,MOSES sample,7343,293.33,22,72.7,2.28722,4,3
c1(c(cccc1)CSc1n(cnn1)C1CC1)Br,MOSES sample,7344,310.22,17,30.71,3.6678,4,3
c1ccc(Cc2nnc3n2nc(-c2ccco2)s3)c(c1)OC,MOSES sample,7345,312.354,22,65.45,3.0452,4,4
O=C(C)c1cc(NCC(=O)N2CCN(c3ccccc3)CC2)ccc1,MOSES sample,7346,337.423,25,52.65,2.6499,5,3
COc1ccc(Cl)c2c1N(C(=O)c1ccoc1C)CCC2,MOSES sample,7347,305.761,21,42.68,3.84302,2,3
c1ccc(CNC(c2cnc(s2)C2OCCC2)=O)cc1OCC,MOSES sample,7348,332.425,23,60.45,3.3233,6,3
Fc1ccc(S(=O)(CC(=O)N(C)C)=O)cc1F,MOSES sample,7349,263.265,17,54.45,0.8267,3,1
O=C(Nc1c(C(=O)NCC)cc(Cl)cc1)COc1ccccc1,MOSES sample,7350,332.787,23,67.43,3.1072,6,2
CCNC(=O)c1ccc(cc1)CNC(=O)c1cc2nc[nH]c2cc1,MOSES sample,7351,322.368,24,86.88,2.2426,5,3
Fc1c(cccc1)C(=O)OCCO)S(=O)(N)=O,MOSES sample,7352,,,,,,
Cc1ccccc1-c1noc2nc(C)n(CC(=O)NC(C)(C)C)c(=O)c12,MOSES sample,7353,354.41,26,90.02,2.58304,3,3
c1c(ccc2nccnc21)C(N1CCC(NS(C)(=O)=O)CC1)=O,MOSES sample,7354,334.401,23,92.26,0.7836,3,3
O=c1n(C)c2nc3n(c(C)cn3CC(Cn3cccn3)O)c2c(n1C)=O,MOSES sample,7355,357.374,26,104.28,-0.74758,4,4
N(c1ccc(cc1)NC(=O)c1ccccc1)C(c1cn(C)nc1)=O,MOSES sample,7356,320.352,24,76.02,2.9247,4,3
c1(n(c(=O)n(c1)C1CC1)C)COc1cc2c(cc1)CCCC2,MOSES sample,7357,298.386,22,36.16,2.9795,4,4
c1c(-c2sc3nnc(n3n2)C(C)C)ccc(OC)c1,MOSES sample,7358,274.349,19,52.31,2.9848,3,3
CS(=O)(=O)NCCCNC(=O)c1cccc(Br)c1,MOSES sample,7359,335.223,18,75.27,1.1182,6,1
O=C(NCCNC(C(Sc1ccc(cc1)Cl)(C)C)=O)C,MOSES sample,7360,314.838,20,58.2,2.463,6,1
O(C(=O)CC(c1ccccc1)NC(=O)c1c(OC)ccc(c1)F)C,MOSES sample,7361,331.343,24,64.63,2.8685,6,2
CN(C1CCC(C)CC1)C(=O)c1ccc(cc1)N(C)S(=O)(C)=O,MOSES sample,7362,338.473,23,57.69,2.7331,4,2
COCCC(=O)Nc1nc2c(s1)C(O)CCC2,MOSES sample,7363,256.327,17,71.45,1.4878,4,2
c1(n(ccc([nH]1)=O)CCC(=O)Nc1c(C)ccc(c1)-c1occn1)=O,MOSES sample,7364,340.339,25,109.99,1.52882,5,3
c1c(ccc(C(=O)Cn2c(=O)onc2-c2ncccn2)c1)CC(C)C,MOSES sample,7365,338.367,25,90.88,2.3747,6,3
C(C(c1ccccc1OC1CCC1)=O)Sc1scnn1,MOSES sample,7366,306.412,20,52.08,3.4444,6,3
c1(cc(n(n1)-c1ccccc1)C(=O)OCC1OCCCC1)C1CC1,MOSES sample,7367,326.396,24,53.35,3.4756,5,4
c1(NC(c2ocnc2C)=O)c(cc(cc1)NC(=O)C)Cl,MOSES sample,7368,293.71,20,84.23,2.84712,3,2
c1(CCC(Nc2ccc(c(Cl)c2)C(=O)N)=O)ccccc1OCC,MOSES sample,7369,346.814,24,81.42,3.4089,7,2
CSc1cc(ccc1)NC(=O)C(OC(c1c(C)noc1C)=O)C,MOSES sample,7370,334.397,23,81.43,3.19734,5,2
C1C(OC(=O)CCc2cc(c(cc2)OC)OC(F)F)C(OC)CC1,MOSES sample,7371,344.354,24,53.99,3.3399,8,2
Fc1ccccc1C(=O)NC1(c2noc(n2)C)CCCC1,MOSES sample,7372,289.31,21,68.02,2.71642,3,3
c1c(ccc(n1)-n1cncc1)C(=O)N1CCC(CC1)(O)C(F)(F)F,MOSES sample,7373,340.305,24,71.25,1.7967,2,3
c1(ccccc1-n1nc(cc1)C(=O)NCC#C)OC,MOSES sample,7374,255.277,19,56.15,1.2439,4,2
NC(=O)c1cccc(NC(=O)NCC2(c3ccccc3F)CC2)c1,MOSES sample,7375,327.359,24,84.22,2.7779,5,3
n1c(nc(C)o1)NC(=O)CCc1c(Br)ccc(c1)F,MOSES sample,7376,328.141,19,68.02,2.85092,4,2
CC(=O)N(C)c1ccccc1NCc1cncs1,MOSES sample,7377,261.35,18,45.23,2.7379,4,2
C(c1onc(c1)C(N1CCN(CC1)Cc1n(C)c(C)cc(c1)=O)=O)C,MOSES sample,7378,344.415,25,71.58,1.20212,4,3
c1(Br)cnc2n(c(c([nH]2)=O)CO)c1,MOSES sample,7379,,,,,,
n12c(c(c(C)n2)CCC1)NC(CSc1ccc(cc1)F)=O,MOSES sample,7380,305.378,21,46.92,3.00762,4,3
c1(ccc(NC(=O)CC2c3ccccc3C(=O)O2)cc1Cl)OC,MOSES sample,7381,331.755,23,64.63,3.5889,4,3
c1c(c(C(NC(c2sc(cc2)C)C)=O)ccc1)OCC(=O)N,MOSES sample,7382,318.398,22,81.42,2.41162,6,2
Cc1cc(C(=O)NCc2cccc(NC(=O)Cn3cccn3)c2)c(C)[nH]1,MOSES sample,7383,351.41,26,91.81,2.39674,6,3
C(N(Cc1cnccc1)C(=O)C)c1ccccc1C,MOSES sample,7384,254.333,19,33.2,2.93872,4,2
Cc1ccc(C(=O)NC(CN2CCOCC2)c2ccccc2)cc1F,MOSES sample,7385,342.414,25,41.57,2.93742,5,3
c1(OC)c(F)c(ccc1)C(NCC(=O)Nc1c(cc(C)cc1C)C)=O,MOSES sample,7386,344.386,25,67.43,3.12806,5,2
c1cc(OC)c(F)cc1-c1cn(-c2ccccc2)nc1N,MOSES sample,7387,283.306,21,53.07,3.2692,3,3
N(c1cc(-c2occc2)nn1CCOCC)C(C)=O,MOSES sample,7388,263.297,19,69.29,2.138,6,2
N(C(=O)CNC(=O)C)c1cccc(NC(=O)CC)c1,MOSES sample,7389,263.297,19,87.3,1.1097,5,1
c12c(cc(c(o2)=O)C(=O)NCCc2onc(n2)COC)cccc1,MOSES sample,7390,329.312,24,107.46,1.2949,6,3
c1cccc2c1cc(C(=O)N(C)Cc1ncon1)o2,MOSES sample,7391,257.249,19,72.37,2.088,3,3
O(C(C(=O)N1CCN(C(c2sccc2)=O)CC1)C)c1ccccc1,MOSES sample,7392,344.436,24,49.85,2.5,4,3
C(C1Cc2ccccc2N1Cc1onc(n1)-c1cc(ccc1)OC)(N)=O,MOSES sample,7393,350.378,26,94.48,2.1618,5,4
CC(C)C(=O)c1ccc(OCc2ccncc2)cc1,MOSES sample,7394,255.317,19,39.19,3.4993,5,2
CS(=O)(c1ccc(NC(=O)C(Sc2ccccn2)C)cc1)=O,MOSES sample,7395,336.438,22,76.13,2.6044,5,2
c1cc(-n2c(SCCC(C)C)nnc2-c2cccnc2)cnc1,MOSES sample,7396,325.441,23,56.49,3.8625,6,3
c1(c(n(C2CC2)c(C)c1)C)C(N1CC(Oc2ncccc2)CC1)=O,MOSES sample,7397,325.412,24,47.36,3.12834,4,4
O=S(CCn1cc(C(F)(F)F)ccc1=O)(=O)c1ccc(cc1)C,MOSES sample,7398,345.342,23,56.14,2.64942,4,2
c1(C(=O)Nc2ccc(NC(C)=O)cc2)c(=O)c2c([nH]c1)cccc2,MOSES sample,7399,321.336,24,91.06,2.7388,3,3
C(CNCc1c(cccc1)OC)(c1ccccc1)O,MOSES sample,7400,257.333,19,41.49,2.5184,6,2
c1(c(C)oc(-c2ccccc2)n1)C(N1CCCC(C(N)=O)C1)=O,MOSES sample,7401,313.357,23,89.43,1.98752,3,3
c1(ccc(cc1)N1C(CCC1)=O)OCC(=O)NC(C)(CC)C,MOSES sample,7402,304.39,22,58.64,2.497,6,2
C(Nc1c(cccc1)-n1nncc1)(=O)C1C(C)Oc2ccccc2O1,MOSES sample,7403,336.351,25,78.27,2.4343,3,4
N#Cc1ccc(NCCCc2cc3ccccc3[nH]2)nc1,MOSES sample,7404,276.343,21,64.5,3.47928,5,3
C1N(C(=O)c2c(nc3CCCc3c2)OC)CC(CC1)CNC(C)=O,MOSES sample,7405,331.416,24,71.53,1.5672,4,3
c1ccccc1Cn1c(SCC(NC)=O)nnn1,MOSES sample,7406,263.326,18,72.7,0.5595,5,2
c1(N2CCCC2=O)cc(ccc1)OC(=O)COCC1CC1,MOSES sample,7407,289.331,21,55.84,2.1454,6,3
c1cccc2-c3c(C(O)(c4ccc(OCC)cc4)c21)cn[nH]3,MOSES sample,7408,292.338,22,58.14,3.073,3,4
C1C2(CCCC1O)C(N(c1ccccc21)CC(C)C)=O,MOSES sample,7409,273.376,20,40.54,2.8619,2,3
CCCCN1C(=O)C2CCC1CN(C(=O)Cn1cnc(C#N)n1)C2,MOSES sample,7410,330.392,24,95.12,0.39928,5,4
O=C(NC(C)C)c1cc(=O)c2c(ccc(c2)F)o1,MOSES sample,7411,249.241,18,59.31,2.0703,2,2
COC(C)C(=O)N1CC=C(c2ccc(OCC(C)C)cc2)CC1,MOSES sample,7412,317.429,23,38.77,3.372,6,2
c12cc(ccc1n(c(n2)C(O)C)-c1ccccc1C#N)F,MOSES sample,7413,281.29,21,61.84,3.08958,2,3
n1ccnc(c1)C1CCN(CC1)c1ccc(nn1)C,MOSES sample,7414,255.325,19,54.8,1.95902,2,3
c12CCCCc1noc2C(NCCC(OC(C)C)=O)=O,MOSES sample,7415,280.324,20,81.43,1.6249,5,2
CSc1nsc(NC(=O)c2ccc(F)c(F)c2)n1,MOSES sample,7416,287.316,18,54.88,2.7905,3,2
c1c(NC(c2cccc(c2)OCC(=O)N)=O)c(OC)cc(OC)c1,MOSES sample,7417,330.34,24,99.88,1.8202,7,2
C(c1oc2cc(Br)ccc2c1)NCCc1nc(no1)C,MOSES sample,7418,336.189,20,64.09,3.21902,5,3
O=C(Cc1cccnc1)N1CCC2(CC(OCC3CC3)CO2)C1,MOSES sample,7419,316.401,23,51.66,1.8107,5,4
CCOC(=O)CSc1nc(Cc2ccccc2)c2c(=O)[nH]cnc2n1,MOSES sample,7420,356.407,25,97.83,1.9591,6,3
c1(OC(C(=O)Nc2noc(C)c2)C)ccc(Br)cc1,MOSES sample,7421,325.162,19,64.36,3.15152,4,2
c1c2CN(CCc2ccc1)CC(Nc1ccnn1C1CCCC1)=O,MOSES sample,7422,324.428,24,50.16,2.995,4,4
COc1cc(=O)n2cc(C(=O)N3CCNC(=O)C3)ccc2n1,MOSES sample,7423,302.29,22,93.01,-0.7249,2,3
COc1ccc(C(C#N)N(C)C(=O)c2ccccc2)cc1,MOSES sample,7424,280.327,21,53.33,3.03208,4,2
Nc1c(C(Nc2cc(C#N)ccc2)=O)nccn1,MOSES sample,7425,239.238,18,104.69,1.18278,2,2
CC(c1sc(nc1C)NC(=O)c1sc(nc1)C1OCCC1)=O,MOSES sample,7426,337.426,22,81.18,3.21442,4,3
c1cc(OCc2ccc(cc2)S(=O)(c2ccccc2)=O)cnc1C,MOSES sample,7427,339.416,24,56.26,3.80182,5,3
C(CC(c1ccc(Cl)cc1)NC(Cc1n[nH]c(=O)[nH]1)=O)(C)C,MOSES sample,7428,322.796,22,90.64,2.1975,6,2
N(CC(F)=C)(C)C(CNC(C(C)(C)C)c1ccccc1)=O,MOSES sample,7429,292.398,21,32.34,3.305,6,1
N1c2c(cc(F)cc2)C2(C1=O)CCN(CC2)C(=O)C1CCCO1,MOSES sample,7430,318.348,23,58.64,1.817,1,4
c1(ccc(C(=O)NCCCC(N)=O)c(c1)F)Br,MOSES sample,7431,303.131,17,72.19,1.5835,5,1
C(Sc1[nH]c(=O)c(c(n1)O)CC)c1nc(-c2occc2)no1,MOSES sample,7432,320.33,22,118.04,1.9732,5,3
C1CN(S(C)(=O)=O)CC(O1)Cc1ccccc1,MOSES sample,7433,255.339,17,46.61,0.8895,3,2
c1cc(cc2c1nccc2)-c1nc(no1)C1CCOC1,MOSES sample,7434,267.288,20,61.04,2.7887,2,4
N1(C(C(c2ccc(cc2)OC)O)=O)CCCC1c1cc(ccc1)OC,MOSES sample,7435,341.407,25,59,3.1009,5,3
n1(C(C)C(=O)NCc2ccc(cc2)F)c(oc2ccccc21)=O,MOSES sample,7436,314.316,23,64.24,2.611,4,3
C1N(CCCCC1)C(=O)c1cc(ncc1)C#CCO,MOSES sample,7437,258.321,19,53.43,1.4416,1,2
O=C(NCCCNc1ncccn1)C1(c2ccc(F)cc2)CCC1,MOSES sample,7438,328.391,24,66.91,2.6558,7,3
c1sc(nc1CCNC(=O)C1CCC1)-n1c(C)cc(C)n1,MOSES sample,7439,304.419,21,59.81,2.40444,5,3
FC(F)(F)c1ccccc1NC(NCCCc1c(C)onc1C)=O,MOSES sample,7440,341.333,24,67.16,4.06454,5,2
c1ccnnc1N(C1CCN(C(=O)CCCn2cncn2)CC1)C,MOSES sample,7441,329.408,24,80.04,0.9757,6,3
o1c(CN2CCN(C(c3ccc(F)cc3)=O)CC2)nnc1C,MOSES sample,7442,304.325,22,62.47,1.47512,3,3
C(C(=O)Oc1ccc(c(C)c1)Cl)OCC1CCCO1,MOSES sample,7443,284.739,19,44.76,2.74942,5,2
n1(-c2ccccc2)c(=O)n(nc1C1CCN(CC1)C(COC)=O)C,MOSES sample,7444,330.388,24,69.36,0.9234,4,3
C(C(Nc1nc(-c2cccs2)cs1)=O)OCC,MOSES sample,7445,268.363,17,51.22,2.8466,5,2
C(COCC)CNS(=O)(=O)c1cccc2c(cccc12)C,MOSES sample,7446,307.415,21,55.4,2.85312,7,2
C1(CC(CNC(=O)c2cc(c(c(OC)c2)OC)OC)C)CCCCC1,MOSES sample,7447,349.471,25,56.79,4.0487,8,2
Cc1cnc(NC(=O)c2cc3c(s2)CCC(C)C3)s1,MOSES sample,7448,292.429,19,41.99,3.89012,2,3
CN1CC(=O)N2CC(NC(=O)c3cccc(-n4cncn4)c3)CC2C1=O,MOSES sample,7449,354.37,26,100.43,-0.5614,3,4
Cn1cnc(n1)CNC(NCc1cccc(COC(C)(C)C)c1)=O,MOSES sample,7450,331.42,24,81.07,2.1296,6,2
O=c1[nH]c([nH]n1)=NS(c1ccc(cc1)C(C)(C)C)(=O)=O,MOSES sample,7451,,,,,,
CC(OCc1ccccc1)C(=O)OC1CCCC(C)C1,MOSES sample,7452,276.376,20,35.53,3.7136,5,2
C1CCCC(C#N)(NC(CSc2nnc(s2)SCC)=O)C1,MOSES sample,7453,342.515,21,78.67,3.08488,6,2
CC(C)Cn1c(=O)c2ccccc2n2c(SCC(N)=O)nnc12,MOSES sample,7454,331.401,23,95.28,1.2776,5,3
C(C)C(NC(=O)NCCc1nc2ccc(F)cc2[nH]1)CC,MOSES sample,7455,292.358,21,69.81,2.7323,6,2
O=C(Nc1cccc(F)c1)c1n[nH]c2ccccc12,MOSES sample,7456,255.252,19,57.78,2.9543,2,3
O=C1NC(C(=O)N(Cc2ccccc2)CCC2CCCCC2)CC1,MOSES sample,7457,328.456,24,49.41,3.2642,6,3
c1c2nc(-c3occc3)cc(c2ccc1)C(=O)NC1CCC(CC1)CO,MOSES sample,7458,350.418,26,75.36,3.7757,4,4
O=C(NCCCn1cnc2c(c1=O)cccc2)CCc1ccsc1,MOSES sample,7459,341.436,24,63.99,2.5971,7,3
COC(=O)c1ccccc1N(C)C(=O)Cc1cn2ccsc2n1,MOSES sample,7460,329.381,23,63.91,2.3879,4,3
c1(C(NCC(N2CCCCC2)=O)=O)cnn2ccc(C)cc21,MOSES sample,7461,300.362,22,66.71,1.38502,3,3
CCOC(=O)c1oc(CN2CCc3cccc(c3C2)F)nn1,MOSES sample,7462,305.309,22,68.46,1.9437,4,3
O=S(N1CCCC1C(=O)NCc1nc(C)cs1)(=O)CC,MOSES sample,7463,317.436,20,79.37,0.88182,5,2
O=C(CCC1CCCN(C(=O)c2ccccn2)C1)N1CCOCC1,MOSES sample,7464,331.416,24,62.74,1.5728,4,3
O(C)c1c(ccc(c1)CC(c1cc(Cl)c(cc1)NC(=O)C)=O)OC,MOSES sample,7465,347.798,24,64.63,3.741,6,2
Fc1cc(F)c(C2(CCOCC2)NC(=O)c2cnc(NC)nc2)cc1,MOSES sample,7466,348.353,25,76.14,2.2322,4,3
Cc1ccc(C2NCCc3c2cc(F)cc3N)cc1F,MOSES sample,7467,274.314,20,38.05,3.09052,1,3
O=c1n(c2ccccc2o1)CCNC(C(=O)c1ccc(cc1)OC)C,MOSES sample,7468,340.379,25,73.47,2.4641,7,3
Cc1ccc(NC(=O)C2CCCN2C(=O)C2CC2)cc1Cl,MOSES sample,7469,306.793,21,49.41,2.98792,3,3
Cc1cc(NC(=O)N(CCO)C2CCCc3c2cnn3C)n(C)n1,MOSES sample,7470,332.408,24,88.21,1.36582,4,3
c1(c(-c2csc(NC(CC)=O)n2)c(cc(C)c1)C)OC,MOSES sample,7471,290.388,20,51.22,3.78404,4,2
CC(=O)c1ccc(OCC(OCc2nc3c(cccc3)s2)=O)cc1,MOSES sample,7472,341.388,24,65.49,3.6211,6,3
c1cc(cc(c1CN(S(N1CCCCC1)(=O)=O)C)Cl)Cl,MOSES sample,7473,337.272,20,40.62,3.1559,4,2
COCCC(=O)Nc1cccc(C#Cc2ccccc2)c1,MOSES sample,7474,279.339,21,38.33,3.0614,4,2
N(c1cccc2c1cccc2)C(c1cn(-c2ccccc2)nn1)=O,MOSES sample,7475,314.348,24,59.81,3.6728,3,4
n1cnn(c1)CCC(=O)NCc1cc(ccc1)OC(F)(F)F,MOSES sample,7476,314.267,22,69.04,1.8832,6,2
O=C(Oc1c(F)cccc1)c1c(C(OC)=O)cccc1,MOSES sample,7477,274.247,20,52.6,2.8315,3,2
C1N(CC2N(C1CCC2)C(NCC1(C)CCC(C)CC1)=O)C(=O)C,MOSES sample,7478,335.492,24,52.65,2.9976,2,3
COCCN(Cc1ccco1)S(=O)(=O)c1cccs1,MOSES sample,7479,301.389,19,59.75,2.1784,7,2
COc1ccccc1CC(=O)OCC(=O)Nc1ccc(Cl)cn1,MOSES sample,7480,334.759,23,77.52,2.468,6,2
C1N(S(=O)(=O)c2cc(ccc2)C(=O)N(CCO)CC)CCC1,MOSES sample,7481,326.418,22,77.92,0.9255,6,2
O=S(=O)(C)c1cccc(c1)NC(c1scnc1C)=O,MOSES sample,7482,296.373,19,76.13,2.10732,3,2
C(c1ccc(cc1)C(N(C)C)=O)(N(c1ccccc1)C)=O,MOSES sample,7483,282.343,21,40.62,2.665,3,2
c1(N2CC(C(NCC=C)=O)CC2=O)c(ccc(Cl)c1)C,MOSES sample,7484,292.766,20,49.41,2.30352,4,2
COc1ccc2c(cnn2CCC(=O)Nc2ccc3c(c2)OCO3)c1,MOSES sample,7485,339.351,25,74.61,2.8024,5,4
C(CN1CCN(C(=O)c2sccc2)CC1)NC(=O)NCC,MOSES sample,7486,310.423,21,64.68,0.825,5,2
c1ccc(COc2cc(ccc2)OC)cc1NC(CC#N)=O,MOSES sample,7487,296.326,22,71.35,3.12638,6,2
n12cc(C(NC(c3ccccc3)CCO)=O)ccc2nnc1C,MOSES sample,7488,310.357,23,79.52,1.89122,5,3
C(NCc1cccnc1)(N1CCC(=CC1)c1c(Cl)cccc1)=O,MOSES sample,7489,327.815,23,45.23,3.7339,3,3
O=C(Nc1cccc(-c2csc(N3CCCCC3)n2)c1)C1CC1,MOSES sample,7490,327.453,23,45.23,4.1489,4,4
CCN(C1CC1)S(=O)(=O)c1csc(C(N)=O)c1,MOSES sample,7491,274.367,17,80.47,1.02,5,2
O=C(NCCC(F)(F)F)c1cccc(OCc2cccnc2)c1,MOSES sample,7492,324.302,23,51.22,3.3428,6,2
N1C(C(NC(=O)c2c1ccc(CC)c2)Cc1ccccc1)=O,MOSES sample,7493,294.354,22,58.2,2.5422,3,3
COC(=O)c1ccc(NCC(=O)NC(C)(C#N)C(C)C)cc1,MOSES sample,7494,303.362,22,91.22,1.93958,6,1
n1c(-n2c(C)cc(n2)C)n(C)c(n1)SCc1csc(n1)CC,MOSES sample,7495,334.474,22,61.42,2.92884,5,3
C1CCc2c(C1NC(Nc1ccc(SC)cc1)=O)cccc2,MOSES sample,7496,312.438,22,41.13,4.6076,3,3
c1c2OC(C(Nc3ccc(cc3C)C)=O)COc2ccc1,MOSES sample,7497,283.327,21,47.56,3.08194,2,3
c1(S(=O)(N2CCN(CC2)C(C2OCCC2)=O)=O)ccc(cc1)C,MOSES sample,7498,338.429,23,66.92,1.00692,3,3
COc1ccc(CC2CN(C)c3c(O2)cccc3N)cc1,MOSES sample,7499,284.359,21,47.72,2.7173,3,3
N(C1CC(N(C2CCCCCC2)C1)=O)c1ncnc(N)n1,MOSES sample,7500,290.371,21,97.03,1.1894,3,3
N1(CCN(C(Nc2cc(ccc2F)F)=O)CC1)C(c1ccccn1)C,MOSES sample,7501,346.381,25,48.47,3.2705,3,3
c1cc(cc(c1F)C#N)NC(NCc1c(cccc1)OC)=O,MOSES sample,7502,299.305,22,74.15,3.02768,4,2
N#CC(NCc1ccco1)c1cccc(Br)c1,MOSES sample,7503,291.148,17,48.96,3.39658,4,2
O=C(Nc1ccccc1Cl)C1CC2CCC1O2,MOSES sample,7504,251.713,17,38.33,2.846,2,3
C(=O)(C(C)OCCCC)Nc1c(n(ccn1)C)=O,MOSES sample,7505,253.302,18,73.22,0.924,6,1
c1cc(c(cc1)C(Nc1oc(nn1)-c1c(C)oc(c1)C)=O)C(F)(F)F,MOSES sample,7506,351.284,25,81.16,4.21754,3,3
CC(CNC(=O)Nc1cccc(Cl)c1N1CCOCC1)Cn1c(C)C1,MOSES sample,7507,,,,,,
CCS(=O)(=O)N1CCN(C(=O)Cc2ccc(OC)cc2)CC1,MOSES sample,7508,326.418,22,66.92,0.7316,5,2
COCC(O)CN(C)C(c1ccc(C)c(c1)Oc1ccncc1)=O,MOSES sample,7509,330.384,24,71.89,2.26162,7,2
Cc1ccc2cccc(OS(=O)(=O)N(C)C)c2n1,MOSES sample,7510,266.322,18,59.5,1.72842,3,2
n1c(cn(-c2ccccc2)n1)CNC(NCC(CC)CC)=O,MOSES sample,7511,301.394,22,71.84,2.5027,7,2
O=C(NCc1cccnc1OC1CCCC1)c1ccccc1,MOSES sample,7512,296.37,22,51.22,3.333,5,3
N(C(c1ccccc1)=O)CCn1ncc2n(CC)nc(c21)C,MOSES sample,7513,297.362,22,64.74,1.99112,5,3
N(c1cc(ccc1)O)C(CCN1CC(OC(C1)C)C)=O,MOSES sample,7514,278.352,20,61.8,1.83,4,2
Cc1nc(C#N)c(C#N)n1Cc1cn2cc(Cl)ccc2n1,MOSES sample,7515,296.721,21,82.7,2.28428,2,3
c1(C(=O)NCCCNC(=O)c2ccc(C)cc2)n[nH]c2ccccc21,MOSES sample,7516,336.395,25,86.88,2.42122,6,3
c1(nn(C)cc1S(=O)(N(CC(N(C)C)=O)CCOC)=O)F,MOSES sample,7517,322.362,21,84.74,-0.7155,7,1
CCNC(=O)c1cn(Cc2cc(-c3ccccc3)no2)nn1,MOSES sample,7518,297.318,22,85.84,1.7311,5,3
n1(nc2CCCc2c1NC(=O)CSc1cc(ccc1)OC)C,MOSES sample,7519,317.414,22,56.15,2.6482,5,3
CCN(CCO)S(=O)(=O)c1cccc(C(=O)OC)c1C,MOSES sample,7520,301.364,20,83.91,0.78452,6,1
CC1COc2ccccc2N1C(=O)CCc1ccc(C#N)cc1,MOSES sample,7521,306.365,23,53.33,3.30498,3,3
C1OC(=O)N(C1)c1cc(NC(NC(c2cn(nc2)C)C)=O)ccc1,MOSES sample,7522,329.36,24,88.49,2.2594,4,3
O=C(c1ccc2n(cnc2)c1)NCCOc1cc(ccc1)F,MOSES sample,7523,299.305,22,55.63,2.2822,5,3
CCC1(O)CCN(C(=O)c2cnn(CC)c2C(F)F)CC1O,MOSES sample,7524,317.336,22,78.59,1.1885,4,2
C1(CN(C(CC1)=O)C)NC(CC1c2c(CCC1)cccc2)=O,MOSES sample,7525,300.402,22,49.41,2.2336,3,3
O=c1c(=NCC(=O)OCC)c(c1NCc1cnccc1)O,MOSES sample,7526,289.291,21,100.88,0.0989,6,2
N1C(c2c(CC1)c(O)cc(c2)C)c1sc(C(=O)C)cc1,MOSES sample,7527,287.384,20,49.33,3.19982,2,3
Cc1cc(NC(=O)CC(C)n2cccn2)n(C(C)(C)C)n1,MOSES sample,7528,289.383,21,64.74,2.73282,4,2
CCNC(=O)N1CCN(C(=O)c2ccc(OCC(F)F)nc2)CC1,MOSES sample,7529,342.346,24,74.77,1.2128,5,2
c1cc(cc(C)c1OC)CC(NCC(Nc1c(C)cccc1C)=O)=O,MOSES sample,7530,340.423,25,67.43,2.91786,6,2
CC1CC(CCC1)CNC(=O)c1n(C)cc(C(N)=O)c1,MOSES sample,7531,277.368,20,77.12,1.6801,4,2
[nH]1c(ccc1)C(N1CC2C(CCCN2C(COC)=O)C1)=O,MOSES sample,7532,291.351,21,65.64,0.7241,3,3
c1(c(F)cc(cc1)NC(=O)NC=CC(O)C(c1ccc(C)nc1)=O)C,MOSES sample,7533,343.358,25,91.32,2.71654,5,2
Fc1ccc(OC2CCN(Cc3cnc(N4CCCC4)nc3)C2)cc1,MOSES sample,7534,342.418,25,41.49,2.8692,5,4
COc1ccc(-c2cnc(CNCc3ccc(F)cc3)s2)cc1O,MOSES sample,7535,344.411,24,54.38,3.9532,6,3
Cc1cc(C)cc(C(=O)N(C)C(C#N)c2cccnc2)c1,MOSES sample,7536,279.343,21,56.99,3.03532,3,2
O=C(N(Cc1c(cc(cc1)OC)OC)C1CCCC1)CC,MOSES sample,7537,291.391,21,38.77,3.385,6,2
c1cc(Cl)cc(c1CNC(NCC(NCC#C)=O)=O)Cl,MOSES sample,7538,314.172,20,70.23,1.542,5,1
COc1ccc(NC(=O)c2cc(=O)[nH]c3ccccc23)cc1Cl,MOSES sample,7539,328.755,23,71.19,3.4424,3,3
C1N(CC2C1CN(C2)c1nnc(C)s1)C(=O)c1ccco1,MOSES sample,7540,304.375,21,62.47,1.64792,2,4
c1cc(ccc1)NC(Nc1ccccc1SC)=O,MOSES sample,7541,258.346,18,41.13,4.0525,3,2
C(NC(c1cc2c(oc1=O)cccc2)=O)c1nncn1CC,MOSES sample,7542,298.302,22,90.02,1.3344,4,3
C(n1cccn1)(C)C(=O)NCCC1N(C(c2ccncc2)=O)CCC1,MOSES sample,7543,341.415,25,80.12,1.6502,6,3
c1c(C(O)C(NC2CC2)=O)cc2c(c1)ncn(CC)c2=O,MOSES sample,7544,287.319,21,84.22,0.7284,4,3
O=C(COc1cccc2CC(C)(Oc12)C)N(CC)CC,MOSES sample,7545,277.364,20,38.77,2.6473,5,2
c1c(F)ccc(c1F)NCC(N1CCC(CC1)C)=O,MOSES sample,7546,268.307,19,32.34,2.6352,3,2
c1(C(CSc2n(C)c(c3c(cccc3)n2)=O)=O)ccccc1,MOSES sample,7547,310.378,22,51.96,2.9085,4,3
O(CC(=O)NC1C(C)(C2C1CCO2)C)c1cc2c(cc1)OCO2,MOSES sample,7548,319.357,23,66.02,1.7238,4,4
O=C(NCCCn1ncccc1=O)c1cc(-c2cccc(Cl)c2)on1,MOSES sample,7549,358.785,25,90.02,2.3718,6,3
Cc1cccc(CCCOC(=O)Cn2nc(C)c(Cl)c2C)n1,MOSES sample,7550,321.808,22,57.01,3.03276,6,2
Cc1nn(CCC(=O)OC2CCCC(OC)C2)c(s1)=O,MOSES sample,7551,300.38,20,70.42,1.50412,5,2
c1(noc(c1)C)NC(NCc1cccc(C(F)(F)F)c1)=O,MOSES sample,7552,299.252,21,67.16,3.32352,3,2
c1(ccc(cc1)OCC(=O)N(C)c1nccs1)NC(=O)C(C)(C)C,MOSES sample,7553,347.44,24,71.53,3.1695,5,2
c1ccc(c(F)c1)NS(c1c(C)cccc1N)(=O)=O,MOSES sample,7554,280.324,19,72.19,2.51712,3,2
C1N(C(c2nnc3n2CCN(C3)C)=O)C(C)(COC1)C,MOSES sample,7555,279.344,20,63.49,-0.0255,1,3
Cc1ccc2[nH]c(=O)c(CN(C)C(=O)c3cccnc3)cc2c1,MOSES sample,7556,307.353,23,66.06,2.50372,3,3
Cc1cc(N)nc(SCC(=O)Nc2nc3c(s2)CCC3)n1,MOSES sample,7557,321.431,21,93.79,2.04322,4,3
C12(CO)C(C)(CN(C(=O)c3cccc(c3)F)C1)CCCC2,MOSES sample,7558,291.366,21,40.54,2.8405,2,3
O=C1NCCN(C(=O)CCn2ccnn2)C1c1ccccc1Cl,MOSES sample,7559,333.779,23,80.12,1.0213,4,3
c1c(c2ccccc2[nH]1)C(Nc1ccc(cc1)C(OC)=O)=O,MOSES sample,7560,294.31,22,71.19,3.2068,3,3
CCc1noc(CC)c1CC(=O)Nc1ccn(Cc2ccccn2)n1,MOSES sample,7561,339.399,25,85.84,2.6204,7,3
CCN(C(=O)c1cccc(NC(=O)C2CC2)c1)C(C)c1cccnc1,MOSES sample,7562,337.423,25,62.3,3.6534,6,3
Clc1c(Cn2c(=O)c(c([nH]2)C)Br)ccc(c1)F,MOSES sample,7563,319.561,17,37.79,3.08812,2,2
O=C(CNC(=O)C1CCC1)Nc1cc(ccc1N1CCOCC1)Cl,MOSES sample,7564,351.834,24,70.67,2.0314,5,3
Cc1oc2c3ncn(CC(=O)N4CCCCC4)c(c3ccc2c1)=O,MOSES sample,7565,325.368,24,68.34,2.46362,2,4
c1cccc2c1[nH]cc2C(=O)Nc1c(NC(C)=O)ccc(c1)OC,MOSES sample,7566,323.352,24,83.22,3.3872,4,3
c1cn2c(=O)n(nc2cc1)CCSc1nnnn1CC=C,MOSES sample,7567,303.351,21,82.9,0.4608,6,3
n1cc(cn1CC1CC1)NC(c1c2OCOc2ccc1)=O,MOSES sample,7568,285.303,21,65.38,2.2741,4,4
c1ccc2c(c1)c(C(NCCc1occc1)=O)cc(n2)-c1occc1,MOSES sample,7569,332.359,25,68.27,4.0603,5,4
C1C(C)CCCC1NC(CN1c2c(cccc2)SCC1=O)=O,MOSES sample,7570,318.442,22,49.41,2.8202,3,3
CC(=O)N1c2ccc(NC(=O)c3ccccc3F)cc2CC1C,MOSES sample,7571,312.344,23,49.41,3.3755,2,3
C(#N)CSc1[nH]nc(C2OCCN(Cc3cccc(F)c3)C2)n1,MOSES sample,7572,333.392,23,77.83,2.13298,5,3
c1cc(cc(C(=O)N(C(CC)CC)C)c1Cl)S(=O)(=O)C,MOSES sample,7573,317.838,20,54.45,3.0041,5,1
NC(c1ccsc1NC(CSc1cc2OCCOc2cc1)=O)=O,MOSES sample,7574,350.421,23,90.65,2.349,5,3
CN(c1cc(ccc1)C(N)=O)S(c1ccc(OC)c(c1)OC)(=O)=O,MOSES sample,7575,350.396,24,98.93,1.6278,6,2
CC(=O)c1ccc(S(=O)(=O)N=c2ccc(C(C)C)c[nH]2)cc1,MOSES sample,7576,318.398,22,79.36,2.6303,4,2
c1c(OC)c(OC)ccc1CN(Cc1nc(no1)C1CC1)C,MOSES sample,7577,303.362,22,60.62,2.5962,7,3
c1c(ccc(OC)c1)CN(C1CC1)C(c1ccccc1)=O,MOSES sample,7578,281.355,21,29.54,3.5,5,3
C(C)c1cc(=O)n(CC(N2CCC(N3CCNC3=O)CC2)=O)cn1,MOSES sample,7579,333.392,24,87.54,-0.1781,4,3
O=C(NCC1CC12CCc1ccccc12)c1cnccn1,MOSES sample,7580,279.343,21,54.88,2.1105,3,4
N#CC1(NC(=O)CCCSc2ccccc2)CCC1,MOSES sample,7581,274.389,19,52.89,3.12138,6,2
C1(C)(O)C2CCC1CC2NC(NCc1cnc(cc1)C)=O,MOSES sample,7582,289.379,21,74.25,1.73872,3,3
C(NC1CCCCCC1)(=O)NCC(COC(C)c1ccccc1)O,MOSES sample,7583,334.46,24,70.59,3.1471,7,2
CCC(CC)c1nnc(NC(=O)CSc2ccc(O)cc2)s1,MOSES sample,7584,337.47,22,75.11,3.8781,7,2
C(F)(F)Oc1c(cccc1C(Nc1ccc(cc1)C(=O)NC)=O)OC,MOSES sample,7585,350.321,25,76.66,2.9085,6,2
N(C(=O)c1c2c([nH]c(c1)=O)cccc2)n1c2c(cccc2)nc1,MOSES sample,7586,304.309,23,79.78,2.2617,2,4
c1cc(ccc1OC)C(C1CCN(CC1)C(=O)n1ccnc1)=O,MOSES sample,7587,313.357,23,64.43,2.4547,3,3
c1c2c(OCc3[nH]nc(C(=O)NCc4cn(C)nc4)c3C2)ccc1,MOSES sample,7588,323.356,24,84.83,1.5564,3,4
O=C(COC(=O)C1CC1C)c1ccc(cc1)Br,MOSES sample,7589,297.148,17,43.37,2.831,4,2
N(C(=O)c1c(=O)[nH]c(cc1C)C)c1ccc(cc1)Nc1ccccc1,MOSES sample,7590,333.391,25,73.99,3.98764,4,3
n1(nc(cc1C1CC1)C(N1CCCC1c1nc(on1)C(C)C)=O)CC,MOSES sample,7591,343.431,25,77.05,3.2641,5,4
O=C(CCn1ccccc1=O)Nc1cc(F)cc(N2CCCC2)c1,MOSES sample,7592,329.375,24,54.34,2.6164,5,3
c1cccc2c1c(C)nc1n2c(CC)nn1-c1ccccc1,MOSES sample,7593,,,,,,
C(#C)CNC(Nc1ccc(S(NC2CCCC2)(=O)=O)cc1)=O,MOSES sample,7594,321.402,22,87.3,1.6622,5,2
c1c2n(CC(=O)OC(c3nccs3)C)c(oc2ccc1)=O,MOSES sample,7595,304.327,21,74.33,2.3554,4,3
c1[nH]c(=O)ccc1C(N1CCC(C1)c1ccc(F)cc1)=O,MOSES sample,7596,286.306,21,53.17,2.1437,2,3
c1c(cccc1OC)-c1c2[nH]c(cn2c2c(n1)cc(N)cc2)-c1cc[nH]c1,MOSES sample,7597,,,,,,
COCCOC(C(N1CC(Oc2c1cc(cc2)C(C)=O)C)C)=O,MOSES sample,7598,321.373,23,65.07,2.0546,6,2
C1CC(c2nc[nH]n2)N(C(C(N2CCCC2=O)CC)=O)CC1,MOSES sample,7599,305.382,22,82.19,1.2593,4,3
O=C(NC(c1ccco1)C)c1n2ccccc2nc1C,MOSES sample,7600,269.304,20,59.54,2.72672,3,3
C=CCOc1cccc(NC(=O)NC(C)C(=O)N2CCCCC2)c1,MOSES sample,7601,331.416,24,70.67,2.7739,6,2
c1cc(C)ccc1-c1nc(CN(S(=O)(c2ccccc2)=O)C)on1,MOSES sample,7602,343.408,24,76.3,2.86572,5,3
C(OCC)C(=O)NCC(C)(c1oc(C)cc1)O,MOSES sample,7603,241.287,17,71.7,0.94822,6,1
c1cn(C)c(cc1C(=O)Nc1ccc(-n2ccnc2C)cc1)=O,MOSES sample,7604,308.341,23,68.92,2.13172,3,3
c1(CN2CC3(OCC2)CCCC3)cccc2c1OCO2,MOSES sample,7605,275.348,20,30.93,2.5603,2,4
CCN(CC1CCOC1)C(=O)c1ccc(CN2CCCC2=O)cc1,MOSES sample,7606,330.428,24,49.85,2.3076,6,3
CCN(c1c(Br)cncn1)CCO,MOSES sample,7607,246.108,13,49.25,1.0577,4,1
O=C(Nc1cc(Cl)ccc1)CCSc1nc(C)nc(C)c1,MOSES sample,7608,321.833,21,54.88,3.86774,5,2
Cc1ccc(c(c1)N1CCN(S(=O)(C)=O)CC1)C1OCCO1,MOSES sample,7609,326.418,22,59.08,1.12202,3,3
O=C(c1ccncc1)N1CCN(C(=O)Cn2cnc3ccccc32)CC1,MOSES sample,7610,349.394,26,71.33,1.4159,3,4
C(C)C(CC)c1sc(NC(CSc2n(nnn2)C)=O)nn1,MOSES sample,7611,327.439,21,98.48,1.696,7,2
C(Cc1cc(c(OC)c(OC)c1)OC)C(N1CCC1)=O,MOSES sample,7612,279.336,20,48,1.8773,6,2
c1(ccc(-c2scc(C(F)(F)F)n2)cc1)NC(=O)c1cnncc1,MOSES sample,7613,350.325,24,67.77,3.8712,3,3
c1(-c2ccc(cc2)OCCO)ncc(cn1)Br,MOSES sample,7614,295.136,17,55.24,2.2772,4,2
c1csc(-c2noc(n2)C2N(C(c3ccc(C)cc3)=O)CCC2)c1,MOSES sample,7615,339.42,24,59.23,4.08382,3,4
N(C(CC)C)C(N1CCN(C(=O)c2cc(F)c(F)cc2)CC1)=O,MOSES sample,7616,325.359,23,52.65,2.2307,3,2
c1(ccc(OC)cc1Cl)S(=O)(=O)N(c1c(C)noc1C)C,MOSES sample,7617,330.793,21,72.64,2.77854,4,2
O=c1oc2ccc(cc2cc1)NS(=O)(c1cc(ccc1C)C)=O,MOSES sample,7618,329.377,23,76.38,3.21064,3,3
c1(c(F)cc(F)c(c1)C(=O)NCCC(=O)N1CCCC1)C,MOSES sample,7619,296.317,21,49.41,2.01552,4,2
CC(N(CCC#N)C(=O)c1c2ccccc2[nH]c1)C,MOSES sample,7620,255.321,19,59.89,2.93218,4,2
O=S(=O)(Nc1cccc(F)c1)c1ccccc1,MOSES sample,7621,251.282,17,46.17,2.6265,3,2
n1c(c2c(=O)n(N)c(C)nc2s1)-c1ccc(Cl)cc1,MOSES sample,7622,292.751,19,73.8,2.19562,1,3
c1c(c(N)c(F)cc1)NC(CCn1cncn1)=O,MOSES sample,7623,249.249,18,85.83,1.0282,4,2
c1nc2sc(c(c2c(=O)[nH]1)C)-c1cccs1,MOSES sample,7624,248.332,16,45.75,3.02152,1,3
COc1cccc(C(=O)N2CCN(Cc3ccccc3F)CC2)c1F,MOSES sample,7625,346.377,25,32.78,2.9314,4,3
CCc1cccc2c(CCCO)c[nH]c12,MOSES sample,7626,203.285,15,36.02,2.6552,4,2
Cc1nc2ccccc2n1CC(=O)N(C)CCC#N,MOSES sample,7627,256.309,19,61.92,1.7168,4,2
CCc1ncc2CN(CCc2n1)Cc1ccc(Cl)cc1,MOSES sample,7628,287.794,20,29.02,3.2507,3,3
n1(c(=O)c2c(cccc2)nn1)CCCC(N1CCCCCC1)=O,MOSES sample,7629,314.389,23,68.09,1.9743,4,3
CN(Cc1ccc(C#N)cc1)C(=O)CN1CC2(CCCC2)CC1=O,MOSES sample,7630,325.412,24,64.41,2.30938,4,3
COc1ccc(CNS(=O)(=O)c2cccc(O)c2)cc1OC,MOSES sample,7631,323.37,22,84.86,1.8879,6,2
COCCn1cnnc1SCC(=O)Nc1ccc(C)cc1,MOSES sample,7632,306.391,21,69.04,1.96372,7,2
C(=O)(NC)NCC(=O)Nc1c(ccc(c1)NC(C)=O)F,MOSES sample,7633,282.275,20,99.33,0.6516,4,1
c1c2c(ccc1CNC(=O)Nc1cc(OC)cc(OC)c1)OCO2,MOSES sample,7634,330.34,24,78.05,2.7542,5,3
O=S(C)(=O)NC(C)C(N1CCC(Cc2ccccc2)CC1)=O,MOSES sample,7635,324.446,22,66.48,1.4054,5,2
c1(-n2nc(C)cc2C)nnc(N2CC(OCC2)c2ccccc2)cc1,MOSES sample,7636,335.411,25,56.07,2.85704,3,4
O=c1[nH]c(CNc2cccc3c2c(ccc3)O)nc2c1cnn2C,MOSES sample,7637,321.34,24,95.83,2.1275,3,4
Cc1ccc(S(=O)(=O)Nc2cc(C(=O)N(C)C)ccc2C)cc1C,MOSES sample,7638,346.452,24,66.48,3.11446,4,2
Clc1ccc(F)cc1-c1oc(CO)cc1COC,MOSES sample,7639,270.687,18,42.6,3.3778,4,2
COc1ccc(NC(=O)c2cc(OC)cc(OC)c2)c(O)c1,MOSES sample,7640,303.314,22,77.02,2.6703,5,2
c1cccc2c1N(C(C1CCCN1S(N(CC)CC)(=O)=O)=O)CC2,MOSES sample,7641,351.472,24,60.93,1.6267,5,3
C1CCCCC1c1ccc(cc1)C(NCC1CCCO1)=O,MOSES sample,7642,287.403,21,38.33,3.6431,4,3
c1(CS(c2ccc(cc2)S(C)(=O)=O)(=O)=O)ccccc1,MOSES sample,7643,310.396,20,68.28,2.064,4,2
O1CCN(CC1c1oc(cc1)C)Cc1csc(n1)C,MOSES sample,7644,278.377,19,38.5,2.92644,3,3
C1NCCN(C(=O)CSc2n(c(CO)nn2)CC=C)C1,MOSES sample,7645,297.384,20,83.28,-0.5197,6,2
CCCCNC(=O)CSc1nc(-c2cccnc2)n[nH]1,MOSES sample,7646,291.38,20,83.56,1.8751,7,2
c1nc(c(c2CCN(Cc21)C(=O)c1ccc2scnc2c1)CO)C,MOSES sample,7647,339.42,24,66.32,2.69052,2,4
c1(C)cc(c(S(N)(=O)=O)s1)C(NCCCn1cccn1)=O,MOSES sample,7648,328.419,21,107.08,0.72052,6,2
c1c(-n2nc(cc2)C(=O)N2CCc3ncncc3C2)ccc(F)c1,MOSES sample,7649,323.331,24,63.91,1.9999,2,4
C1C(CCCC1)NC(=O)c1ccc(N2CCCCS2(=O)=O)cc1,MOSES sample,7650,336.457,23,66.48,2.6791,3,3
N1(C(CNC(=O)c2ccc3c(nn[nH]3)c2)=O)CC(OC(C1)C)C,MOSES sample,7651,317.349,23,100.21,0.3235,3,3
c1(C)onc(c1)CN(C)C(=O)NCc1cc[nH]n1,MOSES sample,7652,249.274,18,87.05,1.04772,4,2
c1c(C(NCCC(NCCc2ccccn2)=O)=O)ccc(Cl)c1,MOSES sample,7653,331.803,23,71.09,2.2138,7,2
O=C(CSc1nnc(n1N)-c1cccs1)c1sccc1,MOSES sample,7654,322.44,20,73.8,2.7569,5,3
CC(=O)Nc1cc(C(=O)Nc2ccccc2OC(F)F)ccc1F,MOSES sample,7655,338.285,24,67.43,3.6378,5,2
c1cc(C)c(NCCCc2cccc(OC)c2)nc1,MOSES sample,7656,256.349,19,34.15,3.44332,6,2
NC(=O)CCNC(=O)c1c[nH]nc1-c1ccccc1F,MOSES sample,7657,276.271,20,100.87,0.821,5,2
Cc1ccc(OCC(=O)Nc2ccc(F)cc2)nc1,MOSES sample,7658,260.268,19,51.22,2.54662,4,2
O=C(Nc1sc(nn1)C)NCCc1nc(n[nH]1)-c1cccnc1,MOSES sample,7659,330.377,23,121.37,1.39082,5,3
n1c(oc2ccc(C)cc12)SCC(N(C)Cc1cscc1)=O,MOSES sample,7660,332.45,22,46.34,3.94842,5,3
N1(c2ccc(cc2OC)NC(C2CC=CC2)=O)C(=O)CCC1,MOSES sample,7661,300.358,22,58.64,2.7267,4,3
C(=O)(OCC)c1c(C)nn(c1S(=O)(=O)Nc1ccc(cc1)F)C,MOSES sample,7662,341.364,23,90.29,1.84512,5,2
O=C(c1cc(c(N2CCCC2)cc1)F)N(CC)CCO,MOSES sample,7663,280.343,20,43.78,1.8803,5,2
c1(OC)cc(cc(c1)OC)CNc1cnn(CC(F)F)c1,MOSES sample,7664,297.305,21,48.31,2.7775,7,2
Fc1cc(cc(F)c1NC(=O)N(C)CCC(C)C)C#N,MOSES sample,7665,281.306,20,56.13,3.34628,4,1
COc1c(NC(C)=O)cc(cc1)S(=O)(=O)N(C(C)C)C,MOSES sample,7666,300.38,20,75.71,1.6825,5,1
O=C(c1c(cccc1)Cl)NCCNC(=O)NCC=C,MOSES sample,7667,281.743,19,70.23,1.555,6,1
C1N(CCC1)C(=O)CSc1n2c(NC(=C(C2=O)CCO)C)nn1,MOSES sample,7668,337.405,23,103.59,-0.02468,5,3
c1ncccc1CNC(c1cc2c(c(c(C)cc2oc1=O)C)C)=O,MOSES sample,7669,322.364,24,72.2,3.04326,3,3
Cc1c(cc(n1CCOC)C)C(NCCc1cccs1)=O,MOSES sample,7670,306.431,21,43.26,2.78534,7,2
c1cc(ccc1)COC1CC2(CCN(C2)C(N2CCCC2)=O)OC1,MOSES sample,7671,330.428,24,42.01,2.6524,3,4
O=C(N1CCN(C(=O)NC(C(C)C)C(=O)OC)CCC1)NC(C)C,MOSES sample,7672,342.44,24,90.98,1.0193,4,1
CSc1nnc(-c2cn(C)c3cc(C)c(C)cc3c2=O)n1C,MOSES sample,7673,314.414,22,52.71,2.67274,2,3
Fc1cc(c(cc1)OCC(O)Cn1c2c(nc1)n(C)c(=O)n(C)c2=N)C,MOSES sample,7674,361.377,26,98.06,0.44039,5,3
c1(-c2ccc(cc2)F)nc(c(s1)C#N)C1CC1,MOSES sample,7675,244.294,17,36.68,3.69828,2,3
C=CCNC(=O)Cc1csc(NC(=O)c2ccc3ccccc3n2)n1,MOSES sample,7676,352.419,25,83.98,2.7883,6,3
c1(cc(ccc1C(=O)N1CC(O)(CC1)C(F)(F)F)S(C)(=O)=O)F,MOSES sample,7677,355.309,23,74.68,1.3685,2,2
N(CC)C(c1ccc(CNC(c2c(ccs2)C)=O)cc1)=O,MOSES sample,7678,302.399,21,58.2,2.73622,5,2
c1cc(CNC(NCC(N2CCOCC2)C2COCC2)=O)ccc1F,MOSES sample,7679,351.422,25,62.83,1.3622,6,3
c1c(c(Cc2cc(F)cc(c2)F)c(c(F)c1C#N)C#N)C#N,MOSES sample,7680,297.239,22,71.37,3.30974,2,2
O=C(Nc1cc(-n2nnnc2C)ccc1)c1sc(nc1C)C,MOSES sample,7681,314.374,22,85.59,2.29636,3,3
CCN(CC(=O)c1c(cc(C)cc1C)C)CCC#N,MOSES sample,7682,258.365,19,44.1,3.03014,6,1
o1c2c(cccc2c(c1C(NCC(NC1CC1)=O)=O)C)C,MOSES sample,7683,286.331,21,71.34,2.05804,4,3
c1nn(C)cc1C(=O)N1CCN(c2ncc(C(F)(F)F)cc2)CC1,MOSES sample,7684,339.321,24,54.26,1.7963,2,3
C(Oc1ccc(C#N)cc1OC)COn1nnc2c1cccc2,MOSES sample,7685,310.313,23,82.19,1.81918,6,3
c1(-c2ccccc2)n(ncc1S(=O)(=O)N1CCCCCC1)C,MOSES sample,7686,319.43,22,55.2,2.6518,3,3
C(NCC(C(OC)=O)(C)C)(=O)OCc1ccccc1,MOSES sample,7687,265.309,19,64.63,2.112,5,1
n1c2n(c(cc1C)=O)CC(C(=O)NCCCn1cccn1)CS2,MOSES sample,7688,333.417,23,81.81,0.67662,5,3
C(Oc1c(OC)cccc1C(=O)N)C(NC(C)(C)C)=O,MOSES sample,7689,280.324,20,90.65,1.0876,5,1
CCN(c1ccc(cc1)C(Nc1nc(C(=O)C)cs1)=O)C,MOSES sample,7690,303.387,21,62.3,3.0541,5,2
C1N(C(C)=O)CCCN(C1)Cc1nc2c(cccc2)c(=O)[nH]1,MOSES sample,7691,300.362,22,69.3,0.9773,2,3
Cc1noc(CCC(=O)N=c2[nH]c3ccccc3n2-c2ccccc2)n1,MOSES sample,7692,347.378,26,89.07,2.71012,4,4
O=C(c1ccc(-n2cnnc2)cc1)N(Cc1ccccc1F)C1CC1,MOSES sample,7693,336.37,25,51.02,3.2112,5,4
Cc1cc(C(=O)N2CCN(c3nc4c(OC)cccc4s3)CC2)oN,MOSES sample,7694,,,,,,
C(NC(=O)CCC(c1cc(Br)ccc1)O)CC,MOSES sample,7695,300.196,17,49.33,2.7889,6,1
c1(F)cc(ccc1)C(=O)Nc1c2c(ccc(c2)F)[nH]n1,MOSES sample,7696,273.242,20,57.78,3.0934,2,3
O=c1cc(n(cc1O)C)CN(Cc1ccccc1)C(C)C,MOSES sample,7697,286.375,21,45.47,2.5015,5,2
c1cc(NC(C(CC(C)C)NC(=O)N)=O)ccc1OC,MOSES sample,7698,279.34,20,93.45,1.7167,6,1
CCc1cc2c(=O)n(C(C)C(=O)OC)cnc2s1,MOSES sample,7699,266.322,18,61.19,1.7544,3,2
Fc1ccc(CN2CCNc3cc(F)ccc32)cc1,MOSES sample,7700,260.287,19,15.27,3.3969,2,3
c1(C)nc(cs1)CC(Oc1cc(C(=O)NC)ccc1)=O,MOSES sample,7701,290.344,20,68.29,1.95922,4,2
C1CN(c2c(cccc2)Cl)CCN1C(=O)c1onc(C)c1,MOSES sample,7702,305.765,21,49.58,2.59882,2,3
Cc1cnc(N2CC3CCCC3(COCC3CC3)C2)nc1,MOSES sample,7703,287.407,21,38.25,2.81812,5,4
COc1ccc(-c2csc3nc(C)c(N)n23)cc1C,MOSES sample,7704,273.361,19,52.55,3.27044,2,3
c1c(C(NC2CCC(CC2)n2nnc(C3CC3)c2)=O)c(C)n(C)c1C,MOSES sample,7705,341.459,25,64.74,3.02454,4,4
C(c1cnc(nc1)-c1n(CCc2ccc[nH]2)ccn1)C,MOSES sample,7706,267.336,20,59.39,2.4733,5,3
CCC(CC)C(=O)N1CCCC(c2nncn2Cc2ccccc2)C1,MOSES sample,7707,340.471,25,51.02,3.4686,6,3
c1ccc(-n2cc(C)c(n2)NC(=O)CNC(=O)C2CCCC2)c(F)c1,MOSES sample,7708,344.39,25,76.02,2.56472,5,3
COCCNC(=O)Cn1ncc2c1-c1ccccc1OC2,MOSES sample,7709,287.319,21,65.38,1.2051,5,3
Cc1n[nH]c(C)c1C1CCCCCN1C(=O)Nc1ccc(C#N)cc1,MOSES sample,7710,337.427,25,84.81,4.04742,2,3
O=C(CCOc1ccc(Br)cc1)NCc1ccncc1,MOSES sample,7711,335.201,20,51.22,2.9294,6,2
Cc1ccc(N2CC(C(=O)Nc3nccs3)CC2=O)c(C)c1,MOSES sample,7712,315.398,22,62.3,2.75154,3,3
c1(snc(C)n1)NC(NCc1ccc2c(OCO2)c1)=O,MOSES sample,7713,292.32,20,85.37,1.89692,3,3
c1(C)n(CCC#N)nc(c1CCC(=O)OC1C(C)(C)C2C1CCO2)C,MOSES sample,7714,345.443,25,77.14,2.70292,6,3
CC(C)COC(=O)N1CCN(C(=O)c2cc3ccccc3[nH]2)CC1,MOSES sample,7715,329.4,24,65.64,2.7183,3,3
CCn1nc(C)c(CNC(=O)Nc2cc(C)c(Cl)cc2OC)c1C,MOSES sample,7716,350.85,24,68.18,3.81196,5,2
Cc1noc(COCC(=O)Nc2cc(Cl)ccc2-n2cncn2)n1,MOSES sample,7717,348.75,24,107.96,1.76742,6,3
C1CNCc2c1c(nn2CCC#N)-c1cc(F)ccc1,MOSES sample,7718,270.311,20,53.64,2.24858,3,3
CCOc1ccc(C(=O)Nc2ccc3c(c2)oc(=O)n3C)cc1,MOSES sample,7719,312.325,23,73.47,2.7825,4,3
c1(n(CC)c2ccc(C(N(C)C(C)C)=O)cc2n1)C,MOSES sample,7720,259.353,19,38.13,2.84502,3,2
C(C(C(C)c1ccc(c(Cl)c1)Cl)N)(=O)OCC,MOSES sample,7721,276.163,17,52.32,2.9873,4,1
COCCC1(CO)CCCN(C(=O)c2cc(F)cc(Cl)c2)C1,MOSES sample,7722,329.799,22,49.77,2.7303,5,2
n1(c2c(cccc2)nc1CN1CCN(C(=O)c2occc2C)CC1)C,MOSES sample,7723,338.411,25,54.51,2.43272,3,4
Cc1cc(C(=O)N2CCN(CC3(CO)CCCC3)CC2)c(C)cc1F,MOSES sample,7724,348.462,25,43.78,2.75304,4,3
CN(C(CNC(c1ccc(cc1)C)=O)=O)CCOc1cc(C)ccc1,MOSES sample,7725,340.423,25,58.64,2.57064,7,2
COc1ccc2c(c1OC)C(C(C)NC(C)=O)NCC2,MOSES sample,7726,278.352,20,59.59,1.4152,4,2
c1(cc(CNC(=O)c2ccsc2)ccc1)NC(NC1CCCC1)=O,MOSES sample,7727,343.452,24,70.23,3.7422,5,3
C1C(OCCC(NCC2(CC2)c2c(OC)cccc2)=O)CCC1,MOSES sample,7728,317.429,23,47.56,3.1923,8,3
N1(CCN(CC1)CCC#C)C(c1cc(-c2cscc2)n[nH]1)=O,MOSES sample,7729,314.414,22,52.23,1.9193,4,3
CC(c1csc(n1)C(C)NC(C1(Cc2ccccc2C1)O)=O)(C)C,MOSES sample,7730,344.48,24,62.22,3.1477,3,3
c1ccc(o1)-c1onc(c1)COC(=O)c1sc2CCCc2c1,MOSES sample,7731,315.35,22,65.47,3.8418,4,4
CCC(=O)Nc1cccc(C(=O)N(C)CC(C)C#N)c1,MOSES sample,7732,273.336,20,73.2,2.26678,5,1
CC(C)Oc1ccc(cc1)CN1C(CC(C1)NC(NC1CC1)=O)=O,MOSES sample,7733,331.416,24,70.67,2.0363,6,3
n1cc(sc1C1OCCC1)C(=O)N1c2cc(ccc2OCC1)F,MOSES sample,7734,334.372,23,51.66,3.1729,2,4
COc1c(cccc1)S(=O)(=O)n1ncc(Cl)c1,MOSES sample,7735,272.713,17,61.19,1.7821,3,2
Cc1ccc(cc1C(NC1C(CCCC1)O)=O)S(C)(=O)=O,MOSES sample,7736,311.403,21,83.47,1.43182,3,2
s1c(N2C(CCC2)=O)nc(c1)CC(=O)NCCC(C)C,MOSES sample,7737,295.408,20,62.3,1.9747,6,2
C=CCNS(=O)(=O)Cc1cccc(Br)c1,MOSES sample,7738,290.182,15,46.17,2.0545,5,1
Cc1c2N=C3C(O)C(=O)C3(C3CC3)Nc2c(cc1)C,MOSES sample,7739,256.305,19,61.69,1.89384,1,4
c1(cc(OC)ccc1C)S(Nc1cn(C)c(cc1)=O)(=O)=O,MOSES sample,7740,308.359,21,77.4,1.50312,4,2
c1c(Cl)c(N(C(=O)C(C)CC)CC(F)(F)F)ncc1,MOSES sample,7741,294.704,19,33.2,3.6764,4,1
C(c1ccco1)Nc1oc(nc1C#N)-c1ccccc1,MOSES sample,7742,265.272,20,74.99,3.41838,4,3
c1(C#N)c(n(nn1)-c1ccc(cc1)C)C(CC)CC,MOSES sample,7743,254.337,19,54.5,3.351,4,2
C1(C)N(C(c2cc(ccc2)NC(C)=O)=O)C(CCC1)C,MOSES sample,7744,274.364,20,49.41,3.0481,2,2
CC(=O)N1CCN(C(=O)c2cc(C)cc(Cl)c2O)CC1,MOSES sample,7745,296.754,20,60.85,1.65832,1,2
S(c1n(c(=O)[nH]n1)CC1OCCC1)Cc1ccc(cc1)C,MOSES sample,7746,305.403,21,59.91,2.35112,5,3
ClC1(Cl)CC1C(Nc1c(C#N)ccs1)=O,MOSES sample,7747,261.133,15,52.89,2.75208,2,2
COCCOc1ccccc1NC(=O)c1ccc(OC)cc1,MOSES sample,7748,301.342,22,56.79,2.9727,7,2
O=S(=O)(N(C)Cc1cn(nc1)C)c1ccc(cc1)C#N,MOSES sample,7749,290.348,20,78.99,1.11248,4,2
N(Cc1scc(n1)C(N)=O)c1c(F)c(Cl)c(cc1)F,MOSES sample,7750,303.721,19,68.01,2.7857,4,2
COC(=O)C1(NC(=O)c2ccc(-n3cnnn3)cc2)CCCCCC1,MOSES sample,7751,343.387,25,99,1.6581,4,3
N#CC(NC(c1cccc(c1)F)=O)c1c(cccc1)F,MOSES sample,7752,272.254,20,52.89,2.95948,3,2
Cc1ccccc1NC(=O)c1cc(ccc1)NC(=O)CC,MOSES sample,7753,282.343,21,58.2,3.59582,4,2
c1cc(ccc1C(Nc1cc2c(oc(-c3cccnc3)n2)cc1)=O)C#N,MOSES sample,7754,340.342,26,91.81,4.01378,3,4
C(OCc1onc(n1)-c1ccc(OC)nc1)c1ccccc1,MOSES sample,7755,297.314,22,70.27,2.857,6,3
COCc1ccc(CNC(=O)c2cccnc2N)cc1,MOSES sample,7756,271.32,20,77.24,1.7402,5,2
CCn1ccc(NC(=O)C(C)Oc2ccc(Br)cc2)n1,MOSES sample,7757,338.205,20,56.15,3.0715,5,2
C1(CC1)c1sc(CN2CC(CCC2)CN2CCOCC2)cn1,MOSES sample,7758,321.49,22,28.6,2.5647,5,4
C(C(NC1CCCC1)=O)OC(=O)c1sc(NC(=O)C2CC2)cc1,MOSES sample,7759,336.413,23,84.5,2.3122,6,3
N#CC(CN(C)C(=O)c1cc(C(C)C)[nH]n1)CCC#N,MOSES sample,7760,273.34,20,96.57,2.04866,6,1
c1(ccc2OCC(Nc2c1)=O)NC(=O)c1n[nH]nc1,MOSES sample,7761,259.225,19,109,0.3879,2,3
c1sc(C(=O)Nc2ccccc2-n2nc(cc2)C(=O)N)cc1,MOSES sample,7762,312.354,22,90.01,2.285,4,3
O=c1c2c(nc(n1Cc1c(C(OCC)=O)cccc1)N)cccc2,MOSES sample,7763,323.352,24,87.21,2.2037,4,3
C(c1c(c(OC)ccc1)OC)NC(=O)NCc1cnn(C)c1,MOSES sample,7764,304.35,22,77.41,1.4367,6,2
C1CCC(N(C(=O)c2ccc([nH]c2=O)-c2ccco2)C)CC1,MOSES sample,7765,300.358,22,66.31,3.0396,3,3
CC(=O)NC(C(=O)NCCc1nc2cc(F)ccc2n1C)C(C)C,MOSES sample,7766,334.395,24,76.02,1.5318,6,2
c1c(n(ccc1)CCC(=O)N(C1CCCC1)CCc1ccccc1)=O,MOSES sample,7767,338.451,25,42.31,3.2523,7,3
CSc1ncc(C(Nc2cc(COCC)ccc2)=O)n1-c1ccc1,MOSES sample,7768,341.436,24,56.15,3.8045,7,3
C(c1cccnc1)NC(=O)c1c(C(c2ccc(C)cc2)=O)cccc1,MOSES sample,7769,330.387,25,59.06,3.55102,5,3
c1c(ccc(c1)F)C(c1nccn1C)NC(=O)c1ccncc1,MOSES sample,7770,310.332,23,59.81,2.4736,4,3
c1(nc(C)nc(c1)Sc1n2c(nc(C)c1)ncn2)C,MOSES sample,7771,272.337,19,68.86,1.99076,2,3
O=S(c1cc(ccc1)NC(=O)COc1ccccc1)(N(C)C)=O,MOSES sample,7772,334.397,23,75.71,1.9544,6,2
c1(Br)cnc2c(OCC(N(C2)CC(C)=C)=O)c1,MOSES sample,7773,297.152,17,42.43,2.1412,2,2
c1nn(cc1NC(=O)c1c(ncc(Br)c1)N)CC,MOSES sample,7774,310.155,18,85.83,1.895,3,2
c1(N(CC)C(Cc2c(cccc2)OC)=O)ccccc1,MOSES sample,7775,269.344,20,29.54,3.2908,5,2
c1ccc(cc1Br)CCC(=O)N1C(C(OC)=O)CCC1,MOSES sample,7776,340.217,20,46.61,2.5457,4,2
c1oc(C)c(C(NCC(N2CCOCC2)c2cccs2)=O)c1,MOSES sample,7777,320.414,22,54.71,2.45282,5,3
c1c(cccc1NC(c1c(C)noc1C(C)C)=O)C(=O)C,MOSES sample,7778,286.331,21,72.2,3.56132,4,2
C=CCn1nnnc1SCc1cc(=O)oc2cc(C)ccc12,MOSES sample,7779,314.37,22,73.81,2.56622,5,3
Cc1sc(CC(C)C)nc1-c1ccc2c(c1)NCCO2,MOSES sample,7780,288.416,20,34.15,4.12132,3,3
O(c1c(cc(C(C(F)(F)F)(O)C(F)(F)F)cc1)Cl)C,MOSES sample,7781,308.605,19,29.46,3.6608,2,1
c1c(C(CCOC(=O)c2ccn(-c3ccc(F)cc3)n2)=O)cccc1,MOSES sample,7782,338.338,25,61.19,3.4412,6,3
[nH]1c(ccc1)C1CCCN1C(=O)c1cc(c(cc1)F)N,MOSES sample,7783,273.311,20,62.12,2.7133,2,3
n1c(cccc1)C(C)OC(=O)C(OCC)CCC,MOSES sample,7784,251.326,18,48.42,2.891,7,1
CCC(=O)Nc1ccc(Cl)c(NC(=O)c2cccs2)c1,MOSES sample,7785,308.79,20,58.2,4.0023,4,2
N(CC)(Cc1ccccc1C)C(CN1C(CC(C)C)COCC1)=O,MOSES sample,7786,332.488,24,32.78,3.09042,7,2
CC(C)Cn1c(nnc1-c1ccccc1)SCC(N)=O,MOSES sample,7787,290.392,20,73.8,2.1785,6,2
Cc1cnc(C(=O)NCC2(c3ccccc3)CC2)cn1,MOSES sample,7788,267.332,20,54.88,2.24662,4,3
C(C)Oc1c(cc(NC(N2CC(OC(C2)C)C)=O)cc1)F,MOSES sample,7789,296.342,21,50.8,2.8655,3,2
O=S(N1CCCCC1)(=O)NCC1CN(CCO1)CC(C)C,MOSES sample,7790,319.471,21,61.88,0.6635,6,2
C1CCOC1CN(C(C(C)c1cscc1)=O)Cc1occc1,MOSES sample,7791,319.426,22,42.68,3.6524,6,3
c1cc(c(cc1)OC(CC)=O)C(=O)NCc1ncccc1,MOSES sample,7792,284.315,21,68.29,2.327,5,2
C1CC(C(=O)N2Cc3c(nc(-c4ccccn4)nc3)C2)(CC1)C#N,MOSES sample,7793,319.368,24,82.77,2.46478,2,4
Fc1ccc(C2(C(NCCNc3cnccn3)=O)CCOCC2)cc1,MOSES sample,7794,344.39,25,76.14,1.8922,6,3
O(C)c1c(cc(F)cc1)NCc1c(-c2ccccc2)nn(c1)C,MOSES sample,7795,311.36,23,39.08,3.8469,5,3
c1csc(c1)-c1nc(COC)cc(n1)NCCN1CCOCC1,MOSES sample,7796,334.445,23,59.51,2.0956,7,3
c1ccccc1-c1c(c(c(C#N)c(n1)N)C1COCC1)CC,MOSES sample,7797,293.37,22,71.93,3.26878,3,3
c1cc(cc(C(N2CC(=O)NCC2)=O)c1OC)SC,MOSES sample,7798,280.349,19,58.64,0.9891,3,2
c1(sccn1C)=NC(CNC(=O)CNC(C)=O)=O,MOSES sample,7799,270.314,18,92.56,-1.2338,4,1
c1(-c2csc(NC3CC3)n2)ccc(OCC)c(c1)C,MOSES sample,7800,274.389,19,34.15,4.09152,5,3
c1cccc(OC)c1NC(=O)COC(=O)Cc1n[nH]c2c1cccc2,MOSES sample,7801,339.351,25,93.31,2.2959,6,3
COc1ccc(OCC(=O)Nc2nc3cc(C)ccc3[nH]2)cc1,MOSES sample,7802,311.341,23,76.24,2.89742,5,3
O=C1CCC(C(=O)Nc2cc(C(=O)OCC)n(c2)C)N1,MOSES sample,7803,279.296,20,89.43,0.4189,4,2
C(CCc1ccc(cc1)S(=O)(NCCO)=O)C,MOSES sample,7804,257.355,17,66.4,1.2998,7,1
COCCCNC(=O)CCc1c(C)nc2nc(N)nn2c1C,MOSES sample,7805,306.37,22,107.43,0.40864,7,2
Cn1cc(Br)cc1C(=O)N1CCc2sccc2C1,MOSES sample,7806,325.231,18,25.24,3.0476,1,3
C1OCCC(C1)(CC(C)C)CNC(NC1COc2ccccc2C1)=O,MOSES sample,7807,346.471,25,59.59,3.1322,5,3
c1(F)ccc(cc1)-c1cc(no1)CNC(=O)Cc1ccc(OC)cc1,MOSES sample,7808,340.354,25,64.36,3.3482,6,3
CSc1n(c(nn1)-c1ccccc1F)CCC(=O)OC,MOSES sample,7809,295.339,20,57.01,2.3692,5,2
C1c2c(ccc(c2)OC(C)=O)CCN1C(c1cn(C)c(=O)cc1)=O,MOSES sample,7810,326.352,24,68.61,1.5091,2,3
c1cc(C#N)ccc1NC(N(CC=C)Cc1cccs1)=O,MOSES sample,7811,297.383,21,56.13,3.83988,5,2
COc1cccc(OC2CN(Cc3cccc(F)c3)C2)c1,MOSES sample,7812,287.334,21,21.7,3.0975,5,3
Cc1cccc(S(=O)(=O)Oc2ccc(F)c(F)c2)c1,MOSES sample,7813,284.283,19,43.37,3.04092,3,2
C1OCCN(CCc2nc(-c3c[nH]c(cc3)=O)no2)C1,MOSES sample,7814,276.296,20,84.25,0.2996,4,3
C(C)(COC)OC(Cn1c(c(nn1)C(=O)C)C)=O,MOSES sample,7815,255.274,18,83.31,0.36722,6,1
C12(NC(=O)Nc3cccc(Cl)c3F)CC3CC(C2)CC(C3)C1,MOSES sample,7816,322.811,22,41.13,4.5694,2,5
CC1(NC(=O)NC2CCC(Oc3ccc(C#N)cn3)CC2)CCC1,MOSES sample,7817,328.416,24,87.04,2.88508,4,3
n1c2c(c(C(=O)NC(C)c3ccncc3)cc1C)ccc(c2C)C,MOSES sample,7818,319.408,24,54.88,4.04606,3,3
c1c(onc1C)C(N1C2CCN(C2CC1)c1cccnc1)=O,MOSES sample,7819,298.346,22,62.47,1.87142,2,4
CCc1c(C)sc(NC(=O)c2cncc(Br)c2)c1C#N,MOSES sample,7820,350.241,20,65.78,3.9004,3,2
COc1c(cc(cc1)OC)NC(c1c(nn(C)c1)OC)=O,MOSES sample,7821,291.307,21,74.61,1.6982,5,2
COCCN1C2CCCOC2C(CNC(=O)c2cccnc2)C1,MOSES sample,7822,319.405,23,63.69,0.9372,6,3
c1cc(ccc1C(N)=O)COC(c1cnc(C2OCCC2)s1)=O,MOSES sample,7823,332.381,23,91.51,2.4505,5,3
Cc1nc2ccccc2n(CC(=O)NCCC(C)C)c1=O,MOSES sample,7824,287.363,21,63.99,1.86722,5,2
c1cnc(s1)N1CCN(C(c2cccc3OCOc32)=O)CC1,MOSES sample,7825,317.37,22,54.9,1.8342,2,4
c1(ccc2c(c1)OCCCO2)NC(c1ccccc1)=O,MOSES sample,7826,269.3,20,47.56,3.1002,2,3
c1(SC(c2oc(nn2)-c2sccc2)C)nnc2CCCCCn12,MOSES sample,7827,347.469,23,69.63,3.9693,4,4
c1cc(S(=O)(C)=O)cc(C(N(CCCC)CC(N)=O)=O)c1C,MOSES sample,7828,326.418,22,97.54,1.12612,7,1
c1ccccc1N(C(Cn1c(c2ccccc2nn1)=O)=O)C,MOSES sample,7829,294.314,22,68.09,1.4545,3,3
C1N(CCN(CCn2cccn2)C1)C(c1cc(c(O)cc1)Cl)=O,MOSES sample,7830,334.807,23,61.6,1.7001,4,3
c1cc(ccc1)-c1cnc(CNC(=O)Nc2scc(C)n2)s1,MOSES sample,7831,330.438,22,66.91,3.89672,4,3
c1(ccco1)C(=O)N(C1CC1)CC(OCC)=O,MOSES sample,7832,237.255,17,59.75,1.4473,5,2
c1c(c(cc(c1)NCc1onc(n1)-c1sccc1)C(N)=O)F,MOSES sample,7833,318.333,22,94.04,2.6482,5,3
CC(c1ccccc1Cl)N(C)C(=O)c1ccnc(-n2cncn2)c1,MOSES sample,7834,341.802,24,63.91,3.1489,4,3
c1cc(c(c(N2CCCCCC2)n1)C#N)N1CCCCC1,MOSES sample,7835,284.407,21,43.16,3.32398,2,3
C1C(c2c(C)noc2CC1c1ccc(C)cc1)=O,MOSES sample,7836,241.29,18,43.1,3.20414,1,3
C1CCN(CC1CSc1sc(C)nn1)C(=O)OC(C)(C)C,MOSES sample,7837,329.491,21,55.32,3.58572,3,2
N1(c2ccc(cc2)F)CCN(CC1)C(=O)Cn1cnc2c1cccc2,MOSES sample,7838,338.386,25,41.37,2.5242,3,4
C(c1c(F)cc(F)cc1)N1CCN(CC1)c1ccc(cc1)C(=O)C,MOSES sample,7839,330.378,24,23.55,3.4896,4,3
S(=O)(=O)(NCc1cccc(c1)OC)N1CCCCCC1,MOSES sample,7840,298.408,20,58.64,1.9056,5,2
c1cc(S(N(c2ccccc2)C)(=O)=O)cc(c1OCC)NC(C)=O,MOSES sample,7841,348.424,24,75.71,2.8688,6,2
c1cc(ccc1C)C(NCC(=O)NC1(CC1)c1ccc(cc1)OC)=O,MOSES sample,7842,338.407,25,67.43,2.53892,6,3
C(c1cc(ncn1)-c1cccc(C)c1)NC(c1c[nH]c([nH]c1=O)=O)=O,MOSES sample,7843,337.339,25,120.6,0.75862,4,3
CCc1ccsc1C(=O)NCCNc1cnccn1,MOSES sample,7844,276.365,19,66.91,1.9424,6,2
c1c(cc2c(OCO2)c1)Nc1ncc(C(F)(F)F)cc1,MOSES sample,7845,282.221,20,43.38,3.5727,2,3
O=S(N1CC2C(C1)C(CN(C2=O)Cc1sccc1C)(F)F)C,MOSES sample,7846,348.44,22,40.62,1.87552,3,3
C(C)(C)(CC)NS(=O)(c1ccc(cc1)CCCO)=O,MOSES sample,7847,285.409,19,66.4,2.0784,7,1
C1(C(=O)N2CCN(CC2)C(C)C)C2CC3CC(CC1C3)C2,MOSES sample,7848,290.451,21,23.55,2.6113,2,5
c12c(CCC2)cc(NC(NCC2CN(CC2)c2ccccc2)=O)cc1,MOSES sample,7849,335.451,25,44.37,3.8233,4,4
C(CNC(c1oc2c(c1)cc(OC)cc2)=O)COC(C)C,MOSES sample,7850,291.347,21,60.7,2.9863,7,2
c1cnc(C)n1-c1c(cc(cc1)NC(=O)C(C)OC)Cl,MOSES sample,7851,293.754,20,56.15,2.80752,4,2
N#Cc1cc(c(cc1)Cl)NCc1ccc(F)cc1N,MOSES sample,7852,275.714,19,61.84,3.54508,3,2
n12c(cc(=O)[nH]1)nc(C(C)C)cc2C(NCc1cc(ccc1)F)=O,MOSES sample,7853,328.347,24,79.26,2.2151,4,3
N1(C(=O)Nc2nncc(-c3ccccc3)n2)CCOCC1C,MOSES sample,7854,299.334,22,80.24,1.7912,2,3
O=C(c1ccccn1)N1CCC(c2ccncc2)C1,MOSES sample,7855,253.305,19,46.09,2.1063,2,3
Cc1noc(C)c1CCC(=O)NC(C)c1ccc(C#N)cc1,MOSES sample,7856,297.358,22,78.92,2.97312,5,2
Fc1ccc(C(NCC(O)(COC)C)=O)c(N)c1,MOSES sample,7857,256.277,18,84.58,0.5351,5,1
COC(=O)c1c(c(Br)cc(Br)c1)F,MOSES sample,7858,311.932,13,26.3,3.1373,1,1
C(N1c2c(cc(S(NCCCO)(=O)=O)cc2)CC1)(=O)CC,MOSES sample,7859,312.391,21,86.71,0.6464,6,2
C(c1c(ccc(NCc2cn3ccccn3n2)c1)C)(=O)NC(C)C,MOSES sample,7860,,,,,,
COC(=O)CCNc1sc(-c2cc(C)oc2C)nn1,MOSES sample,7861,281.337,19,77.25,2.38994,5,2
c1(F)c(OC)ccc(c1)C(O)CNC(C1CCCC1)=O,MOSES sample,7862,281.327,20,58.56,2.1741,5,2
c1snc(c1)C(Nc1ccc(Sc2ccccc2)cn1)=O,MOSES sample,7863,313.407,21,54.88,3.9416,4,3
c1c2c(NC(=O)C(C(N3C(c4n(C)ccc4)CCC3)=O)(C)O2)ccc1,MOSES sample,7864,339.395,25,63.57,2.4784,2,4
S(c1nc(cc(C)n1)C)Cc1c(C(=O)N(C)C)oc2c1cccc2,MOSES sample,7865,341.436,24,59.23,3.83374,4,3
CCN(Cc1cccs1)C(=O)c1cccnc1SC(C)C,MOSES sample,7866,320.483,21,33.2,4.3059,6,2
c1cc(nc(c1)C(=O)Nc1ccc(SC(F)F)cc1)C,MOSES sample,7867,294.326,20,41.99,3.95702,4,2
O=C(C1CC1c1ccco1)N1CCN(CCc2ccccc2)CC1,MOSES sample,7868,324.424,24,36.69,2.77,5,4
C1NC(c2ccccc2OC)c2cc(c(cc2C1)O)OC,MOSES sample,7869,285.343,21,50.72,2.6445,3,3
CC1CCC(NC(=O)c2cc3c(cc23)NC(=O)CC3)CC1,MOSES sample,7870,,,,,,
Cc1nc(C)c(s1)C(C)OC(c1n(cc(c1)C(=O)N)C)=O,MOSES sample,7871,307.375,21,87.21,2.11534,4,2
c1c(CNC(c2cc3c(cc2)ncs3)=O)ccnc1,MOSES sample,7872,269.329,19,54.88,2.6213,3,3
C1CC(N(C(=O)CNc2c(Cl)ccc(F)c2)CC1)C,MOSES sample,7873,284.762,19,32.34,3.292,3,2
c1cc2c(C(N(C)C2O)=O)oc1-c1ccncc1Cl,MOSES sample,7874,,,,,,
c12c(n(c3nnc(SCC(=O)NC(C)C)n13)CC)cccc2,MOSES sample,7875,317.418,22,64.22,2.3206,5,3
C1CN(Cc2ncc(C)o2)Cc2n1c(C)nn2,MOSES sample,7876,233.275,17,59.98,0.89874,2,3
C1CN(CC(C1(C)C)O)C(=O)c1n[nH]c(C(C)C)c1,MOSES sample,7877,265.357,19,69.22,1.7661,2,2
c1(NC(=O)NC2(CCCC2)COC)c(cccc1)Oc1cccnc1,MOSES sample,7878,341.411,25,72.48,3.9546,6,3
O=C(C(C)Sc1sc(nn1)C)Nc1nnc(s1)SCC,MOSES sample,7879,347.516,20,80.66,2.92932,6,2
NC(=O)c1ccc(OCC(=O)Nc2n(nc(c2)C(C)(C)C)C)cc1,MOSES sample,7880,330.388,24,99.24,1.834,5,2
C1C(c2ccc(cc2)F)(CCC1)CNC(=O)NCc1ccncc1,MOSES sample,7881,327.403,24,54.02,3.5319,5,3
COc1cc(NC2CCN(C(=O)OC(C)(C)C)CC2)ncn1,MOSES sample,7882,308.382,22,76.58,2.2966,3,2
CC(C(NC12CC3CC(C2)CC(C1)C3)=O)OC(=O)c1cnccn1,MOSES sample,7883,329.4,24,81.18,2.1069,4,5
O=C(Nc1ccc(Oc2cnccn2)cc1)c1ccncc1,MOSES sample,7884,292.298,22,77,2.9162,4,3
Cc1nc(C)c(C(=O)NCc2cc(F)cc(Br)c2)s1,MOSES sample,7885,343.221,19,41.99,3.59154,3,2
c1(n(nc(c1)NCc1cccc(OC)c1)-c1c(Cl)cccn1)C,MOSES sample,7886,328.803,23,51.97,3.84982,5,3
O1CCOc2c1ccc(c2)CNc1cccc(OC)c1,MOSES sample,7887,271.316,20,39.72,3.0785,4,3
CC(C)NC(C1C2OC(CN(C2)c2ncc(cn2)C)C1)=O,MOSES sample,7888,290.367,21,67.35,0.90332,3,3
C1CCCN(c2nc(C(=O)N3CCOCC3)cc3n2c(nn3)CC)C1,MOSES sample,7889,344.419,25,75.86,1.1494,3,4
O=C(CCc1sc2CCCCc2n1)NCC(N1CCOCC1)C,MOSES sample,7890,337.489,23,54.46,1.7914,6,3
n1c(=O)[nH]c(C)nc1-c1cc(c(OC)cc1)Br,MOSES sample,7891,296.124,17,67.87,1.91142,2,2
COc1ccc(NC(=O)N2CCC(C(=O)N3CCCC3)CC2)cn1,MOSES sample,7892,332.404,24,74.77,1.9565,3,3
NC(CSc1nnc(-c2cccs2)n1-c1ccccc1)=O,MOSES sample,7893,316.411,21,73.8,2.5732,5,3
O=C1Nc2c(C1Nc1c(OC)cc(OC)cc1)cccc2,MOSES sample,7894,284.315,21,59.59,2.8091,4,3
C(CNC(=O)COc1ccc2c(OCO2)c1)c1nnc2n1cccc2,MOSES sample,7895,340.339,25,86.98,1.1957,6,4
O=C(c1c(cccc1)F)N(Cc1cnccc1)CCC#N,MOSES sample,7896,283.306,21,56.99,2.77678,5,2
c1(ccc(C(=O)NCC(N2CCCC2)=O)cn1)C(N)=O,MOSES sample,7897,276.296,20,105.39,-0.4673,4,2
c1c(C(NCc2cccc(O)c2)=O)cc(cc1)N(C)C,MOSES sample,7898,270.332,20,52.57,2.3882,4,2
C(Nc1cccc(c1)F)(=O)c1c2c(ccn1)c(ccc2Cl)N,MOSES sample,7899,315.735,22,68.01,3.8618,2,3
O=c1n(c2ccccc2[nH]c1=O)CC(=O)OC1C(CCCC1)OC,MOSES sample,7900,332.356,24,90.39,1.1906,4,3
Fc1ccc(cc1)C(CN(Cc1nc2ccccc2s1)C)O,MOSES sample,7901,316.401,22,36.36,3.6008,5,3
n1coc(C)c1C(=O)NC1C(CN(C(c2ccon2)=O)C1)C1CC1,MOSES sample,7902,330.344,24,101.47,1.25162,4,4
COc1cccc2[nH]cc(CC(=O)Nc3cc(F)ccc3OC)c12,MOSES sample,7903,328.343,24,63.35,3.5054,5,3
O=c1cc(-c2ccc(C)cc2)n(cc1OC)CC(NC)=O,MOSES sample,7904,286.331,21,60.33,1.57832,4,2
Cc1oc(C)cc1CNC(Cc1ccc(F)cc1)=O,MOSES sample,7905,261.296,19,42.24,2.89444,4,2
CC(NC(=O)c1cccc(N2CCOC2=O)c1)c1ccc(F)c(F)c1,MOSES sample,7906,346.333,25,58.64,3.4124,4,3
n1(C)ccc2c1cccc2C(Nc1ccc(cc1)-c1nc(C)oc1)=O,MOSES sample,7907,331.375,25,60.06,4.39402,3,4
C(c1cc(c(OC)cc1C)OC)C1Oc2c(ccc(c2)N)NC1=O,MOSES sample,7908,328.368,24,82.81,2.53662,4,3
COC(=O)c1nnn(c1N)-c1cc(cc(C)c1)C,MOSES sample,7909,246.27,18,83.03,1.25294,2,2
C(c1sc(nc1)-c1ccco1)N1CC(CCC1)c1nc(C)on1,MOSES sample,7910,330.413,23,68.19,3.47412,4,4
O=C(COc1ccccc1Br)Nc1ccnn1C1CC1,MOSES sample,7911,336.189,20,56.15,2.998,5,3
CC(OCc1ccccc1)C(=O)Nc1ccc(F)c(C(N)=O)c1,MOSES sample,7912,316.332,23,81.42,2.4684,6,2
N(C)(C)c1nc(nc(n1)COc1cccc(c1)-c1nc(C)cs1)N,MOSES sample,7913,342.428,24,90.05,2.53072,5,3
c1(-c2n(CCO)nc(C#N)c2)cc(c(c(F)c1)F)F,MOSES sample,7914,267.21,19,61.84,1.83138,3,2
N#Cc1ccc(C(=O)N(Cc2ccccc2)Cc2ccccc2)cc1,MOSES sample,7915,326.399,25,44.1,4.40088,5,3
COc1cccc(F)c1-c1ccc(CC(N)=O)cc1,MOSES sample,7916,259.28,19,52.32,2.5291,4,2
FC(F)(F)c1c(CCOC(=O)C2CC=CC2)n[nH]c1,MOSES sample,7917,274.242,19,54.98,2.4804,4,2
n1oc(C)cc1NC(=O)C1COCC2C1CN(S(=O)(=O)N(C)C)C2,MOSES sample,7918,358.42,24,104.98,-0.07768,4,3
COC(C)(C)c1noc(-c2ccc3c(c2)CCN3C(=O)C2CC2)n1,MOSES sample,7919,327.384,24,68.46,2.9172,4,4
Cc1cc(CC2COCC2Nc2ncnc3[nH]ccc23)on1,MOSES sample,7920,299.334,22,88.86,1.92392,4,4
c1cc(ccc1)C#CC(Nc1c2c(n(C)c(n(C)c2=O)=O)ncc1C)C,MOSES sample,7921,348.406,26,68.92,1.79272,2,3
c1(ccc(c(OC)c1)OC)C(=O)NCCc1ccc(C)c(c1)OC,MOSES sample,7922,329.396,24,56.79,2.99332,7,2
N(C(=O)Nc1c(=O)[nH]cc(c1)C(F)(F)F)Cc1ncoc1C,MOSES sample,7923,316.239,22,100.02,2.01182,3,2
CN(C(=O)CCc1c(-c2ccccc2)[nH]c2ccc(F)cc12)C1CC1,MOSES sample,7924,336.41,25,36.1,4.5274,5,4
CNc1nccc(c1)C(=O)N(Cc1nc(on1)C1CC1)CC,MOSES sample,7925,301.35,22,84.15,2.046,6,3
c1c(OC)cc2c(OC(C)(C)C(=O)N2CC(=O)N(CC)CC)c1,MOSES sample,7926,320.389,23,59.08,2.0676,5,2
n1[nH]c(c(c1)Br)C(=O)Nc1c(C(C)C)cccc1C,MOSES sample,7927,322.206,19,57.78,3.85632,3,2
Cc1cc(Sc2ncccn2)ccc1NC(=O)NCc1ccncc1,MOSES sample,7928,351.435,25,79.8,3.65292,5,3
C1CCC(C(=O)Nc2cccc(CN(C)C(C)=O)c2)C1,MOSES sample,7929,274.364,20,49.41,2.7936,4,2
O=C(c1n[nH]c(-c2ccccc2Br)c1)Nc1nc[nH]n1,MOSES sample,7930,333.149,20,99.35,2.2096,3,3
O=c1n(-c2c(C)cccc2C)ccc2c1cnc1n2nc(n1)COC,MOSES sample,7931,335.367,25,74.31,2.19164,3,4
CCOC(=O)Cn1c(C)c(C#N)c2nc3ccccc3nc21,MOSES sample,7932,294.314,22,80.8,2.3277,3,3
c1cc(Nc2cc(nc(C)n2)C)cc(c1OC)OC,MOSES sample,7933,259.309,19,56.27,2.85424,4,2
c1ccc(c(c1C(N)=O)OCc1cc(Cl)cc2c1OCOC2)OC,MOSES sample,7934,349.77,24,80.01,2.893,5,3
c1cccc(c1)OCCC(Nc1ccc(-n2cnnn2)c(c1)C)=O,MOSES sample,7935,323.356,24,81.93,2.37832,6,3
c1(C2CC2)onc(-c2ccc(OCc3noc(n3)C3CC3)cc2)n1,MOSES sample,7936,324.34,24,87.07,3.4534,6,5
C1CCC(C(=O)Oc2cc(-n3cccn3)ccc2)CN1C(=O)CCC,MOSES sample,7937,341.411,25,64.43,2.8164,5,3
c1(cc(ccc1)OC(C)C)CNC(c1ccncc1)=O,MOSES sample,7938,270.332,20,51.22,2.7988,5,2
c1cc(C(=O)Nc2cn(nc2)C(C)(C)C)cc(OC(F)F)c1,MOSES sample,7939,309.316,22,56.15,3.4918,4,2
c1c(scn1)CCN(Cc1cc(ccc1O2CCOCC2)F)C,MOSES sample,7940,,,,,,
C1OCCN(C1)CCc1onc(n1)CCC(C)C,MOSES sample,7941,253.346,18,51.39,1.5329,6,2
c1sc(N2C(C)CCCC2)nc1CN(Cc1ncccc1)C(=O)C,MOSES sample,7942,344.484,24,49.33,3.4656,5,3
c12cc(CC(Nc3c(F)cccc3)=O)c(cc1OCCO2)Cl,MOSES sample,7943,321.735,22,47.56,3.4315,3,3
CC1(C)Oc2ccccc2OC1C(=O)NCc1cnc(CC(C)C)nc1,MOSES sample,7944,355.438,26,73.34,2.9099,5,3
c1c(C(=O)N=c2n3c(n[nH]2)cc(C)cc3)ccc(c1)-n1nccc1,MOSES sample,7945,318.34,24,80.34,1.89762,2,4
n1cnc(c2cnn(-c3ccc(C)cc3)c12)SCC(N)=O,MOSES sample,7946,299.359,21,86.69,1.70132,4,3
c12OCOc1cc(cc2)C(OCC(N1CCC(CC1)C)=O)=O,MOSES sample,7947,305.33,22,65.07,1.8306,3,3
C1(CN(CCCC)C(c2nc(N(C)C)ncc2Cl)=O)CCCO1,MOSES sample,7948,340.855,23,58.56,2.6173,7,2
CCC(C(=O)N1CCCC(c2ccnc3ncnn23)C1)N1CCCC1,MOSES sample,7949,342.447,25,66.63,1.7047,4,4
N(C(c1c(cccc1)NCC(N1c2c(CCC1)cccc2)=O)=O)CC=C,MOSES sample,7950,349.434,26,61.44,2.9937,6,3
N#CC1(CCC1)N(C(CCN1C(CSc2c1cccc2)=O)=O)C,MOSES sample,7951,329.425,23,64.41,2.42008,4,3
n1c(Nc2cc(ccc2C)NC(=O)C)c2c(nc1C)oc(n2)C,MOSES sample,7952,311.345,23,92.94,3.24506,3,3
S(c1nnc(-c2c(C)nc(-n3cccc3)s2)o1)CC(N)=O,MOSES sample,7953,321.387,21,99.83,1.86962,5,3
c1coc(C(N2CCN(c3c(OC)cccc3)CC2)=O)c1,MOSES sample,7954,286.331,21,45.92,2.2506,3,3
FC(F)(F)c1nn(c(c1)C)CCCNC(=O)Nc1nccs1,MOSES sample,7955,333.339,22,71.84,2.87862,5,2
N(CCC1CCCCC1)C(=O)c1c(OC)ccc(N)c1,MOSES sample,7956,276.38,20,64.35,2.9776,5,2
O=C(Nc1n2cnnc2nc(CC)c1)c1cccc(c1)C,MOSES sample,7957,281.319,21,72.18,2.24742,3,3
c1cccc(COc2c(=O)ccoc2C)c1C(F)(F)F,MOSES sample,7958,284.233,20,39.44,3.54602,3,2
CCSc1ncc(CO)n1Cc1cccc(F)c1,MOSES sample,7959,266.341,18,38.05,2.6748,5,2
C(NCC)(=O)CNC(NC(C)CCC1CCCCC1)=O,MOSES sample,7960,283.416,20,70.23,2.1707,7,1
CN(Cc1nc(-c2cccnc2)no1)C(=O)c1ccc(F)c(F)c1,MOSES sample,7961,330.294,24,72.12,2.682,4,3
C1CCC1(c1cccc(Cl)c1)NC(CCNS(=O)(C)=O)=O,MOSES sample,7962,330.837,21,75.27,1.7747,6,2
C1C(C)N(CCO1)CC(=O)NCc1cccc(c1)OCC(F)(F)F,MOSES sample,7963,346.349,24,50.8,1.9646,6,2
FC(F)(c1c(c(nn1CCNC(=O)C1CC1)C(N)=O)Cl)F,MOSES sample,7964,324.69,21,90.01,1.1804,5,2
O=C(OCCNc1cccnn1)c1cccc(-n2cncn2)c1,MOSES sample,7965,310.317,23,94.82,1.3262,6,3
s1cc(C(NC(c2ccccc2F)C)=O)nc1NC(=O)C,MOSES sample,7966,307.35,21,71.09,2.7316,4,2
O=C(c1ccc(c(c1)F)OC)C(N)CC(=O)OC,MOSES sample,7967,255.245,18,78.62,0.9074,5,1
c1c(cc(cc1NC(=O)NCCCOCC1CC1)F)F,MOSES sample,7968,284.306,20,50.36,2.903,7,2
c1(CN(C)Cc2n[nH]c3c2CCC3)nc(no1)-c1ccc(C)cc1,MOSES sample,7969,323.4,24,70.84,2.88882,5,4
CC(=O)c1ccc(N2CCN(C(=O)c3ncoc3C)CC2)c(F)c1,MOSES sample,7970,331.347,24,66.65,2.28712,3,3
O=C(CC1COC2CN(Cc3csc(C)n3)CC12)NCCOC,MOSES sample,7971,339.461,23,63.69,1.05102,7,3
c12OCc3c(cccc3)-c2cc(cc1)C(N(C)C(c1ncn[nH]1)C)=O,MOSES sample,7972,334.379,25,71.11,3.1973,3,4
n1(C)c(=O)cc(n(c1=O)C)C(N1CCN(CC(C2CC2)O)CC1)=O,MOSES sample,7973,336.392,24,87.78,-1.3873,4,3
n1cn(nn1)-c1ccc(OC(c2oc(nn2)-c2ccccc2)C)cc1,MOSES sample,7974,334.339,25,91.75,2.8523,5,4
CCCCCNC(C1N(Cc2ccccc2C1)C(CC)=O)=O,MOSES sample,7975,302.418,22,49.41,2.6563,6,2
O=C(CCSc1ncc(Cl)cc1)NCc1nnc2CCCCn21,MOSES sample,7976,351.863,23,72.7,2.4614,6,3
C(CC)c1cc(no1)C(=O)N1CC(CC(C)C1)C,MOSES sample,7977,250.342,18,46.34,2.7452,3,2
N(CCCOC)C(=O)Nc1c(C)c(NC(CC)=O)ccc1,MOSES sample,7978,293.367,21,79.46,2.50152,7,1
CSc1cccc(NC(=O)Cn2ccc(=O)c3cccc(F)c32)c1,MOSES sample,7979,342.395,24,51.1,3.5012,4,3
COc1cccc(NC(=O)Cn2cnc3sc(C)cc3c2=O)c1,MOSES sample,7980,329.381,23,73.22,2.41372,4,3
CCC(C)Oc1cccc(-c2cc(C#N)c(NCCO)nc2)c1,MOSES sample,7981,311.385,23,78.17,3.20178,7,2
c1ccnc(C(N2CCN(CC2)c2cc(N(C)C)nc(n2)C)=O)c1,MOSES sample,7982,326.404,24,65.46,1.20842,3,3
c1cc(ccc1)Oc1sc(NCCOC)nn1,MOSES sample,7983,251.311,17,56.27,2.3887,6,2
c1cc(ncc1NC(=O)NCC1C(C(C)C)OCCC1)-n1ncnc1,MOSES sample,7984,344.419,25,93.96,2.235,5,3
C(C)C(c1ccccc1)C(C)NC(=O)NC(C)C(=O)NC(C)(C)C,MOSES sample,7985,333.476,24,70.23,3.1711,6,1
O=C(N(C)CCC#N)Nc1ccc(cc1-c1c2OCCc2ccc1)F,MOSES sample,7986,339.37,25,65.36,3.80498,4,3
c1cc(ccc1-c1ccc(C#N)cc1)C(=O)NC(CC)C,MOSES sample,7987,278.355,21,52.89,3.75358,4,2
c1c(C)c2c(cc1)c(C)c(o2)C(=O)CSc1nnnn1C1CC1,MOSES sample,7988,328.397,23,73.81,3.34604,5,4
c1cc(ccc1C(=O)NCc1ccccn1)-c1cscn1,MOSES sample,7989,295.367,21,54.88,3.1351,4,3
C(CN(CCC#N)C(=O)c1ccc(Cl)c(c1)N)OC,MOSES sample,7990,281.743,19,79.35,1.92448,6,1
n1c(C)cccc1NC(NCc1noc(C(C)(C)C)n1)=O,MOSES sample,7991,289.339,21,92.94,2.39222,3,2
c1c(ccc(c1)CSc1n(c(=O)c2c(n1)scc2)N)Cl,MOSES sample,7992,323.83,20,60.91,3.1175,3,3
C(NC(=O)CCn1nc(C)cc1)c1ccc(cc1)-c1ccn[nH]1,MOSES sample,7993,309.373,23,75.6,2.28812,6,3
O=C(NC1CCc2cc(Cl)ccc21)c1cnn2c1OCCC2,MOSES sample,7994,317.776,22,56.15,2.7363,2,4
c1nnc(NC(=O)Cn2c3ccccc3oc2=O)s1,MOSES sample,7995,276.277,19,90.02,1.0847,3,3
C(C(=O)NCCc1nc(C(C)C)no1)n1c(c2c(nc1)cccc2)=O,MOSES sample,7996,341.371,25,102.91,1.2618,6,3
N(c1ccc(cc1)F)C(=O)CN1CCN(CC1)C(c1ncccc1)=O,MOSES sample,7997,342.374,25,65.54,1.6172,4,3
c1ccc(C2C(C2)CNC(N2CCOC(C2)C(N)=O)=O)c(c1)Cl,MOSES sample,7998,337.807,23,84.66,1.3392,4,3
C1CCOC1CCC(Nc1sc(-c2[nH]ccc2)c(C)n1)=O,MOSES sample,7999,305.403,21,67.01,3.34432,5,3
O=C(Nc1c(cccc1C)C)c1ccc(cn1)C(=O)OC,MOSES sample,8000,284.315,21,68.29,2.73734,3,2
O=C(CSc1ccc2OCCCOc2c1)NCc1cc(ccc1)F,MOSES sample,8001,347.411,24,47.56,3.3955,5,3
c1(C)c(ccc(F)c1)S(=O)(=O)N(Cc1ccc(cc1)C(=O)N)C,MOSES sample,8002,336.388,23,80.47,2.05372,5,2
O=C(NCCOC)C(c1cc(c(OC)c(c1)OC)Cl)N,MOSES sample,8003,302.758,20,82.81,1.1196,7,1
c1(S(=O)(CC)=O)ccccc1C(NCCC(=O)NC1CCC1)=O,MOSES sample,8004,338.429,23,92.34,1.2688,7,2
Cc1ccc(NCc2nc3n(n2)CCCCC3)cc1,MOSES sample,8005,256.353,19,42.74,2.92502,3,3
O=C1CC(c2nc(C3CC3)no2)CN1Cc1ccccn1,MOSES sample,8006,284.319,21,72.12,1.8581,4,4
c1(ncccc1C(Nc1c(N2CC(OC(C2)C)C)cccc1)=O)OC,MOSES sample,8007,341.411,25,63.69,2.9561,4,3
c1c2nc(n(c2ncc1)CCS(=O)(=O)N(CC)CC)C,MOSES sample,8008,296.396,20,68.09,1.41132,6,2
CCC(O)CN1CCN(C(=O)C(C)(C)CC2CCOCC2)CC1,MOSES sample,8009,326.481,23,53.01,1.7444,6,2
c1ccnc(c1)C(NC(Cc1cc2c(cc1)cccc2)=O)C,MOSES sample,8010,290.366,22,41.99,3.6547,4,3
N(c1c(cc(F)cc1)C#N)C(=O)NCC(C)CC(OCC)=O,MOSES sample,8011,307.325,22,91.22,2.40818,6,1
c1c(F)ccc(c1)CCC(Nc1c(cccc1)C(N)=O)=O,MOSES sample,8012,286.306,21,72.19,2.4959,5,2
c1c(cccc1)OCCCC(N1CCC(CC1)O)=O,MOSES sample,8013,263.337,19,49.77,1.8289,5,2
c1cnc(cc1)C(=O)N1CC(C1)C(Nc1cc(ccc1F)F)=O,MOSES sample,8014,317.295,23,62.3,2.0705,3,3
O=c1n(cc([nH]1)S(NCCCn1ccnc1)(=O)=O)C,MOSES sample,8015,285.329,19,101.78,-0.7215,6,2
c12c(N3C(CCC3)C(=O)OCC)ncnc1cccc2,MOSES sample,8016,271.32,20,55.32,2.1617,3,3
O=C(NC(C(NC1CCCNC1=O)=O)CC(C)C)C1CCC1,MOSES sample,8017,309.41,22,87.3,0.7122,6,2
c1(C#N)c(n(c(n(C2CCCCC2)c1N)=O)C)=O,MOSES sample,8018,248.286,18,93.81,0.50608,1,2
c1cccc(OCc2ccc(C(=O)NCC3C(=O)N=C(C=C3)C)o2)c1,MOSES sample,8019,338.363,25,80.9,2.7619,6,3
C1NC(N(c2ccc(cc2)NC(c2ccc(cc2)OC)=O)C1)=O,MOSES sample,8020,311.341,23,70.67,2.4771,4,3
C=CCn1nc(CO)cc1-c1ccc(Br)cc1,MOSES sample,8021,293.164,17,38.05,2.9909,4,2
COc1cccc(C(=O)N2CCC(c3ccsc3)CC2)c1OC,MOSES sample,8022,331.437,23,38.77,3.7851,4,3
CC(=O)Nc1cc(C(=O)N2CCCC2c2ccc[nH]2)ccc1F,MOSES sample,8023,315.348,23,65.2,3.0895,3,3
N(C(Cc1ccc(C)cc1)=O)C1CCSc2ccccc12,MOSES sample,8024,297.423,21,29.1,3.89082,3,3
c12c(nccc2)c(NC(=O)c2c(Br)c(C)n[nH]2)ccc1,MOSES sample,8025,331.173,20,70.67,3.28112,2,3
C(=O)(NC1CCCCNC1=O)c1sc(cc1)NC(=O)C1CC1,MOSES sample,8026,321.402,22,87.3,1.4951,4,3
C(c1cccs1)N(CCOC)C(=O)Nc1cccnc1,MOSES sample,8027,291.376,20,54.46,2.8236,6,2
C(NC(=O)C1(O)CCC1)c1cn(nc1-c1ccncc1)-c1ccccc1,MOSES sample,8028,348.406,26,80.04,2.4655,5,4
Cc1cnn(CC(=O)Nc2cc(-c3ccc(F)cc3)n[nH]2)c1,MOSES sample,8029,299.309,22,75.6,2.35942,4,3
S(c1nc(C)c(c(C)n1)C)CC(=O)Nc1ccncc1,MOSES sample,8030,288.376,20,67.77,2.52766,4,2
N#CCCCN1CC2(CCN(C(=O)c3ccco3)CC2)CC1=O,MOSES sample,8031,315.373,23,77.55,2.03808,4,3
c1cccc(c1COC(=O)C(N)c1ccccc1)OC,MOSES sample,8032,271.316,20,61.55,2.4384,5,2
C1CCOC1CN(C)C(c1cc(c(cc1)F)N)=O,MOSES sample,8033,252.289,18,55.56,1.6589,3,2
CCCCS(=O)(=O)N(C)Cc1ccc(C)s1,MOSES sample,8034,261.412,16,37.38,2.61822,6,1
c1(cc(ccc1C(c1c(c(C)c(cc1)O)Cl)=O)N)C,MOSES sample,8035,275.735,19,63.32,3.47564,2,2
Oc1ccccc1NC(CS(=O)(c1ccccc1)=O)=O,MOSES sample,8036,291.328,20,83.47,1.8046,4,2
N(C(=O)c1ccc(cc1)CNc1cc(OCCC)ncn1)C,MOSES sample,8037,300.362,22,76.14,2.2371,7,2
O=C(Nc1cccc(NC(COc2cc(C)c(C)cc2)=O)c1)CO,MOSES sample,8038,328.368,24,87.66,2.25174,6,2
c12cc(NC(c3ccn(n3)CC)=O)c(cc1nc1[nH]c(C)nn12)C,MOSES sample,8039,323.36,24,92.9,2.29614,3,4
C(NC(Nc1cc(F)c(c(F)c1)OC)=O)c1[nH]ccn1,MOSES sample,8040,282.25,20,79.04,2.0182,4,2
C(n1ncc(c1)C)C1CCN(C(CSc2ccccc2)=O)CC1,MOSES sample,8041,329.469,23,38.13,3.22242,5,3
CCc1nc2n(n1)CCCC2NC(=O)C(C)NC(N)=O,MOSES sample,8042,280.332,20,114.93,-0.1516,4,2
c1c(-n2nc(c(c2C)CNC(=O)CCOCC)C)ccc(Cl)c1,MOSES sample,8043,335.835,23,56.15,3.18534,7,2
O=C(Nc1cccc(Cl)c1)c1cc2cccnc2[nH]c1=O,MOSES sample,8044,299.717,21,74.85,2.8288,2,3
n1c(ccn1-c1ccccc1)C(N1CCCC(C1)C(=O)NC(C)C)=O,MOSES sample,8045,340.427,25,67.23,2.2491,4,3
CC(=O)c1c(c([nH]c1C)C(=O)OC1CCCCC1=O)C,MOSES sample,8046,277.32,20,76.23,2.50264,3,2
c1(c(Cl)c(n(nc1)CCc1c(Cl)cccc1)=O)C#N,MOSES sample,8047,294.141,19,58.68,2.66448,3,2
C(C(C)(C)C(NCCNC(c1cccs1)=O)=O)C,MOSES sample,8048,268.382,18,58.2,2.0303,6,1
c1cc(F)ccc1-c1n2c(nn1)CCN(c1ncc(Cl)cn1)CC2,MOSES sample,8049,344.781,24,59.73,2.5903,2,4
c1(n(c(c2c(n1)cccc2)=O)Cc1cccc(C#N)c1)C,MOSES sample,8050,275.311,21,58.68,2.6249,2,3
COc1cccc(N2Cc3ccccc3OC(C)C2=O)c1,MOSES sample,8051,283.327,21,38.77,3.0093,2,3
N1C(=O)N(CC1)c1c(cc(cc1)C(NC1CCCCCC1)=O)C,MOSES sample,8052,315.417,23,61.44,2.97722,3,3
o1c(nc(n1)C(C)C)CCNC(C(c1ccccc1)c1ccccc1)=O,MOSES sample,8053,349.434,26,68.02,3.6838,7,3
FC(F)(F)c1nn(cc1)CC(Nc1ccccc1C(F)(F)F)=O,MOSES sample,8054,337.223,23,46.92,3.5594,3,2
N#Cc1nn(CC(O)COc2ccccc2)c(=O)nc1N1CCCC1,MOSES sample,8055,341.371,25,104.27,0.55008,6,3
CNC(=O)Nc1cc(S(=O)(=O)N(C)C)cc(C)c1C,MOSES sample,8056,285.369,19,78.51,1.30504,3,1
n12c(N(Cc3cc4c(c(Cl)c3)OCCO4)CC2)nc2c1cccc2,MOSES sample,8057,341.798,24,39.52,3.4811,2,5
CC(C)n1c(N2CCOCC2)nc2sc3c(c2c1=O)CCCC3,MOSES sample,8058,333.457,23,47.36,2.7543,2,4
c12[nH]ccc1cc(cc2)C(=O)Oc1ccc(NC(=O)OC)cc1,MOSES sample,8059,310.309,23,80.42,3.5654,3,3
C(NCC1CC1)(=O)Nc1cc(ccc1)C(=O)N1CCC(CC1)C,MOSES sample,8060,315.417,23,61.44,3.0902,4,3
O=C(Nc1ccc(F)c(N)c1)C(C)Sc1cccs1,MOSES sample,8061,296.392,19,55.12,3.5887,4,2
c1cc(F)cc(C(=O)Nc2c(C(NC(C)C)=O)cccc2)c1,MOSES sample,8062,300.333,22,58.2,3.2162,4,2
COC(=O)c1ccc(NC(C)c2sc(C)nc2C)c(OC)c1,MOSES sample,8063,320.414,22,60.45,3.72824,5,2
COc1cc(C(=O)N(C)C(C)c2ccccc2)cc(OC)c1OC,MOSES sample,8064,329.396,24,48,3.5456,6,2
Cc1nc(CNc2ccc(OC(F)(F)F)cc2)cs1,MOSES sample,8065,288.294,19,34.15,3.96222,4,2
c1(Cl)c(c(n(CC(=O)NCC2OCCC2)c(C)c1)=O)C#N,MOSES sample,8066,309.753,21,84.12,0.977,4,2
c1ncnn1-c1ncc(NC(C(Sc2ncccc2)C)=O)cc1,MOSES sample,8067,326.385,23,85.59,2.1766,5,3
CC(Cc1ccccc1F)C(=O)NCc1cnn(C)c1,MOSES sample,8068,275.327,20,46.92,2.0542,5,2
CCOc1c(cccc1)-c1nc2n(c(ccc2)C)c1CO,MOSES sample,8069,282.343,21,46.76,3.20072,4,3
CC(C)n1ccnc(NCCc2ncc(C)s2)c1=O,MOSES sample,8070,278.381,19,59.81,2.24372,5,2
COC(=O)CC1CCN(C(=O)Cn2cc(C)cn2)CC1,MOSES sample,8071,279.34,20,64.43,0.99322,4,2
c1cccc(CNc2ccc(N3CCOCC3)c(c2)F)n1,MOSES sample,8072,287.338,21,37.39,2.6694,4,3
n1(CC(N(C2CCCCC2)C)=O)c(oc2ccc(C)cc21)=O,MOSES sample,8073,302.374,22,55.45,2.69402,3,3
C(Nc1cccc(C(=O)NCC)c1)c1nc(C(C)C)on1,MOSES sample,8074,288.351,21,80.05,2.5548,6,2
COC(=O)c1c(CSc2ccccn2)cco1,MOSES sample,8075,249.291,17,52.33,2.7535,4,2
c1(C)ccc(cc1)CC(NCCC(c1occc1)O)=O,MOSES sample,8076,273.332,20,62.47,2.37042,6,2
C(Nc1sccn1)(c1c(OCC)nccc1)=O,MOSES sample,8077,249.295,17,64.11,2.1891,4,2
c1ccc(c(c1)F)C(CC(=O)NC(C)Cc1cccs1)NC(N)=O,MOSES sample,8078,349.431,24,84.22,2.7341,7,2
c1c(F)cccc1C(=O)NCc1cc2OCOc2cc1,MOSES sample,8079,273.263,20,47.56,2.4844,3,3
c1c(CCC(O)(C)C)ccc(c1)C(=O)NC1(CCCC1)C#N,MOSES sample,8080,300.402,22,73.12,2.95628,5,2
c12c(nc(n(c2CCC1)CCOC)=O)SCCOC(C)C,MOSES sample,8081,312.435,21,53.35,1.8955,8,2
FC(F)(C(C(=O)OCC)NCc1ccncc1)F,MOSES sample,8082,262.231,18,51.22,1.6652,5,1
Fc1cc(C)c(NC(CCn2nccc2)=O)cc1,MOSES sample,8083,247.273,18,46.92,2.35942,4,2
N1(CCC2C(C1)CC(c1n[nH]c(=O)n1C1CC1)O2)C(NC1CC1)=O,MOSES sample,8084,333.392,24,92.25,0.9302,3,5
O=C1CCCN1c1ccc(Cl)c(NCc2nnc(C3CC3)o2)c1,MOSES sample,8085,332.791,23,71.26,3.3393,5,4
Fc1cc2c(C(CCOc3ccccc3)NCC2)c(F)c1,MOSES sample,8086,289.325,21,21.26,3.6207,4,3
c1c(ccc(F)c1)CCOc1ccccc1NC(=O)C,MOSES sample,8087,273.307,20,38.33,3.4056,5,2
Clc1ccccc1NC(=O)CC1N2c3ccccc3NC2=NC1=O,MOSES sample,8088,340.77,24,73.8,2.8655,3,4
c1c(C(=O)NCCCOC)nc(N2CCCC2)nc1C(C)C,MOSES sample,8089,306.41,22,67.35,1.9665,7,2
c1(c2ncccc2c(cc1)Cl)CN1CCC(=O)CC1,MOSES sample,8090,274.751,19,33.2,3.0531,2,3
C(CCc1ccccc1NC(=O)c1c(onc1CC)C)(=O)N(C)C,MOSES sample,8091,329.4,24,75.44,2.81852,6,2
c1cc(O)ccc1CC(=O)N1CCC(CC1)C(N(C(C)C)C)=O,MOSES sample,8092,318.417,23,60.85,2.0401,4,2
N1(c2nc(cc(n2)C)C(C)C)CC(c2nnc3n2CCCCC3)CC1,MOSES sample,8093,340.475,25,59.73,3.22022,3,4
c1(n(cnn1)N)SCC(NCCc1cccs1)=O,MOSES sample,8094,283.382,18,85.83,0.5044,6,2
O(c1ccc(cc1)Cl)CC(=O)Oc1ccc(C#N)cc1,MOSES sample,8095,287.702,20,59.32,3.19608,4,2
c1n(CC(Nc2ccc(cc2)SC)=O)c(c2c(n1)cccc2)=O,MOSES sample,8096,325.393,23,63.99,2.7571,4,3
C1CCC1c1ncn(c(c1)=O)CC(NCc1occc1)=O,MOSES sample,8097,287.319,21,77.13,1.4202,5,3
c1(C#N)c(C)cc(n2c1N(CCC2)C(c1ccccc1)=O)C,MOSES sample,8098,,,,,,
C1CN(C(=O)C(C)(C)C)CCN1C(c1ccc(F)c(c1)F)=O,MOSES sample,8099,310.344,22,40.62,2.2953,1,2
Cc1nn(-c2ccccc2)c(C)c1CNC(=O)Cn1ccc(=O)[nH]c1=O,MOSES sample,8100,353.382,26,101.78,0.65554,5,3
c1cc(ccc1)N(C)S(=O)(=O)CCC(OC)=O,MOSES sample,8101,257.311,17,63.68,1.0157,5,1
O=S(NC1CCCCC1)(=O)c1cc2N(CCOc2cc1)C(=O)C,MOSES sample,8102,338.429,23,75.71,2.0429,3,3
CCN(Cc1ccc(OC)cc1OC)C(=O)Nc1ccc(C)cn1,MOSES sample,8103,329.4,24,63.69,3.46122,6,2
C1OCCN(c2cncc(N3CCC(Nc4cccnc4)C3)n2)C1,MOSES sample,8104,326.404,24,66.41,1.399,4,4
c1(C(C(N(CCO)CCO)=O)N)ccc(cc1)F,MOSES sample,8105,256.277,18,86.79,-0.3613,6,1
n1(cc(C(N(CC(=O)OCC)CC)=O)cn1)-c1ccccc1,MOSES sample,8106,301.346,22,64.43,1.8975,6,2
n1n(c(cc1C#N)-c1ccccn1)Cc1c(cccc1)F,MOSES sample,8107,278.29,21,54.5,3.00418,3,3
c1cccc(-c2csc(C(NC(Cn3nccc3)CC)=O)c2)c1,MOSES sample,8108,325.437,23,46.92,3.8202,6,3
N(CC(c1ccccc1)O)C(NCCc1sc(cn1)C)=O,MOSES sample,8109,305.403,21,74.25,2.02682,6,2
C1N(CCOC1)C1(CCCCC1)CNC(NCc1cccs1)=O,MOSES sample,8110,337.489,23,53.6,2.5824,5,3
c1(C)c(ccc(c1)-c1ncco1)NC(=O)c1cc(C)nc2n(ncc12)C,MOSES sample,8111,347.378,26,85.84,3.49244,3,4
c1(ccc(C(CSc2nn3c(C)cc(nc3n2)C)=O)cc1)F,MOSES sample,8112,316.361,22,60.15,2.85524,4,3
COCCN(CCOC)C(=O)c1c[nH]c2cccc(F)c12,MOSES sample,8113,294.326,21,54.56,2.042,7,2
c1cc(c(cc1F)C(O)CCCC(NC(C)(C)C)=O)F,MOSES sample,8114,285.334,20,49.33,3.0832,5,1
c1cc(C2(C(NCCn3cccc3)=O)CCC2)cc(c1)F,MOSES sample,8115,286.35,21,34.03,2.8653,5,3
CC(=O)N1CCc2cc(C(=O)NCc3ccoc3)ccc21,MOSES sample,8116,284.315,21,62.55,2.1186,3,3
C(Nc1ccccc1SC)(CSc1nccc2ccccc12)=O,MOSES sample,8117,340.473,23,41.99,4.6875,5,3
Cn1cnc(CNC(=O)c2csc(-c3ccsc3)n2)n1,MOSES sample,8118,305.388,20,72.7,1.9301,4,3
c1(C)c(NC(=O)C(C)Cn2nc(cc2C)C)c(C)cc(C)c1,MOSES sample,8119,299.418,22,46.92,3.7,4,2
N(CC(Nc1sccn1)=O)Cc1ccc(C)cc1C,MOSES sample,8120,275.377,19,54.02,2.48824,5,2
c1(CN(C(Cn2cncn2)=O)CC2CCCO2)ccccc1,MOSES sample,8121,300.362,22,60.25,1.4859,6,3
CC1(C)N(CC(=O)N2CCCC2c2ccc(OC)cc2)CCOC1,MOSES sample,8122,332.444,24,42.01,2.4695,4,3
C(OC(c1c(ccc(C)c1)C)=O)c1nnc(-c2ccccc2)o1,MOSES sample,8123,308.337,23,65.22,3.71044,4,3
c1(noc(C)c1C(=O)N1CCN(CC1c1ccccc1)C)CC,MOSES sample,8124,313.401,23,49.58,2.67432,3,3
O(c1cc(C(C#N)N2CCOC2=O)ccc1OC)C,MOSES sample,8125,262.265,19,71.79,1.72068,4,2
Clc1c(cccc1F)Cn1c([nH]nc1Cc1cc(O)ccc1)=O,MOSES sample,8126,333.75,23,70.91,2.7086,4,3
c1(NC(c2cc3c(nc2C)cc(cc3)F)=O)cc(OC)ccc1OC,MOSES sample,8127,340.354,25,60.45,3.95182,4,3
n1cc(ccc1OC)-n1nnc(CO)c1COc1c(cccc1)C,MOSES sample,8128,326.356,24,82.29,2.05062,6,3
c1(C(Nc2c(cccc2)C(=O)OCC)=O)ccc(CO)cc1,MOSES sample,8129,299.326,22,75.63,2.6079,5,2
C1CN(C(c2cc(ncc2)-c2cc3CCOc3cc2)=O)C(CC)CO1,MOSES sample,8130,338.407,25,51.66,2.9345,3,4
N(c1cc(-n2nnnc2C)ccc1F)CC(=O)NC,MOSES sample,8131,264.264,19,84.73,0.26772,4,2
c1cc(OC(F)F)ccc1N1CC(NC(=O)c2c(C)cco2)CC1=O,MOSES sample,8132,350.321,25,71.78,2.72472,5,3
N(S(c1c[nH]nc1)(=O)=O)CCc1cccc(Cl)c1Cl,MOSES sample,8133,320.201,19,74.85,2.2375,5,2
C1(CCNC(=O)Cc2ccc(OCC)cc2)OCCC1,MOSES sample,8134,277.364,20,47.56,2.3131,7,2
c12c(oc(c1)C(=O)NC(C)c1nc(no1)C)cccc2,MOSES sample,8135,271.276,20,81.16,2.61522,3,3
N(C(=O)c1c(nn(-c2ccc(cc2)F)c1O)C)c1nocc1,MOSES sample,8136,302.265,22,93.18,2.26572,3,3
c1cc(cc(c1C)C)S(=O)(N1CCNC(C1)=O)=O,MOSES sample,8137,268.338,18,66.48,0.42394,2,2
CC(NC(=O)c1ccccc1Cl)C(=O)NC(C)C(=O)NC(C)(C)C,MOSES sample,8138,353.85,24,87.3,1.8777,5,1
Fc1ccc(C(CCC)NS(c2c(noc2C)C)(=O)=O)cc1,MOSES sample,8139,326.393,22,72.2,3.25024,6,2
CCc1c(C)sc2ncnc(N3CCCCC3C3OCCO3)c12,MOSES sample,8140,333.457,23,47.48,3.29392,3,4
Cc1nc(-c2ccc(F)cc2)sc1C(=O)Nc1nncs1,MOSES sample,8141,320.374,21,67.77,3.36142,3,3
C1(C2CC2)COCCN1C(c1c(cccc1)SC(C)C)=O,MOSES sample,8142,305.443,21,29.54,3.4381,4,3
C(NC(CCC(Nc1ccc(cc1)-n1nccc1)=O)=O)(C)C,MOSES sample,8143,300.362,22,76.02,2.1156,6,2
C1(=O)N(c2ccc(CC)cc2)CC(C(Nc2nccc(c2)OC)=O)C1,MOSES sample,8144,339.395,25,71.53,2.6442,5,3
c1(ccc2sc(C(OCC)=O)nc2c1)Br,MOSES sample,8145,286.15,15,39.19,3.2355,2,2
c1cc(sc1)-c1cnc(o1)CNCc1ccc(C)cc1,MOSES sample,8146,284.384,20,38.06,4.00132,5,3
C(#N)c1ccc(cc1)NCc1sc2c(CCC2)n1,MOSES sample,8147,255.346,18,48.71,3.11558,3,3
c1nc(ncc1NC(COc1cc2c(c(cc(o2)=O)CCC)cc1)=O)C,MOSES sample,8148,353.378,26,94.32,2.86142,6,3
c1(F)cccc(c1CC(NC1c2c(CC1O)cccc2)=O)Cl,MOSES sample,8149,319.763,22,49.33,2.7961,3,3
c1c(ccc(c1)OC)OCC(=O)Nc1c(F)ccc(F)c1,MOSES sample,8150,293.269,21,47.56,2.9909,5,2
C(=O)(NCCOCC)CN1CCc2c(C1)cc(Cl)cc2Cl,MOSES sample,8151,331.243,21,41.57,2.5042,6,2
c1c(ccc(c1N)Cl)CCc1ncc2c(OCCO2)cc1,MOSES sample,8152,,,,,,
Cc1nnc2n1CCN(CC(O)COc1cc(Cl)cc(Cl)c1)C2,MOSES sample,8153,357.241,23,63.41,2.14882,5,3
S(c1cccs1)(=O)(=O)NCc1cccc(NC(=O)N)c1,MOSES sample,8154,311.388,20,101.29,1.7172,5,2
N1(Cc2c(CC1)n(nc2-c1ccccc1)CC#N)C,MOSES sample,8155,252.321,19,44.85,2.06158,2,3
n1c([nH]c(c(C)c1C)=O)SCC(N1CCCCC1C)=O,MOSES sample,8156,295.408,20,66.06,1.87984,3,2
Cc1cc(C)c(C(=O)N(C)Cc2cnn(-c3ccccc3)c2)c(C)c1,MOSES sample,8157,333.435,25,38.13,4.06976,4,3
O=c1cc(N(Cc2cnccc2)CCC#N)n(c(=O)[nH]1)C,MOSES sample,8158,285.307,21,94.78,0.38888,5,2
c1ccc(NCc2ccc(c(OC)c2)O)c(c1)OC,MOSES sample,8159,259.305,19,50.72,3.0215,5,2
c1(-c2nc3c(c(C(OC)=O)c2)c(nn3C)C)ccc(cc1)O,MOSES sample,8160,297.314,22,77.24,2.43592,2,3
Oc1ccc(CCNc2nccc(C(F)(F)F)n2)cc1,MOSES sample,8161,283.253,20,58.04,2.8556,4,2
c1(onc(c1)C)C(=O)N(C)c1ccc(cc1)Oc1ccccc1,MOSES sample,8162,308.337,23,55.57,4.05192,4,3
CN1CCC(N(C)C(C(c2ccc(cc2)F)(C)C)=O)C1=O,MOSES sample,8163,292.354,21,40.62,1.7924,3,2
O=C(C1C=CC=N1)COc1c(cc(cc1)Cl)C(C)=O,MOSES sample,8164,277.707,19,55.73,2.4997,5,2
c1c(occ1)-c1n(nc(CNC(=O)c2cc(on2)C)c1)C1CCCC1,MOSES sample,8165,340.383,25,86.09,3.48462,5,4
NC(=O)C1OCCN(C(C(=O)NC2CC2)c2ccc(F)cc2)C1,MOSES sample,8166,321.352,23,84.66,0.3315,5,3
N1(CCc2cc(C(=O)NCCCSc3ccccc3)ccc21)C(=O)C,MOSES sample,8167,354.475,25,49.41,3.5078,6,3
N(C(=O)c1ccc2c(c1)nc1n(c2=O)CCCC1)Cc1ncccc1,MOSES sample,8168,334.379,25,76.88,2.0578,3,4
CCCCOC(=O)c1snc(-c2ccncc2)c1N,MOSES sample,8169,277.349,19,78.1,2.7442,5,2
n1c(nn(-c2ccc(cn2)C(F)(F)F)c1CCNC(C)=O)CCC,MOSES sample,8170,341.337,24,72.7,2.3122,6,2
C1(CCC1)Oc1nccc(C(=O)Nc2ccc(cc2)Cl)c1,MOSES sample,8171,302.761,21,51.22,3.9186,4,3
c1cc(c(CNC(=O)NCC(c2ccsc2)(O)C)cc1)OC,MOSES sample,8172,320.414,22,70.59,2.4636,6,2
n1c(c(ccc1)Cl)-n1ccc(n1)NC(=O)CC(C)C(C)C,MOSES sample,8173,306.797,21,59.81,3.5414,5,2
c1(NC(NCc2ncn(n2)C)=O)cc(-n2nnnc2C)ccc1F,MOSES sample,8174,331.315,24,115.44,0.56002,4,3
CC(=O)Nc1cc(NCC(=O)Nc2ccccc2C)ccc1F,MOSES sample,8175,315.348,23,70.23,3.14312,5,2
C(C(=Cc1ccccc1)C)Sc1nncn1CCOC,MOSES sample,8176,289.404,20,39.94,3.1201,7,2
Cc1onc(-c2ccncn2)c1C(=O)NCc1ccc2c(c1)OCO2,MOSES sample,8177,338.323,25,99.37,2.09872,4,4
c1(NCC(Nc2cccc(NC(=O)C)c2)=O)c(C)ccc(c1)C,MOSES sample,8178,311.385,23,70.23,3.31244,5,2
C(c1ccc(cc1)CNC(=O)Nc1cccc(c1)Cl)(NC)=O,MOSES sample,8179,317.776,22,70.23,3.0213,4,2
N(C(Cc1c(C)nc(s1)C)=O)C(c1cc(ccc1)Cl)(C(=O)N)C,MOSES sample,8180,351.859,23,85.08,2.47274,5,2
Fc1cc(cc(c1)F)C(N(Cc1oc(C)cc1)C)=O,MOSES sample,8181,265.259,19,33.45,3.13842,3,2
c1(sc(Cc2ccc(c(OC)c2)OCCC)cn1)C,MOSES sample,8182,277.389,19,31.35,3.83972,6,2
c1c(C(=O)NC2CCN(CC2)C(=O)C)c(F)cc(c1)Cl,MOSES sample,8183,298.745,20,49.41,2.2198,2,2
COc1ccc(OC)cc1C(O)CNc1ncc(cc1)C(F)(F)F,MOSES sample,8184,342.317,24,63.61,3.2631,6,2
c1(Cl)c(cccc1Cl)S(N(C(C)c1ncccc1)C)(=O)=O,MOSES sample,8185,345.251,21,50.27,3.7701,4,2
C(S(=O)(=O)c1nc(cs1)C)c1c2OCOCc2cc(F)c1,MOSES sample,8186,329.374,21,65.49,2.43102,3,3
Cc1c(C)n(CCO)c2ncn3nc(-c4ccccn4)nc3c12,MOSES sample,8187,308.345,23,81.13,1.75014,3,4
N1(CCN(CC1)C(c1ccc(s1)-c1oc(C)cc1)=O)S(=O)(C)=O,MOSES sample,8188,354.453,23,70.83,2.03392,3,3
c1csc(C(C)(O)CNC(=O)CSc2ccc(cc2)Cl)c1,MOSES sample,8189,341.885,21,49.33,3.5175,6,2
O=C(Cn1cnc2ccccc21)Nc1nc2ccc(F)cn2n1,MOSES sample,8190,310.292,23,77.11,1.8568,3,4
c1c(c(C)c(CCC(N2c3ccccc3NCS2(=O)=O)=O)cc1)C,MOSES sample,8191,344.436,24,66.48,2.98204,3,3
C1CCN(C(=O)C(OCc2ccccc2)C)Cc2c1n(nc2)C,MOSES sample,8192,313.401,23,47.36,2.3002,4,3
C(C)(C)CC(=O)Nc1ccc(c(S(=O)(N2CCCCC2)=O)c1)C,MOSES sample,8193,338.473,23,66.48,3.15422,5,2
n1c(C)cc(NC(c2c(occ2)C)=O)n1Cc1ccc(cc1)Cl,MOSES sample,8194,329.787,23,60.06,4.04694,4,3
O=C(N(C(c1occc1)C)C)c1c(C)n(nn1)-c1ccccc1,MOSES sample,8195,310.357,23,64.16,3.00192,4,3
n1cc(NC(=O)c2c(OC)cc(Br)cc2)cn1C,MOSES sample,8196,310.151,18,56.15,2.4435,3,2
CCc1nc(CSc2nc3sccc3c(=O)n2C)cs1,MOSES sample,8197,323.468,20,47.78,3.3062,4,3
c1ccn(c1)C(CSc1cn[nH]c(n1)=O)=O,MOSES sample,8198,236.256,16,80.64,0.3989,3,2
O=C(Nc1scc(C2CC2)n1)Cc1cc2OCCOc2cc1,MOSES sample,8199,316.382,22,60.45,2.9729,4,4
O=C(N1CCOCC1)c1nn(cc1NC(C(C)C)=O)CC,MOSES sample,8200,294.355,21,76.46,0.9699,4,2
N1C(C2(CN(CC2)C(c2c(onc2)C)=O)c2c1cccc2C)=O,MOSES sample,8201,311.341,23,75.44,2.02744,1,4
c1(nnc(-c2ncccc2)o1)SCC(Nc1ccc(cc1)F)=O,MOSES sample,8202,330.344,23,80.91,3.0015,5,3
C1(C2(CC3CC1CC(C3)C2)C(C)(C)C)NC(=O)C,MOSES sample,8203,249.398,18,29.1,3.3635,1,4
Fc1cc(cc(Br)c1N)-c1sc2nncn2n1,MOSES sample,8204,314.143,17,69.1,2.3366,1,3
Brc1cnc2nc(nn2c1C)C(=O)NCC(C)O,MOSES sample,8205,314.143,18,92.41,0.30582,3,2
O=C(CNC(C)=O)NC1CCN(CC1)C(c1cocc1)=O,MOSES sample,8206,293.323,21,91.65,0.1365,4,2
C1N(Cc2ccncc2)CCN(C(C)C(NC(CC)C(C)C)=O)C1,MOSES sample,8207,332.492,24,48.47,2.1385,7,2
C1(CC(OC(C)C1)C)N(C(=O)NCc1nccs1)C,MOSES sample,8208,283.397,19,54.46,2.2405,3,2
c1(CSc2c(cccn2)C#N)nnc(o1)C1CC1,MOSES sample,8209,258.306,18,75.6,2.50598,4,3
O=C(c1ccc(cc1)C)OCc1cc(=O)n(C)c(n1C)=O,MOSES sample,8210,288.303,21,70.3,0.74942,3,2
COc1ccc(Nc2ncnc3[nH]ncc23)cc1OC,MOSES sample,8211,271.28,20,84.95,2.1137,4,3
C1(C(C)(C(C)(CC1)C(NCc1ccnc(OC2CCC2)c1)=O)C)C,MOSES sample,8212,330.472,24,51.22,4.0915,5,3
n1c(c(C(=O)N(Cc2n(C)ncc2)C)c([nH]c1c(c1CCCC1)C)=O)C,MOSES sample,8213,,,,,,
C(Cc1c(C)noc1C)CNS(Cc1cc(ccc1)C#N)(=O)=O,MOSES sample,8214,333.413,23,95.99,2.21532,7,2
c1c(C)c(c(-n2cccc2)c(c1)C(=O)NC1CCCc2occc21)C,MOSES sample,8215,334.419,25,47.17,4.49454,3,4
C(CC)C(=O)OCCN1CCN(CC1)C(=O)c1sccc1,MOSES sample,8216,310.419,21,49.85,1.8492,6,2
c1c(ccc(c1)C(CNS(CCC)(=O)=O)O)F,MOSES sample,8217,261.318,17,66.4,1.1885,6,1
c1ccsc1-c1n2c(c3c(nc2)c2c(nc3)[nH]nc2O)nc1,MOSES sample,8218,308.326,22,91.99,2.5879,1,5
c1(NC(=O)N2CCC(N3C(CCC3)=O)CC2)sc2ccccc2n1,MOSES sample,8219,344.44,24,65.54,2.915,2,4
N(CCOCC)C(Cn1c(=O)ccc(Br)c1)=O,MOSES sample,8220,303.156,17,60.33,0.7635,6,1
Cc1ccc(C(C)NC(=O)c2cnc3ccccn3c2=O)cc1F,MOSES sample,8221,325.343,24,63.47,2.63302,3,3
n1(nnnc1)-c1cccc(C(=O)NCc2ccccn2)c1,MOSES sample,8222,280.291,21,85.59,0.9873,4,3
n12ncnc2nc(-c2ccccc2Cl)c2CNCCc12,MOSES sample,8223,285.738,20,55.11,2.0904,1,4
CCOC(=O)c1cc(-c2ccc3c(c2)CC(C)O3)nn1CCO,MOSES sample,8224,316.357,23,73.58,2.0425,5,3
n12c(c(C)ccc2)nnc1Cc1ccc(cc1)OC,MOSES sample,8225,253.305,19,39.42,2.63712,3,3
O=C1COc2ccc(C(=O)NCc3cccnc3)cc2N1,MOSES sample,8226,283.287,21,80.32,1.3425,3,3
C(C(=O)N1CCN(CC1)CC(=O)NC(C)CC)C1C=CCC1,MOSES sample,8227,307.438,22,52.65,1.4016,6,2
Cc1ccc(CC(=O)N2CCN(c3ccc(F)cc3)CC2)cn1,MOSES sample,8228,313.376,23,36.44,2.42042,3,3
COc1ccc(cc1)-c1c(N)onc1-c1cc(ccc1)F,MOSES sample,8229,284.29,21,61.28,3.7385,3,3
Clc1cc(ccc1C(NCc1ccoc1)=O)Cl,MOSES sample,8230,270.115,17,42.24,3.5164,3,2
Cn1c(SCc2ccc(C(N)=O)cc2N)n[nH]c1=O,MOSES sample,8231,279.325,19,119.79,0.0818,4,2
C(CSc1ccccc1)(=O)Nc1nn(C)c2c1COC2=O,MOSES sample,8232,303.343,21,73.22,1.8213,4,3
O=C(CCSc1ccc2nnnn2n1)Nc1ccccn1,MOSES sample,8233,301.335,21,97.96,1.0352,5,3
COc1ccc(NC(=O)C(C)Sc2nncs2)c(OC)c1,MOSES sample,8234,325.415,21,73.34,2.6746,6,2
C(NCC(OCc1ccccc1)=O)(C1CCCC1)=O,MOSES sample,8235,261.321,19,55.4,2.0362,5,2
C(F)(F)(CCN(C(=O)c1c(cc(cc1)Cl)F)CCC#N)F,MOSES sample,8236,322.689,21,44.1,3.78738,5,1
Cc1nsc(n1)N1CCN(Cc2nc(nc(n2)N)N)CC1,MOSES sample,8237,307.387,21,122.97,-0.48188,3,3
c1c(ccc(F)c1C(=O)NCCC)S(=O)(NC(C)C)=O,MOSES sample,8238,302.371,20,75.27,1.6522,6,1
OC(c1ccccc1F)CNC(c1c(ccs1)CC)=O,MOSES sample,8239,293.363,20,49.33,2.913,5,2
c1(C(N2CCCCCC2)=O)c(C)nn(c1C)-c1ccc(Cl)cc1,MOSES sample,8240,331.847,23,38.13,4.15874,2,3
s1cc(nc1-c1ncccn1)CC(=O)Nc1ccc(cc1)F,MOSES sample,8241,314.345,22,67.77,2.9204,4,3
CC(=O)Nc1ccc(S(=O)(=O)NC(c2ccccc2)C2CC2)cc1,MOSES sample,8242,344.436,24,75.27,3.0746,6,3
c1cc2c(cc(c(C)c2N)C)n(c1=O)CC(=O)N1CCCC1,MOSES sample,8243,299.374,22,68.33,1.82294,2,3
COC(=O)CC1CCCCN1C(=O)C1CC1(Cl)Cl,MOSES sample,8244,294.178,18,46.61,2.1244,3,2
O=C1c2c(Cl)cccc2NC(c2ccc(cc2)SC)N1,MOSES sample,8245,304.802,20,41.13,3.916,2,3
c1ccc(CCNC(CNC(=O)c2n(nc(c2)C)C)=O)cn1,MOSES sample,8246,301.35,22,88.91,0.21222,6,2
CCn1cc(Cl)c(C(=O)N2CCC(O)(c3ccccc3)C2)n1,MOSES sample,8247,319.792,22,58.36,2.2901,3,3
c1c(C)c(NC(=O)c2n(cc(c2)Br)C2CC2)c(C)cc1,MOSES sample,8248,333.229,20,34.03,4.45464,3,3
c12c(cc(cc2)F)c(CC(=O)N2CCCCC2CC(N)=O)c[nH]1,MOSES sample,8249,317.364,23,79.19,2.106,4,3
C(N(CCO)C(c1ccccc1Br)=O)CC,MOSES sample,8250,286.169,16,40.54,2.2936,5,1
CN(Cc1csc(c1)C#CCO)C(c1ccoc1)=O,MOSES sample,8251,275.329,19,53.68,1.9571,3,2
c1(ccc(cc1)CNC(=O)CN1c2c(CCCC1=O)cccc2)OC,MOSES sample,8252,338.407,25,58.64,2.6809,5,3
N(CC)(CC)C(=O)c1ccccc1NCc1nnc(C2CCC2)o1,MOSES sample,8253,328.416,24,71.26,3.4312,7,3
n1csc(c1C1CC1)C(N(CC)Cc1cc(ccc1)F)=O,MOSES sample,8254,304.39,21,33.2,3.8219,5,3
C1(C)CC2C(CO)OC(n3cnc(c(N)n3)=O)C12,MOSES sample,8255,252.274,18,103.26,-0.6176,2,3
O=C(N(CC)Cc1sccc1)CNc1ccccc1OC,MOSES sample,8256,304.415,21,41.57,3.2173,7,2
CCN(CC)S(=O)(=O)NCc1cc(C(=O)N(C)C)ccc1,MOSES sample,8257,313.423,21,69.72,1.0646,7,1
c1cc(cc2c1CCCC2)C(=O)NC(C#N)c1ccccc1,MOSES sample,8258,290.366,22,52.89,3.56008,3,3
CCOC(=O)c1sc2ncn(Cc3ccncc3)c(=O)c2c1C,MOSES sample,8259,329.381,23,74.08,2.38642,4,3
O=C(NCc1ccsc1)c1ccc(C(F)(F)F)cc1,MOSES sample,8260,285.29,19,29.1,3.6969,3,2
c1cc(ccc1C(=O)n1nc(c(c1C)CC(C)C)C)F,MOSES sample,8261,274.339,20,34.89,3.52604,3,2
n1cc(NCc2scnc2)cn1CC(NC)=O,MOSES sample,8262,251.315,17,71.84,0.6977,5,2
Cc1ccn2cc(C(=O)NCc3nc(-c4cccs4)n[nH]3)nc2c1,MOSES sample,8263,338.396,24,87.97,2.41932,4,4
N#CCc1nc2cc(Br)ccc2n1C1CCCC1,MOSES sample,8264,304.191,18,41.61,3.97998,2,3
c1(C(OC)=O)c(O)c(CCc2cc(OC)c(OC)cc2)ccc1,MOSES sample,8265,316.353,23,64.99,2.9812,6,2
Clc1c(c(Cl)ccc1)OC(Cc1c(C)nn(C)c1C)=O,MOSES sample,8266,313.184,20,44.12,3.49184,3,2
C1CCc2c1c(NC(=O)c1ccccc1)n(-c1ccc(cc1)F)n2,MOSES sample,8267,321.355,24,46.92,3.7524,3,4
C1CCc2cccc(OC)c12CC(=O)Nc1cc2c(cc1)[nH]c([nH]2)=O,MOSES sample,8268,,,,,,
C(CO)CCn1cc(c(n1)-c1cccc(c1)C)CN1CCOC(C1)C,MOSES sample,8269,343.471,25,50.52,2.85172,7,3
C1C(C(N(CCOC)C)=O)(CC1)c1ccc(cc1)Cl,MOSES sample,8270,281.783,19,29.54,2.8665,5,2
c1(N)cc2c(nc(C(=O)Nc3ccc(C)cn3)o2)cc1,MOSES sample,8271,268.276,20,94.04,2.36572,2,3
COCC(O)CN1CCN(C(=O)c2cnc3ccc(C)cn23)CC1,MOSES sample,8272,332.404,24,70.31,0.40782,5,3
Cc1nn(c(cc1)=O)CC(=O)NCCCn1cnc2c1cccc2,MOSES sample,8273,325.372,24,81.81,1.10792,6,3
c1c(n(-c2ccc(OC)cc2)c(=O)c2c(cc(c(c12)OC)OC)=O)C,MOSES sample,8274,,,,,,
Cc1cc2c(N3CCCC3)ncc(Br)c2o1,MOSES sample,8275,281.153,16,29.27,3.49892,1,3
C1C(CC(Nc2cc(c(OC)cc2)OCC)=O)CCC=1,MOSES sample,8276,275.348,20,47.56,3.3887,6,2
Cc1noc(C)c1CCC(=O)Nc1ccc2[nH]nc(C(N)=O)c2c1,MOSES sample,8277,327.344,24,126.9,1.83794,5,3
c12cc(nn2cccc1)CNS(c1c(F)cccc1)(=O)=O,MOSES sample,8278,305.334,21,63.47,1.9519,4,3
c1cc(cc2CCC(=O)Nc12)NC(Nc1c(cccc1)OCC)=O,MOSES sample,8279,325.368,24,79.46,3.614,4,3
c1cc(ccc1)Oc1cc(CNC(c2n[nH]c(=O)[nH]2)=O)ccn1,MOSES sample,8280,311.301,23,112.76,1.2153,5,3
c1ccccc1Oc1ccc(C(O)C(=O)NC)cc1,MOSES sample,8281,257.289,19,58.56,2.2583,4,2
Cc1ccsc1-c1nc(CSc2nnnn2C)cs1,MOSES sample,8282,309.445,19,56.49,2.99582,4,3
NC(c1ccccc1)c1nc(-c2ccc(F)c(F)c2F)cs1,MOSES sample,8283,320.339,22,38.91,4.2755,3,3
c1(c2c(noc2nc(c1)C)C)C(NC1(CCCC1)C(=O)OCC)=O,MOSES sample,8284,331.372,24,94.32,2.44534,4,3
C(Nc1ccc(C(F)(F)F)cc1)(=O)c1c(Cl)ccc(N)c1,MOSES sample,8285,314.694,21,55.12,4.1933,2,2
C1(C(NC)=O)CCN(CC1)C(=O)NC(c1cc(C)oc1C)C,MOSES sample,8286,307.394,22,74.58,2.12504,3,2
COCCOC(=O)C1=C(C)NC(=O)NC1c1ccc(F)cc1F,MOSES sample,8287,326.299,23,76.66,1.7823,5,2
c1(C)c(c(C)[nH]n1)CCOC(=O)c1ccc(COC)cc1,MOSES sample,8288,288.347,21,64.21,2.57244,6,2
C(Nc1cc(C(C)=O)ccc1)(c1c(N)nccn1)=O,MOSES sample,8289,256.265,19,97.97,1.5137,3,2
O(CCOc1ncc(cc1)C(=O)Nc1c(O)cccc1)C,MOSES sample,8290,288.303,21,80.68,2.0647,6,2
O=C(NCCCc1ccc(O)cc1)NCc1ccc2c(c1)OCO2,MOSES sample,8291,328.368,24,79.82,2.5529,6,3
c1ccccc1-n1nnnc1SCC(c1ccc(cc1OC)OC)=O,MOSES sample,8292,356.407,25,79.13,2.6545,7,3
N1(C(CN2CCOC3CCCCC23)=O)CCCCC1,MOSES sample,8293,266.385,19,32.78,1.6423,2,3
O=S(c1cc(C(Nc2ccccc2)=O)ccc1F)(=O)N(CC)CC,MOSES sample,8294,350.415,24,66.48,3.1085,6,2
[nH]1cccc1CN1CCN(C(=O)C2CCCC2)CC1,MOSES sample,8295,261.369,19,39.34,1.8491,3,3
o1nc(CN(C)Cc2nc(C)cs2)nc1-c1cocc1,MOSES sample,8296,290.348,20,68.19,2.72652,5,3
CC(C)(NC(CN(C)c1ncnc2[nH]ncc12)=O)C,MOSES sample,8297,262.317,19,86.8,0.7038,3,2
OC(CCC(=O)NCc1ccc(cc1)OC)c1cccs1,MOSES sample,8298,305.399,21,58.56,2.8867,7,2
COC(=O)CN(C(=O)C1CC1c1ccc(F)cc1)C(C)C,MOSES sample,8299,293.338,21,46.61,2.3392,5,2
N(C)C(=O)NCC(NC(c1cc(F)c(C)cc1)C)=O,MOSES sample,8300,267.304,19,70.23,1.24032,4,1
c1ccccc1COC(C)C(Nc1nnc(s1)C1CC1)=O,MOSES sample,8301,303.387,21,64.11,2.9593,6,3
O(c1ccccc1NC(C1CC(=O)NC21CCCCC2)=O)C,MOSES sample,8302,302.374,22,67.43,2.4727,3,3
O=C(Cc1noc2ccccc12)N1CCCC(n2cncn2)C1,MOSES sample,8303,311.345,23,77.05,1.8255,3,4
C(C)Oc1cccc(CN2CCN(CC2)c2sccc2)c1,MOSES sample,8304,302.443,21,15.71,3.469,5,3
c1(ccncc1)-n1ncc(c1C)C(=O)Nc1cccc(c1C)COC,MOSES sample,8305,336.395,25,69.04,3.28284,5,3
C1COc2ccc(C(O)CCNc3cc(C#N)ccc3)cc2O1,MOSES sample,8306,310.353,23,74.51,2.86508,5,3
s1ccc(c1C(=O)N(CC(=O)N)C)Br,MOSES sample,8307,277.143,14,63.4,1.0679,3,1
c1c(-c2ccc(c(=O)n2CCCOC)N)cc(C)cc1,MOSES sample,8308,272.348,20,57.25,2.44242,5,2
c12n(c(nc2cccc1)C)CC(Nc1ccccc1O)=O,MOSES sample,8309,281.315,21,67.15,2.68902,3,3
C(Cc1ccc(cc1F)F)(Nc1ccc(cc1)OCCC(=O)N)=O,MOSES sample,8310,334.322,24,81.42,2.4002,7,2
c1(ccc(C(=O)NCCCC(N)=O)cc1C)NCC,MOSES sample,8311,263.341,19,84.22,1.42212,7,1
c1nn(C)cc1CNc1cc(c(cc1)Cl)C(F)(F)F,MOSES sample,8312,289.688,19,29.85,3.7044,3,2
c1(CNC(=O)N2CC(CCC2)COC)ccnn1C,MOSES sample,8313,266.345,19,59.39,0.9881,4,2
Cn1ccc(C(=O)OC2CCCC2n2cccn2)cc1=O,MOSES sample,8314,287.319,21,66.12,1.5324,3,3
NC(=O)CCN(C(=O)c1ccc(C(N)=O)cc1)c1ccccc1,MOSES sample,8315,311.341,23,106.49,1.3077,6,2
N#Cc1c(F)cccc1Oc1ccc2c(c1)OCO2,MOSES sample,8316,257.22,19,51.48,3.21838,2,3
c1c(c(C)cc(c1)C)NC(NCC(NC1CC1)=O)=O,MOSES sample,8317,261.325,19,70.23,1.70354,4,2
CCOC(c1scc(-c2oc(SCC)nn2)n1)C,MOSES sample,8318,285.394,18,61.04,3.4026,6,2
CC(C)(C)c1cc(=O)n2c(n1)SCC(C(=O)NCc1ccco1)C2,MOSES sample,8319,347.44,24,77.13,2.1721,3,3
O=C(NC(c1c(Br)cccc1)C)COCCOC,MOSES sample,8320,316.195,18,47.56,2.2893,7,1
COc1ccc(-c2nc(Cc3ccc(OC)c(OC)c3)no2)cc1,MOSES sample,8321,326.352,24,66.61,3.3532,6,3
n1(C)cc(CCCNC(=O)NC(c2ccncc2)CC)cn1,MOSES sample,8322,301.394,22,71.84,2.1982,7,2
NS(c1cn(C)c(c1)C(Nc1cc(ccc1F)C(=O)N)=O)(=O)=O,MOSES sample,8323,340.336,23,137.28,0.1628,4,2
O=C(CC#N)COc1ccc(C(C)C)cc1Br,MOSES sample,8324,296.164,17,50.09,3.43408,5,1
c1(NS(c2ccc(cc2)OCC)(=O)=O)ncccn1,MOSES sample,8325,279.321,19,81.18,1.6761,5,2
c1(cc2CC(Nc2cc1)=O)-c1cc(C(OC(C)C)=O)n(CCO)n1,MOSES sample,8326,329.356,24,93.45,1.6022,5,3
CCOc1cc(C(O)CCN2CC(C)OC(C)C2)ccc1OC,MOSES sample,8327,323.433,23,51.16,2.6266,7,2
COc1ccc(c2C(NCCc21)c1cccc(F)c1C)OC,MOSES sample,8328,301.361,22,30.49,3.38642,3,3
O=c1c(-c2cc(N)ccc2)c(oc2ccc(cc12)CC)C,MOSES sample,8329,279.339,21,56.23,3.91302,2,3
O=c1[nH]c(C(NC(c2c(cccc2)-n2nccc2)C)=O)nc2ccccc12,MOSES sample,8330,359.389,27,92.67,2.5998,4,4
Cc1ccc(CNC(=O)c2cnn(-c3ccncc3)c2C)s1,MOSES sample,8331,312.398,22,59.81,2.87564,4,3
c1(-c2ccccc2)nc(on1)C1Oc2c(cccc2)N(C(C)=O)C1,MOSES sample,8332,321.336,24,68.46,3.2232,2,4
Cn1c(ncn1)NC(=O)COc1c(cccc1)C(F)(F)F,MOSES sample,8333,300.24,21,69.04,1.8514,4,2
C1CC(C#N)(NC(=O)CNC(=O)c2c(cccc2)C)CCC1C,MOSES sample,8334,313.401,23,81.99,2.3135,4,2
C1CC(NC(CNC(c2cc(ccc2)Cl)=O)=O)(C(N)=O)CCC1,MOSES sample,8335,337.807,23,101.29,1.3742,5,2
CCOCCCn1ccnc1-c1cncc(Br)c1,MOSES sample,8336,310.195,18,39.94,3.1342,6,2
O=C(c1ccncc1)N1CCc2ncnc(NC(C)C)c2CC1,MOSES sample,8337,311.389,23,71.01,1.9329,3,3
c1(F)c(c(F)ccc1)-c1n[nH]cc1C(N1CCN(CC#C)CC1)=O,MOSES sample,8338,330.338,24,52.23,1.7459,3,3
c1(C2Nc3ccccc3C(N2)=O)ccc(OCC)c(OCC)c1,MOSES sample,8339,312.369,23,59.59,3.3381,5,3
c1c(-n2nnc(c2-c2ccncc2)C(=O)C)cccc1OC,MOSES sample,8340,294.314,22,69.9,2.5405,4,3
C1C(COc2ccccc21)NC(c1ccc2N(C(=O)C)CCc2c1)=O,MOSES sample,8341,336.391,25,58.64,2.3291,2,4
c1ccc(c(C)c1C)NC(=O)CSc1nnc(o1)-c1cccs1,MOSES sample,8342,345.449,23,68.02,4.14574,5,3
C=CCOc1ccc(C(=O)NCc2cccnc2)cc1N,MOSES sample,8343,283.331,21,77.24,2.1586,6,2
CCCC1C(NC(=O)c2c3cc(OC)ccc3nc(C3CC3)c2)C1,MOSES sample,8344,324.424,24,51.22,4.0392,6,4
c1ccc2c(c1)CCN2CC(=O)Nc1ccc(C#N)cc1,MOSES sample,8345,277.327,21,56.13,2.55948,3,3
c1(cnc(F)cc1)C(Nc1ccc(Cl)c(Br)c1)=O,MOSES sample,8346,329.556,18,41.99,3.8889,2,2
C(N)(=O)Nc1ccc(C(=O)OCC(=O)c2ccc(F)cc2)cc1,MOSES sample,8347,316.288,23,98.49,2.356,5,2
N1(C(=O)c2ccoc2)CCC(c2ccsc21)C(=O)OC,MOSES sample,8348,291.328,20,59.75,2.6482,2,3
c1cc(C)cc2CCCN(c12)C(COCc1nc(no1)C)=O,MOSES sample,8349,301.346,22,68.46,2.18244,4,3
N(Cc1nc(sc1)-c1ccc(cc1)Cl)C(C1CCNC(=O)C1)=O,MOSES sample,8350,349.843,23,71.09,2.6059,4,3
c1(cccc(c1)C(NC(c1ccc(OC)cc1)CC)=O)F,MOSES sample,8351,287.334,21,38.33,3.7154,5,2
O=C(Nc1cc(C)ccc1C)Cn1c(n(nn1)-c1cccs1)=O,MOSES sample,8352,329.385,23,81.81,1.74604,4,3
COCCNC(=O)Nc1ccccc1Cc1nc(-c2ccco2)no1,MOSES sample,8353,342.355,25,102.42,2.6883,7,3
c1cc(c2c(=O)c(c[nH]c2c1Cl)C(=O)N1CCN(CC1)CCO)C,MOSES sample,8354,349.818,24,76.64,1.24002,3,3
Cc1cc(C(=O)Nc2ccc3c(c2)OCCCO3)on1,MOSES sample,8355,274.276,20,73.59,2.39662,2,3
C(CN1CCCC1=O)(CNS(=O)(=O)N1CCCCCC1)C,MOSES sample,8356,317.455,21,69.72,0.9553,6,2
C1C(C1)c1c(cnn1C(C)CC)C(=O)N1CCC(OCC)CC1,MOSES sample,8357,319.449,23,47.36,3.3726,6,3
c1cc(cc(S(=O)(=O)C)c1)C(N(C)CC(OC)=O)=O,MOSES sample,8358,285.321,19,80.75,0.3351,4,1
NC(=O)c1c[nH]c(C(=O)Nc2nc(Cc3ccccc3)cs2)c1,MOSES sample,8359,326.381,23,100.87,2.4132,5,3
Cc1nnnn1-c1cccc(C(=O)NC2CC2c2cccc(Cl)c2)c1,MOSES sample,8360,353.813,25,72.7,2.91002,4,4
CN(Cc1cccc(C#N)c1)C(=O)c1ccc(F)cc1,MOSES sample,8361,268.291,20,44.1,2.96958,3,2
c1cn2c(nc(C(=O)Nc3c(ccc(C(NC)=O)c3)Cl)c2)nc1,MOSES sample,8362,329.747,23,88.39,1.9946,3,3
c1(CNc2sc(SCc3cc(ccc3)C#N)nn2)cnccc1,MOSES sample,8363,339.449,23,74.49,3.70918,6,3
Fc1ccc(cc1C(NCCC(O)(C)C(F)(F)F)=O)C,MOSES sample,8364,293.26,20,49.33,2.56732,4,1
O=C(N)COc1c(cccc1)C(=O)Nc1cc(C)n[nH]1,MOSES sample,8365,274.28,20,110.1,0.83452,5,2
CCNC(Nc1cccc(C(=O)N2C(CCC2)(C)C)c1)=O,MOSES sample,8366,289.379,21,61.44,2.8426,3,2
c1(ccc(cc1)C(=O)N(Cc1c(OC)cccc1)C1CC1)F,MOSES sample,8367,299.345,22,29.54,3.6391,5,3
c12ccccc1OC(C(NC1CCN(S(=O)(C)=O)CC1)=O)CO2,MOSES sample,8368,340.401,23,84.94,0.3666,3,3
O=C(NCC1Cc2ccccc2O1)c1cccc(-n2cccn2)n1,MOSES sample,8369,320.352,24,69.04,2.0008,4,4
CN1CCN(C(=O)C2CC2)C(C(=O)N2CCNCC2)C1,MOSES sample,8370,280.372,20,55.89,-1.0292,2,3
Nc1ccc(OCC(=O)c2ccc3c(c2)OCO3)c(Cl)c1,MOSES sample,8371,305.717,21,70.78,2.9126,4,3
O=C(NCc1ccc(F)cc1)NCC1(O)CCOCC1,MOSES sample,8372,282.315,20,70.59,1.1664,4,2
CCNC(=O)CNC(=O)C(C)(C)c1cccc(Cl)c1,MOSES sample,8373,282.771,19,58.2,1.8699,5,1
O=C(c1ccc(F)cc1F)N1CCCC1C(=O)N1CCOCC1,MOSES sample,8374,324.327,23,49.85,1.4282,2,3
OCCCSc1nnc(C2CCCO2)n1C1CC1,MOSES sample,8375,269.37,18,60.17,1.939,6,3
N(C(CC)C)c1nc(nc2ccccc12)-c1ccncc1,MOSES sample,8376,278.359,21,50.7,3.9022,4,3
C12CCC(CC1NC(=O)CNC(=O)CC)C2C(=O)C,MOSES sample,8377,266.341,19,75.27,0.6325,5,2
C(n1nc(ccc1=O)-c1onc(C2CCOC2)n1)c1ccccc1,MOSES sample,8378,324.34,24,83.04,1.8455,4,4
C1(CCC1)CNS(=O)(c1c(Cl)cc2NC(=O)COc2c1)=O,MOSES sample,8379,330.793,21,84.5,1.7493,4,3
N1(CCCC1)C(=O)CSc1nnc(n1-c1ccccc1)-c1ccc[nH]1,MOSES sample,8380,353.451,25,66.81,2.9769,5,4
c1cc(NCc2c(nn(-c3ccccc3)c2)-c2ccncc2)cn(C)c1=O,MOSES sample,8381,357.417,27,64.74,3.2451,5,4
CCN(CC(C)C#N)C(=O)Nc1cccc(C(=O)OC)c1,MOSES sample,8382,289.335,21,82.43,2.48668,5,1
CC(C)COC(Nc1cccc(c1)C(=O)OC)=O,MOSES sample,8383,251.282,18,64.63,2.6777,4,1
Cc1ccc(-c2nc(CNc3cccc(C#N)c3)cs2)o1,MOSES sample,8384,295.367,21,61.85,4.1953,4,3
N(CC)(C(CN(C(=O)c1ccc(OC)c(c1)F)CC)=O)CC,MOSES sample,8385,310.369,22,49.85,2.1648,7,1
COc1ccc(C(=O)Nc2ccc(N3CCOCC3)nc2)cc1OC,MOSES sample,8386,343.383,25,72.92,2.1877,5,3
O=C(CCCOc1c(cccc1)Cl)NC1CCCCNC1=O,MOSES sample,8387,324.808,22,67.43,2.2839,6,2
COc1ccc(-c2nc(N)c(C(=O)Nc3cccnc3)cn2)cc1,MOSES sample,8388,321.34,24,103.02,2.3817,4,3
FC(F)(c1nn(cc1)CC(=O)N1CCc2c(C1)ccc(F)c2)F,MOSES sample,8389,327.281,23,38.13,2.6259,2,3
Cc1ccc(-c2cnc(CN3CCOC(C)(C(N)=O)C3)o2)cc1,MOSES sample,8390,315.373,23,81.59,1.72622,4,3
O=S(=O)(NCCCOC1CCCC1)c1ccccc1F,MOSES sample,8391,301.383,20,55.4,2.4533,7,2
Fc1ccc(F)c(CCC(Nc2cc(nn2C)C)=O)c1,MOSES sample,8392,279.29,20,46.92,2.57802,4,2
c1cnc(N2CCN(Cc3cn(C)c4ccccc34)CC2)cn1,MOSES sample,8393,307.401,23,37.19,2.2905,3,4
c1cc(c(NC(=O)c2cc3c(OCCCO3)cc2)cc1NC(C)=O)C,MOSES sample,8394,340.379,25,76.66,3.36702,3,3
Cc1cnn(CCC(=O)N2CCN(c3ccc(C(N)=O)cc3)CC2)c1,MOSES sample,8395,341.415,25,84.46,1.02932,5,3
c1c(NCc2ccc3OCCOc3c2)cccc1NC(=O)C,MOSES sample,8396,298.342,22,59.59,3.0283,4,3
c1(F)cccc(NCc2c(OC)c(OC)c(OC)cc2)c1,MOSES sample,8397,291.322,21,39.72,3.4636,6,2
O=c1ccc(-c2cccc(-c3cc[nH]n3)c2)nn1CC1CC1,MOSES sample,8398,292.342,22,63.57,2.7104,4,4
C1(CCCN(C1CO)C(Nc1ccc(C(C)C)cc1)=O)C,MOSES sample,8399,290.407,21,52.57,3.4347,3,2
C(=O)(NCC(Nc1c(OC)cc(c(Cl)c1)OC)=O)NC,MOSES sample,8400,301.73,20,88.69,1.2247,5,1
Cc1ccc(O)c(NC(=O)c2ccc3c(c2)NC(=O)CS3)c1,MOSES sample,8401,314.366,22,78.43,2.99712,2,3
C(CC(=O)Nc1cccc(c1)-n1nnnc1C)COc1ccccc1,MOSES sample,8402,337.383,25,81.93,2.76842,7,3
C1Cc2c(ccc(Oc3ccc(F)cc3N)c2)NC1=O,MOSES sample,8403,272.279,20,64.35,3.0849,2,3
O(CCCNC(NC1CCCn2c1nc(n2)CC)=O)CC,MOSES sample,8404,295.387,21,81.07,1.4012,7,2
O=C(c1cc(ccc1)-c1cc(ccc1)C)NCC(Nc1ccncc1)=O,MOSES sample,8405,345.402,26,71.09,3.42552,5,3
C(NCc1c([nH]c(C)cc1C)=O)(=O)Nc1cc2CCCc2cc1,MOSES sample,8406,311.385,23,73.99,2.80214,3,3
Fc1ccc(cc1)NC(NCCC(NC1CCCCC1)=O)=O,MOSES sample,8407,307.369,22,70.23,2.7862,5,2
C1CCN(C(CNC(=O)NC)=O)C(c2ccc(cc2)C(F)(F)F)C1,MOSES sample,8408,343.349,24,61.44,2.688,3,2
c1ccccc1S(=O)(=O)Cc1nc(on1)-c1ccccc1,MOSES sample,8409,300.339,21,73.06,2.7105,4,3
CN(c1cccc(C(=O)NCCC(O)C(C)(C)C)c1)C,MOSES sample,8410,278.396,20,52.57,2.2795,5,1
c1nccc(c1)CNC(=O)CCc1ncc(o1)-c1c(cccc1)Cl,MOSES sample,8411,341.798,24,68.02,3.639,6,3
C(=O)(Nc1cc(C#N)c(F)cc1)Cn1nc(c(Cl)c1C)C,MOSES sample,8412,306.728,21,70.71,2.80282,3,2
CCOc1ccccc1C1CC(O)=Nc2c1cnn2C(C)C,MOSES sample,8413,299.374,22,59.64,3.9863,4,3
c1cc(ccc1NC(CSc1n(C(C)CC)c(=O)[nH]n1)=O)OC,MOSES sample,8414,336.417,23,89.01,2.2818,7,2
c12c(-c3ccccc3)nn(c(=O)c2cccc1)CC#N,MOSES sample,8415,261.284,20,58.68,2.58708,2,3
N1(S(c2ccc(cc2)CC)(=O)=O)CCC(CC1)=O,MOSES sample,8416,267.35,18,54.45,1.6026,3,2
c1(C(=O)OC)n(c(c(c1-c1c(OC)cccc1)C(C)=O)C)C,MOSES sample,8417,301.342,22,57.53,2.99832,4,2
c1cc2c(cc1)n(c(=O)cn2)CC(=O)Nc1cnn(n1)C,MOSES sample,8418,284.279,21,94.7,0.1637,3,3
c1ccc(cc1C#C)N(CC(NC)=O)C(=O)Cc1cc(ccc1)F,MOSES sample,8419,324.355,24,49.41,2.1287,5,2
c1c(ccc(c1)Oc1ccccc1)-c1nc(ncc1)N,MOSES sample,8420,263.3,20,61.03,3.5181,3,3
Cc1c(C(=O)C)cnn1-c1ccc(cc1)Br,MOSES sample,8421,279.137,16,34.89,3.14582,2,2
c1(c2c(ccc1N)ccnc2C(N1CCCC1)=O)OC,MOSES sample,8422,271.32,20,68.45,2.0616,2,3
c1(C)oc(CNC(c2ccc(cc2)NC(c2ccncc2)=O)=O)nc1C,MOSES sample,8423,350.378,26,97.12,2.86874,5,3
c1(cc(ccc1)N1CCN(CC1)Cc1noc(n1)COC)Cl,MOSES sample,8424,322.796,22,54.63,2.1916,5,3
c1(ccc2c(cc(-c3ccc(cc3)N)o2)c1)OCCO,MOSES sample,8425,269.3,20,68.62,3.0531,4,3
c1nnc(NC(c2cccc(c2)COc2ccccc2)=O)s1,MOSES sample,8426,311.366,22,64.11,3.3694,5,3
c1(-c2c(ccc(c2)C(=O)NCCOC)O)sccc1,MOSES sample,8427,277.345,19,58.56,2.4969,5,2
N(Cc1ccccc1)c1cccc(c1)N1CCOC1=O,MOSES sample,8428,268.316,20,41.57,3.2553,4,3
CCn1c(-c2cc(OC)ccc2OC)ccc(C(C)=O)c1=O,MOSES sample,8429,301.342,22,57.53,2.755,5,2
C(=O)(c1cc(CSc2cc(ccc2)OC)ccc1)N,MOSES sample,8430,273.357,19,52.32,3.0864,5,2
c1nc(N2CCOCC2)nc(c1F)N1C(CO)CCC1,MOSES sample,8431,282.319,20,61.72,0.4134,3,3
Cc1n[nH]c(C)c1C(C)C(=O)N1CCc2cc(F)ccc2C1,MOSES sample,8432,301.365,22,48.99,2.85404,2,3
c1(ccc(cc1)OCC(N1CCN(C(OCC)=O)CC1)=O)Cl,MOSES sample,8433,326.78,22,59.08,2.0195,4,2
c1(NC(N)=O)c(C)c(NC(C)=O)ccc1Cl,MOSES sample,8434,241.678,16,84.22,2.09742,2,1
C(=O)(N(C)Cc1c(ccs1)C)Nc1c(OC)ccc(OC)c1,MOSES sample,8435,320.414,22,50.8,3.73762,5,2
O=C(N1CCC2(CCC(=O)N(C(C)C)C2)CC1)c1cc(C(C)C)[nH]n1,MOSES sample,8436,346.475,25,69.3,2.7863,3,3
N(C(C)(C)C)C(CN(C(CNc1cc(ccc1F)F)=O)CC)=O,MOSES sample,8437,327.375,23,61.44,2.1399,6,1
c1cccc(c1C(NC1CC1)=O)NCC(NC1CC1)=O,MOSES sample,8438,273.336,20,70.23,1.2693,6,3
CC(C)(CNC(=O)NCC(=O)NC1CC1)c1ccncc1,MOSES sample,8439,290.367,21,83.12,0.937,6,2
NC(=O)COc1ccccc1C(=O)NCc1cnc(C)s1,MOSES sample,8440,305.359,21,94.31,1.24562,6,2
CCN(C(=O)c1ccc(S(C)(=O)=O)c(F)c1)c1ccccc1,MOSES sample,8441,321.373,22,54.45,2.8959,4,2
C(C)(NS(=O)(=O)N1CCCSc2c1cccc2)(C)C,MOSES sample,8442,300.449,19,49.41,2.6217,2,2
O=C(CNc1ccccc1C(=O)NCCC)N1CCOCC1,MOSES sample,8443,305.378,22,70.67,1.0971,6,2
C1C(CC(N1C(C)C)=O)C(Nc1ccccc1OC(C)C)=O,MOSES sample,8444,304.39,22,58.64,2.6692,5,2
n1(cccn1)CC1CCCN1C(=O)c1cc2n(c(cc(n2)C)C)n1,MOSES sample,8445,324.388,24,68.32,1.84744,3,4
C(c1c(cccc1)OCc1ncsc1)N1CC2(OCC1)CCC2,MOSES sample,8446,330.453,23,34.59,3.477,5,4
O=C(Nc1onc(n1)C)C(c1ccccc1)c1ccccc1,MOSES sample,8447,293.326,22,68.02,3.14862,4,3
c1(OC(=O)Cc2ccc(N3C(CCC3)=O)cc2)cc(ccc1C)C,MOSES sample,8448,323.392,24,46.61,3.57834,4,3
c1nc(OC(C)C)cc(c1)CNC(=O)c1cn2cccnc2n1,MOSES sample,8449,311.345,23,81.41,1.8415,5,3
N1(C(=O)C2CC2)CCN(CC(=O)Nc2noc(C)c2)CC1,MOSES sample,8450,292.339,21,78.68,0.47572,4,3
Cc1nc(CC(=O)N(C)Cc2ccccn2)cs1,MOSES sample,8451,261.35,18,46.09,2.04762,4,2
C(c1ccc(c(c1)OC)OCC(Oc1cc(ccc1)F)=O)#N,MOSES sample,8452,301.273,22,68.55,2.69038,5,2
Cn1cc(CN2CCc3ncnc(N4CCCCC4)c3CC2)cn1,MOSES sample,8453,326.448,24,50.08,1.8012,3,4
Cc1ccc(CNC(=O)Cc2cc(-c3cccs3)on2)cc1,MOSES sample,8454,312.394,22,55.13,3.57042,5,3
Cc1cc(C(=O)NCc2cc(C(C)C)no2)c2ccccc2n1,MOSES sample,8455,309.369,23,68.02,3.58462,4,3
O=C(NCCCC)CN1c2ccc(F)cc2CCC1,MOSES sample,8456,264.344,19,32.34,2.4946,5,2
COc1ccc(NC(=O)CC(F)(F)F)c(OC)c1,MOSES sample,8457,263.215,18,47.56,2.5947,4,1
C1(CCC(CC1)O)NS(c1cc(c(cc1)F)Cl)(=O)=O,MOSES sample,8458,307.774,19,66.4,2.0609,3,2
c1c(ccc(NC(=O)Cc2cc(c(OC)c(OC)c2)N)c1)F,MOSES sample,8459,304.321,22,73.58,2.6063,5,2
C1OC(C)(Cc2c1sc1ncn3c(nc(n3)C3CCCC3)c12)C,MOSES sample,8460,328.441,23,52.31,3.8479,1,5
c1(=O)n(C)cccc1NC(c1ccc(cn1)Br)=O,MOSES sample,8461,308.135,18,63.99,1.7951,2,2
N1(c2nc(cc(n2)C)C)CCN(Cc2n[nH]cc2)CC1,MOSES sample,8462,272.356,20,60.94,1.13874,3,3
s1ccnc1S(CC(=O)Nc1c(C)cccc1CC)(=O)=O,MOSES sample,8463,324.427,21,76.13,2.42632,5,2
COc1cc(ccc1OCCC(=O)NC1CC1)C#N,MOSES sample,8464,260.293,19,71.35,1.61438,6,2
Cc1nnc(COC(=O)c2ccc(-n3cccc3)cc2)n1C,MOSES sample,8465,296.33,22,61.94,2.27122,4,3
c1cccc(C)c1Cc1nnc(CSc2nc(C)cc(n2)C)o1,MOSES sample,8466,326.425,23,64.7,3.66796,5,3
O=C(C1(NC(NCc2cc(cc(c2)C)C)=O)CCCC1)OC,MOSES sample,8467,304.39,22,67.43,2.58844,4,2
CCCn1c(SCc2ccc(F)c(F)c2)n[nH]c1=O,MOSES sample,8468,285.319,19,50.68,2.5519,5,2
C(N1CCOCC1)(COc1cc(N)ccc1OCCC)=O,MOSES sample,8469,294.351,21,74.02,1.2952,6,2
O=C(N1CCN(CC1)c1sccn1)c1ccc(c(N)c1)C,MOSES sample,8470,302.403,21,62.46,1.99612,2,3
c1(-c2cn(c([nH]2)=O)-c2ccc(F)cc2)ccc2n(c1)nc(N)n2,MOSES sample,8471,310.292,23,94,1.5966,2,4
c1cc(-n2nc(c3CNCCc23)CCOc2ccccc2)ccc1,MOSES sample,8472,319.408,24,39.08,3.1395,5,4
CCn1ncc(NC(=O)c2ccccc2Cl)c1C,MOSES sample,8473,263.728,18,46.92,3.11712,3,2
C(=O)(c1cn(C)nc1)c1cc(Cl)c(Cl)cc1O,MOSES sample,8474,271.103,17,55.12,2.6635,2,2
C=CCNS(=O)(=O)c1ccc(NC(=O)CC(C)C)cc1,MOSES sample,8475,296.392,20,75.27,2.1355,7,1
O=C(CSc1nc2ccsc2c(=O)[nH]1)Nc1ccc(F)cc1,MOSES sample,8476,335.385,22,74.85,2.8545,4,3
Cc1noc(C(C)NS(=O)(=O)c2cccc(F)c2C#N)n1,MOSES sample,8477,310.31,21,108.88,1.4283,4,2
c1cc(NC(=O)C)c(C)cc1NC(=O)c1n(cc(Cl)c1)C,MOSES sample,8478,305.765,21,63.13,3.19762,3,2
n1cnc(c(c1Nc1ccccc1)N)Nc1ccc(NC(=O)C)cc1,MOSES sample,8479,334.383,25,104.96,3.5044,5,3
N(C(C)c1sc(C)nc1C)C(=O)c1cnc(cc1)OC(C)C,MOSES sample,8480,319.43,22,64.11,3.43314,5,2
Cc1nnc(SCC(=O)NCC2CCCCC2)s1,MOSES sample,8481,285.438,18,54.88,2.63512,5,2
c12C(CC(C)(C)Cc2oc(c1C)C(NC(Cn1nccc1)C)=O)=O,MOSES sample,8482,329.4,24,77.13,2.75812,4,3
c1c(ccc(F)c1F)COc1cc(C(N(C)C)=O)ccc1,MOSES sample,8483,291.297,21,29.54,3.2456,4,2
CCCOc1ccc2c(c1)C(C(CO)c1ccccc1)NCC2,MOSES sample,8484,311.425,23,41.49,3.4383,6,3
n1n(CC)cc(c1)NS(c1c([nH]nc1)C)(=O)=O,MOSES sample,8485,255.303,17,92.67,0.73532,4,2
Cc1cccc(-n2ncc3c2ncn2c(-c4cccc(O)c4)nnc32)c1,MOSES sample,8486,342.362,26,81.13,3.14422,2,5
CC(C(=O)c1ccccc1)n1nc(C#N)cc1-c1ccco1,MOSES sample,8487,291.31,22,71.82,3.45868,4,3
c1cccc(-c2ccccc2C(=O)Nc2sc(C)nn2)c1,MOSES sample,8488,295.367,21,54.88,3.76582,3,3
Cn1cc(-c2ncc(C(=O)N3CCc4cc(F)ccc4C3)s2)cn1,MOSES sample,8489,342.399,24,51.02,2.8812,2,4
c1(cc(c(cc1)F)N)C(=O)N(C)Cc1ccccc1Cl,MOSES sample,8490,292.741,20,46.33,3.3335,3,2
c1ccc(cc1)-n1nnc(CNC(=O)C(Oc2cc(F)ccc2)C)c1,MOSES sample,8491,340.358,25,69.04,2.4901,6,3
N(C(CCc1nc(C)no1)=O)c1c(c2CCCc2s1)C#N,MOSES sample,8492,302.359,21,91.81,2.3712,4,3
Fc1c(Cl)cc(cc1)C(Nc1c(n[nH]c1C)C)C,MOSES sample,8493,267.735,18,40.71,3.99214,3,2
c1(ccc(NCc2nc3n(c2)c(cc(C)n3)C)c(C)c1)S(C)(=O)=O,MOSES sample,8494,344.44,24,76.36,2.67016,4,3
C1CC1N(c1nc(C)cc(C)n1)CC(NCc1ccccc1OC)=O,MOSES sample,8495,340.427,25,67.35,2.38724,7,3
CC1CCN(C(=O)c2n[nH]cc2Br)CC1,MOSES sample,8496,272.146,15,48.99,2.0443,1,2
Cc1occc1C(=O)NC(C)c1ccccc1Br,MOSES sample,8497,308.175,18,42.24,3.84152,3,2
c1c(nc(s1)-c1ccc(C)cc1)C(=O)OCCOC(N)=O,MOSES sample,8498,306.343,21,91.51,2.37062,5,2
Cc1cc(C)nc(Sc2ccccc2C(=O)Nc2ccccn2)n1,MOSES sample,8499,336.42,24,67.77,3.89194,4,3
CCOC(=O)C1=C(C)C(C(=O)Nc2ccc3c(c2)OCO3)=NC1C,MOSES sample,8500,330.34,24,86.22,2.0765,4,3
Cc1ccc(-c2ncc(C(=O)N3CCOCC3)c(N3CCCC3)n2)cc1,MOSES sample,8501,352.438,26,58.56,2.52462,3,4
O=C(OCc1nc(C)cs1)C(C)Oc1cccc(C)c1,MOSES sample,8502,291.372,20,48.42,3.27064,5,2
C(C)(CCNC(=O)C1CC(=O)N(C1)c1ccc(c(Cl)c1)F)C,MOSES sample,8503,326.799,22,49.41,2.9943,5,2
c1(C)c(cco1)-c1nnc(SC(C#N)C)n1CCC(C)C,MOSES sample,8504,304.419,21,67.64,3.8968,6,2
CCNc1ncc(C(=O)NC(C)C2COc3c(cccc3C2)OC)cc1,MOSES sample,8505,355.438,26,72.48,2.8916,6,3
Nc1ccc2nc(NC(=O)c3ccccn3)sc2c1,MOSES sample,8506,270.317,19,80.9,2.5258,2,3
O=C(Nc1ccc(Cl)cc1Cl)N1CCOCC1,MOSES sample,8507,275.135,17,41.57,2.8575,1,2
COCc1c(C(=O)Nc2ccc(C(C)=O)c(C)c2)noc1C,MOSES sample,8508,302.33,22,81.43,2.89274,5,2
c1ccc(cc1)N1CCC(N2Cc3ccoc3CC2)C1=O,MOSES sample,8509,282.343,21,36.69,2.4432,2,4
CCn1cc(NC(=O)C(NC(N)=O)C(C)C)cn1,MOSES sample,8510,253.306,18,102.04,0.5344,5,1
CN(C)C(=O)CCNC(=O)CCC(=O)c1ccc(F)cc1F,MOSES sample,8511,312.316,22,66.48,1.5222,7,1
C(c1ccc(Cl)cc1)C1CCN(CC1)C(=O)NCCOC,MOSES sample,8512,310.825,21,41.57,2.9505,5,2
N(C)(CCCc1cnn(c1)C)C(=O)NCC1CC1C,MOSES sample,8513,264.373,19,50.16,1.6501,6,2
CN(C)c1cccc(C(=O)N2CCCCC2CCO)c1,MOSES sample,8514,276.38,20,43.78,2.1297,4,2
s1cccc1-c1nc(CNC(=O)NCc2ccccc2F)on1,MOSES sample,8515,332.36,23,80.05,2.9366,5,3
C(C)(CNC(c1cc(C)sc1)=O)N(C(=O)OC(C)(C)C)C,MOSES sample,8516,312.435,21,58.64,3.04172,4,1
N(CCc1cc(c(O)cc1)OC)C(Nc1ccc(F)nc1)=O,MOSES sample,8517,305.309,22,83.48,2.2991,5,2
C1OCC(C)N(C(C)CNC(Cc2noc3c2cccc3)=O)C1,MOSES sample,8518,317.389,23,67.6,1.5957,5,3
s1cccc1S(=O)(=O)N(C)c1cccc(c1)NC,MOSES sample,8519,282.39,18,49.41,2.6149,4,2
N1(C(c2ccsc2)=O)CCN(Cc2cc(C)no2)CC1,MOSES sample,8520,291.376,20,49.58,2.00252,3,3
c1(NCc2cccc(c2)Br)ncccn1,MOSES sample,8521,264.126,15,37.81,2.8512,3,2
NC(c1ccncc1)c1nc2c(s1)COC(C)(C2)C,MOSES sample,8522,275.377,19,61.03,2.4375,2,3
O=C(c1c(C)n(C)nc1)NCc1ccc(nc1)OC,MOSES sample,8523,260.297,19,69.04,1.06212,4,2
c1c(CC2CN(CC2n2cccn2)C(c2cccn2C)=O)ccnc1,MOSES sample,8524,335.411,25,55.95,2.1726,4,4
CCN(C(C(=O)c1c(c([nH]c1C)C(OC(C)CC)=O)C)C)C,MOSES sample,8525,308.422,22,62.4,3.10974,7,1
C1C(c2ccccc2N1C(CNC(c1ccsc1)=O)=O)C,MOSES sample,8526,300.383,21,49.41,2.6282,3,3
C=CCOC1C2CCC1N(Cc1ccsc1)CCO2,MOSES sample,8527,279.405,19,21.7,2.6825,5,3
c1c(c(ccc1N)NC(=O)c1c(F)ccc(c1)F)C,MOSES sample,8528,262.259,19,55.12,3.10772,2,2
c1c(ccc(c1)C(N1CCC(C(=O)N)CC1)=O)NC(=O)c1ccco1,MOSES sample,8529,341.367,25,105.64,1.8694,4,3
C1(NC(NC(C(=O)N2CCCCC2CC)C)=O)CC1,MOSES sample,8530,267.373,19,61.44,1.6276,4,2
c1c(ccc(c1)C(N1CCOc2c(COC)cccc12)=O)Cl,MOSES sample,8531,317.772,22,38.77,3.5256,3,3
C1=C(CN(C(c2cccnc2)=O)CC=C)COC1C,MOSES sample,8532,258.321,19,42.43,2.0549,5,2
C(NCc1ccc(cc1)C(=O)NC(C)C(OC)=O)(=O)c1ccco1,MOSES sample,8533,330.34,24,97.64,1.5009,6,2
O=C(NCCc1ccsc1)NCC(O)c1cccc(Cl)c1,MOSES sample,8534,324.833,21,61.36,2.9768,6,2
COc1ccc(c(c1)S(=O)(NCCN1CCOCC1)=O)OC,MOSES sample,8535,330.406,22,77.1,0.3143,7,2
c1cc(C(N(CC(N(C)C)=O)C)=O)c(cc1)Nc1c(cccc1)OC,MOSES sample,8536,341.411,25,61.88,2.599,6,2
c1ccn(C)c1C(N1CC2CCCCC2C1)=O,MOSES sample,8537,232.327,17,25.24,2.2873,1,3
c1(ccc(cc1)CC)C1(CCOCC1)CNC(c1nccnc1)=O,MOSES sample,8538,325.412,24,64.11,2.5172,5,3
C1=CN=C2C1C=CC=C2CN(CCCC)C(c1cc(OC)ccc1)=O,MOSES sample,8539,336.435,25,41.9,4.0182,7,3
c12c(c(OC3CCOCC3)ccc2)CCCN1C(c1c(C)n[nH]c1)=O,MOSES sample,8540,341.411,25,67.45,2.86892,3,4
C(NC(=O)c1sc(-c2ccccn2)cc1)Cn1ncc(C)c1,MOSES sample,8541,312.398,22,59.81,2.74502,5,3
c1(F)c(C)cc2c(CCNC2c2c(cncc2)F)c1,MOSES sample,8542,260.287,19,24.92,2.90332,1,3
N(c1ccncc1)C(=O)CCNC(=O)c1ccc(cc1)Br,MOSES sample,8543,348.2,21,71.09,2.6027,5,2
n1c(CNS(=O)(c2c(cc(C)cc2)F)=O)csc1,MOSES sample,8544,286.353,18,59.06,2.06912,4,2
Cc1sc(nc1C)C(C)(NCC(N(C(C(C)C)C)C1CC1)=O)C,MOSES sample,8545,337.533,23,45.23,3.62014,7,2
CCCn1nc(C(=O)NCCC(=O)N2CCc3ccccc32)ccc1=O,MOSES sample,8546,354.41,26,84.3,1.3625,6,3
COC(=O)c1c(NC(CCc2c(=O)[nH]c(C)nc2C)=O)scc1,MOSES sample,8547,335.385,23,101.15,1.80614,5,2
C1CCN(C(=O)c2oc3c(c(c2)=O)cc(cc3N)C(C)C)CC1,MOSES sample,8548,314.385,23,76.54,3.1247,2,3
COc1ccc(NC(=O)CCCCNC(N)=O)cc1Br,MOSES sample,8549,344.209,20,93.45,2.2348,7,1
Clc1ccc(cc1)CNC(=O)Nc1c(S(=O)(=O)C)cccc1,MOSES sample,8550,338.816,22,75.27,3.0652,4,2
Cc1c(oc2c1c(C)nn2C)C(=O)Nc1cccc(CO)c1,MOSES sample,8551,299.33,22,80.29,2.52774,3,3
c12c(=O)n(cnc1n(nn2)C)CC(=O)NCc1cccs1,MOSES sample,8552,304.335,21,94.7,-0.0971,4,3
C1c2c(cnn2C)C(NC(=O)c2c(C)nc(CC)s2)CC1,MOSES sample,8553,304.419,21,59.81,2.55482,3,3
C(NCCCN1CCCC1=O)(c1c2cccc(Cl)c2[nH]n1)=O,MOSES sample,8554,320.78,22,78.09,1.9586,5,3
c1c(C(C)(C)NC(NCCCN2CC(C)OC(C2)C)=O)nc(C)cc1,MOSES sample,8555,348.491,25,66.49,2.42362,6,2
CCn1nc(C(=O)N2CCOCC2)cc1-c1ccc(OC)c(OC)c1,MOSES sample,8556,345.399,25,65.82,2.0596,5,3
C(C(C)C)Nc1scc(n1)-c1c(n(ccc1)C(C)C)=O,MOSES sample,8557,291.42,20,46.92,3.6206,5,2
n1c(ccn1COc1ccc(c(c1)C)C)C(N1CCC(CC1)C)=O,MOSES sample,8558,327.428,24,47.36,3.40854,4,3
S(CC(NCC(N)=O)=O)c1ccc(Cl)c(c1)Cl,MOSES sample,8559,293.175,17,72.19,1.687,5,1
c1cc(ccc1Br)CNC(NCC(OCC)=O)=O,MOSES sample,8560,315.167,18,67.43,1.8114,5,1
c1cc(C(C(C)C(N)=O)(c2ccccc2)O)ccc1,MOSES sample,8561,255.317,19,63.32,2.0439,4,2
CC1C(=O)Nc2c(Cl)cc(C(O)c3ccccc3F)cc21,MOSES sample,8562,305.736,21,49.33,3.6164,2,3
CCn1c(SCCOC)nnc1C1CCCCC1,MOSES sample,8563,269.414,18,39.94,3.0842,6,2
Cc1cc(CNc2nnc(C)s2)ccc1OC,MOSES sample,8564,249.339,17,47.04,2.77564,4,2
COc1c(cccc1)N1CC(C(NCC2CCC2)=O)CC1=O,MOSES sample,8565,302.374,22,58.64,1.9644,5,3
C(C)n1c(c(-c2cn(CC(=O)OCC)nc2)c(c(n1)C)C)=O,MOSES sample,8566,304.35,22,79.01,1.30664,5,2
N(C(Nc1ncccc1C)=O)(Cc1ccccn1)C(C)C,MOSES sample,8567,284.363,21,58.12,3.22752,4,2
CNC(=O)c1cc(S(=O)(=O)N2CCN(C)CC2)cs1,MOSES sample,8568,303.409,19,69.72,0.0438,3,2
C1(=O)N(C)C2CCC(C2)CC1c1sc2c(cccc2)n1,MOSES sample,8569,286.4,20,33.2,3.4107,1,4
C(CC1CCCO1)(=O)N1CCN(CC1)C1CCc2c(cccc12)Cl,MOSES sample,8570,348.874,24,32.78,3.0406,3,4
c1cc(cc(S(=O)(NCc2ccc(C)cc2)=O)c1OC)C(=O)OC,MOSES sample,8571,349.408,24,81.7,2.26872,6,2
C(C)(C)c1ccc(cc1OS(=O)(=O)c1c(C)noc1C)C,MOSES sample,8572,309.387,21,69.4,3.49096,4,2
N1(Cc2cccs2)C(CC(C(=O)OCC(=O)N)C1)=O,MOSES sample,8573,282.321,19,89.7,0.1251,5,2
CC(C)N(Cc1cnn(C)c1)C(=O)Cn1ccc2ccccc21,MOSES sample,8574,310.401,23,43.06,2.812,5,3
C(c1cccnc1)(Nc1ccc(C(C)=O)c(Cl)c1)=O,MOSES sample,8575,274.707,19,59.06,3.1899,3,2
COc1ccc2c(c1O)CCNC2c1cc(F)ccc1F,MOSES sample,8576,291.297,21,41.49,2.9141,2,3
c1cc(OC)cc(NC(NCCc2sc(CC)cn2)=O)c1OC,MOSES sample,8577,335.429,23,72.48,3.0869,7,2
c1c(CCNc2[nH]c(c3cc(ccc3n2)C)=O)cn[nH]1,MOSES sample,8578,269.308,20,86.46,1.60922,4,3
c1c(c(ccc1)Cl)CNC(COC(c1ccc(F)cc1)=O)=O,MOSES sample,8579,321.735,22,55.4,2.9523,5,2
c1(cccc(F)c1)C(N(C(c1c2c(cnc1)cncc2)=O)CC)C,MOSES sample,8580,323.371,24,46.09,3.9922,4,3
COC1CCCCC1OC(=O)C(C)NC(=O)C(C)(C)C,MOSES sample,8581,285.384,20,64.63,2.038,4,1
c1cc(N)c2ccnc(c2c1Br)NCCCCO,MOSES sample,8582,310.195,18,71.17,2.7639,5,2
CC(c1c(=O)n2c(nnc2SCCN2CCOCC2)[nH]c1C)C,MOSES sample,8583,337.449,23,75.52,1.27372,5,3
CC1(C)Cc2cccc(OCC(=O)NC3CCOC(C)(C)C3)c2O1,MOSES sample,8584,333.428,24,56.79,2.8527,4,3
C(C)(Nc1c(Cl)cc(F)c(c1)NCC(N(CCC#N)CC)=O)=O,MOSES sample,8585,340.786,23,85.23,2.61158,7,1
Cc1[nH]c(C(Oc2ccccc2Cl)=O)c(C#N)c1,MOSES sample,8586,260.68,18,65.88,3.0674,2,2
c1(-c2ccccc2Cl)cc(n2c(cnc2n1)N)C,MOSES sample,8587,258.712,18,56.21,2.94032,1,3
O=C(N1CCOCC1)c1c(nc2sc(cn21)C)C,MOSES sample,8588,265.338,18,46.84,1.48504,1,3
CC(C)NC(=O)Cc1ccc(NC(=O)c2cc(F)ccc2F)cc1,MOSES sample,8589,332.35,24,58.2,3.2842,5,2
CC(C)c1c(C(=O)c2ccc(OC)cc2)c(n(N)c(C)c1)=O,MOSES sample,8590,300.358,22,74.32,2.23352,4,2
CCn1c(C)nnc1SCC(=O)Nc1ccc(OC)cc1C,MOSES sample,8591,320.418,22,69.04,2.65424,6,2
COC(=O)C1CC(O)CN1Cc1cc(F)cc(C(F)(F)F)c1,MOSES sample,8592,321.27,22,49.77,1.9527,3,2
n1cccc(CCc2n[nH]c(n2)C(C)OCC)c1,MOSES sample,8593,246.314,18,63.69,2.0824,6,2
c1(ccc(cc1C)N1c2nc3c(c([nH]c(n3C)=O)=O)n2CC1)C,MOSES sample,8594,311.345,23,75.92,1.19184,1,4
C(COC)(Nc1ccc(NCc2ccc(cc2)F)cc1C)=O,MOSES sample,8595,302.349,22,50.36,3.33112,6,2
c12C(NC(COc3ccc(F)cc3)=O)CCSc1c(ccc2)F,MOSES sample,8596,335.375,23,38.33,3.6969,4,3
n1c(-n2cncc2)nc(cc1C)Oc1ccc(F)cc1,MOSES sample,8597,270.267,20,52.83,2.90212,3,3
c1(F)ccccc1-c1cc(C(NC(c2ncccc2)C)=O)n(n1)C,MOSES sample,8598,324.359,24,59.81,3.1122,4,3
c1cc(ccc1F)OCCCNC(N1CCC(CC1)C(N)=O)=O,MOSES sample,8599,323.368,23,84.66,1.5015,6,2
Cc1ccc2c(c1)N(CC(=O)NC(C)C)C(=O)C(C)O2,MOSES sample,8600,276.336,20,58.64,1.63352,3,2
c1(OC)ccc(cc1)OCC(NCc1c(OC)cccc1)=O,MOSES sample,8601,301.342,22,56.79,2.399,7,2
CCCNC(=O)c1ccc(NC(=O)Cc2ccc[nH]2)cc1Cl,MOSES sample,8602,319.792,22,73.99,2.9891,6,2
c1cc(N2CCCC2)c(NC(CNc2cc(ccc2)C#N)=O)cc1,MOSES sample,8603,320.396,24,68.16,3.20908,5,3
c1c(c(ccc1Cl)-n1c(C)cc(=O)nc1-c1ccccc1)N,MOSES sample,8604,311.772,22,60.91,3.44352,2,3
C1OCCC(C(=O)NCC(=O)c2cc3c(cc2)CCCC3)C1,MOSES sample,8605,301.386,22,55.4,2.2909,4,3
O=C1CSc2ccc(C(=O)Nc3cccc(-c4cn[nH]c4)c3)cc2N1,MOSES sample,8606,350.403,25,86.88,3.3732,3,4
OCCN(C)C(=O)Nc1ccccc1OCC=C,MOSES sample,8607,250.298,18,61.8,1.7074,6,1
C1C(C)CCN(c2n(-c3ccccc3OC)c(nn2)SCCO)C1,MOSES sample,8608,348.472,24,63.41,2.5966,6,3
O=C(COc1ccc(C(C)C)cc1)N1CCC(CC1)Oc1cccnc1,MOSES sample,8609,354.45,26,51.66,3.6538,6,3
COCC(C)NC(=O)c1cn(-c2ccccc2)nc1-c1cccs1,MOSES sample,8610,341.436,24,56.15,3.3655,6,3
C(Nc1cccc(CNC(Nc2ccncc2)=O)c1)(C1CC1)=O,MOSES sample,8611,310.357,23,83.12,2.7518,5,3
c1c2c(ccc1)N(CCC2C(=O)OC)C(Cn1nnnc1)=O,MOSES sample,8612,301.306,22,90.21,0.3666,3,3
O=S(c1cc([nH]n1)C(NCc1n(cnn1)C)=O)(C)=O,MOSES sample,8613,284.301,19,122.63,-1.1283,4,2
c1([nH]c(cc1)C)C(=O)N1CCN(c2c(C)c(nc3n2ncn3)C)C(C1)C,MOSES sample,8614,353.43,26,82.42,1.72856,2,4
c1cc(cc(NC(c2ccc(cc2)F)=O)c1)-c1nc(sc1)N,MOSES sample,8615,313.357,22,68.01,3.7837,3,3
n1cc(NC(=O)c2cccc(c2)-c2cocc2)cn1-c1ncccn1,MOSES sample,8616,331.335,25,85.84,3.1746,4,4
c1c(ccc(c1)F)C(C)N(C(=O)NC(C)C(N1CCCCC1)=O)C,MOSES sample,8617,335.423,24,52.65,2.9291,4,2
CN(CC(=O)Nc1noc(C)c1)C(=O)c1cnccn1,MOSES sample,8618,275.268,20,101.22,0.48372,4,2
CCNC(=O)C1CCCN(Cc2cnc(-c3ccsc3)s2)C1,MOSES sample,8619,335.498,22,45.23,3.2197,5,3
c1c(cc(cc1)NC(c1ccc(Cn2cccn2)cc1)=O)F,MOSES sample,8620,295.317,22,46.92,3.3228,4,3
C1CN(Cc2c(C(OC)=O)cccc2)CCN1c1nccc(c1)C#N,MOSES sample,8621,336.395,25,69.46,2.06208,4,3
CC(C)CC(C)NC(=O)NC1CCCc2c1cnn2C,MOSES sample,8622,278.4,20,58.95,2.5313,4,2
C1OCCC(C1)(NC(=O)c1ccc(cc1)-n1nc(C)cc1C)CCC,MOSES sample,8623,341.455,25,56.15,3.56824,5,3
c1c(cc2c(cc(C(N(Cc3occc3)C)=O)n2C)c1)Cl,MOSES sample,8624,302.761,21,38.38,3.6969,3,3
c1nn(cc1C(=O)N(C)CCC)Cc1c(cccc1)Cl,MOSES sample,8625,291.782,20,38.13,3.0668,5,2
O1CCN(CC1C)Cc1cc(F)ccc1N1CCCC1,MOSES sample,8626,278.371,20,15.71,2.6466,3,3
c1(-c2ccco2)n(C)nc(C(OCCCc2cccnc2)=O)c1,MOSES sample,8627,311.341,23,70.15,2.8647,6,3
O=C1CCCc2ccccc2N1Cc1cccc(F)c1,MOSES sample,8628,269.319,20,20.31,3.6952,2,3
c1(c(S(NCc2n(C)ncc2)(=O)=O)c(ccc1)C(C)C)C(C)C,MOSES sample,8629,335.473,23,63.99,3.1454,6,2
c1(ccc2ccccc2c1)Nc1ncnc2c1nc[nH]2,MOSES sample,8630,261.288,20,66.49,3.2497,2,4
N(c1cc(nc(n1)N1CCCCC1)C)C(Nc1ccc(cc1)F)=O,MOSES sample,8631,329.379,24,70.15,3.55842,3,3
C1C(C(C)C)N(C(C)=O)CCN1C(=O)c1nnc(cc1)OC,MOSES sample,8632,306.366,22,75.63,0.8141,3,2
c1c(cc(Cl)c(CNC(=O)NC(C2CC2)(CO)C)c1OC)OC,MOSES sample,8633,342.823,23,79.82,2.3174,7,2
N(Cc1cn(nc1)-c1ccccc1)C(=O)c1cc2c(cc1)NC(CO2)=O,MOSES sample,8634,348.362,26,85.25,2.1332,4,4
Cc1noc(c1C(NCc1cc2c(cc1)OCO2)=O)C(C)C,MOSES sample,8635,302.33,22,73.59,2.76512,4,3
n1c(cnc(C)c1)C(NCCNC(c1ccc(F)cc1F)=O)=O,MOSES sample,8636,320.299,23,83.98,1.22302,5,2
Cc1cccc2c(=O)n(CC(=O)Nc3cc(F)ccc3Cl)cnc12,MOSES sample,8637,345.761,24,63.99,3.13612,3,3
O=C(Nc1ccc(-n2cnnn2)cc1)c1ccn(-c2ccccc2)n1,MOSES sample,8638,331.339,25,90.52,2.1003,4,4
C(c1c(cccn1)C)NC(c1c(C)cc(Br)cc1)=O,MOSES sample,8639,319.202,19,41.99,3.39094,3,2
s1c(ccc1C)CC(=O)Nc1ccc(cc1)-n1nc(cc1N)C,MOSES sample,8640,326.425,23,72.94,3.31404,4,3
C1N(CCN(CC(N2CC(C)CCC2)=O)C1)CC(N(CC)CC)=O,MOSES sample,8641,338.496,24,47.1,0.7309,6,2
c12ccccc2nc(o1)N(C)C(c1ccc(S(=O)(=O)N)cc1)=O,MOSES sample,8642,331.353,23,106.5,1.7518,3,3
CCN(CC)C(CCNC(c1c(nc2n1ccs2)C)=O)=O,MOSES sample,8643,308.407,21,66.71,1.69252,6,2
C(c1cnc(C)cc1)C(=O)Nc1ccc(OC)c(c1)OC(F)F,MOSES sample,8644,322.311,23,60.45,3.18122,6,2
c1c(c(F)cc(c1)Nc1c(cc(F)cc1)N)OC,MOSES sample,8645,250.248,18,47.28,3.2992,3,2
O=C(NCC1CCCO1)N(Cc1ccc(F)c(F)c1)C1CC1,MOSES sample,8646,310.344,22,41.57,2.8178,5,3
O=c1n(cc(C)c(=O)n1C)Cc1cc(C#N)ccc1,MOSES sample,8647,255.277,19,67.79,0.7754,2,2
CSc1sc(NC(=O)C2CC=CC2)nc1N,MOSES sample,8648,255.368,16,68.01,2.3519,3,2
c1c2CC(N(CC(=O)Nc3ccccc3F)S(=O)(=O)C)Cc2ccc1,MOSES sample,8649,362.426,25,66.48,2.1932,5,3
O=C(Nc1cc(CC)nn1C)N1CCN(c2sccc2)CC1,MOSES sample,8650,319.434,22,53.4,2.3981,3,3
N1(C(c2ccc(cc2)OCC)=O)Cc2c(n(nc2)CCO)C1,MOSES sample,8651,301.346,22,67.59,1.4301,5,3
CC1CCc2sc(-c3ccc4c(c3)OCCO4)nc2N1,MOSES sample,8652,288.372,20,43.38,3.3279,1,4
c1c2nc(-c3ccc(cc3)F)nn2ccc1C(=O)OC,MOSES sample,8653,271.251,20,56.49,2.322,2,3
COc1ccc(C(=O)NCc2noc(-c3cccs3)n2)cc1,MOSES sample,8654,315.354,22,77.25,2.7367,5,3
Cc1ncsc1C(=O)NC(CO)c1ccccc1,MOSES sample,8655,262.334,18,62.22,1.91492,4,2
COCCN(Cc1ccsc1)C(=O)Nc1cccc(c1)C,MOSES sample,8656,304.415,21,41.57,3.73702,6,2
c1c(coc1)C(=O)N1CCCC2(C1)OCC(C2)Oc1ncccn1,MOSES sample,8657,329.356,24,77.69,1.9123,3,4
O=c1cc(nc(Nc2scc(C)n2)[nH]1)COc1ccc(C)cc1,MOSES sample,8658,328.397,23,79.9,3.16584,5,3
CCC(NC(=O)Nc1cc(F)ccc1C)c1c(C)nn(C)c1C,MOSES sample,8659,318.396,23,58.95,3.75726,4,2
CCCN1CCN(C(=O)c2snc(C#N)c2N)CC1,MOSES sample,8660,279.369,19,86.25,0.76478,3,2
CC1=NC(=NC(=O)C1CCC(NCc1cc(c(C)cc1)C)=O)C,MOSES sample,8661,313.401,23,70.89,2.73554,5,2
C(c1cc([nH]c(n1)COc1ccc(cc1)Cl)=O)(C)N,MOSES sample,8662,279.727,19,81,2.022,4,2
C1N(CC(C1)Oc1ccccc1)C(c1ncccc1)=O,MOSES sample,8663,268.316,20,42.43,2.3751,3,3
C(CC(NC(c1c(Br)ccs1)=O)(C)CC)O,MOSES sample,8664,306.225,16,49.33,2.7915,5,1
Nc1ccc2ccnc(C(=O)NCCCn3cccn3)c2c1,MOSES sample,8665,295.346,22,85.83,1.8336,5,3
CC1CCN(C(=O)CCn2cnc3sccc3c2=O)CC1,MOSES sample,8666,305.403,21,55.2,2.1066,3,3
c1(n[nH]cc1)NC(CCC(=O)c1ccc(C)s1)=O,MOSES sample,8667,263.322,18,74.85,2.38122,5,2
c1c(-c2ccc(=O)n(Cc3c(F)cccc3)n2)ccc(NC(=O)C)c1,MOSES sample,8668,337.354,25,63.99,3.0561,4,3
c1c(cc(cc1)CC1CN(CCO1)C(=O)C1CCCO1)C,MOSES sample,8669,289.375,21,38.77,1.94392,3,3
N#Cc1ccc(COC(=O)c2c3n(ccn3)ccn2)cc1,MOSES sample,8670,278.271,21,80.28,1.95798,3,3
N(c1ccc2c(c1)OCO2)(C(=O)c1ccc(OC)cc1)Cc1ccco1,MOSES sample,8671,351.358,26,61.14,3.8639,5,4
O1c2c(-c3c1ccc(NC(CCNC(=O)OCC)=O)c3)cccc2,MOSES sample,8672,326.352,24,80.57,3.6607,5,3
CC(Cc1ccsc1)NC(=O)Cc1noc2ccccc12,MOSES sample,8673,300.383,21,55.13,3.1792,5,3
O=C(C(OC(=O)c1cnccn1)C)Nc1sc2cccc(C)c2n1,MOSES sample,8674,342.38,24,94.07,2.57872,4,3
Nc1cc(-c2ccc(OC)c(c2OC)OC)n(C)c(c1C#N)=O,MOSES sample,8675,315.329,23,99.5,1.53198,4,2
C1N(CCOC1)CCOc1c(Cl)cc(cc1CO)C,MOSES sample,8676,285.771,19,41.93,1.85172,5,2
c1c2c(ncc1)[nH]cc2S(=O)(=O)NCCOC,MOSES sample,8677,255.299,17,84.08,0.4876,5,2
O(C)c1c(CSc2c3c(cccc3)nnc2)cccc1OC,MOSES sample,8678,312.394,22,44.24,3.9393,5,3
c1(cccc(NC(C)=O)c1)CCCCc1ccccn1,MOSES sample,8679,268.36,20,41.99,3.6054,6,2
c1c(C(N(c2cc3c(cc2)cccc3)C)=O)ccc(-n2cncn2)c1,MOSES sample,8680,328.375,25,51.02,3.6971,3,4
O=C(N=c1n2c(n[nH]1)cc(cc2)C)N1CCC(C)CC1,MOSES sample,8681,273.34,20,65.76,1.72342,0,3
CC(NC(=O)c1ccc(-n2ccnc2)cc1)c1ccccc1Cl,MOSES sample,8682,325.799,23,46.92,4.0167,4,3
C1CC(O)CCN1c1nc(nc2sc(c(C)c21)C(=O)OC)C,MOSES sample,8683,321.402,22,75.55,2.05584,2,3
c1c(c(C)ccc1N)CS(=O)(=O)c1cc(ccc1)C,MOSES sample,8684,275.373,19,60.16,2.85954,3,2
O=C(N1CCN(c2ccccn2)CC1)c1ccc(nc1)F,MOSES sample,8685,286.31,21,49.33,1.5781,2,3
O=C(c1cc(C)no1)Nc1c(OCCOC)cccc1,MOSES sample,8686,276.292,20,73.59,2.26052,6,2
C(O)CNS(c1cc(-c2nc(C)sc2)ccc1)(=O)=O,MOSES sample,8687,298.389,19,79.29,1.38912,5,2
O(c1c(cc(cc1N)Br)Cl)CCC(OC)=O,MOSES sample,8688,308.559,16,61.55,2.6266,4,1
Cc1ccn(CC(=O)NCc2cccc(Oc3ccccc3)c2)c(=O)c1,MOSES sample,8689,348.402,26,60.33,3.26542,6,3
c1cc(ccc1C(CC)=O)OCC(=O)NCc1c(Cl)cccc1,MOSES sample,8690,331.799,23,55.4,3.6279,7,2
COC(=O)CCn1cnc(-c2ccccc2)c1-c1cnc(C)[nH]c1=O,MOSES sample,8691,338.367,25,89.87,2.17192,5,3
C(CN(CC)C(NCC(C)(c1ccccc1Cl)C)=O)O,MOSES sample,8692,298.814,20,52.57,2.6414,6,1
S(N(CC)CC)(=O)(c1cc(OC)c(Br)cc1)=O,MOSES sample,8693,322.224,17,46.61,2.4882,5,1
Cn1cc(C(=O)NCc2ccnc(OCc3ccccc3)c2)cn1,MOSES sample,8694,322.368,24,69.04,2.3241,6,3
c1(cc(F)c(F)cc1)C(C)NC(=O)NCCc1ncc(C)s1,MOSES sample,8695,325.384,22,54.02,3.33262,5,2
c1c2c(n(C)n1)ncnc2N1CCC(CC1)C(=O)Nc1cn[nH]c1,MOSES sample,8696,326.364,24,104.62,0.9415,3,4
C(=O)(c1c2-c(c([nH]c2cccc1)=O)c(OCC)ccc2)OCC,MOSES sample,8697,,,,,,
O=C(N(C(C)c1cc(O)ccc1)C)OC(C)(C)C,MOSES sample,8698,251.326,18,49.77,3.3201,2,1
c1(F)cc(ccc1OC)CC(Nc1c(nccc1)-n1c(ncc1)C)=O,MOSES sample,8699,340.358,25,69.04,2.90462,5,3
CCc1ccc(OC(=O)c2ccc(=O)n(C)n2)cc1,MOSES sample,8700,258.277,19,61.19,1.5619,3,2
COC(=O)CCSc1nnc(-c2ccoc2C)n1C1CCCCC1,MOSES sample,8701,349.456,24,70.15,4.00692,6,3
NC(=O)c1ccc(NC(=O)NCc2ccncc2)cn1,MOSES sample,8702,271.28,20,110,0.8972,4,2
c1nc(c(cc1)C)NC(=O)Cc1ccsc1C(=O)OC,MOSES sample,8703,290.344,20,68.29,2.41932,4,2
COCCC1NCCc2c(F)ccc(Br)c21,MOSES sample,8704,288.16,16,21.26,2.8115,3,2
c1cc(sc1C)C(=O)N(CC(N(C)C)=O)CCOC,MOSES sample,8705,284.381,19,49.85,1.23332,6,1
c1ccc(-c2noc(n2Cc2ccc(F)cc2C#N)=O)s1,MOSES sample,8706,301.302,21,71.82,2.62388,3,3
N(c1scc(n1)CNC(=O)c1ccc(F)c(F)c1)CC,MOSES sample,8707,297.33,20,54.02,2.7831,5,2
O=C(NC1(CCCC1)c1ccccc1)c1c[nH]c2ccccc2c1=O,MOSES sample,8708,332.403,25,61.96,3.7274,3,4
c1(N)c(N(C)S(=O)(c2cc(ccc2)C)=O)cccc1,MOSES sample,8709,276.361,19,63.4,2.40232,3,2
CC(C)(c1scc(n1)CC(=O)N1CCOC2C1CCC2OC)C,MOSES sample,8710,338.473,23,51.66,2.3879,3,3
Cc1ccc(OCC(Nc2cc(ccc2)C(NC2CC2)=O)=O)cc1,MOSES sample,8711,324.38,24,67.43,2.90472,6,3
O(CC(=O)N(C)C)c1c(cc(cc1)Br)F,MOSES sample,8712,276.105,15,29.54,2.0552,3,1
c12nc(CC)n(CC(NCC=C)=O)c(=O)c2cccc1,MOSES sample,8713,271.32,20,63.99,1.2611,5,2
C1CC(N(C1)C(NCCNC(C)=O)=O)c1ccc(F)cc1,MOSES sample,8714,293.342,21,61.44,1.8083,4,2
n1ccn(C(F)F)c1CNc1ccc(c(OC(F)F)c1)C,MOSES sample,8715,303.259,21,39.08,3.80012,6,2
OCCCn1cnc(-c2ccccc2)c1-c1ccoc1,MOSES sample,8716,268.316,20,51.19,3.1925,5,3
c1(C)cn(nc1)CC1CCCN1C(c1nn(-c2ccccc2)nc1)=O,MOSES sample,8717,336.399,25,68.84,2.07702,4,4
C(#Cc1ccccc1)CNC(NCc1ccnn1C)=O,MOSES sample,8718,268.32,20,58.95,1.271,3,2
C(NC(c1cnn(n1)-c1ccccc1)=O)COc1c(C)cccc1,MOSES sample,8719,322.368,24,69.04,2.38452,6,3
c1c(Cn2c(=O)n(C)c3ncn(c3c2=O)CC=C)ccc(C)c1,MOSES sample,8720,310.357,23,61.82,1.43942,4,3
COc1c2c(cc(c1)C)C(NCC2)C1N(CCC1)C(C)=O,MOSES sample,8721,288.391,21,41.57,2.20132,2,3
c1c(C)nn(-c2cc(C)ccc2OC)c1NC(=O)C1(C#N)CCCC1,MOSES sample,8722,338.411,25,79.94,3.52022,4,3
c1nn(-c2ccccc2)cc1CCNS(=O)(CC)=O,MOSES sample,8723,279.365,19,63.99,1.3541,6,2
c1(CN(C2CC2)CC(=O)OC)c(Br)ccc(c1)Cl,MOSES sample,8724,332.625,18,29.54,3.2399,5,2
O=C1COc2cc(C(=O)NCCOc3ccccc3)ccc2N1,MOSES sample,8725,312.325,23,76.66,1.8263,5,3
CCn1cc(NC(=O)Nc2cc(C)nn2C)cn1,MOSES sample,8726,248.29,18,76.77,1.58892,3,2
c1cccc(c1F)C1C(NC(=O)CC2CCCC2)C1,MOSES sample,8727,261.34,19,29.1,3.3781,4,3
Cc1cc(C(=O)COC(=O)c2cc3c(cc2)n(cn3)C)c(n1C(C)C)C,MOSES sample,8728,353.422,26,66.12,3.61224,5,3
C1C(OCCN1S(=O)(CCCC(OC)=O)=O)(C)C,MOSES sample,8729,279.358,18,72.91,0.3802,5,1
c1c(C(Nc2cc3c(n(nc3CC)C)nc2)=O)cc(-n2cccc2)cc1,MOSES sample,8730,345.406,26,64.74,3.5737,4,4
c1cc(cc2c1N(CCC)C(CC(c1c(cccc1)F)N2)=O)F,MOSES sample,8731,316.351,23,32.34,4.2647,3,3
Cc1ccc(C(C)(C)C)cc1S(=O)(=O)N1CCNC(=O)C1,MOSES sample,8732,310.419,21,66.48,1.41302,2,2
c1(=O)[nH]c(C(C)C)nc2c(csc21)-c1ccc(cc1)F,MOSES sample,8733,288.347,20,45.75,3.9141,2,3
c1c(C(Nc2c3ccc(C)nc3ccc2)=O)c(Cl)cnc1,MOSES sample,8734,297.745,21,54.88,3.84392,2,3
c1(oc(cc1)C1NS(c2ccccc2N=1)(=O)=O)-c1nc(C)sc1,MOSES sample,8735,345.405,23,84.56,3.08172,2,4
C(=O)(N1CC(=O)NCC1)CN1CCOc2ccc(F)cc12,MOSES sample,8736,293.298,21,61.88,-0.0171,2,3
C1CN(c2n(-c3ccccc3)nnn2)CC(Cc2ccccc2)C1,MOSES sample,8737,319.412,24,46.84,3.1214,4,4
c12c(cccc1)c(CN(S(=O)(c1ccc(C(=O)C)cc1)=O)C)ccc2,MOSES sample,8738,353.443,25,54.45,3.8631,5,3
CCCSc1ccccc1C(=O)Nc1nnc(-c2ccco2)o1,MOSES sample,8739,329.381,23,81.16,4.084,6,3
C(Oc1ncc(cc1)NC(=O)C(Sc1ccccn1)C)C(F)F,MOSES sample,8740,339.367,23,64.11,3.2398,7,2
C1c2nn(c(=O)cc2CCN1c1cc(C(=O)N)ccn1)C,MOSES sample,8741,285.307,21,94.11,-0.1631,2,3
c1(=O)n(c2ccccc2nc1)CC(=O)N1CCc2ccccc12,MOSES sample,8742,305.337,23,55.2,1.9858,2,4
N(C(c1cc(Cl)ccc1NC(=O)c1ccc(OC)cc1)=O)C1CC1,MOSES sample,8743,344.798,24,67.43,3.4931,5,3
COCCc1nc(C2(c3ccccc3)CCC2)n(CC(C)C)n1,MOSES sample,8744,313.445,23,39.94,3.593,7,3
O=C(N=c1[nH]c(C)c(C)s1)Cc1c2c(cccc2)c(n(C)n1)=O,MOSES sample,8745,328.397,23,80.11,1.60994,2,3
CC(O)Cn1cnc2c1c(=O)n(Cc1ccccc1)c(=O)n2C,MOSES sample,8746,314.345,23,82.05,0.3258,4,3
C(COCCc1ccccc1)(N1CCN(CC1)c1ncccn1)=O,MOSES sample,8747,326.4,24,58.56,1.3845,6,3
CCCCNC(=O)C1CCCN(C(=O)Cn2nnc3ccccc32)C1,MOSES sample,8748,343.431,25,80.12,1.5862,6,3
N(C1CCCC1)C(C1CCC(=O)N(c2ccc(Cl)cc2)C1)=O,MOSES sample,8749,320.82,22,49.41,3.1418,3,3
c1n(C)c(C2CN(Cc3ccc(cc3)C(=O)OC)CC2)nn1,MOSES sample,8750,300.362,22,60.25,1.5912,4,3
COC(=O)CC(C)(C)CC(=O)Nc1noc(-c2ccccc2)n1,MOSES sample,8751,317.345,23,94.32,2.6545,6,2
O=C1CCCN1c1ccc(cc1)C(=O)OCCOc1ccc(C#N)cc1,MOSES sample,8752,350.374,26,79.63,2.92088,6,3
C(CC)NC(CN1C(=O)C(Nc2c1cc(Cl)c(c2)Cl)C)=O,MOSES sample,8753,330.215,21,61.44,2.6666,4,2
c1c(c(-c2c(cccc2)NC(COCC)=O)ccc1)C#N,MOSES sample,8754,280.327,21,62.12,3.20028,5,2
c1(ccc(S(N)(=O)=O)cc1C(=O)NC(C)CCC(C)C)F,MOSES sample,8755,316.398,21,89.26,2.0276,6,1
CCCCNC(=O)C1CCN(C(=O)c2cc3ccccc3[nH]2)CC1,MOSES sample,8756,327.428,24,65.2,2.9364,5,3
O=C(c1scnc1C1CC1)N1CCCC1COc1ccccc1,MOSES sample,8757,328.437,23,42.43,3.7041,5,4
c1(C(n2cccc2)CC(NC2CCOCO2)=O)ccccc1,MOSES sample,8758,300.358,22,52.49,2.3043,5,3
c1sc(cc1CC(N1CCN(CC1)CCO)=O)C(C)=O,MOSES sample,8759,296.392,20,60.85,0.6297,5,2
O=C(Cc1ccc(F)cc1)Nc1cccc2cnccc12,MOSES sample,8760,280.302,21,41.99,3.5551,3,3
CC(n1c2ncc(n2c2c1cccc2)C(=O)OCC#C)C,MOSES sample,8761,281.315,21,48.53,2.6599,3,3
C1COCCC1C(C)(O)CNC(CSc1c(cccc1)Cl)=O,MOSES sample,8762,343.876,22,58.56,2.7259,6,2
c1c(c(cc2c1c(=O)c(c[nH]2)OC)C(F)(F)F)Cl,MOSES sample,8763,277.629,18,42.09,3.2089,1,2
N1(CCN(C(=O)C(OCCOCC)C)CC1)CC#C,MOSES sample,8764,268.357,19,42.01,0.2054,7,1
S(=O)(CC(Nc1c(cc(cc1)C)C)=O)(=O)c1ccc(C)cc1,MOSES sample,8765,317.41,22,63.24,3.02426,4,2
Fc1ccccc1C(=O)N(CC(C)=C)CC(C)C,MOSES sample,8766,249.329,18,20.31,3.5,5,1
c1ccc(cc1)S(=O)(=O)N(c1ccc(C#N)cc1)C,MOSES sample,8767,272.329,19,61.17,2.38338,3,2
Fc1cc(cc(c1N)F)C(=O)N(C)CC(OC)=O,MOSES sample,8768,258.224,18,72.63,0.792,3,1
c1cc(OCCN(C)C(C(=O)OC)C)c(Cl)cc1,MOSES sample,8769,271.744,18,38.77,2.2121,6,1
N1(C(CCc2c(C)cccc2)=O)C2C(OCC1)CCCC2,MOSES sample,8770,287.403,21,29.54,3.09762,3,3
CN(C)S(=O)(=O)N1CCN(c2cccc(F)n2)CC1,MOSES sample,8771,288.348,19,56.75,0.1491,3,2
n1c2n(c3ccn(CCCO)c(=O)c31)nc(n2)C,MOSES sample,8772,,,,,,
c1(oc(C2CC2)nn1)-c1cc(S(=O)(=O)N2CCCC2)ccc1F,MOSES sample,8773,337.376,23,76.3,2.5376,4,4
O1CCN(CC1COC(c1cccs1)=O)Cc1ccccc1,MOSES sample,8774,317.41,22,38.77,2.8059,5,3
c1cccc2c1CCCC2OCCCNC(=O)C1(C)CCCO1,MOSES sample,8775,317.429,23,47.56,3.156,6,3
c12nnc(n1CCCCC2)CCNC(c1cn(nc1C(C)(C)C)C)=O,MOSES sample,8776,344.463,25,77.63,2.008,4,3
N#Cc1ccc(S(=O)(=O)NC2(c3ccc(F)cc3)CCCC2)cc1,MOSES sample,8777,344.411,24,69.96,3.44518,4,3
c1cc2c(cc1)NC(c1cc(OC)cc(OC)c1)N(C2=O)C,MOSES sample,8778,298.342,22,50.8,2.9001,3,3
O(c1ccc(C(NCc2ccc(F)cc2)=O)cc1)C,MOSES sample,8779,259.28,19,38.33,2.7643,4,2
c12c(cc(C(C(C)C)=O)cc1)N(CCN1CCOCC1)C(=O)C(C)O2,MOSES sample,8780,346.427,25,59.08,1.9714,5,3
CN(C(=O)c1ccccn1)c1ccccc1S(C)(=O)=O,MOSES sample,8781,290.344,20,67.34,1.7617,3,2
c1(cc(ccc1)OC)CNC(c1ccc(CNC(N)=O)cc1)=O,MOSES sample,8782,313.357,23,93.45,1.7935,6,2
C1CN(CCC1Nc1cc(C)ncn1)C(=O)Cc1c(C)onc1C,MOSES sample,8783,329.404,24,84.15,2.03546,4,3
CCc1c(C)nc(N2CCN(Cc3cccc(F)c3)C(=O)C2)[nH]c1=O,MOSES sample,8784,344.39,25,69.3,1.62862,4,3
O(c1c(cccc1)Cn1c(c(C(=O)N)cn(c1=O)C1CC1)=O)C,MOSES sample,8785,315.329,23,96.32,0.5007,5,3
Cc1cc(CN2CC3CN(Cc4ccc(C)cc4)C(=O)C3C2)no1,MOSES sample,8786,325.412,24,49.58,2.38184,4,4
Cc1ccc(NC2(C(=O)N3CCN(CC3)CCO)CCCC2)cc1C,MOSES sample,8787,345.487,25,55.81,2.16464,5,3
n1(CC(N2C3C(OCC2)C(CC3)OCc2cnccc2)=O)ccnc1,MOSES sample,8788,342.399,25,69.48,1.2533,5,4
C1C(COCCN1C(=O)Cc1nc(C)sc1)CO,MOSES sample,8789,270.354,18,62.66,0.46132,3,2
N(C)(C(=O)C1CC(=O)N(C1)CCc1ccccc1)C(C)C,MOSES sample,8790,288.391,21,40.62,1.9444,5,2
C(Cn1c(nnn1)NCc1cc(OC)c(OC)cc1)=C,MOSES sample,8791,275.312,20,74.09,1.4884,7,2
c1csc2c1CN(C(=O)NC1C(=O)NCCCC1)CC2,MOSES sample,8792,293.392,20,61.44,1.4845,1,3
c1c(ncc(n1)C(=O)NCCCNS(C)(=O)=O)C,MOSES sample,8793,272.33,18,101.05,-0.54588,6,1
N1(C(C)(C)CO)CC(C(N2CCC(C(N)=O)CC2)=O)CC1=O,MOSES sample,8794,311.382,22,103.94,-0.6703,4,2
CC(=O)N(C)c1ccc(cc1)NC(=O)c1ccc(cc1)F,MOSES sample,8795,286.306,21,49.41,3.0607,3,2
N(C)(C)c1nc(nc(n1)NCC(=O)N1CCCC1)OC,MOSES sample,8796,280.332,20,83.48,-0.0195,5,2
c1ccc(nc1)SC(C)C(=O)Nc1ccc(C(=O)N)cc1,MOSES sample,8797,301.371,21,85.08,2.2998,5,2
N1(C(c2cnc3c(c(n[nH]3)C)c2)=O)C(CCCCC1)c1ccncc1,MOSES sample,8798,335.411,25,74.77,3.41882,2,4
c1ccc(cc1)C(=O)N1CCN(C(=O)CSc2ccccn2)CC1,MOSES sample,8799,341.436,24,53.51,2.1583,4,3
n1cccc(c1)C(N1CCN(C(=O)CC(C)(C)C)CC1)=O,MOSES sample,8800,289.379,21,53.51,1.8022,2,2
c12c(cnn1cccc2)CNC(=O)C(C)Sc1scnn1,MOSES sample,8801,319.415,21,72.18,1.9828,5,3
O=C(COc1ccc2ccccc2c1)Nc1ccc2[nH]c(=O)[nH]c2c1,MOSES sample,8802,333.347,25,86.98,3.0269,4,4
Cc1ccc(S(=O)(=O)NCC2CN3CCCCC3CO2)s1,MOSES sample,8803,330.475,21,58.64,1.58812,4,3
C1C(CCN(C1C)C(=O)c1c(cccc1)SC)C,MOSES sample,8804,263.406,18,20.31,3.6691,2,2
s1cc(nc1C)CS(=O)(=O)c1ccc(cn1)C,MOSES sample,8805,268.363,17,59.92,2.12884,3,2
C1CN(Cc2c(C)ncs2)CC(C1)c1nccnc1N(C)C,MOSES sample,8806,317.462,22,45.15,2.68712,4,3
Cc1ccc(-n2nnnc2NC(C)c2cnn(C)c2)cc1,MOSES sample,8807,283.339,21,73.45,1.87732,4,3
c1(ccc(OCCN(C(c2ccccc2OC)=O)C)cc1)Cl,MOSES sample,8808,319.788,22,38.77,3.4996,6,2
n1cc(cnc1)-c1ccc(C(NC(=O)c2nccnc2)C)cc1,MOSES sample,8809,305.341,23,80.66,2.4246,4,3
Fc1c(ccc(F)c1F)-c1nn2c(nc(c2C#N)C(N)=O)s1,MOSES sample,8810,323.259,22,97.07,1.84568,2,3
n1c(N2CCCC(N3CCCC3=O)C2)cc(C)nc1N,MOSES sample,8811,275.356,20,75.35,0.95842,2,3
CCOc1c(cccc1)NC(=O)c1cccc(c1)F,MOSES sample,8812,259.28,19,38.33,3.4767,4,2
COC(=O)c1cc(-c2ccc(S(C)(=O)=O)o2)nc2cc(F)ccc12,MOSES sample,8813,349.339,24,86.47,2.824,3,3
C(=O)(NCCc1c(n(C)nc1C)C)N1CCCC1c1cccc(c1)F,MOSES sample,8814,344.434,25,50.16,3.26524,4,3
c1cccc2c1C(N(S2(=O)=O)Cc1ccc(C#N)cc1)=O,MOSES sample,8815,298.323,21,78.24,1.90298,2,3
N(C(COc1c(C)c(C)ccc1C)=O)c1cn(c(cc1)=O)CCOC,MOSES sample,8816,344.411,25,69.56,2.43746,7,2
c1cc(C(=O)N2CC(CC)C(CC2)CC(=O)NCCC)cnc1C,MOSES sample,8817,331.46,24,62.3,2.79462,6,2
c1cccc2nnc(CCCNc3c4c(ncn3)nc(C)cc4C)n21,MOSES sample,8818,333.399,25,80.89,2.72904,5,4
CC(C)(C)C(=O)N1CCN(S(=O)(=O)c2ccccc2Cl)CC1,MOSES sample,8819,344.864,22,57.69,2.219,2,2
O=C(Cc1cccs1)NCC1CCN(c2cnccn2)CC1,MOSES sample,8820,316.43,22,58.12,2.1134,5,3
C=CCNC(=O)Nc1nnc(SCCOC)s1,MOSES sample,8821,274.371,17,76.14,1.5841,7,1
S(=O)(=O)(c1cc(F)cc(F)c1)N1CCC(C1)O,MOSES sample,8822,263.265,17,57.61,0.7201,2,2
Cc1cc2nc(C)c(=O)n(CC(=O)Nc3cccc(F)c3)c2cc1C,MOSES sample,8823,339.37,25,63.99,3.09956,3,3
C(NCCOC)(=O)CCC(=O)c1ccc(c(c1)F)O,MOSES sample,8824,269.272,19,75.63,1.2568,7,1
NC(NC(C)C(NCC(C)(c1cc(ccc1)Cl)C)=O)=O,MOSES sample,8825,297.786,20,84.22,1.7906,5,1
C(c1cc(C#N)ccc1)n1c(nc2c1ncc(Cl)c2)C(=O)C,MOSES sample,8826,310.744,22,71.57,3.20728,3,3
C1OCCC(CC(Nc2ccc(OC3CCCC3)cc2)=O)C1,MOSES sample,8827,303.402,22,47.56,3.7632,5,3
c1(cccc(c1)-n1cncn1)C(N(C(C)C1CC1)C1CC1)=O,MOSES sample,8828,296.374,22,51.02,2.6704,5,4
CCNC(=O)C1CCN(C(=O)c2csc3c2CCCC3)CC1,MOSES sample,8829,320.458,22,49.41,2.6152,3,3
c1(n(cnc1)C(F)F)CN1CCN(CC1)Cc1nc2c([nH]1)cccc2,MOSES sample,8830,346.385,25,52.98,2.4723,5,4
n1(-c2cc(C)ccc2)nnnc1SCC(Nc1ccccc1)=O,MOSES sample,8831,325.397,23,72.7,2.70152,5,3
Cc1ccc(OCC(=O)NCC#CCOc2ccccc2C(N)=O)cc1,MOSES sample,8832,352.39,26,90.65,1.67132,7,2
FC(F)COc1ncc(cc1)C(NCc1c[nH]nc1)=O,MOSES sample,8833,282.25,20,79.9,1.3786,6,2
NC(=O)c1c(Cl)cccc1NCc1cccc(O)c1,MOSES sample,8834,276.723,19,75.35,2.7566,4,2
C(C)(C1C(=NC(C)(N=C1C)C)C(c1sccc1)=N)C,MOSES sample,8835,275.421,19,48.57,4.03977,3,2
n1cc(N(C)C(C2Cc3ccccc3CN2C(=O)C2CC2)=O)cnc1,MOSES sample,8836,336.395,25,66.4,1.8029,3,4
N1(CCN(CC1)c1cnccn1)C(=O)c1cc2-c3ccccc3Cc2cn1,MOSES sample,8837,357.417,27,62.22,2.4052,2,5
CCN1CCN(C(=O)c2ccc3c(c2)[nH]c(=O)n3-c2ccccc2)CC1,MOSES sample,8838,350.422,26,61.34,2.0965,3,4
c1c(Cl)cc(F)c(c1)Cn1c(nc2ccccc21)CO,MOSES sample,8839,290.725,20,38.05,3.3694,3,3
COc1ccc(-c2c3n(ccn2)c(C(=O)NCCCOC)nn3)cc1,MOSES sample,8840,341.371,25,90.64,1.5662,7,3
C(c1cc2[nH]ccc2nc1)(NC(C(=O)N)c1ccccc1)=O,MOSES sample,8841,294.314,22,100.87,1.5193,4,3
C1c2c(nc(s2)CC)CCN1CC(=O)c1c(F)cccc1,MOSES sample,8842,304.39,21,33.2,3.0856,4,3
c1(ccc(cc1)C#N)C(=O)Nc1c(nc(s1)C)CC(=O)OC,MOSES sample,8843,315.354,22,92.08,2.291,4,2
n1ccncc1NCc1nc(-c2cccc(c2)OC)[nH]n1,MOSES sample,8844,282.307,21,88.61,1.8824,5,3
COC(=O)N1CCC(NS(=O)(=O)c2ccc(C)s2)CC1,MOSES sample,8845,318.42,20,75.71,1.56562,3,2
C1CCC(NC(Nc2cc(c(cc2)C(=O)C)C)=O)c2c1occ2,MOSES sample,8846,312.369,23,71.34,3.98972,3,3
Cc1ccc(CN(C)S(=O)(=O)c2ccccc2)o1,MOSES sample,8847,265.334,18,50.52,2.40872,4,2
c1cc(c(c(c1)Cl)C(NC(C)CO)=O)Cl,MOSES sample,8848,248.109,15,49.33,2.104,3,1
C1C(c2cn(nc2)C)Cc2c(c(c(s2)NC(=O)C2CCC2)C#N)C1,MOSES sample,8849,340.452,24,70.71,3.36438,3,4
Cc1ccc2nc(C)c(C)c(C(=O)N3CCC(C)CC3)c2c1,MOSES sample,8850,296.414,22,33.2,4.03216,1,3
n1c(NC(NC(c2cn(nc2C)C)C)=O)c(oc1-c1cccs1)C,MOSES sample,8851,345.428,24,84.98,3.63614,4,3
N(C)(C(=O)CCC(c1ccc2CCCCc2c1)O)C,MOSES sample,8852,261.365,19,40.54,2.4672,4,2
COc1cccc(CNC(=O)C(C)NC(=O)c2cccc(C)c2)c1,MOSES sample,8853,326.396,24,67.43,2.43832,6,2
c1c(c(OC)cc2c1NC(=O)CC2c1nc2c(cccc2)[nH]1)OC,MOSES sample,8854,323.352,24,76.24,3.0542,3,4
C1C(c2c(cccc2)O1)C(=O)NCCC(NCc1ccc(F)cc1)=O,MOSES sample,8855,342.37,25,67.43,2.1244,6,3
CS(=O)(N1CCCN(CC1)Cc1nnnn1C1CC1)=O,MOSES sample,8856,300.388,20,84.22,-0.5247,4,3
C(c1c(O)c(Cl)cc(-c2nc(CCC)[nH]c2)c1)O,MOSES sample,8857,266.728,18,69.14,2.8805,4,2
c1(cnc2n(C)c(n(C)c(=O)c2c1)=O)C(NCc1sccc1)=O,MOSES sample,8858,330.369,23,85.99,0.6237,3,3
c1ccccc1-c1nnc(-c2c(cccc2)C(C)=O)s1,MOSES sample,8859,280.352,20,42.85,4.0747,3,3
C1CN(CCO1)CCNc1ncnc2c1c(c(s2)C(OCC)=O)C,MOSES sample,8860,350.444,24,76.58,1.92052,6,3
S(=O)(N1CCCC1c1nc(ccc1)Nc1nccnc1)(=O)C,MOSES sample,8861,319.39,22,88.08,1.7117,4,3
Cc1cnc(C(=O)NCc2nc3ccccc3n2C)cn1,MOSES sample,8862,281.319,21,72.7,1.60172,3,3
C(CCc1nccs1)NC(C)c1ccc(cc1)Cl,MOSES sample,8863,280.824,18,24.92,4.0799,6,2
CCCCS(=O)(=O)N1CCN(S(=O)(=O)c2cccnc2)CC1,MOSES sample,8864,347.462,22,87.65,0.5178,6,2
C(c1ccc(Cl)cc1)(=O)NCCNC(=O)N1C(COCC1)C1CC1,MOSES sample,8865,351.834,24,70.67,1.8902,5,3
C1(CCC1)Oc1cc(ccn1)C(=O)NC(C#N)c1ccccc1F,MOSES sample,8866,325.343,24,75.01,3.14668,5,3
CCc1sc(CNc2cn(-c3ccccc3)nc2)nn1,MOSES sample,8867,285.376,20,55.63,2.8983,5,3
c1(ccc(F)c(c1)F)NCC(N(C)Cc1ccccc1)=O,MOSES sample,8868,290.313,21,32.34,3.0353,5,2
c1c(ccc(c1)C(=O)Nc1c(N)cc(cc1)Cl)F,MOSES sample,8869,264.687,18,55.12,3.3136,2,2
N(C(Nc1cc(ccc1)NC(C)=O)=O)(CCO)C1CC1,MOSES sample,8870,277.324,20,81.67,1.6336,5,2
C=CCNC(=O)Nc1ccc(N(C)C(=O)OC)cc1,MOSES sample,8871,263.297,19,70.67,2.1967,4,1
c1(ccc(C)cc1)CNC(=O)NCC(N1C(CCCC1)C)=O,MOSES sample,8872,303.406,22,61.44,2.19522,4,2
c1(n(nc(C)c1CCN(C(COC)=O)Cc1ccsc1)C)C,MOSES sample,8873,321.446,22,47.36,2.31614,7,2
c1nc(-c2ccc(Cl)cc2)ncc1C(=O)NCc1csc(n1)C,MOSES sample,8874,344.827,23,67.77,3.49192,4,3
c1(ccc(c(c1)OC)S(=O)(NC(C)(C)C)=O)N,MOSES sample,8875,258.343,17,81.42,1.3542,3,1
CC(=O)Nc1ccc(C(=O)OCC(=O)Nc2ccccc2F)cc1,MOSES sample,8876,330.315,24,84.5,2.5796,5,2
c1cc(ccc1C)COc1coc(C(=O)Nc2nncs2)cc1=O,MOSES sample,8877,343.364,24,94.32,2.63102,5,3
c1(C)c(cc(n1C1CC1)-c1cc2c(OCO2)cc1)C(C)=O,MOSES sample,8878,283.327,21,40.46,3.72972,3,4
c1(n(nc(c1)C)C1CCN(C(c2cccs2)=O)C1)C,MOSES sample,8879,275.377,19,38.13,2.64864,2,3
c1cc(C(NCCC(C)C)=O)ccc1-c1ocnc1,MOSES sample,8880,258.321,19,55.13,3.1175,5,2
c1ccc(OCc2nn(CCO)c(c2)N)c(C)c1C,MOSES sample,8881,261.325,19,73.3,1.65344,5,2
c1(c2c(C(NS(C(C)C)(=O)=O)CC2)ccc1)O,MOSES sample,8882,255.339,17,66.4,1.7073,3,2
Cc1csc(C2CCCCN2C(=O)CCCc2ccccn2)n1,MOSES sample,8883,329.469,23,46.09,3.92302,5,3
C1Cc2c(ccc(NC(=O)COc3ccc(F)cc3F)c2)N1C(=O)C,MOSES sample,8884,346.333,25,58.64,2.8913,4,3
C1N(c2ccccc2C)CCN(C1)C(=O)C(C)Oc1cc(C#N)ccc1,MOSES sample,8885,349.434,26,56.57,2.9828,4,3
CC(C)(CC(=O)N1CCCN(C(C)=O)CC1)c1ccc(Cl)cc1,MOSES sample,8886,336.863,23,40.62,3.0885,3,2
O=C(c1c[nH]nc1-c1ccc(Cl)cc1)N1CCC2(CCO2)CC1,MOSES sample,8887,331.803,23,58.22,3.1252,2,4
n1c2CCCCn2c(CNC(=O)N2CCC(CC2c2ccco2)C)n1,MOSES sample,8888,343.431,25,76.19,2.8902,3,4
o1cnc2c1ccc(c2)NC(c1cc2c(ccn(c2=O)C(C)C)n1C)=O,MOSES sample,8889,350.378,26,82.06,3.3144,3,4
NC(=O)C(NC(c1ccn(c(c1)=O)C)=O)C(C)CC,MOSES sample,8890,265.313,19,94.19,0.0151,5,1
CCC(=O)NC(c1ccccc1)c1cccc(S(C)(=O)=O)c1,MOSES sample,8891,317.41,22,63.24,2.7057,5,2
O=C1CN(S(=O)(=O)c2cc(F)cc(F)c2)CCN1,MOSES sample,8892,276.264,18,66.48,0.0853,2,2
c12c(nc(c([nH]2)=O)C(OC)=O)cc(Br)cc1,MOSES sample,8893,283.081,16,72.05,1.4722,1,2
C(=O)(N1CCCC1C(n1c2ccccc2nn1)=O)c1ccccc1C,MOSES sample,8894,334.379,25,68.09,2.68472,2,4
CNc1snc(C)c1C(=O)Nc1cccc(N2CCNC2=O)c1,MOSES sample,8895,331.401,23,86.36,2.27512,4,3
Cn1ncc(c1)CN(C(Cn1nc(N)nc1)=O)C,MOSES sample,8896,249.278,18,94.86,-0.7476,4,2
n1(-c2cc(ccc2C)C)nnnc1-c1ccc(N)cc1,MOSES sample,8897,265.32,20,69.62,2.52834,2,3
n1(c(N)nnc1SCC(Nc1cnccc1)=O)CC,MOSES sample,8898,278.341,19,98.72,1.006,5,2
n1(CC(NC(C)c2ccccc2)=O)c(c2c(sc(c2)C)nc1)=O,MOSES sample,8899,327.409,23,63.99,2.64382,4,3
C1CN(C(=O)CNc2c(c(ccc2)F)F)c2ccccc12,MOSES sample,8900,288.297,21,32.34,2.966,3,3
C1N(C(=O)CNC(N)=O)CCc2ccc(Br)cc12,MOSES sample,8901,312.167,18,75.43,1.0021,2,2
c1ccc2c(n1)c(cc(c2)F)CNc1cn(nc1)C,MOSES sample,8902,256.284,19,42.74,2.7195,3,3
O=C(COc1ccc(Cl)cc1C(N)=O)NCC=C,MOSES sample,8903,268.7,18,81.42,1.1199,6,1
c1(NC(=O)c2nc(NC(=O)C3CC3)sc2)ccncc1,MOSES sample,8904,288.332,20,83.98,2.1389,4,3
O=c1n(CC(N(CC(OCC)=O)CC)=O)cnc2c1ccs2,MOSES sample,8905,323.374,22,81.5,0.8696,6,2
O=S(=O)(c1ccc(C(N)=O)cc1)N1CC(c2onc(C)n2)C1,MOSES sample,8906,322.346,22,119.39,0.26502,4,3
o1c2cc(ccc2nc1)C(=O)Nc1c(oc2c(cccc2c1)OC)=O,MOSES sample,8907,336.303,25,94.57,3.1951,3,4
Cc1ccc(S(=O)CC(c2ccccc2)=O)cc1C,MOSES sample,8908,272.369,19,34.14,3.29394,4,2
C1C2(C(OCC)CCCN2)CCN(Cc2ccsc2)C1,MOSES sample,8909,294.464,20,24.5,2.8712,4,3
c1nc(CNC(c2c(n3c(nc2)scc3)=O)=O)c(C)cc1,MOSES sample,8910,300.343,21,76.36,1.38942,3,3
O=C(Cn1cc(Cl)cn1)c1c[nH]c2ccccc12,MOSES sample,8911,259.696,18,50.68,2.9007,3,3
Cc1cccc(c1)-n1c(cc(-c2c(C)cc(O)cc2)n1)N,MOSES sample,8912,279.343,21,64.07,3.44394,2,3
C1CN(C(CO1)C1CC1)C(C(C)Oc1cccc(c1)Cl)=O,MOSES sample,8913,309.793,21,38.77,2.7447,4,3
O=S(=O)(Cc1cccc(F)c1)N1CCCCC1,MOSES sample,8914,257.33,17,37.38,2.1414,3,2
c1(ccc(nc1)OC)C(Nc1cc(ccc1)S(=O)(=O)N)=O,MOSES sample,8915,307.331,21,111.38,0.9899,4,2
CC(C)C(=O)Nc1ccc(N2CC(C(N)=O)CC2=O)cc1,MOSES sample,8916,289.335,21,92.5,1.1193,4,2
C1C(C)CCN(C(=O)c2ccc3n(c2)c(nn3)CCc2ccccc2)C1,MOSES sample,8917,348.45,26,50.5,3.3866,4,4
C(c1cccc(F)c1)C(Nc1nnc(CSc2ccccc2)o1)=O,MOSES sample,8918,343.383,24,68.02,3.6822,6,3
c1ccc2C(CC(=O)NCCOc3c(cccc3C)C)OC(c2c1)=O,MOSES sample,8919,339.391,25,64.63,3.10024,6,3
n1(nc(cc1)NCCC(N(C(C)C)C)=O)-c1c(cccn1)Cl,MOSES sample,8920,321.812,22,63.05,2.5895,6,2
c1(C(C)C)cnc(COc2ccc(cc2)C(C)O)o1,MOSES sample,8921,261.321,19,55.49,3.4303,5,2
c1cc(ccc1Sc1ccccc1)C(=O)NC(C(NCC)=O)C,MOSES sample,8922,328.437,23,58.2,3.0922,6,2
c1(cc(no1)C(=O)N1CCOCC1)-c1ccc(OC)cc1,MOSES sample,8923,288.303,21,64.8,1.8226,3,3
c1cc(ccc1OCCCN1C(=O)CC(CO)C1)Cl,MOSES sample,8924,283.755,19,49.77,1.9497,6,2
c1c(ccc(OC)c1)C(C(C)C)NC(=O)NCCc1nc(no1)C,MOSES sample,8925,332.404,24,89.28,2.62562,7,2
n1cc(C(=O)OCCCc2sccc2)ccc1N1CCOCC1,MOSES sample,8926,332.425,23,51.66,2.7693,6,3
c1(cc(cc(c1OC)F)NC(=O)NC(C1CC1)(CO)C)F,MOSES sample,8927,300.305,21,70.59,2.2559,5,2
C(NCC1C(C)C1)(NCc1ccc(OC(C)C)cc1)=O,MOSES sample,8928,276.38,20,50.36,2.929,6,2
c1c2cc(CNC(=O)C3COc4ccccc4O3)oc2ccc1,MOSES sample,8929,309.321,23,60.7,2.889,3,4
C(Nc1nc2c(s1)CCC2)(CN1CCOc2c1cc(cc2)F)=O,MOSES sample,8930,333.388,23,54.46,2.6084,3,4
CNC(=O)C(NC(=O)NCc1nc(C2CC2)no1)c1ccccc1,MOSES sample,8931,329.36,24,109.15,1.2335,6,3
Cc1ccc(-c2cn[nH]c2C2CCCN(S(C)(=O)=O)C2)cc1,MOSES sample,8932,319.43,22,66.06,2.52412,3,3
Cc1cc(C)c(S(=O)(=O)NC2CCCC(O)C2)c(C)c1,MOSES sample,8933,297.42,20,66.4,2.19366,3,2
c1cc2OCCOc2cc1CCC(N(C(c1cnccc1)C)CC)=O,MOSES sample,8934,340.423,25,51.66,3.3951,6,3
CCN(c1ccccc1)C(CSc1nccn1C)=O,MOSES sample,8935,275.377,19,38.13,2.5653,5,2
C=CCn1c(SCC(=O)C2CC=CN=2)nnc1-c1c(O)cccc1,MOSES sample,8936,340.408,24,80.37,2.8563,7,3
O=C(NCc1c([nH]c(cc1C)C)=O)c1ccc(OC)c(c1OC)OC,MOSES sample,8937,346.383,25,89.65,1.94754,6,2
C(c1cnc(s1)Cc1cc(OC)c(cc1)OC)(C)=O,MOSES sample,8938,277.345,19,48.42,2.9537,5,2
c1c(CNC(C2(O)CCCC2)=O)cccc1COC(C)(C)C,MOSES sample,8939,305.418,22,58.56,2.923,5,2
C(NC(C)(C)CC)(=O)C1CSc2nccc(n2C1)=O,MOSES sample,8940,281.381,19,63.99,1.27,3,2
CC(C)CNC(=O)c1cc2c(cc1)N(S(=O)(CC)=O)CC2,MOSES sample,8941,310.419,21,66.48,1.7846,5,2
C(=O)(NCC1(c2ccccc2)CC1)NCC1CN2C(CCCC2)CO1,MOSES sample,8942,343.471,25,53.6,2.2707,5,4
CNC(c1cccc(c1)COc1cc(ccc1)NC(=O)OCC)=O,MOSES sample,8943,328.368,24,76.66,3.1936,6,2
O(C)c1cc(C2c3cc(c(cc3CCN2)O)OC)ccc1OC,MOSES sample,8944,315.369,23,59.95,2.6531,4,3
O=C(c1c(n(C)c(C)cc1C)=O)N1CCN(CC1)c1ccc(F)cc1,MOSES sample,8945,343.402,25,45.55,2.10364,2,3
C(CN(C)S(=O)(=O)N(C)Cc1ccccc1)C#N,MOSES sample,8946,267.354,18,64.41,1.20868,6,1
O=C(CCc1ccc2cc[nH]c2c1)NCC1CCCO1,MOSES sample,8947,272.348,20,54.12,2.3957,5,3
c1cccc(c1)CN(C(=O)c1cc(NC(C)=O)ccc1F)C,MOSES sample,8948,300.333,22,49.41,3.0563,4,2
c1(CC(=O)N2CCCC(C2)c2nnc(-c3occc3)o2)ccccc1,MOSES sample,8949,337.379,25,72.37,3.2783,4,4
C1CC(C(N2CC(c3ncccc3)C2)=O)CCN1C(=O)c1occc1,MOSES sample,8950,339.395,25,66.65,2.1528,3,4
Cc1csc(=O)n1CCC(=O)N1CC2CC(O)C(O)CC2C1,MOSES sample,8951,326.418,22,82.77,0.19852,3,3
Cc1cc(Cl)ccc1S(=O)(=O)N1CCOC(C)(C)C1,MOSES sample,8952,303.811,19,46.61,2.44792,2,2
CC(NC(=O)c1occc1CS(=O)(=O)c1ccccc1)C(N)=O,MOSES sample,8953,336.369,23,119.47,0.8571,6,2
Cc1cc(NCc2c[nH]nc2-c2cccnc2)n2ncnc2n1,MOSES sample,8954,306.333,23,96.68,1.82992,4,4
C1C(CCN(C1)C(=O)N(C)C)C(Nc1ccc(cc1OC)OC)=O,MOSES sample,8955,335.404,24,71.11,2.0359,4,2
CC(CC(=O)OCC)CNC(=O)c1cc2c(CCC2)cc1,MOSES sample,8956,289.375,21,55.4,2.4944,6,2
C=CCn1c(C)cc(C(=O)COc2ccc(C(C)=O)cc2C)c1C,MOSES sample,8957,325.408,24,48.3,4.06366,7,2
Cc1cccc(OCCn2nnc(CCCO)c2C)c1,MOSES sample,8958,275.352,20,60.17,1.89884,7,2
n1(c(nc2c1cccc2N)COc1ccccc1)CCO,MOSES sample,8959,283.331,21,73.3,2.1898,5,3
CCc1ncc(C(=O)NCc2cc(Cl)c3c(c2)OCCO3)cn1,MOSES sample,8960,333.775,23,73.34,2.3936,4,3
c1(CCCC(=O)OC)sc(cc1Br)CC,MOSES sample,8961,291.21,15,26.3,3.5687,5,1
COc1c(OCCSc2scnn2)cccc1,MOSES sample,8962,268.363,17,44.24,2.7178,6,2
N#Cc1ccc(cc1)OCCN1CCOCC1C1CC1,MOSES sample,8963,272.348,20,45.49,2.04788,5,3
CC1CN(C(=O)CNC(=O)c2cc(F)cc(F)c2)c2ccccc21,MOSES sample,8964,330.334,24,49.41,2.8449,3,3
c1c2c(ccc1)NC(C(CCC(NCC(C)C)=O)C2)=O,MOSES sample,8965,274.364,20,58.2,2.3498,5,2
O=C(NC1CCCC1)C(Sc1nnc(-c2ccncc2)o1)C,MOSES sample,8966,318.402,22,80.91,2.671,5,3
Cc1c(cco1)-c1nc(NCCc2c[nH]c3c2cccc3)[nH]n1,MOSES sample,8967,307.357,23,82.53,3.50902,5,4
C(C)Sc1cc(ccn1)C(=O)N(C)c1ccccc1S(=O)(=O)C,MOSES sample,8968,350.465,23,67.34,2.8737,5,2
c1c(S(=O)(C)=O)c(NC(c2cc(F)ccc2F)=O)ccc1,MOSES sample,8969,311.309,21,63.24,2.6206,3,2
c1c(cc(c(c1)C)N)-c1sc(C)nc1C(C)O,MOSES sample,8970,248.351,17,59.14,3.06244,2,2
O=C1CNc2c(cc(cc2)Br)N1CCC(C)C,MOSES sample,8971,297.196,17,32.34,3.2537,3,2
CS(=O)(=O)c1ccc(-n2ncc3c2CCCC32CC(N2)=O)cc1,MOSES sample,8972,331.397,23,81.06,1.3273,2,4
c1csc(CCSc2nnc(NCC3CCCO3)s2)c1,MOSES sample,8973,327.5,20,47.04,3.5253,7,3
n1cn(CC(O)c2ccc(CCC)cc2)c(c2c1scc2)=O,MOSES sample,8974,314.41,22,55.12,3.1441,5,3
C12(N(CCO)Cc3ccc(OC)c(c13)OC)CCCC2,MOSES sample,8975,277.364,20,41.93,2.281,4,3
CC(=O)NCCNC(=O)NC1CCCc2occc21,MOSES sample,8976,265.313,19,83.37,1.0923,4,2
[nH]1nc(NC(c2ccc(cc2)-n2nncc2)=O)cc1-c1ccncc1,MOSES sample,8977,331.339,25,101.38,2.3047,4,4
O=C(C(C)n1cc(CO)c2c1cc(cc2)O)OCCOC,MOSES sample,8978,293.319,21,80.92,1.5898,6,2
C(Nc1ccc(cc1)CC#N)(=O)c1c2ccccc2[nH]n1,MOSES sample,8979,276.299,21,81.57,2.88128,3,3
n1cc(Oc2c(C)cccc2C)ccc1NC(=O)NCc1n(ncn1)C,MOSES sample,8980,352.398,26,93.96,2.94094,5,3
CC1(OC2C(OCC2O1)n1cnc2c1c([nH]c(n2)N1CCCC1)=O)C,MOSES sample,8981,347.375,25,94.5,0.7687,2,5
COc1ccccc1NC(=O)CCC1Cc2ccccc2NC1=O,MOSES sample,8982,324.38,24,67.43,3.2249,5,3
C1CCc2oc3c(c2C1)cc(OCC(OC)=O)cc3,MOSES sample,8983,260.289,19,48.67,2.8634,3,3
C(Oc1cc2c(OC(c3ccccc3)C2NC(=O)C)cc1)C,MOSES sample,8984,297.354,22,47.56,3.3962,4,3
C1(=O)C(N(C(=O)c2ccccc2N1)CC(F)(F)F)C(C)C,MOSES sample,8985,300.28,21,49.41,2.6678,2,2
c12c(cccc1)c(C(=O)NC1CCN(C(=O)OC)CC1)cs2,MOSES sample,8986,318.398,22,58.64,2.8619,2,3
C(NCC1CCN(CC1)C(CCn1cncn1)=O)(=O)c1occc1,MOSES sample,8987,331.376,24,93.26,0.9298,6,3
C1N(c2ccccc2NC1=O)C(c1cc2[nH]c(c(=O)n(c2cc1)C)=O)=O,MOSES sample,8988,350.334,26,104.27,0.8257,1,4
O=C(OCC1CCCCO1)c1cccc(-c2noc(C3CC3)n2)c1,MOSES sample,8989,328.368,24,74.45,3.3399,5,4
c1cc2oc(C(=O)NCc3ccccc3Br)cc2nc1,MOSES sample,8990,331.169,20,55.13,3.5203,3,3
CC(N(C)C(NCc1ccc(cc1)F)=O)c1cccnc1,MOSES sample,8991,287.338,21,45.23,3.1233,4,2
Clc1c(N2C(CCC2)c2ccncc2)nccc1,MOSES sample,8992,259.74,18,29.02,3.4715,2,3
Cc1cc(N2CC(CC(C)C2)C)n2c(n1)c(c(C)n2)C#N,MOSES sample,8993,283.379,21,57.22,2.70012,1,3
C1COC(CCOC)CN1c1sc2c(ccc(c2n1)C)OC,MOSES sample,8994,322.43,22,43.82,2.85502,5,3
CNC(CN(C)C(c1c(N)c(ns1)-c1cccc(c1)F)=O)=O,MOSES sample,8995,322.365,22,88.32,1.3494,4,2
O=c1ccc(C(=O)Nc2sc3c(CCCC3)c2C#N)c[nH]1,MOSES sample,8996,299.355,21,85.75,2.43918,2,3
N(C(=O)COC(c1cscn1)=O)c1ccccc1OC,MOSES sample,8997,292.316,20,77.52,1.9472,5,2
C(c1ccc(cc1)N(C(=O)c1nc(C)ccc1)C(C)C)(OC)=O,MOSES sample,8998,312.369,23,59.5,3.23182,4,2
O(Cc1nc(sc1-c1nnc(s1)NC)-c1ccccc1C)C,MOSES sample,8999,332.454,22,59.93,3.82512,5,3
O=C(NCc1csc(C2CC2)n1)c1csc(-c2ccco2)n1,MOSES sample,9000,331.422,22,68.02,3.667,5,4
c1cc2c(cc1)c(=O)c(c1c(cc(OC)c(OC)c1O)n2C)C#N,MOSES sample,9001,,,,,,
c1ccc(CNCC(c2c(C)cc(c(C)c2)OCC)=O)cn1,MOSES sample,9002,298.386,22,51.22,3.06964,7,2
c1(c(F)cccc1)CNC(=O)C1CCN(CC1)c1ccc(C)c(c1)F,MOSES sample,9003,344.405,25,32.34,3.80602,4,3
C1C(C(C(OC)=O)CN1Cc1n2c(nc1C)ccc(Cl)c2)F,MOSES sample,9004,325.771,22,46.84,2.23902,3,3
Cc1nc(-c2ccccn2)[nH]c(=O)c1CC(=O)NC1CC(C)(C)OC1,MOSES sample,9005,342.399,25,96.97,1.36652,4,3
Clc1c(ncc(C(N)=O)c1)-n1nc(cc1C)C,MOSES sample,9006,250.689,17,73.8,1.63644,2,2
o1c(nc2cccnc12)-c1ccc(cc1)NC(=O)c1cocc1,MOSES sample,9007,305.293,23,81.16,3.7351,3,4
N(C(c1c(c(ccc1)OC)F)=O)c1cccc(c1F)F,MOSES sample,9008,281.233,20,38.33,3.3648,3,2
c1c(ccc(c1Cl)OC(C)C)C(C(F)(F)F)N,MOSES sample,9009,267.678,17,35.25,3.6893,3,1
n1c(c(c(n1C)-n1cccc1)CNc1nnc(C2CC2)s1)C,MOSES sample,9010,314.418,22,60.56,2.86022,5,4
CC(C#N)N1CCN(CC(=O)Nc2ccc3c(c2)OCCO3)CC1,MOSES sample,9011,330.388,24,77.83,0.92598,4,3
COCC1CN(C(=O)c2cnc3ccccc3n2)Cc2ccnn2C1,MOSES sample,9012,337.383,25,73.14,1.7449,3,4
Cc1ccc(NC(=O)C23CCC(C)(C(=O)O2)C3(C)C)c(F)c1,MOSES sample,9013,305.349,22,55.4,3.19452,2,3
C(N1CCN(CC1)Cc1nc(C)on1)(COc1c(C)cc(C)cc1)=O,MOSES sample,9014,344.415,25,71.7,1.71806,5,3
c1(COc2ccc(CO)cc2Br)nc(oc1)-c1ccco1,MOSES sample,9015,350.168,21,68.63,3.7684,5,3
O=C(C(C)Oc1cc(C)ccc1C)N1CCCCC1,MOSES sample,9016,261.365,19,29.54,3.08324,3,2
c1(c(NC(c2onc(c2)C)=O)cc(cc1)NC(=O)C)C,MOSES sample,9017,273.292,20,84.23,2.50214,3,2
c1(ccccn1)COCC1CN(Cc2n(ccn2)C1)Cc1ccncc1,MOSES sample,9018,349.438,26,56.07,2.5219,6,4
c1c(cccc1S(=O)(=O)C)C(=O)Nc1c(O)ccc(C)c1,MOSES sample,9019,305.355,21,83.47,2.35642,3,2
c1c(c(C)ccc1F)C(=O)Nc1cc(ccc1)C(C1CC1)=O,MOSES sample,9020,297.329,22,46.17,3.97912,4,3
N1(CCN(C(=O)c2cn(c(cc2)=O)C)CC1)Cc1cc(C)no1,MOSES sample,9021,316.361,23,71.58,0.63972,3,3
O=S(=O)(c1ccc(F)c(F)c1)N(Cc1ccon1)C1CC1,MOSES sample,9022,314.313,21,63.41,2.3061,5,3
c1(ccccc1C(=O)N)NC(=O)C(Oc1cc(ccc1Cl)C)C,MOSES sample,9023,332.787,23,81.42,3.15332,5,2
c1cc(C#N)cc(c1)C(Nc1cc(ccc1)-n1nnnc1SC)=O,MOSES sample,9024,336.38,24,96.49,2.50818,4,3
c1c(ccc(F)c1)C(=O)NCC1CCN(C(c2cocc2)=O)CC1,MOSES sample,9025,330.359,24,62.55,2.7009,4,3
N#CC(C(=O)c1cc(on1)C)c1nc(C)c(c(n1)C)C,MOSES sample,9026,270.292,20,92.67,2.18836,3,2
c1cc(CN2CCCC(c3n[nH]c(n3)-c3cncn3C)C2)ncc1,MOSES sample,9027,323.404,24,75.52,1.9798,4,4
c1(c(cccc1)NC(COc1cc(NC(=O)C2CC2)ccc1)=O)C,MOSES sample,9028,324.38,24,67.43,3.36102,6,3
C1CN(C(=O)c2c3c(C)noc3nc(c2)C2CC2)CCN1CCO,MOSES sample,9029,330.388,24,82.7,1.15872,4,4
Cc1cccc(C)c1NC(c1ccc(S(C)=O)cc1)=O,MOSES sample,9030,287.384,20,46.17,3.29314,3,2
c1(-c2cnnc(n2)NC2CC2)c(F)ccc(c1)Cl,MOSES sample,9031,264.691,18,50.7,2.9054,3,3
O=C(Nc1ccc2c(c1)C(=O)NCC2)c1ccc(F)c(F)c1,MOSES sample,9032,302.28,22,58.2,2.503,2,3
O=C(Nc1cc(ccc1OC)N)Sc1ccc(cc1)C,MOSES sample,9033,288.372,20,64.35,3.91002,3,2
CSc1ccc(Cl)c(C(=O)NCc2cn[nH]c2)c1,MOSES sample,9034,281.768,18,57.78,2.715,4,2
N(c1ncccn1)C1CCN(CC1)S(c1cc(ccc1C)C)(=O)=O,MOSES sample,9035,346.456,24,75.19,2.35864,4,3
O=C(c1ccoc1)N1CCN(Cc2ccccn2)CC1,MOSES sample,9036,271.32,20,49.58,1.6326,3,3
c1c(nc(C)s1)C(Nc1cnc(cc1)-n1cncc1)=O,MOSES sample,9037,285.332,20,72.7,2.28452,3,3
c1cc(cc(C(N2CC3CCC2C3OCC)=O)c1)OCC(N)=O,MOSES sample,9038,318.373,23,81.86,1.1902,6,3
c1n(ncc1NC(C(Sc1ncccc1)C)=O)CC(F)(F)F,MOSES sample,9039,330.335,22,59.81,2.9597,5,2
c1cccc(c1)CC(NC(=O)c1[nH]nc(c1)C)C1CC1,MOSES sample,9040,269.348,20,57.78,2.46922,5,3
Cc1c(C2N(CCC2)c2nc(nc3c2cnn3C)C)c(n(C)n1)OC,MOSES sample,9041,341.419,25,73.89,2.06374,3,4
c1(N)ccc(-c2n(CC#N)c3c(cc(cc3)O)n2)cc1,MOSES sample,9042,264.288,20,87.86,2.51468,2,3
O=C1c2c(cccc2)CC(=O)N1Cc1ccccc1,MOSES sample,9043,251.285,19,37.38,2.4117,2,3
CC(C)(OC(NCC(N1CCOCC1)c1ccc(OC)cc1)=O)C,MOSES sample,9044,336.432,24,60.03,2.5932,5,2
CNC(=O)c1ccc(Cl)cc1NC(=O)COc1ccc(C)cc1,MOSES sample,9045,332.787,23,67.43,3.02552,5,2
CC(=O)N(C)C1CCN(C(=O)NCCN2CCc3ccccc32)CC1,MOSES sample,9046,344.459,25,55.89,1.7014,4,3
Cn1c2ccccc2c2ccc(NC(=O)c3ccccn3)cc21,MOSES sample,9047,301.349,23,46.92,3.9788,2,4
COc1cccc(C(=O)NC2CCN(c3ncccn3)CC2)c1OC,MOSES sample,9048,342.399,25,76.58,1.8926,5,3
COc1cccc(OCC(=O)NCCc2cc(C)no2)c1,MOSES sample,9049,290.319,21,73.59,1.72932,7,2
O(c1ccc(cc1C(C)=O)F)CC1CCCCO1,MOSES sample,9050,252.285,18,35.53,2.9762,4,2
c1cc(N2CC(CC2=O)C(=O)NC2CCCCC2C)ccc1OC,MOSES sample,9051,330.428,24,58.64,2.743,4,3
O=C(Oc1cccc(c1)C)COc1ccccc1F,MOSES sample,9052,260.264,19,35.53,3.11852,4,2
c1(C(=O)Nc2ccc(OC)nc2)n(C)cc(C(N)=O)c1,MOSES sample,9053,274.28,20,99.24,0.7799,4,2
C(OC)(c1ccc(NC(COc2cc3c(cc(cc3)F)cc2)=O)cc1)=O,MOSES sample,9054,353.349,26,64.63,3.783,5,3
N(c1c(ccc(c1)OC)F)C(c1sc(nc1C)COC)=O,MOSES sample,9055,310.35,21,60.45,2.99792,5,2
N1(C(=O)CCc2nc3c(c(C)c(C)s3)c([nH]2)=O)CCN(CC1)C,MOSES sample,9056,334.445,23,69.3,1.30804,3,3
c1cc(N)cc2c1N(CC(C)N2C)CC(OC(C)COC)=O,MOSES sample,9057,307.394,22,68.03,1.4916,5,2
O=C(Cc1c(cccc1)C)Nc1nc(cs1)-c1ccccn1,MOSES sample,9058,309.394,22,54.88,3.69472,4,3
CC(C)c1nn(C)c(C(N(C)C(C)c2c(F)cccc2)=O)c1,MOSES sample,9059,303.381,22,38.13,3.5158,4,2
C(NCc1ccccn1)(c1c2COCCc2n[nH]1)=O,MOSES sample,9060,258.281,19,79.9,0.8074,3,3
N(CC(Nc1cc(C(N2CCN(C)CC2)=O)ccc1)=O)C(NC)=O,MOSES sample,9061,333.392,24,93.78,-0.0583,4,2
Cc1cccc(-n2nnnc2SCc2noc(C3CC3)n2)c1C,MOSES sample,9062,328.401,23,82.52,2.83184,5,4
CCn1nc(C)c(C(=O)Nc2cc(Cl)ccc2F)c1C,MOSES sample,9063,295.745,20,46.92,3.56464,3,2
CCn1ncc(-c2ccc3c(c2)OCCCO3)c(CC#N)c1=O,MOSES sample,9064,311.341,23,77.14,2.15758,3,3
C1CCN(CCN1c1c(C)cccc1)C(=O)NCC=C,MOSES sample,9065,273.38,20,35.58,2.40272,3,2
c1cccc(C(NC(C)CN2C(CCC2)=O)=O)c1OC(F)(F)F,MOSES sample,9066,330.306,23,58.64,2.3259,5,2
CN(C(c1cc(C)c(NC(N(CC(C)C)C)=O)cc1)=O)C,MOSES sample,9067,291.395,21,52.65,2.81652,4,1
COCC(NC(=O)c1ccc(-n2cc(C)cn2)cc1)C(N)=O,MOSES sample,9068,302.334,22,99.24,0.41082,6,2
C(CSc1cccc(c1)F)(=O)NCc1cn(nn1)-c1ccccc1,MOSES sample,9069,342.399,24,59.81,2.8149,6,3
c1(cc2nnc(n2cc1)C(F)(F)F)C(=O)Nc1c(nsc1C)C,MOSES sample,9070,341.318,23,72.18,3.07374,2,3
C(N(Cc1ccc(cc1)C(=O)NC)C)(c1cnc2ccc(C)cn12)=O,MOSES sample,9071,336.395,25,66.71,2.27452,4,3
N1(C(C(=O)Nc2ccccc2Cl)CCC1)C(CCC)=O,MOSES sample,9072,294.782,20,49.41,3.0696,4,2
Cc1nc(N(C)C)sc1CN1CCCN(c2cccs2)CC1,MOSES sample,9073,336.53,22,22.61,3.29132,4,3
c1c(-c2n(C)cnn2)cc(cc1)NC(c1cn[nH]n1)=O,MOSES sample,9074,269.268,20,101.38,0.8525,3,3
c1cc(F)ccc1Cn1c(=O)cc(C2CCC2)nc1,MOSES sample,9075,258.296,19,34.89,2.6982,3,3
CCC(C)N(CCOC)C(=O)c1cc(F)cc(Br)c1,MOSES sample,9076,332.213,19,29.54,3.4753,6,1
O=C(C1CC1)N1CCCN(c2nc(-c3ccccc3)no2)CC1,MOSES sample,9077,312.373,23,62.47,2.1853,3,4
C1CCCC(OC(c2c3ccccc3[nH]n2)=O)C1=O,MOSES sample,9078,258.277,19,72.05,2.2314,2,3
c12NC(CN3CCCc4cccc(c43)F)=NS(=O)(=O)c2cccc1,MOSES sample,9079,345.399,24,61.77,2.7912,2,4
C1c2ccccc2N(CCNc2nc(N)nc3[nH]cnc23)C1,MOSES sample,9080,295.35,22,95.75,1.4097,4,4
C1N(C)C(C(N(C1)c1cnccn1)c1ccccc1)=O,MOSES sample,9081,268.32,20,49.33,1.4963,2,3
c12ncnc(c1CN(CC2)C(c1c(=O)[nH]ccc1)=O)-c1ccccc1,MOSES sample,9082,332.363,25,78.95,2.0304,2,4
O=C(c1cc(NC(c2cc(nc3c2c(nn3C)C)C)=O)c[nH]1)OC,MOSES sample,9083,327.344,24,101.9,1.95214,3,3
c1cc(C(N)=O)cs1,MOSES sample,9084,127.168,8,43.09,0.847,1,1
c1(cc(c(cc1)CCNC(=O)c1cn(CC)nc1)C)F,MOSES sample,9085,275.327,20,46.92,2.32302,5,2
c1(cc(C(F)(F)F)c(nc1)N)OC1CCCCC1,MOSES sample,9086,260.259,18,48.14,3.3941,2,2
COC(=O)NCC(=O)Nc1ncc(Cc2ccc(C)cc2)s1,MOSES sample,9087,319.386,22,80.32,2.33682,5,2
c1(CC(=O)Nc2c(C(=O)OCC)c3c(s2)CCCC3)onc(C)c1,MOSES sample,9088,348.424,24,81.43,3.28122,5,3
O(CC)C(=O)CCNC(c1ccc(cc1O)C)=O,MOSES sample,9089,251.282,18,75.63,1.38362,5,1
n1(cnnc1)-c1c(C(Nc2ccc(c3c2[nH]nc3)C)=O)cccc1,MOSES sample,9090,318.34,24,88.49,2.70432,3,4
CCC1(CNC(=O)NCc2ccc(Cn3cncn3)cc2)CCC1,MOSES sample,9091,327.432,24,71.84,2.7059,7,3
c1cc2c(c(nn2-c2cc(Cl)cc(Cl)c2)C(=O)NCC=C)nc1,MOSES sample,9092,347.205,23,59.81,3.6431,4,3
O=S(=O)(NCc1cnn2ccccc12)N1CCOCC1,MOSES sample,9093,296.352,20,75.94,0.0009,4,3
COc1cc(OC)cc(C(=O)NCC(O)c2ccc(F)cc2)c1,MOSES sample,9094,319.332,23,67.79,2.3063,6,2
C(CNC(=O)Nc1cc2CN(S(=O)(CC)=O)CCc2cc1)C(C)C,MOSES sample,9095,353.488,24,78.51,2.562,6,2
O=C(Cc1ccc2c(c1)OCC2)NCCC(O)c1ccco1,MOSES sample,9096,301.342,22,71.7,1.9969,6,3
Cc1nc2n(nc(SC(C)C(=O)NCC(F)(F)F)n2)c(c1)C,MOSES sample,9097,333.339,22,72.18,1.90024,4,2
c1cc(ccc1CN(CCOC)C(c1c[nH]c(=O)cc1)=O)-n1nccc1,MOSES sample,9098,352.394,26,80.22,1.8494,7,3
CC(C)CC(C(=O)N(C)C)NC(Cc1ccccc1)=O,MOSES sample,9099,276.38,20,49.41,1.8482,6,1
CCc1ccc(C(=O)CCC(=O)Nc2cc(C)nn2C)cc1,MOSES sample,9100,299.374,22,63.99,2.89252,6,2
COc1cccc(CC(=O)Nc2ccc(C(=O)NCC(N)=O)cc2)c1,MOSES sample,9101,341.367,25,110.52,1.0915,7,2
C1N(C(c2ccc(-c3ccccc3)cc2)=O)CC1C(=O)N,MOSES sample,9102,280.327,21,63.4,1.9109,3,3
N(C(=O)C1CSc2nccc(=O)n2C1)CCc1ccc(F)cc1,MOSES sample,9103,333.388,23,63.99,1.4632,4,3
C(CNC(c1ccc(cc1)F)=O)(NCCOc1ccccc1)=O,MOSES sample,9104,316.332,23,67.43,1.7507,7,2
n1c(noc1CN(Cc1cccc(c1)C(=O)NC1CCCC1C)C)C,MOSES sample,9105,342.443,25,71.26,2.92842,6,3
c1cc(c(C(C)=O)cc1S(=O)(NCCOC)=O)Cl,MOSES sample,9106,291.756,18,72.47,1.4673,6,1
C(OCC)(c1c(C)c(C(NC(C)CC)=O)c(n1C)C)=O,MOSES sample,9107,280.368,20,60.33,2.34694,5,1
c1c(onc1C)CC1C(COC1)NC(Cn1nnnc1)=O,MOSES sample,9108,292.299,21,107.96,-0.65658,5,3
Fc1cc(CN(C(=O)CN(C)S(=O)(=O)C)C2CC2)ccc1,MOSES sample,9109,314.382,21,57.69,1.2081,6,2
c1cc(nc(c1)C(=O)Nc1sc(C)c(n1)C)-n1cccn1,MOSES sample,9110,299.359,21,72.7,2.59294,3,3
C(NC(CNC(=O)c1c2ccccc2ccn1)=O)c1cccnc1,MOSES sample,9111,320.352,24,83.98,1.676,5,3
N1(CCN(CC1)S(=O)(=O)N(C)C)C(=O)COc1cccc(c1)C,MOSES sample,9112,341.433,23,70.16,0.32442,5,2
O=C(OCC)c1c(C)coc1N1CCN(C(OCC)=O)CC1,MOSES sample,9113,310.35,22,72.22,2.04322,4,2
COC(=O)CC(C(=O)c1cccs1)N1CCOCC1,MOSES sample,9114,283.349,19,55.84,1.1947,5,2
c1(cc(Cl)ccc1-c1cc(COC(=O)c2nccnc2)no1)Cl,MOSES sample,9115,350.161,23,78.11,3.7954,4,3
C1(c2ccc(cc2)Cl)(CC1)C(NC(C)(C)C#N)=O,MOSES sample,9116,262.74,18,52.89,2.78998,3,2
Cc1nc(C(=O)Nc2cc(F)c(F)c(F)c2)cs1,MOSES sample,9117,272.251,18,41.99,3.12112,2,2
c1cc(CNC(C(CC)CC)C(N)=O)cc(OC)c1,MOSES sample,9118,264.369,19,64.35,2.0749,8,1
c1c(ccc(NC(=O)N(Cc2nccn2C(F)F)C)c1)S(C)=O,MOSES sample,9119,342.371,23,67.23,2.6795,5,2
c1(ccc2c(c1NCC(=O)NC(C1CC1)(C#N)C)nccc2)Cl,MOSES sample,9120,328.803,23,77.81,3.10858,5,3
N(S(=O)(=O)Nc1ccc2CCc3cccc1c32)CC,MOSES sample,9121,276.361,19,58.2,2.2046,4,3
COc1ccc(C2CC(=O)c3cnc4cc(C)nn4c3C2)cc1,MOSES sample,9122,307.353,23,56.49,2.95902,2,4
c1ccsc1CCNc1ccc(cc1)C(NCC)=O,MOSES sample,9123,274.389,19,41.13,3.1524,6,2
C(NC(Nc1ccncc1F)=O)c1c(OC2CCCC2)nccc1,MOSES sample,9124,330.363,24,76.14,3.2588,5,3
c1nn(C)cc1CNC(c1oc(nn1)-c1ccc(cc1)F)C,MOSES sample,9125,301.325,22,68.77,2.46,5,3
c1(c(Cc2ccc(cc2)OC)nc(OC)nc1)C(=O)OCC,MOSES sample,9126,302.33,22,70.54,2.2613,6,2
C(F)(F)Oc1ccc(cc1)NC(NCC(c1ccc(C)o1)O)=O,MOSES sample,9127,326.299,23,83.73,3.04452,6,2
c1(NC(CNC(=O)c2oc(C)cc2)=O)cc(-c2cccs2)n[nH]1,MOSES sample,9128,330.369,23,100.02,2.40812,5,3
c1c(NC(CSc2nncn2C2CC2)=O)ccc(OC)c1Cl,MOSES sample,9129,338.82,22,69.04,3.0058,6,3
CC(OCc1ccccc1)C(=O)Nc1cccc(N)c1,MOSES sample,9130,270.332,20,64.35,2.8126,5,2
c1c(ccc(C(NCC(C)(C)c2ccncc2)=O)c1)N1CCCCC1=O,MOSES sample,9131,351.45,26,62.3,3.3061,5,3
C(CCSc1nnnn1C)(=O)Nc1cccc(CC)c1,MOSES sample,9132,291.38,20,72.7,1.8934,6,2
CCCC(=O)Nc1ccc(NC(=O)Nc2cccnc2)cc1,MOSES sample,9133,298.346,22,83.12,3.4642,5,2
c1(C(NC(=O)CC2CCCC2)C)c(ccc(c1)OC)OC,MOSES sample,9134,291.391,21,47.56,3.4613,6,2
S(=O)(=O)(NC1CCN(CC1)C(c1cc(ccc1)-c1cocc1)=O)C,MOSES sample,9135,348.424,24,79.62,2.1004,4,3
n1cc(ccn1)C(NC(C(NCc1sc(CC)cc1)=O)C(C)C)=O,MOSES sample,9136,346.456,24,83.98,2.1713,7,2
c1(c(c(CC)on1)CNC(c1ncccc1)=O)CC,MOSES sample,9137,259.309,19,68.02,2.1244,5,2
OCC(c1n(c2c(cccc2)n1)CC)Nc1ccc(cc1)C(OC)=O,MOSES sample,9138,339.395,25,76.38,2.9883,6,3
c1n(nc2C(NC(c3sc(cc3)C)=O)CCCc12)C1CCCC1,MOSES sample,9139,329.469,23,46.92,4.17552,3,4
CC(=O)N1CCCN(C(=O)CCCc2c[nH]c3ccccc23)CC1,MOSES sample,9140,327.428,24,56.41,2.5714,4,3
c1c(F)cc(c2c1c(ccn2Cc1ccc(cc1)F)=O)F,MOSES sample,9141,289.256,21,22,3.4671,2,3
Fc1ccc(cc1)NC(Cc1ccc(c(OC)c1)OC)=O,MOSES sample,9142,289.306,21,47.56,3.0241,5,2
c1(cccc2C(CC(NCC=C)=O)CC(=O)c21)Cl,MOSES sample,9143,263.724,18,46.17,2.7023,4,2
CNc1snc(C)c1C(=O)Nc1cn(C)c(=O)cc1C,MOSES sample,9144,292.364,20,76.02,1.75264,3,2
Cc1ccc(C(=O)N2CCC(OCc3ccccc3F)CC2)c(=O)[nH]1,MOSES sample,9145,344.386,25,62.4,2.64382,4,3
CC1CCc2c(sc3nc(COC(=O)C4CCC4)[nH]c(=O)c23)C1,MOSES sample,9146,332.425,23,72.05,2.9527,3,4
Fc1ccccc1C=Cc1onc(-c2ccc(C#N)cn2)n1,MOSES sample,9147,292.273,22,75.6,3.31278,3,3
c1c(OCC(NCc2ccccc2)=O)c(Cl)cc(c1)F,MOSES sample,9148,293.725,20,38.33,3.1743,5,2
CC(O)CNC(=O)CSc1ccc2ccccc2c1,MOSES sample,9149,275.373,19,49.33,2.4289,5,2
O(c1c(C(N2CCOC3CCCCC23)=O)cc2c(c1)cccc2)C,MOSES sample,9150,325.408,24,38.77,3.632,2,4
c1(N)c(nnn1Cc1ccc(cc1)OC)-c1ccc(cc1)C,MOSES sample,9151,294.358,22,65.96,2.89262,4,3
c1c(cccc1)C(NC(CC(C)C)C(Nc1sc(cn1)C)=O)=O,MOSES sample,9152,331.441,23,71.09,3.23472,6,2
n1(CCCC(N(C)Cc2cnn(C)c2)=O)cc(cn1)S(=O)(N)=O,MOSES sample,9153,340.409,23,116.11,-0.2972,7,2
CN1CCN(C2CCN(S(=O)(=O)Cc3ccccc3)CC2)C1=O,MOSES sample,9154,337.445,23,60.93,1.3482,4,3
C(N(C1CC1)C(Cc1c2c(c(ccc2)N)[nH]c1)=O)CO,MOSES sample,9155,273.336,20,82.35,1.2759,5,3
C(NC(CN(c1ccccc1)C)=O)c1ccoc1,MOSES sample,9156,244.294,18,45.48,2.0322,5,2
CCc1nnc(Oc2ccc(OC(=O)C(C)C)cc2)cc1,MOSES sample,9157,286.331,21,61.31,3.3927,5,2
c1ccc(-c2csc(S(=O)(=O)Cc3coc(n3)C)n2)cc1,MOSES sample,9158,320.395,21,73.06,3.08042,4,3
NC(=O)NCCCCC(=O)N1CCCC1c1ccc[nH]1,MOSES sample,9159,278.356,20,91.22,1.5168,6,2
c1(CN(Cc2cnc(C)n2-c2ccccc2)C)sc(C)nc1,MOSES sample,9160,312.442,22,33.95,3.57764,5,3
Cc1ccc(cc1)Cn1nnc(C(Nc2ncccc2C)=O)c1,MOSES sample,9161,307.357,23,72.7,2.59054,4,3
NC(=O)CCOc1ccc(NC(=O)NC2C=CCCC2)cc1,MOSES sample,9162,303.362,22,93.45,2.171,6,2
N1(CCC(c2ccc(cc2)O)CC1)c1cc(=O)n2ccccc2n1,MOSES sample,9163,321.38,24,57.84,2.7841,2,4
C(c1c(nc(C)[nH]c1=O)C)COc1ccc(cc1)C,MOSES sample,9164,258.321,19,54.98,2.31666,4,2
O=C(CN1CCOC1=O)NCc1ccc(OC2CCCC2)nc1,MOSES sample,9165,319.361,23,80.76,1.4714,6,3
C1N(C(CNC(NCc2ccc(C)cc2)=O)=O)Cc2ccccc2C1,MOSES sample,9166,337.423,25,61.44,2.37912,4,3
COc1cc(c(S(=O)(N(C2CC2)C)=O)cc1)F,MOSES sample,9167,259.302,17,46.61,1.6172,4,2
c12c(nc([nH]c1=O)C(N1CCN(CC1)C(OCC)=O)C)cccc2,MOSES sample,9168,330.388,24,78.53,1.7582,3,3
C(CC1CCCCC1)(N1CCC(C(=O)NCCCC)CC1)=O,MOSES sample,9169,308.466,22,49.41,3.1117,6,2
C(C)(C)NC(CCc1nc(-c2cc(OC)c(OC)cc2)no1)=O,MOSES sample,9170,319.361,23,86.48,2.211,7,2
c1(ccc(cc1N)CCc1nnc2ccccc2n1)C(C)C,MOSES sample,9171,292.386,22,64.69,3.5156,4,3
CCC1CCCCC1NC(c1nc2nccc(n2n1)C)=O,MOSES sample,9172,287.367,21,72.18,2.13132,3,3
C(CNC(=O)c1cnccn1)(Nc1nccs1)=O,MOSES sample,9173,263.282,18,96.87,0.3016,4,2
c1(COCc2ccc3OCCOc3c2)n(C2CC2)nnn1,MOSES sample,9174,288.307,21,71.29,1.496,5,4
Cc1c(cccc1C)OCc1cc(n(n1)CCO)N,MOSES sample,9175,261.325,19,73.3,1.65344,5,2
n1c(ccnc1NCC(NCc1cccnc1)=O)C,MOSES sample,9176,257.297,19,79.8,0.90832,5,2
COCCOC(=O)c1c(NC(C)=O)sc2c1CCCC2,MOSES sample,9177,297.376,20,64.63,2.3885,5,2
O(C)C(=O)CCNC(=O)Nc1noc(-c2ccccc2)c1,MOSES sample,9178,289.291,21,93.46,2.0262,5,2
Fc1cc2c(=O)c(C(=O)NC3CCOCC3)cn(CC)c2cc1,MOSES sample,9179,318.348,23,60.33,2.0693,3,3
C1(c2n(nc(c2)CNC(C(C)OCc2cc(ccc2)OC)=O)C)CC1,MOSES sample,9180,343.427,25,65.38,2.5276,8,3
C1C2(CCN(C2)C(=O)c2ccc(OC)cc2)CC1OCC1CC1,MOSES sample,9181,315.413,23,38.77,3.1165,5,4
c1(C)nn2c(c(C#N)cnc2c1C#N)-c1c(F)cccc1,MOSES sample,9182,277.262,21,77.77,2.58718,1,3
COc1cc(C)ccc1NC(=O)CCC(=O)c1cccs1,MOSES sample,9183,303.383,21,55.4,3.66672,6,2
S(c1nc(cnc1)N1Cc2n(c(C(F)(F)F)nn2)CC1)CC,MOSES sample,9184,330.339,22,59.73,2.2191,3,3
c1c(cccc1)Oc1cc(CNc2cnns2)ccc1,MOSES sample,9185,283.356,20,47.04,3.9425,5,3
c1c(OC)cc2sc(NC(c3ncc(C#N)cc3)=O)nc2c1OC,MOSES sample,9186,340.364,24,97.13,2.83248,4,3
C1(OCCC1)CN(C(c1ccsc1)=O)c1ccncc1,MOSES sample,9187,288.372,20,42.43,2.9689,4,3
c1occ(c1)-c1cc(ccc1)C(=O)N1CCCC1C(=O)NC,MOSES sample,9188,298.342,22,62.55,2.2972,3,3
c1c(CN2C(CCC2)c2n(-c3ccccc3)nnn2)c(C#N)ccc1,MOSES sample,9189,330.395,25,70.63,2.87108,4,4
c1(NC(CCc2c(nc(SC)nc2C)C)=O)n[nH]c(C(C)C)n1,MOSES sample,9190,334.449,23,96.45,2.62814,6,2
C1n2c(nnc2C2N(C(CC)=O)CCC2)CCCC1,MOSES sample,9191,262.357,19,51.02,2.078,2,3
c1(ccccc1Cl)Cn1cc(c(n1)N)CCC,MOSES sample,9192,249.745,17,43.84,3.1195,4,2
C(N(CC)C(=O)c1cc(NC(=O)CC)c(C)cc1)C,MOSES sample,9193,262.353,19,49.41,2.82552,5,1
Cc1cc(NC(=O)c2ccccc2SCc2cscn2)n(C)n1,MOSES sample,9194,344.465,23,59.81,3.72962,5,3
c1c(C#N)c(Sc2nnc(Cc3csc(n3)C)o2)ncc1,MOSES sample,9195,315.383,21,88.49,2.8432,4,3
c1ncccc1CNC(=O)c1ccc(-n2c(c(cn2)C(=O)N)C)cc1,MOSES sample,9196,335.367,25,102.9,1.60462,5,3
C1CCCCC1CNC(=O)Cc1nc(on1)-c1c(OC)cccc1,MOSES sample,9197,329.4,24,77.25,2.9842,6,3
Brc1cc(cc(C)c1S(Oc1ccccn1)(=O)=O)C,MOSES sample,9198,342.214,19,56.26,3.22864,3,2
C1CC(CCC1NC(NC(C)C)=O)OC(CC(C)(C)C)=O,MOSES sample,9199,298.427,21,67.43,2.9846,4,1
C(=O)(OCC)c1c(n(nc1)Cc1ccncc1)-c1ccccc1,MOSES sample,9200,307.353,23,57.01,3.1701,5,3
C(CNC(=O)c1ccc(cc1F)F)(OCCO)=O,MOSES sample,9201,259.208,18,75.63,0.2301,5,1
COc1ccc(OCc2nc(C#N)c(NCC3CCCO3)o2)cc1,MOSES sample,9202,329.356,24,89.54,2.72478,7,3
c1c2OCCOc2cc2c1n(c(n2)-c1cccnc1)CCCC#N,MOSES sample,9203,320.352,24,72.96,3.17328,4,4
c1(=O)[nH]c2c(ccc(c2)C(=O)CN2CCc3c2cccc3)[nH]1,MOSES sample,9204,293.326,22,68.96,2.1016,3,4
CN1CCC(N(Cc2ccccc2)c2cc(F)ccc2)C1=O,MOSES sample,9205,298.361,22,23.55,3.063,4,3
C1(c2ncsc2C(=O)NCc2cc(ccc2)OCCOC)CC1,MOSES sample,9206,332.425,23,60.45,2.9757,8,3
CCC(n1c(c(cn1)C(Nc1cc(C)ccn1)=O)C1CC1)C,MOSES sample,9207,298.39,22,59.81,3.68722,5,3
Cc1nc(-c2ccncc2)[nH]c(=O)c1CC(=O)NCCCC(N)=O,MOSES sample,9208,329.36,24,130.83,0.06452,7,2
c1cc(OCC)ccc1-c1nc(cs1)CC(=O)NC(C)C,MOSES sample,9209,304.415,21,51.22,3.2759,6,2
C1CC(N(C(=O)Cc2csc(n2)-n2cccc2)CC1)C,MOSES sample,9210,289.404,20,38.13,2.8773,3,3
c1cscc1-c1nc(cs1)C(=O)N=c1[nH]cc[nH]1,MOSES sample,9211,276.346,18,73.9,2.2689,2,3
Cc1csc(SCC(=O)NC(Cc2ccccc2)C(N)=O)n1,MOSES sample,9212,335.454,22,85.08,1.75642,7,2
c1cccc(c1)-c1nc(sc1)N1CCN(C(C2CC2)=O)CC1,MOSES sample,9213,313.426,22,36.44,2.8687,3,4
c1(sc(-c2nc(no2)-c2c(C)cccc2)cc1N)C,MOSES sample,9214,271.345,19,64.94,3.66414,2,3
c12CCCCC(=O)c1c(C#N)c(s2)NC(=O)CC(C)C,MOSES sample,9215,290.388,20,69.96,3.51348,3,2
c1(C)sc(cn1)CNC(Nc1cc(ccc1OC)C)=O,MOSES sample,9216,291.376,20,63.25,3.09024,4,2
Cc1cc(F)ccc1NC(=O)Cn1ncc(=O)c2ccccc21,MOSES sample,9217,311.316,23,63.99,2.48272,3,3
O=C(OCCn1nc2ccccn2c1=O)c1cccc(-n2cccc2)c1,MOSES sample,9218,348.362,26,70.53,2.1437,5,4
C(C(C#N)c1ncccc1)(=O)c1scnc1C1CC1,MOSES sample,9219,269.329,19,66.64,2.90558,4,3
O(C)c1cccc(c1OC)C(=O)Nc1cc(C(OCC)=O)ccc1,MOSES sample,9220,329.352,24,73.86,3.1328,6,2
CC12CCC(C(=O)Nc3ccc(S(C)(=O)=O)cc3)(CC1=O)C2(C)C,MOSES sample,9221,349.452,24,80.31,2.8141,3,3
N#Cc1cccc(OCCN(CC2CC2)CC#C)c1,MOSES sample,9222,254.333,19,36.26,2.28228,7,2
OCc1nnn(CC(O)CO)c1-c1ccc(Cl)c(Cl)c1,MOSES sample,9223,318.16,20,91.4,1.0974,5,2
C1CC(C)(CO1)CNc1c(CCOC)cnc(C)n1,MOSES sample,9224,265.357,19,56.27,1.81242,6,2
Cc1cc(C)cc(c1)C(Nc1n(C)nc(c1)C(=O)NCC1CCC1)=O,MOSES sample,9225,340.427,25,76.02,2.81914,5,3
c1ccccc1S(=O)(N1CCc2c(ccs2)C1)=O,MOSES sample,9226,279.386,18,37.38,2.4951,2,3
CCOC(C)c1noc(Cn2c(CC)nc3ccccc32)n1,MOSES sample,9227,300.362,22,65.97,3.1275,6,3
c1c(sc(c1)CNC(c1cccc(c1)F)=O)C,MOSES sample,9228,249.31,17,29.1,3.12562,3,2
c1(C(=O)OCC(N2CCOCC2)=O)ccc(cc1)-c1cscn1,MOSES sample,9229,332.381,23,68.73,1.8257,4,3
c12CCCc1c1c(NCCc3ccccc3)ncnc1s2,MOSES sample,9230,295.411,21,37.81,3.8346,4,4
c1(cc(C(N2CC3(CCOCC3)N(C)CC2)=O)ccc1)-n1nccc1,MOSES sample,9231,340.427,25,50.6,1.8091,2,4
c1c(cccc1C(=O)OC(C)C(Nc1ccc(c(OC)c1)OC)=O)O,MOSES sample,9232,345.351,25,94.09,2.5934,6,2
c1nc(C)ccc1-c1nc(OC)cc(OC)c1C#N,MOSES sample,9233,255.277,19,68.03,2.3409,3,2
CCC(C)Oc1ccc(NC(=O)N(C)Cc2c(C)noc2C)cc1,MOSES sample,9234,331.416,24,67.6,4.13264,6,2
CCOC(=O)CCC(=O)N1CCCC1Cc1ccc(C)cc1,MOSES sample,9235,303.402,22,46.61,2.87182,6,2
C1COCCN1C(C)(CC)CNC(=O)c1oc(COC)cc1,MOSES sample,9236,310.394,22,63.94,1.6567,7,2
CN1C(=O)COc2ccc(C(=O)c3cccs3)cc21,MOSES sample,9237,273.313,19,46.61,2.3343,2,3
C1C(C1)c1oc(-c2cccc(NC(c3c[nH]c4c3cccc4)=O)c2)nn1,MOSES sample,9238,344.374,26,83.81,4.3476,4,5
c12cn[nH]c2c(NC(Cc2c3ccccc3n(C)c2)=O)ccc1,MOSES sample,9239,304.353,23,62.71,3.2358,3,4
n1nn(C(C)C)c(n1)SCC(=O)N1CCC(CC1)O,MOSES sample,9240,285.373,19,84.14,0.3294,4,2
c1nc(ccc1)-c1nc(cc(N(CCC(=O)NC)C)n1)C,MOSES sample,9241,285.351,21,71.01,1.41932,5,2
C(n1c2nc3n(cc(C)n3-c3c(Cl)cc(C)cc3)c2c(=O)[nH]c1=O)=C,MOSES sample,9242,355.785,25,77.09,2.49894,2,4
CN(CCCC(=O)Nc1ccc(cc1OC)F)C(OC)=O,MOSES sample,9243,298.314,21,67.87,2.2512,6,1
N(C(=O)CC1(CCCCC1)O)c1c(ccc(OC)c1)OC,MOSES sample,9244,293.363,21,67.79,2.7276,5,2
Cc1ccccc1NC(=O)N1CCN(Cc2c[nH]c(C(N)=O)c2)CC1,MOSES sample,9245,341.415,25,94.46,1.77172,4,3
N(C(C(=O)NCC(C)(c1ccncc1)C)C)C(=O)C,MOSES sample,9246,263.341,19,71.09,1,5,1
Fc1c(C)c(C(Nc2ccc(cc2)N(C)C(OC)=O)=O)ccc1,MOSES sample,9247,316.332,23,58.64,3.58902,3,2
c1c(C(OCC)=O)c(ccc1)NC(c1ccnnc1)=O,MOSES sample,9248,271.276,20,81.18,1.9056,4,2
OCC(C)NC(C(N)c1c(F)ccc(c1)C#N)=O,MOSES sample,9249,251.261,18,99.14,0.19418,4,1
n1c(CN2CCN(C(NCCC)=O)CC2)c(sn1)NC,MOSES sample,9250,298.416,20,73.39,0.817,5,2
c1c2cc(NC(=O)N3CCCCC3CCO)cnc2ccc1,MOSES sample,9251,299.374,22,65.46,3.0036,3,3
C(c1cccc(c1)COc1coc(CO)cc1=O)(=O)OC,MOSES sample,9252,290.271,21,85.97,1.4977,5,2
O=C(NCc1c[nH]c(=O)[nH]c1=O)c1ccc(OCC(F)F)nc1,MOSES sample,9253,326.259,23,116.94,0.0321,6,2
O=C(NCc1cccnc1)NC1CCCc2ccccc21,MOSES sample,9254,281.359,21,54.02,2.9584,3,3
c1cc(OCc2nnc(SCCO)n2C)cc2c1cccc2,MOSES sample,9255,315.398,22,60.17,2.6317,6,3
C(N)(c1c(sc2CCCc21)NC(Cc1cc(ccc1)F)=O)=O,MOSES sample,9256,318.373,22,72.19,2.656,4,3
O(CC(F)F)c1ccc(cn1)C(N1CCN(CC1)CC(O)C)=O,MOSES sample,9257,329.347,23,65.9,0.8641,6,2
c1c(ccc(S(C)(=O)=O)c1)CN(C(=O)Nc1ccc(c(c1)C)C)C,MOSES sample,9258,346.452,24,66.48,3.37084,4,2
C(OC(Cc1c(C)noc1C)=O)COc1ccccc1,MOSES sample,9259,275.304,20,61.56,2.45614,6,2
N1CCN(CC1=O)C(c1noc(-c2ccc(Br)cc2)c1)=O,MOSES sample,9260,350.172,21,75.44,1.6761,2,3
O1Cc2c(CN(C(Cc3ccccc3)=O)C)nn(c2C1)C,MOSES sample,9261,285.347,21,47.36,1.6514,4,3
C1CC2(CCN(C(C)=O)CC2)CCN1C(=O)CCc1ccc(F)cc1,MOSES sample,9262,346.446,25,40.62,3.0094,3,3
C(CO)CNC(=O)c1cc(ccc1Br)F,MOSES sample,9263,276.105,15,49.33,1.7004,4,1
COc1cccc(c1C(=O)Nc1cc(c(F)cc1)N)OC,MOSES sample,9264,290.294,21,73.58,2.6774,4,2
N(C(c1cc2c(ccn2C)cc1)=O)c1ccn(n1)-c1c(Cl)cccn1,MOSES sample,9265,351.797,25,64.74,3.6647,3,4
C(N1CCOCC1)c1cccc(c1)CNC(c1c(C)cccc1)=O,MOSES sample,9266,324.424,24,41.57,2.75722,5,3
O(c1c(ccc(c1)NC(=O)C(C)C)-c1nnnn1C(C)C)C,MOSES sample,9267,303.366,22,81.93,2.5241,5,2
c1(ccc(NC(C)=O)cc1)C(N1CCN(c2ccc(cc2)F)CC1)=O,MOSES sample,9268,341.386,25,52.65,2.7465,3,3
N(CCc1cccc(C(=O)NC)c1)C(Cc1[nH]ccc1)=O,MOSES sample,9269,285.347,21,73.99,1.2757,6,2
c1(cc(CN(CC(F)F)C2CC2)c(cc1)Br)O,MOSES sample,9270,306.15,17,23.47,3.3842,5,2
c1c(cnn1-c1ccc(cc1)C(NC(C)(C(OCC)=O)C)=O)C,MOSES sample,9271,315.373,23,73.22,2.25222,5,2
Cc1cc(C)c(NC2CCC(O)CC2)c(Br)c1,MOSES sample,9272,298.224,17,32.26,3.78134,2,2
C(NC1CCN(CC1)C(OC)=O)(=O)NCC(C)(c1cscc1)O,MOSES sample,9273,341.433,23,90.9,1.4856,4,2
Cc1ccc(F)c(S(=O)(=O)N2C(C)CCCC2)c1,MOSES sample,9274,271.357,18,37.38,2.69722,2,2
c1(ccccc1)-c1c(C(=O)N(Cc2cnn(c2)CC)C)c(on1)C,MOSES sample,9275,324.384,24,64.16,3.13862,5,3
O=C(Nc1cccnc1)c1cc(F)cc(Br)c1,MOSES sample,9276,295.111,17,41.99,3.2355,2,2
NC(=O)CN(C)C(C1(CC1)c1cc(Cl)ccc1)=O,MOSES sample,9277,266.728,18,63.4,1.3153,4,2
CC(Cc1ccccc1Cl)C(=O)NC(C)c1nncn1C,MOSES sample,9278,306.797,21,59.81,2.5245,5,2
C1CC(CCC1NC(c1ccc(CNC(=O)N)cc1)=O)CCC,MOSES sample,9279,317.433,23,84.22,2.9436,6,2
Cc1cc(Br)cnc1N1CCN(C)C(=O)C1(C)C,MOSES sample,9280,312.211,18,36.44,2.20952,1,2
C1(CCCC2N(CCC12)C(CCc1ccccn1)=O)C,MOSES sample,9281,272.392,20,33.2,3.0513,3,3
Cc1c(C(=O)N(C2CCCCC2)C2CC2)nc(C(C)C)o1,MOSES sample,9282,290.407,21,46.34,4.04372,4,3
Cn1cc(cn1)S(=O)(NC(CC)c1ccc(cc1)C)=O,MOSES sample,9283,293.392,20,63.99,2.15812,5,2
c1(sccc1)C(Nc1ccccc1SCC(=O)N)=O,MOSES sample,9284,292.385,19,72.19,2.5778,5,2
C(Cc1c(cccc1F)F)NC(N(Cc1c(noc1C)C)C)=O,MOSES sample,9285,323.343,23,58.37,2.95374,5,2
c1c2ccc(NC(CCc3cnn(c3)C)=O)cc2nc2c1CCCC2,MOSES sample,9286,334.423,25,59.81,3.4184,4,4
N(C(=O)c1c[nH]nc1-c1ccc(cc1)F)CC(=O)NCC,MOSES sample,9287,290.298,21,86.88,1.0817,5,2
Oc1ccc(Cl)cc1C(Nc1cccc(C(=O)C)c1)=O,MOSES sample,9288,289.718,20,66.4,3.5005,3,2
c1cnc(-c2oc(nn2)-c2ccccc2Cl)cn1,MOSES sample,9289,258.668,18,64.7,2.847,2,3
c1c(cc(cc1)NC(=O)C1CC2CCC1O2)-c1cnco1,MOSES sample,9290,284.315,21,64.36,2.8476,3,4
CCCCn1c(=O)[nH]c(=O)c2c(ccnc21)-c1cnccc1,MOSES sample,9291,296.33,22,80.64,1.9469,4,3
COCCN1C(=O)CCC2C1CCN2S(=O)(=O)c1cn(C)cn1,MOSES sample,9292,342.421,23,84.74,-0.1795,5,3
Cn1c(-c2ccoc2)nnc1SCc1ccc(cc1)C#N,MOSES sample,9293,296.355,21,67.64,3.23908,4,3
c1cc(ccc1OC(=O)c1ccc(cc1)C(N(C)C)=O)C(OCC)=O,MOSES sample,9294,341.363,25,72.91,2.7843,5,2
S(CCC(=O)NCc1ccccc1)c1ncc(C(F)(F)F)cc1,MOSES sample,9295,340.37,23,41.99,3.899,6,2
O(c1c(ccc(C(=O)N2CC(CC(C)C2)C)c1)OC)CC,MOSES sample,9296,291.391,21,38.77,3.212,4,2
OC(C(=O)N1CCN(c2c(C)cccc2)CC1)c1ccccc1,MOSES sample,9297,310.397,23,43.78,2.37722,3,3
C(NC(=O)c1ccc(cc1C)NC(NCCO)=O)c1ccccc1,MOSES sample,9298,327.384,24,90.46,2.03882,6,2
Cc1cc(=O)[nH]c(COc2ccccc2Br)n1,MOSES sample,9299,295.136,17,54.98,2.41982,3,2
c1cc(C(=O)C)ccc1OC(=O)CCCc1ncccc1,MOSES sample,9300,283.327,21,56.26,3.2125,6,2
c1cc(c(OC)cc1C)OCC(=O)N(C)CC(N(C)C)=O,MOSES sample,9301,294.351,21,59.08,0.92902,6,1
CC(=O)N1CCN(C(=O)CSc2nnc(-c3ccccc3)o2)CC1,MOSES sample,9302,346.412,24,79.54,1.5194,4,3
C1(O)CN(C(c2c(C)nc(C(C)C)s2)=O)CCN(C)C1,MOSES sample,9303,297.424,20,56.67,1.32342,2,2
C(CC(Oc1c(Cl)cc2c(c1)c(cc(=O)o2)C)=O)C,MOSES sample,9304,280.707,19,56.51,3.46032,3,2
N1(C(=O)CCn2ccccc2=O)C(c2cccs2)CCC1,MOSES sample,9305,302.399,21,42.31,2.6636,4,3
c1(c[nH]c2ccccc12)CC(Nc1n(C(CC)C)nc(c1)C)=O,MOSES sample,9306,310.401,23,62.71,3.82502,5,3
C(NC(=O)COc1c(OC)cc(cc1)C)c1c(C)cc(C)[nH]c1=O,MOSES sample,9307,330.384,24,80.42,2.00396,6,2
C(=O)(c1c(=O)oc2c(c1)cccc2)Nc1cc(ncc1)C,MOSES sample,9308,280.283,21,72.2,2.74872,2,3
O=C(c1cc(ccc1Cl)S(=O)(C)=O)N(C(C)C)C1CCC1,MOSES sample,9309,329.849,21,54.45,3.1466,4,2
c1cc(C(=O)NC2CCCC2C)c(OC)cc1OC,MOSES sample,9310,263.337,19,47.56,2.6222,4,2
N(C(C)CCC)C(Nc1cc(C(OC)=O)cc(c1C)F)=O,MOSES sample,9311,296.342,21,67.43,3.23082,5,1
CCCC(=O)NCc1ccc2c(c1)CCN2C(=O)c1ccc(F)cc1,MOSES sample,9312,340.398,25,49.41,3.4449,5,3
Cc1ccc(N2CC(C(=O)N(C)CCC#N)CC2=O)cc1,MOSES sample,9313,285.347,21,64.41,1.72,4,2
C12N(CC#Cc3ccc(F)cc3)C(COC1CN(C2)C(=O)N(C)C)=O,MOSES sample,9314,345.374,25,53.09,0.7704,1,3
CC(=O)Nc1ccc(C(=O)OCc2nnc(-c3ccccc3)o2)s1,MOSES sample,9315,343.364,24,94.32,3.1135,5,3
FC(F)Oc1c(c(ccc1)NC(=O)c1cc(OC(C)C)cnc1)C,MOSES sample,9316,336.338,24,60.45,4.03092,6,2
o1c(ccc1)C(=O)Nc1nc(CC(Nc2ccc(cc2)CC)=O)cs1,MOSES sample,9317,355.419,25,84.23,3.732,6,3
Cc1c(C(=O)Nc2ccc(-c3cn4ccccc4n3)cc2)cnn1C,MOSES sample,9318,331.379,25,64.22,3.29552,3,4
C1C(CC=C1)c1nn(-c2ccccc2)c2c1C(=O)CCC2,MOSES sample,9319,278.355,21,34.89,3.8249,2,4
CC(Sc1nnc2n1CCCCC2)C(=O)NCCc1ccccc1,MOSES sample,9320,344.484,24,59.81,2.844,6,3
n1cccc(c1Nc1cc(F)c(cc1)F)C(OCC(=O)N(C)C)=O,MOSES sample,9321,335.31,24,71.53,2.3484,5,2
COC(=O)c1cccc(C(=O)Nc2ccc3nc(C)sc3c2)c1,MOSES sample,9322,326.377,23,68.29,3.64362,3,3
c1c(C(=O)Nc2nc(C)c(s2)C(OC)=O)n(C)nc1,MOSES sample,9323,280.309,19,86.11,1.22392,3,2
c1(-c2onc(n2)COC)sc2n(C)nc(c2c1)C(C)C,MOSES sample,9324,292.364,20,65.97,2.9546,4,3
O=C1N(CC(=O)Nc2nc([nH]n2)N)c2cc(ccc2OC1)Cl,MOSES sample,9325,322.712,22,126.23,0.4044,3,3
C(c1ccc(F)cc1)(NC(C(=O)N(C)CC(=O)NC(C)C)C(C)C)=O,MOSES sample,9326,351.422,25,78.51,1.5631,7,1
Cc1onc(-c2cc(S(=O)(=O)N3CCCCC3)ccs2)c1C,MOSES sample,9327,,,,,,
c1(sc(C)nc1)CNC(=O)Cn1c2ccccc2cc1C,MOSES sample,9328,299.399,21,46.92,3.03104,4,3
C1C(C(=O)NCc2ccc(cc2)C)N(CC1)C(=O)c1cccs1,MOSES sample,9329,328.437,23,49.41,2.97752,4,3
c1c(C2CCCN2C(=O)c2ccoc2)ccc(Cl)c1,MOSES sample,9330,275.735,19,33.45,3.9103,2,3
c1(C#N)c(C)c(nn(c1=O)CCCCOc1ccc(cc1)Cl)C,MOSES sample,9331,331.803,23,67.91,3.24442,6,2
Cc1cccc(SCC(=O)NC2(C(N)=O)CCCCC2)c1,MOSES sample,9332,306.431,21,72.19,2.39152,5,2
C(NS(=O)(N1CCCC1)=O)CNS(=O)(CC)=O,MOSES sample,9333,285.391,17,95.58,-1.1441,7,1
n1(c(C)c(cn1)C(Nc1ccc(S(N)(=O)=O)cc1)=O)C,MOSES sample,9334,294.336,20,107.08,0.62822,3,2
c12c(OCO2)cc(cc1)CNC(=O)c1n(C)cc(c1)-c1nc(sc1)C,MOSES sample,9335,355.419,25,65.38,3.11572,4,4
C(NCC1CCCC(C1)C)(=O)COC(c1ccc(C#N)cc1)=O,MOSES sample,9336,314.385,23,79.19,2.65758,5,2
Cn1cc(-c2cc(C(=O)Nc3ccc4c(c3)COC4)no2)cn1,MOSES sample,9337,310.313,23,82.18,2.3576,3,4
c1c(ncs1)CNC(=O)c1c2c(cccc2)[nH]c1,MOSES sample,9338,257.318,18,57.78,2.5544,3,3
n1(c(Cn2nc(nn2)-c2ccccc2)ncc1)C(C)C,MOSES sample,9339,268.324,20,61.42,2.1658,4,3
c1ccc(C(C)Nc2ccc(cc2)NC(=O)C)cc1,MOSES sample,9340,254.333,19,41.13,3.8181,4,2
COC(=O)CCN(C)S(=O)(=O)CC#CCCO,MOSES sample,9341,263.315,17,83.91,-0.8031,6,0
Cn1cnc(CNC(=O)N2CCC(C(=O)Nc3ccccc3)CC2)n1,MOSES sample,9342,342.403,25,92.15,1.3754,4,3
Cc1cc2n(CC(N3CCCCCC3)=O)c(cc(=O)n2n1)C,MOSES sample,9343,302.378,22,59.61,1.51544,2,3
O(Cc1c(OC)ccc(C(OCC2CCCCO2)=O)c1)C,MOSES sample,9344,294.347,21,53.99,2.5675,6,2
CCOc1ccc2c(c1)CN(C(=O)NCc1cc(C)on1)CC2,MOSES sample,9345,315.373,23,67.6,2.64962,4,3
C1CN(CC1)C(=O)C1N(CC(OC)=O)C(c2c(N1)cccc2)=O,MOSES sample,9346,317.345,23,78.95,0.6758,3,3
CCN(CCC(OC)=O)S(=O)(=O)c1c[nH]nc1,MOSES sample,9347,261.303,17,92.36,-0.0166,6,1
Clc1cnc2c(n(COCc3ccccc3)c(n2C)=O)c1,MOSES sample,9348,303.749,21,49.05,2.5627,4,3
c1(SCC(=O)OCC#C)n(c(=O)c2c(c(C)sc2n1)C)CC,MOSES sample,9349,336.438,22,61.19,2.36324,5,2
c1(N2CCN(CC2)C(c2ccc(cc2F)F)=O)c(n[nH]c1C)C,MOSES sample,9350,320.343,23,52.23,2.26714,2,3
c1cc(sc1)C(C)N(C)C(=O)NC1CCN(S(=O)(=O)C)CC1,MOSES sample,9351,345.49,22,69.72,1.8745,4,2
C(c1noc(c1)CCC)NC(=O)c1nn(-c2ccc(F)cc2)c(C)c1,MOSES sample,9352,342.374,25,72.95,3.19032,6,3
c1ccsc1C(Nc1cc(c(OC)cc1)-n1cnnn1)=O,MOSES sample,9353,301.331,21,81.93,1.9847,4,3
c1c(C(=O)N2CCC3(CC2)CC(c2ccccc23)CCO3)cco1,MOSES sample,9354,,,,,,
C1CC(CNC(=O)c2cc(C)nn2CC)(c2c(C1)cccc2)O,MOSES sample,9355,313.401,23,67.15,2.16532,4,3
O=C(CCc1ccc(Cl)cc1Cl)N1CCC(CO)CC1,MOSES sample,9356,316.228,20,40.54,3.1569,4,2
Cc1ccc(NC(=O)C2CC2)cc1NC(=O)NCc1ccco1,MOSES sample,9357,313.357,23,83.37,3.25822,5,3
n1(c(C)cc(n1)C)C(=O)COc1c(cc(cc1)Cl)C(=O)C,MOSES sample,9358,306.749,21,61.19,3.07514,4,2
N(C(=O)Cn1cnc2ccccc2c1=O)(CC(=O)OCC)C,MOSES sample,9359,303.318,22,81.5,0.418,5,2
O(CC=C)c1ccc(-c2nc(on2)-c2ncsc2)cc1OCC,MOSES sample,9360,329.381,23,70.27,3.8236,7,3
CCOC(=O)C(C)NC(=O)CN1CCOCC1CC,MOSES sample,9361,272.345,19,67.87,0.165,6,1
C1CC1c1n(C(CC)C)ncc1C(OCc1coc(c1)C(=O)N)=O,MOSES sample,9362,331.372,24,100.35,2.7804,7,3
c1cc(c(N2C(C3CC(C=C3)C2)=O)cc1)Br,MOSES sample,9363,278.149,16,20.31,2.988,1,3
c1(ccc(OC)cc1)-c1cc2c(nc(n2CCO)N)cc1,MOSES sample,9364,283.331,21,73.3,2.2864,4,3
c1cc(cc(CO)c1OCc1nc(on1)-c1ccoc1)F,MOSES sample,9365,290.25,21,81.52,2.54,5,3
C1CCOCC1CN(C)C(=O)c1sc(C2CCCO2)nc1,MOSES sample,9366,310.419,21,51.66,2.4932,4,3
c1(cc2c(OCCO2)cc1)CC(=O)NCC(C)(O)c1ccc(F)cc1,MOSES sample,9367,345.37,25,67.79,2.1633,5,3
C(=O)(c1cc2c([nH]c1=O)CCCC2)N1CCCCCC1,MOSES sample,9368,274.364,20,53.17,2.2699,1,3
n1(cccn1)Cc1c(C(=O)NC2CCCC2)nccc1,MOSES sample,9369,270.336,20,59.81,1.9988,4,3
N#CC(Cc1c[nH]c2ccccc12)C(=O)Nc1cccc(F)c1,MOSES sample,9370,307.328,23,68.68,3.62798,4,3
n1c([nH]nc1)SCCC(=O)N1CC2CC=CCC2C1,MOSES sample,9371,278.381,19,61.88,1.7115,4,3
c1cc(cc(C)c1C)Nc1c(c(ncn1)NC)N,MOSES sample,9372,243.314,18,75.86,2.46094,3,2
COCCOCC(=O)N1CCC(Cc2cccc(F)c2)CC1,MOSES sample,9373,309.381,22,38.77,2.2698,7,2
C1CN(CCC1)c1cc(ncn1)NC(Nc1ccc(cc1)OCC)=O,MOSES sample,9374,341.415,25,79.38,3.5096,5,3
c1ccoc1C(=O)NCCNC(=O)Cc1cccc(F)c1,MOSES sample,9375,290.294,21,71.34,1.5074,6,2
C(C)(C)(C)OC(NC(C)c1sc(cn1)CC)=O,MOSES sample,9376,256.371,17,51.22,3.2912,3,1
N(C(CO)Cc1ccc(cc1)-c1ccccc1)C(=O)c1cnns1,MOSES sample,9377,339.42,24,75.11,2.5385,6,3
c12N3C(CCc1cccc2)N(S(=O)(C)=O)CC3,MOSES sample,9378,252.339,17,40.62,1.0405,1,3
c1(Cl)cc(C#N)c(cc1)S(=O)(=O)NCC(OC)c1ccccc1,MOSES sample,9379,350.827,23,79.19,2.87768,6,2
CC(=O)c1c(c(-c2ccc(OCCOC)cc2)n(c1C)C)N,MOSES sample,9380,302.374,22,66.48,2.81052,6,2
c1n[nH]c(C(=O)NC(C#N)c2cc(ccc2)Br)c1,MOSES sample,9381,305.135,18,81.57,2.16688,3,2
c1(ccsc1)C(N1CCC(CC1)Oc1ncccn1)=O,MOSES sample,9382,289.36,20,55.32,2.2217,3,3
C1CC(CCC1C)NS(=O)(CC(N1CCC(CC1)=O)=O)=O,MOSES sample,9383,316.423,21,83.55,0.676,4,2
C(C)(c1sc2cc(ccc2n1)NC(=O)c1ccc(n(n1)C)=O)C,MOSES sample,9384,328.397,23,76.88,2.7657,3,3
C(NC(CNC1=NS(=O)(c2c1cccc2)=O)=O)C,MOSES sample,9385,267.31,18,87.63,-0.1388,3,2
CC(C)CN(C(=O)c1c(N)c(no1)S(=O)(=O)C1CC1)CC(C)C,MOSES sample,9386,343.449,23,106.5,1.9471,7,2
Fc1c(cccc1)S(=O)(=O)Nc1c(C)c(ccc1)C(=O)NC,MOSES sample,9387,322.361,22,75.27,2.29452,4,2
c1cc(C(=O)N(CC)CC(Nc2cc(ccc2)OC)=O)sc1C,MOSES sample,9388,332.425,23,58.64,3.16592,6,2
CCN(CC)S(=O)(=O)NC(c1cccc(F)c1)C(C)(C)C,MOSES sample,9389,316.442,21,49.41,3.0891,6,1
CCCC(Nc1ncnc2cc(F)c(F)cc12)c1nc(C)no1,MOSES sample,9390,319.315,23,76.73,3.55272,5,3
C(c1cn(c(cc1)=O)C)N1CCN(CC1)c1nc(OC)ccn1,MOSES sample,9391,315.377,23,63.49,0.5061,4,3
c1(cc([nH]c2c1c1c(c(=O)n(cn1)C1CCCCCC1)s2)=O)C,MOSES sample,9392,329.425,23,67.75,3.50322,1,4
C1CN(CCC1)C(CCSc1nnnn1CC)=O,MOSES sample,9393,269.374,18,63.91,1.1877,5,2
O(c1c(OC)cc(cc1)CC(=O)N1CCC(C(=O)OC)CC1)C,MOSES sample,9394,321.373,23,65.07,1.6579,5,2
c1(cc(nc(n1)CCC)NCCS(=O)(=O)N)N1CCCC1,MOSES sample,9395,313.427,21,101.21,0.7297,7,2
COc1ccc(C(=O)CCNc2ccccc2N(C)C)cc1F,MOSES sample,9396,316.376,23,41.57,3.5852,7,2
C(c1cc(nn1CC)C(Nc1c(C)cccc1C)=O)(C)C,MOSES sample,9397,285.391,21,46.92,3.89554,4,2
CC(C)OCCCNC(=O)Nc1ccc2c(c1)OCC(=O)N2,MOSES sample,9398,307.35,22,88.69,1.9541,6,2
N1(S(=O)(c2ccc(Oc3ccccc3)nc2)=O)CCN(C)CC1,MOSES sample,9399,333.413,23,62.74,1.81,4,3
CCOc1ccccc1NC(=O)c1ccc(-n2cncn2)nn1,MOSES sample,9400,310.317,23,94.82,1.7083,5,3
c1cc([nH]cc1C(=O)NCc1ccc(NC(CCC)=O)cc1)=O,MOSES sample,9401,313.357,23,91.06,2.0435,6,2
C=CCN(CC=C)c1ccc(S(=O)(=O)N2CCCCC2)cn1,MOSES sample,9402,321.446,22,53.51,2.4346,7,2
C(NCc1cccnc1)(Nc1ccc(N(C)C(=O)OC)cc1)=O,MOSES sample,9403,314.345,23,83.56,2.6059,4,2
C1OCCC(c2oc(NC(=O)CSc3nccc(C)n3)nn2)C1,MOSES sample,9404,335.389,23,103.03,1.79282,5,3
c1(C)nc(NC(c2n[nH]c3c2cccc3)=O)sc1C(OC)=O,MOSES sample,9405,316.342,22,96.97,2.36672,3,3
c1(OC)ccc(CCN2CC(CC2=O)C(=O)N)cc1,MOSES sample,9406,262.309,19,72.63,0.5715,5,2
CC1COCCN1C(=O)CCC(=O)NC12CC3CC(CC(C3)C1)C2,MOSES sample,9407,334.46,24,58.64,2.0989,4,5
CC(C)Cc1nnc(s1)NC(=O)C(c1ccccc1)OC,MOSES sample,9408,305.403,21,64.11,3.0628,6,2
C(CNS(c1cc(C)c(C)cc1)(=O)=O)C(N(C)C)=O,MOSES sample,9409,284.381,19,66.48,1.06004,5,1
C(NS(=O)(=O)N)(C)c1ccc(F)c(Cl)c1,MOSES sample,9410,252.698,15,72.19,1.3332,3,1
C(N1CCC(OCc2ccccc2C)CC1)(=O)C(C)n1nccc1,MOSES sample,9411,327.428,24,47.36,2.96032,5,3
C(Cc1nc(on1)C)N(C)Cc1[nH]c(=O)c2ccccc2n1,MOSES sample,9412,299.334,22,87.91,1.28902,5,3
c1c(cccc1C)OCCc1nc(cc(n1)C(C)C)CO,MOSES sample,9413,286.375,21,55.24,3.02222,6,2
n1cscc1CNS(=O)(c1cc(c(cc1)Cl)OC)=O,MOSES sample,9414,318.807,19,68.29,2.2836,5,2
c1nc(sc1)NC(c1nc2c(s1)cccc2O)=O,MOSES sample,9415,277.33,18,75.11,2.7107,2,3
c1ccc(cc1OCC(C)C)CNC(Cc1cnc(cc1)C)=O,MOSES sample,9416,312.413,23,51.22,3.28372,7,2
CC(c1c(C)nn(-c2ccc(C(F)(F)F)cc2)c1C)=O,MOSES sample,9417,282.265,20,34.89,3.71054,2,2
CC(c1onc(-c2cccs2)n1)N1CCOC(c2ccccc2)C1,MOSES sample,9418,341.436,24,51.39,3.9326,4,4
O=C(c1cccnc1-n1cccn1)N1CCCC(C(F)(F)F)C1,MOSES sample,9419,324.306,23,51.02,2.6818,2,3
C1COc2cc(ccc2O1)-c1cc(nn1CC)C(=O)N1CCN(C)CC1,MOSES sample,9420,356.426,26,59.83,1.7288,3,4
Cc1cc(=O)[nH]c(-c2ccc(NC(=O)Cn3cnnn3)cc2)n1,MOSES sample,9421,311.305,23,118.45,0.37052,4,3
N1(C)C(=O)C(CCC1)NC(Nc1cc2CCCc2cc1)=O,MOSES sample,9422,287.363,21,61.44,1.9176,2,3
O1CCN(CC1)C(=O)c1nnn(-c2ccc(cc2)Cl)c1C,MOSES sample,9423,306.753,21,60.25,1.70152,2,3
c1cc(OCC(=O)N(C)Cc2ccccc2)cc(C#N)c1,MOSES sample,9424,280.327,21,53.33,2.59568,5,2
C(c1c(cccc1)-c1nc[nH]n1)(NC(CC(OC)=O)c1ccccc1)=O,MOSES sample,9425,350.378,26,96.97,2.5059,6,3
N(c1ccc(OC)cc1)C(=O)NCc1n(C2CC2)c(SC)nn1,MOSES sample,9426,333.417,23,81.07,2.6652,6,3
c1(cccc(c1)C)C(CNC(c1cccc(OC)c1O)=O)OC,MOSES sample,9427,315.369,23,67.79,2.82672,6,2
C(Oc1cncc(NCC)n1)CC1CCCCC1,MOSES sample,9428,249.358,18,47.04,3.2576,6,2
CCn1nc(C)c2c1cnn2CC(=O)NCc1cccc(OC)c1,MOSES sample,9429,327.388,24,73.97,1.88612,6,3
c1c(cccc1NS(=O)(=O)c1ccc(F)c(F)c1)-c1n[nH]cc1,MOSES sample,9430,335.335,23,74.85,3.1557,4,3
n1nc(sc1NCC1CC1)SCc1nc(nc(n1)N)N,MOSES sample,9431,310.412,20,128.52,1.0017,6,3
CC(OCc1ccccc1)C(=O)N1CCN(CC(F)F)CC1,MOSES sample,9432,312.36,22,32.78,2.001,6,2
C(C)(C)(OC(=O)NC1(CCC1)C(C(=O)CC#C)C#N)C,MOSES sample,9433,276.336,20,79.19,2.16598,4,1
[nH]1c(=O)c(N)c(c(n1)C)-c1cc2OCCOc2cc1,MOSES sample,9434,259.265,19,90.23,1.09872,1,3
Cc1cc(ccc1)N1C(CC2(C1)CCN(C(C1CC(C1)(C)C)=O)C2)=O,MOSES sample,9435,340.467,25,40.62,3.38662,2,4
n1cc(ccc1)-n1cnc2c1ccc(c2)NC(C1CC1)=O,MOSES sample,9436,278.315,21,59.81,2.769,3,4
C1CN(C(c2cnc(nc2N)N2CCOCC2)=O)CCO1,MOSES sample,9437,293.327,21,93.81,-0.6322,2,3
C(Oc1cccc(F)c1)c1noc(n1)-c1ncccc1,MOSES sample,9438,271.251,20,61.04,2.8497,4,3
Cc1ccc(NC(=O)NCCNC(=O)C2CC2)c2[nH]ncc12,MOSES sample,9439,301.35,22,98.91,1.51902,5,3
COC(C(C)NC(=O)c1cc2c(nn(c2sc1)C)C)=O,MOSES sample,9440,,,,,,
CCc1nc2n(n1)CCCC2NC(=O)CCc1ccccc1OC,MOSES sample,9441,328.416,24,69.04,2.433,6,3
COc1cc(C)c(NC(=O)CCCOc2ccc(F)cc2)cc1OC,MOSES sample,9442,347.386,25,56.79,3.94902,8,2
C(OCC(C)C)CCC(Nc1cc(c(cc1F)F)N)=O,MOSES sample,9443,286.322,20,64.35,2.9383,7,1
O=C(c1ccc(-c2cnco2)cc1)N1CCOC(c2ccc(F)cc2)C1,MOSES sample,9444,352.365,26,55.57,3.6944,3,4
c1cc(F)c(Cn2nc(C(=O)Nc3c(ccs3)C#N)ccc2=O)cc1,MOSES sample,9445,354.366,25,87.78,2.61618,4,3
N(C(=O)C(C)C)CC(=O)N(Cc1ccccc1OC)C,MOSES sample,9446,278.352,20,58.64,1.4258,6,1
Cc1ncccc1CN1CCN(c2ncnc3[nH]ccc23)CC1,MOSES sample,9447,308.389,23,60.94,1.98352,3,4
c1cccc(c1)N1CC(CC1=O)C(NCc1n(cnn1)CC)=O,MOSES sample,9448,313.361,23,80.12,0.9673,5,3
O(C)CC1CN(C(=O)CSc2ccc(cc2)C#N)CCC1,MOSES sample,9449,304.415,21,53.33,2.53538,5,2
CCc1nn2c(CNC(=O)c3ccc4c(c3)OCO4)c(C)nc2s1,MOSES sample,9450,344.396,24,77.75,2.32032,4,4
COC(CNC(=O)c1ccccc1Br)c1ccccc1,MOSES sample,9451,334.213,20,38.33,3.5666,5,2
N(C(C)C(=O)N(c1cc(F)c(F)cc1)C)C(=O)C,MOSES sample,9452,256.252,18,49.41,1.4522,3,1
C(NC(c1cn2c(n1)ncc(c2)Br)=O)Cn1cccn1,MOSES sample,9453,335.165,20,77.11,1.1183,4,3
N(C(NCc1cnccc1)=O)c1ccc(cc1)Oc1ccccc1C#N,MOSES sample,9454,344.374,26,87.04,4.06728,5,3
CC(C)CNC(=O)NCc1ccc(-n2cncn2)cc1,MOSES sample,9455,273.34,20,71.84,1.7225,5,2
c1ccc(CNC(c2cc3OCOc3cc2)=O)c(c1)OCC,MOSES sample,9456,299.326,22,56.79,2.744,5,3
C1OCCN(C1)CC1CCN(C1)C(C)c1ccc(cc1)S(=O)(=O)C,MOSES sample,9457,352.5,24,49.85,1.8052,5,3
CC(c1ncon1)NC(c1nc(sc1)-c1ccoc1)=O,MOSES sample,9458,290.304,20,94.05,2.2771,4,3
C(C)(NC(=O)Cn1ccc(=O)c2c1c(F)cc(F)c2)CC,MOSES sample,9459,294.301,21,51.1,2.1944,4,2
CC(C)(C(CO)NC(c1cc(c(nc1)NC)Cl)=O)C,MOSES sample,9460,285.775,19,74.25,1.9135,4,1
C1C2C(OCCN2Cc2ccc(cc2)F)C(C1)OCc1ccncc1,MOSES sample,9461,342.414,25,34.59,3.1693,5,4
n1cc(cnc1N1CCC2(CC1)C(N(Cc1ccncc1)C)CCC2)F,MOSES sample,9462,355.461,26,45.15,3.2818,4,4
N(Cc1ccccn1)C(CN1CCN(C1=O)c1ccccc1OC)=O,MOSES sample,9463,340.383,25,74.77,1.6486,6,3
c1c(cccc1-c1ccoc1)C(N=c1[nH]nc2n1cccc2)=O,MOSES sample,9464,304.309,23,75.66,2.6635,2,4
c1ccc(cc1)COC(C(=O)Nc1cccc(N)c1)C,MOSES sample,9465,270.332,20,64.35,2.8126,5,2
C1C(C)CN(CC1C)C(=O)C(Sc1n[nH]c(n1)N)C(C)C,MOSES sample,9466,311.455,21,87.9,2.0081,4,2
COC(=O)Cn1nc2c(Br)cccn2c1=O,MOSES sample,9467,286.085,16,65.6,0.4315,2,2
CCOC(=O)N1CCC(NC(=O)c2c(C)cc(C)[nH]c2=O)CC1,MOSES sample,9468,321.377,23,91.5,1.34244,3,2
c1(cc(NC(c2c(OC)nn(C)c2)=O)ncc1)C,MOSES sample,9469,246.27,18,69.04,1.38442,3,2
Cc1nn(c(c1)C)-c1ccc(cc1)C(=O)NCCc1oc(C)cc1,MOSES sample,9470,323.396,24,60.06,3.36306,5,3
COC(=O)C(C)(C)NC(=O)Cn1ncc(=O)c2ccccc21,MOSES sample,9471,303.318,22,90.29,0.4643,4,2
C1COCCN1C(=O)NCC(=O)NCc1cc(ccc1)OC,MOSES sample,9472,307.35,22,79.9,0.3532,5,2
Cc1ccc(CNc2ccc3c(c2)CCN3C(=O)C)cc1,MOSES sample,9473,280.371,21,32.34,3.51612,3,3
C(c1c(F)cccc1)Nc1sc2nc(cc(n2n1)=O)C,MOSES sample,9474,290.323,20,59.29,2.21062,3,3
C(CCC(N1CC(C)OC(C1)C)=O)(C(C#N)c1ccccn1)=O,MOSES sample,9475,315.373,23,83.29,1.67388,5,2
CCOC(=O)CN(CC)S(=O)(=O)c1cc(F)ccc1F,MOSES sample,9476,307.318,20,63.68,1.5385,6,1
n1oc(cc1NC(CCn1c(C)c(sc1=O)C)=O)-c1ccccc1,MOSES sample,9477,343.408,24,77.13,3.21044,5,3
Cn1ncc2c(N3CCN(CCc4ccccc4)CC3)ncnc21,MOSES sample,9478,322.416,24,50.08,1.728,4,4
c1(C(Nc2ccc(Cl)c(c2)Cl)=O)onc(c1)C,MOSES sample,9479,271.103,17,55.13,3.54212,2,2
OCC(NC1CCCc2c1cnc(n2)-c1ccc(cc1)OC)=O,MOSES sample,9480,313.357,23,84.34,1.6381,4,3
O=S(NCC)(=O)c1ccc(cc1)C(=O)Nc1cc(CC)n[nH]1,MOSES sample,9481,322.39,22,103.95,1.5226,6,2
N(C(c1cc(C)ccc1)=O)(Cc1c2c(cccc2C)[nH]c1)C,MOSES sample,9482,292.382,22,36.1,4.05694,3,3
c1ccc(c(c1)C(N(CC)CC)=O)NS(=O)(=O)c1ccccc1,MOSES sample,9483,332.425,23,66.48,2.9694,6,2
CC(=O)Nc1ccc(O)c(C(=O)NCCOc2ccccc2Cl)c1,MOSES sample,9484,348.786,24,87.66,2.8128,6,2
C1(C2(C)CCC1(C(NC(CC)C)=O)c1nc(C#N)c(C#N)nc12)(C)C,MOSES sample,9485,337.427,25,102.46,2.46376,3,3
c1ccncc1CSc1ccc(nn1)-c1ccncc1,MOSES sample,9486,280.356,20,51.56,3.2259,4,3
c1occ(CCNC(=O)CCc2nc(no2)-c2cscc2)n1,MOSES sample,9487,318.358,22,94.05,2.0776,7,3
n1c(-c2cccs2)nn(n1)CC(=O)NC(c1ccccc1)C1CC1,MOSES sample,9488,339.424,24,72.7,2.6691,6,4
N#Cc1ccc(C(=O)NCCCOCC(F)(F)F)cc1,MOSES sample,9489,286.253,20,62.12,2.25708,6,1
Cc1nn(CCC#N)c(N)2c3ccc(C(F)(F)F)cc3CCC12,MOSES sample,9490,322.334,23,65.41,2.98448,2,3
Cc1ccc(C(C#N)N(C)C(=O)c2ccccc2Cl)cc1,MOSES sample,9491,298.773,21,44.1,3.9853,3,2
C1COCCN1c1cc(ccc1)NC(c1ccc(O)cc1)=O,MOSES sample,9492,298.342,22,61.8,2.4811,3,3
c1cc(ccc1)C(=O)NC1CCCc2n(ncc12)C,MOSES sample,9493,255.321,19,46.92,2.2275,2,3
c1c2c(c(cc1)C(OC)=O)ccn2CC(=O)Nc1cccc(n1)C,MOSES sample,9494,323.352,24,73.22,2.77002,4,3
N(C(=O)CCNC(c1ccccc1)=O)c1sc(cn1)C,MOSES sample,9495,289.36,20,71.09,2.21012,5,2
CC(C)(C)c1nn(C)cc1C(=O)Nc1ccccc1OCCOC,MOSES sample,9496,331.416,24,65.38,2.9951,6,2
C(C(=O)N1CCN(c2n3c(nc(C)c2)ccn3)CC1)N1C(CCC1)=O,MOSES sample,9497,342.403,25,74.05,0.30872,3,4
O=C(COc1ccccc1)Nc1ccc(-c2cn3ncccc3n2)cc1,MOSES sample,9498,344.374,26,68.52,3.4138,5,4
O(c1c(C(=O)NC(C(N)=O)C)n(C)nc1)CCC,MOSES sample,9499,254.29,18,99.24,-0.1875,6,1
C1CN(CCN1C(=O)OC(C)(C)C)C(=O)c1ccc2n(c1)ncc2,MOSES sample,9500,330.388,24,67.15,2.0272,1,3
c1c(OC(C)C(=O)Nc2cc(Cl)c(cc2)C#N)c(OC)ccc1,MOSES sample,9501,330.771,23,71.35,3.62628,5,2
c1c(c(C)c(NC(=O)COc2ccc(cc2)C(=O)C)cc1)Cl,MOSES sample,9502,317.772,22,55.4,3.86852,5,2
CC(C)c1cc(NC(=O)Cn2cc3c(n2)CCCCC3)on1,MOSES sample,9503,302.378,22,72.95,2.9021,4,3
c1c(cccc1NC(=O)C)-c1nc2c(o1)ncc(C)c2,MOSES sample,9504,267.288,20,68.02,3.15662,2,3
c1cc(c(Cl)c(c1)S(=O)(N(C(C)C)Cc1oc(nn1)C)=O)C,MOSES sample,9505,343.836,22,76.3,2.93914,5,2
COc1ccc(OC)c(-c2c(C(C)C)c(C)nc3ncnc(N)c23)c1,MOSES sample,9506,338.411,25,83.15,3.72302,4,3
c1cc(c(cc1)OC)CN(CCO)C(c1[nH]cc(C#N)c1)=O,MOSES sample,9507,299.33,22,89.35,1.52968,6,2
c1(CNC(=O)c2sccc2)nnnn1-c1ccccc1,MOSES sample,9508,285.332,20,72.7,1.6538,4,3
c1c(ccnc1)-c1nc(NCCNC(=O)c2ccncc2)cc(C)n1,MOSES sample,9509,334.383,25,92.69,2.08392,6,3
C1(Nc2ccc(C(N3CCC(CC3)C)=O)cc2OC1)=O,MOSES sample,9510,274.32,20,58.64,1.8896,1,3
N(c1ccccc1-n1nccc1)C(=O)Cc1cccc(c1)OCC#N,MOSES sample,9511,332.363,25,79.94,2.95588,6,3
N(c1cc(OC)ccc1)CCC(c1c(C)cccc1)O,MOSES sample,9512,271.36,20,41.49,3.53922,6,2
c1(c(ccc(C(Nc2[nH]nc(-c3cnccc3)c2)=O)c1)OCCC)OC,MOSES sample,9513,352.394,26,89.13,3.5214,7,3
C(OC)CCCn1c(-c2c(cc(cc2)N)C)nnn1,MOSES sample,9514,261.329,19,78.85,1.65732,6,2
O(C)c1ccc(OC)c2sc(nc21)N(C)CC(=O)NC1CC1,MOSES sample,9515,321.402,22,63.69,2.0283,6,3
N(C(c1ccc(cc1)C(N)=O)=O)C1CCCCCC1,MOSES sample,9516,260.337,19,72.19,2.2381,3,2
c1nccc(-c2nc(cs2)-c2ccc(NC(=O)NC(C)C)cc2)c1,MOSES sample,9517,338.436,24,66.91,4.402,4,3
N#Cc1ccc(NC(=O)C2CC(=O)N(Cc3ccco3)C2)cc1Cl,MOSES sample,9518,343.77,24,86.34,2.79188,4,3
c1c(CNC(=O)c2ccccc2OCc2ncsc2)n(C)nc1,MOSES sample,9519,328.397,23,69.04,2.3856,6,3
c1(CNC(NC2(C)Cc3c(C2)cccc3)=O)c(cc(C#N)cc1)F,MOSES sample,9520,323.371,24,64.92,3.05408,3,3
n1c(ccc(NC(=O)c2cc(n[nH]2)C)c1)NCCO)C,MOSES sample,9521,,,,,,
FC(c1cccc(NC(=O)c2c(C3CC3)n(C(C)C)nc2)c1)(F)F,MOSES sample,9522,337.345,24,46.92,4.6125,4,3
c1cccc2nc(C(=O)N3CC4c4c(cccc4)C(CNC4CC4)C3)[nH]c21,MOSES sample,9523,,,,,,
CCCNC(=O)Cn1nnnc1-c1ccc(C(=O)OC)cc1,MOSES sample,9524,303.322,22,99,0.6529,6,2
C(n1c(=O)n(c2c1cccc2)CC(=O)Nc1ccccc1OCC)C,MOSES sample,9525,339.395,25,65.26,2.8603,6,3
c1c2cc3c(=O)[nH]c(NCCCO)nc-3nc2c(cc1)OC,MOSES sample,9526,300.318,22,100.13,1.2742,5,3
O=C1CCC2CCC(C2NC(=O)c2ccc(-n3ccnc3)nc2)N1,MOSES sample,9527,325.372,24,88.91,1.0543,3,4
Cc1nc(-c2cccnc2)ncc1C(C)NCc1cc(C(N)=O)cs1,MOSES sample,9528,353.451,25,93.79,2.85822,6,3
n1c(CNC(=O)N2CCC(CC2C)C)cc(o1)C,MOSES sample,9529,251.33,18,58.37,2.31302,2,2
CC(OC(=O)c1cccc(-n2cnnn2)c1)c1ccc(F)c(F)c1,MOSES sample,9530,330.294,24,69.9,2.8585,4,3
CCOc1cc(-c2nc3ccc(C)cc3c(=O)[nH]2)ccc1O,MOSES sample,9531,296.326,22,75.21,3.00282,3,3
Cn1cc(C2CCCN2c2ncnc3sccc23)cn1,MOSES sample,9532,285.376,20,46.84,2.7663,2,4
OC(C)(c1cccc2c1cccc2OCC)CCOC,MOSES sample,9533,274.36,20,38.69,3.4825,6,2
N#Cc1ccccc1C(N)c1nnc(-c2n[nH]cn2)o1,MOSES sample,9534,267.252,20,130.3,0.77448,3,3
C(=O)(c1cn2cc(-c3ccccc3)ccc2n1)Nc1cnccc1,MOSES sample,9535,314.348,24,59.29,3.6486,3,4
c1ccc2c(S(=O)(=O)N(C(C)C(NC(C)CC)=O)C2=O)c1,MOSES sample,9536,310.375,21,83.55,1.1343,4,2
c1(N)cc2cccnc2nc1-c1ccc(OC)c(c1)F,MOSES sample,9537,269.279,20,61.03,3.0267,2,3
FC(c1cc(ccc1F)NC(=O)N1CCC(CC1)CO)(F)F,MOSES sample,9538,320.286,22,52.57,3.0807,2,2
Cc1noc(c1NC(=O)N(CCc1ncccc1)C)CC,MOSES sample,9539,288.351,21,71.26,2.64682,5,2
Cc1cc(C(=O)COC(=O)c2ccccc2S(C)(=O)=O)c(C)[nH]1,MOSES sample,9540,335.381,23,93.3,2.07474,5,2
c1(C(CC(=O)OC)NS(=O)(c2cccc(C#N)c2)=O)ccncc1,MOSES sample,9541,345.38,24,109.15,1.53598,6,2
C(CN(C)C(=O)Nc1ccc(OCC)cc1)C(F)(F)F,MOSES sample,9542,290.285,20,41.57,3.5014,5,1
c1cc(ccc1C(=O)NC(C)c1ccc(cc1)F)CN1C(CCC1)=O,MOSES sample,9543,340.398,25,49.41,3.4391,5,3
O=C(Cc1ccc(S(=O)(=O)N2CCOCC2)s1)NCCO,MOSES sample,9544,334.419,21,95.94,-0.58,6,2
CCOc1ccc(NC(=O)COC(=O)c2cc(C)oc2C)cc1,MOSES sample,9545,317.341,23,77.77,3.09064,6,2
C(Cc1c(OC)ccc(Cl)c1)c1ccc(O)cn1,MOSES sample,9546,263.724,18,42.35,3.2344,4,2
Cc1n[nH]c2ncc(NC(=O)C3CCC(C)CC3)cc12,MOSES sample,9547,272.352,20,70.67,3.03112,2,3
Nc1ccc(C(O)C(NCc2ccco2)CO)cc1,MOSES sample,9548,262.309,19,91.65,1.0459,6,2
COc1ccccc1NC(=O)NCc1nnnn1-c1ccc(F)cc1,MOSES sample,9549,342.334,25,93.96,2.1317,5,3
C(C(Cc1ccccc1)NC(=O)c1cccc(OC)c1F)C=C,MOSES sample,9550,313.372,23,38.33,3.7515,7,2
n1cnc(c2c(noc12)C(=O)OCC)N1c2ccccc2CC1C,MOSES sample,9551,324.34,24,81.35,2.8772,3,4
C1OCCN(C1)C(C)(C)CNC(=O)c1cccc(N(C)C)c1,MOSES sample,9552,305.422,22,44.81,1.5932,5,2
n1(c(COC(=O)c2ccc(cc2O)O)cc(C)n1)C,MOSES sample,9553,262.265,19,84.58,1.49672,3,2
c1(c2ccccc2n(C)c1)C(=O)Nc1ccc(cc1)C,MOSES sample,9554,264.328,20,34.03,3.73902,2,3
c1cc(sc1)C(=O)N1CC(C(N2CCCCCC2)=O)CCC1,MOSES sample,9555,320.458,22,40.62,3.0029,2,3
c12cc(C(CCC(N(C)C)=O)O)ccc2OCCCO1,MOSES sample,9556,279.336,20,59,1.7497,4,2
CC(=O)N(C)CC(=O)Nc1ccc2c(c1)nc(C(C)(C)C)n2C,MOSES sample,9557,316.405,23,67.23,2.2876,3,2
c1(ccc(cc1)Cl)NC(CSc1c(C#N)c(cc(n1)C)C)=O,MOSES sample,9558,331.828,22,65.78,3.95432,4,2
c1cc2c(cc1)n(C)cc2NC(NCc1n(C)cnn1)=O,MOSES sample,9559,284.323,21,76.77,1.6285,3,3
COc1ncc(NC(=O)C2(C)Sc3c(NC2=O)cccc3)cc1,MOSES sample,9560,329.381,23,80.32,2.5318,3,3
C1C(CN(C2CC2)C1=O)C(NC1C(c2cccc(Cl)c2)C1)=O,MOSES sample,9561,318.804,22,49.41,2.323,4,4
O=C(Nc1nnc(C2CC2)s1)c1cc(Cl)ccc1-n1cnnn1,MOSES sample,9562,347.791,23,98.48,2.2969,4,4
N#Cc1ccccc1COC(=O)C1CC2CCC1C2,MOSES sample,9563,255.317,19,50.09,3.03768,3,3
C1CN(CCN1C(CCc1cnn(c1)C)=O)c1ncc(cn1)Cl,MOSES sample,9564,334.811,23,67.15,1.1449,4,3
Cc1cc(C)n(c(n1)=O)CCNC(=O)c1ccccc1C(=O)OC,MOSES sample,9565,329.356,24,90.29,1.07674,5,2
c1(cc(ccc1)C1(CC1)C(Oc1cccc(c1)C(N(CC)C)=O)=O)F,MOSES sample,9566,341.382,25,46.61,3.5548,5,3
CN(C)C(=O)c1cc(NC(=O)CCCC(=O)N(C)C)ccc1Cl,MOSES sample,9567,339.823,23,69.72,2.2388,6,1
Fc1cc(F)c(CN(C2CCOCC2)CC(F)(F)F)cc1,MOSES sample,9568,309.278,21,12.47,3.5081,4,2
CCC(NC(NCc1c(cccc1)COCC)=O)C,MOSES sample,9569,264.369,19,50.36,2.8208,7,1
C1c2n(C)ncc2C(NS(=O)(N2CCCC2)=O)CC1,MOSES sample,9570,284.385,19,67.23,0.7277,3,3
OC1(CCCC2(C)C(C)(C)C(C(=C2)C)C(C)=O)CCC(=O)CC1,MOSES sample,9571,320.473,23,54.37,4.2285,5,2
n1c(nccc1)NCc1cc(-c2ccc(Br)cc2)n[nH]1,MOSES sample,9572,330.189,20,66.49,3.2413,4,3
O=C(Cc1ccc(F)cc1F)N1CCCN(c2cccnn2)CC1,MOSES sample,9573,332.354,24,49.33,2.0362,3,3
COc1ccccc1CCC(=O)Nc1ccc2[nH]c(C)cc2c1,MOSES sample,9574,308.381,23,54.12,4.05622,5,3
c1(ccccc1)-n1nnnc1C(NC(=O)c1cccc2CCOc21)C,MOSES sample,9575,335.367,25,81.93,2.0882,4,4
c1(ccc(=O)n(C)n1)C(=O)N1CCCC1c1ccc2c(c1)OCCO2,MOSES sample,9576,341.367,25,73.66,1.5288,2,4
CCOc1ccc(-c2nc(C#N)c(NCc3cccnc3)o2)cc1,MOSES sample,9577,320.352,24,83.97,3.61908,6,3
Nc1c(-c2nc3ccccc3s2)c(-c2ccncc2)nn1CCO,MOSES sample,9578,337.408,24,89.85,2.7963,4,4
O=C1CN(C(=O)c2ccc(NC3CC3)nc2)c2ccccc2N1,MOSES sample,9579,308.341,23,74.33,2.2548,3,4
c1c(cccc1C(OC)=O)CCNC(Cc1ccc(cc1)C#N)=O,MOSES sample,9580,322.364,24,79.19,2.24628,6,2
c1c(-n2c(c(nn2)C(NCC2CCCO2)=O)C)cc(cc1)Cl,MOSES sample,9581,320.78,22,69.04,2.13792,4,3
c1c(S(=O)(=O)N2CCC(CC2)=O)ccc(N2CCOCC2)c1,MOSES sample,9582,324.402,22,66.92,0.8768,3,3
O(C)c1ccc(NC(=O)C(NC(=O)N)C)cc1Cl,MOSES sample,9583,271.704,18,93.45,1.3439,4,1
O=S(NCCc1nc(C)sc1)(c1c[nH]nc1)=O,MOSES sample,9584,272.355,17,87.74,0.69562,5,2
CCOC(=O)CCC(C)NC(=O)Nc1cccc(C)n1,MOSES sample,9585,279.34,20,80.32,2.24332,6,1
O=C(c1cc(ccc1)Oc1ncnc2c1c(c(C)s2)C)NC1CC1,MOSES sample,9586,339.42,24,64.11,3.99264,4,4
c1c(-c2nc(ncc2Br)C)c(ccc1)Cl,MOSES sample,9587,283.556,15,25.78,3.86792,1,2
CC(C)(O)c1sc(COc2ccc(cc2)OC)nc1C,MOSES sample,9588,293.388,20,51.58,3.26652,5,2
c1cc(-c2ccsc2C(NCC2CC2)=O)ccc1,MOSES sample,9589,257.358,18,29.1,3.5549,4,3
c1(C(=O)C)cc(c(OC)cc1)CC(=O)N(C1CCC1)C(C)C,MOSES sample,9590,303.402,22,46.61,3.2298,6,2
c1ccc2scc(c2c1)C(=O)N1CCN(CC1)C(=O)c1ccoc1,MOSES sample,9591,340.404,24,53.76,3.0925,2,4
O=C1CCN(C(=O)CNC(=O)CC2CCCCC2)CC1,MOSES sample,9592,280.368,20,66.48,1.2645,4,2
CCOc1ccc(OC(C)C(=O)NCc2nc(C)sc2C)cc1,MOSES sample,9593,334.441,23,60.45,3.24234,7,2
n1(C)c(C)c(-c2nn3c(-c4n(ncc4)C)nnc3s2)c(C)n1,MOSES sample,9594,314.378,22,78.72,1.60364,2,4
C1c2c(cccc2)C(CO)N(C(=O)NC(C2OCCC2)C)C1,MOSES sample,9595,304.39,22,61.8,1.8552,3,3
c1(ncncc1)N1CCCC(C1)(CCC)CONC(=O)CC,MOSES sample,9596,306.41,22,67.35,2.3211,7,2
Cc1cc(C)c(C(=O)CSc2nnc(C3CC3)o2)c(C)c1,MOSES sample,9597,302.399,21,55.99,3.84726,5,3
CC(NC(=O)C(Sc1c(Cl)cccc1Cl)C)C(N(C)C)=O,MOSES sample,9598,349.283,21,49.41,3.0669,5,1
C1C(c2csc(NC(c3ncn(-c4ccccc4)n3)=O)n2)CCCC1,MOSES sample,9599,353.451,25,72.7,4.0238,4,4
C(C(OC(c1cc(CC)nc2n(nc(C)c21)C)=O)C)C(C)C,MOSES sample,9600,303.406,22,57.01,3.43052,5,2
c1(CNC(=O)CSc2nc(cc(n2)C)N)ccccc1,MOSES sample,9601,288.376,20,80.9,1.77572,5,2
CSc1nc(-c2ccc(OC)cc2)c(C(C)=O)c(=O)[nH]1,MOSES sample,9602,290.344,20,72.05,2.37,4,2
COC(=O)c1ccc(CSc2nnc(Cc3ccccc3)n2N)o1,MOSES sample,9603,344.396,24,96.17,2.2546,6,3
CCCNC(=O)N1CCCC1CC(O)C(F)(F)F,MOSES sample,9604,268.279,18,52.57,1.8837,4,1
C1(=O)c2c(ccc(c2)NC(=O)Nc2cccc(c2)SC)CCC1,MOSES sample,9605,326.421,23,58.2,4.5715,3,3
CN(Cc1occc1)C(c1ccc(CSc2n(ccn2)C)cc1)=O,MOSES sample,9606,341.436,24,51.27,3.5776,6,3
c1(C)c(F)cccc1NCc1nc(sc1)C(C)C,MOSES sample,9607,264.369,18,24.92,4.32612,4,2
C1CN(CCN1C(c1ccccc1F)=O)c1ccccc1,MOSES sample,9608,284.334,21,23.55,2.7881,2,3
N(Cc1c(cc2c(OCO2)c1)Cl)(C(Cc1c(noc1C)C)=O)C,MOSES sample,9609,336.775,23,64.8,2.87464,4,3
c1ccc(c(c1)Cl)SCC(N(C(C)C)C1CCC1)=O,MOSES sample,9610,297.851,19,20.31,4.2216,5,2
c1(C(NCCCC)=O)ccc(c(OC)c1)OC(C)C,MOSES sample,9611,265.353,19,47.56,3.0123,7,1
C(c1ccc(S(N)(=O)=O)cc1)CC(=O)OCc1noc(C)c1,MOSES sample,9612,324.358,22,112.49,1.30642,6,2
c1c(F)ccc(c1)CCNC(=O)NCC1Oc2c(C1)cccc2,MOSES sample,9613,314.36,23,50.36,2.6711,5,3
C1(C)CC(CN(C1)S(c1ccc2OCCN(c2c1)C(=O)C)(=O)=O)C,MOSES sample,9614,352.456,24,66.92,2.0985,2,3
CC(=O)c1ccc(NC(=O)NCCNC(=O)CC2CCCC2)cc1C,MOSES sample,9615,345.443,25,87.3,3.01562,7,2
c1c(c(ccc1NC(CNc1ccc(cc1)C(NC)=O)=O)F)Cl,MOSES sample,9616,335.766,23,70.23,2.8893,5,2
Fc1ccccc1C#CCNC(=O)NCc1c(cccc1)OC,MOSES sample,9617,312.344,23,50.36,2.6852,4,2
C1N(CCOC1)C(=O)CN(S(c1cn[nH]c1)(=O)=O)C,MOSES sample,9618,288.329,19,95.6,-1.111,4,2
c1c(c(cc(NC(=O)c2cccc(OC)c2)c1)S(=O)(C)=O)C,MOSES sample,9619,319.382,22,72.47,2.65942,4,2
O(c1c(CNCCc2ncc(s2)C)cccn1)C,MOSES sample,9620,263.366,18,47.04,2.18742,6,2
c1(C)n2CC(CSc2nc(c1C)=O)C(OCC)=O,MOSES sample,9621,268.338,18,61.19,1.14514,2,2
c1c(C)sc(c1OC)C(Nc1c(C)noc1CC)=O,MOSES sample,9622,280.349,19,64.36,3.17624,4,2
COCCn1cc(NC(=O)NC2(c3c(F)cccc3F)CC2)cn1,MOSES sample,9623,336.342,24,68.18,2.6185,6,3
C(F)(CN(Cc1n2c(ccc(C)c2)nc1)C)(F)F,MOSES sample,9624,257.259,18,20.54,2.63682,3,2
N1(CCN(CCO)CC1)C1=NS(=O)(c2c1cccc2)=O,MOSES sample,9625,295.364,20,73.21,-0.2546,2,3
C1N(C(=O)CNC(=O)c2cc3c([nH]2)cc(C)s3)CCCC1C,MOSES sample,9626,319.43,22,65.2,2.52612,3,3
C(=O)(NCc1c(C)ccs1)NCC(O)(c1cscc1)C,MOSES sample,9627,310.444,20,61.36,2.82492,5,2
O(c1ccc(C)cc1OCC)CCCn1c(cc(cc1)C)=O,MOSES sample,9628,301.386,22,40.46,3.33294,7,2
C(NC(=O)C1(CCCC1)C#N)C(Nc1c(OC)nccc1)=O,MOSES sample,9629,302.334,22,104.11,1.22888,5,2
CCOCCCNC(=O)c1cc2c(cc1O)OCO2,MOSES sample,9630,267.281,19,77.02,1.2773,6,2
Cn1c2ccc(OC)cc2c2CN(C(c3ccccc3)C)CCc2c1=O,MOSES sample,9631,348.446,26,34.47,3.6664,3,4
Nc1c(C(N2Cc3ccccc3CC2)=O)cnc(n1)C,MOSES sample,9632,268.32,20,72.11,1.56572,1,3
C1C(=O)c2c(cc(c(Br)c2)C(F)(F)F)O1,MOSES sample,9633,281.027,15,26.3,3.043,0,2
c1c2N(C(=O)c3nc4c(ccc(c4)C)o3)CCc2ccc1,MOSES sample,9634,278.311,21,46.34,3.33912,1,4
COCC(C)NC(=O)NC1CCc2c(Cl)cccc21,MOSES sample,9635,282.771,19,50.36,2.6614,4,2
Cc1c(CO)nnn1CC(=O)NCCOc1cccc(C)c1,MOSES sample,9636,304.35,22,89.27,0.58244,7,2
n1c2cnccn2cc1C(NCCc1ccc(cc1)C(F)(F)F)=O,MOSES sample,9637,334.301,24,59.29,2.7206,4,3
OC(C)(C)C1c2c(OC)c(ccc2CCN1)OC(F)F,MOSES sample,9638,287.306,20,50.72,2.2543,4,2
c1cc(cc(c1)O)-c1cc(C(=O)N2CCNC(C2)=O)ccc1,MOSES sample,9639,296.326,22,69.64,1.6312,2,3
CCc1ccc(CN(CCOC)Cc2cn(C)nc2C)s1,MOSES sample,9640,307.463,21,30.29,3.00102,8,2
c1ccc(S(N2Cc3ccsc3CC2)(=O)=O)c(c1)C#N,MOSES sample,9641,304.396,20,61.17,2.36678,2,3
Cc1nnc(s1)NC(CNC(NCc1ccco1)=O)=O,MOSES sample,9642,295.324,20,109.15,0.87742,5,2
c1(c(OCC)ccc(NC(N2CC(C(C)C2)(O)C2CC2)=O)c1)F,MOSES sample,9643,322.38,23,61.8,2.8491,4,3
C1(N(CCC1)C(NCCc1cn(C)nc1)=O)c1ccc(OC)cc1,MOSES sample,9644,328.416,24,59.39,2.5179,5,3
c1(ccccc1)CN(C(C1CCN(C(=O)C(C)C)CC1)=O)C(C)C,MOSES sample,9645,330.472,24,40.62,3.3182,5,2
CNC(=O)NCC(=O)NCc1ccc(C(F)(F)F)cc1,MOSES sample,9646,289.257,20,70.23,1.2506,4,1
C(C(c1c(n2ncnc2nc1C)C)=O)c1c(cccc1)Br,MOSES sample,9647,345.2,21,60.15,2.92904,3,3
C12CC(C(C2)C=C1)C(N1CCCC1Cn1cc(C)cn1)=O,MOSES sample,9648,285.391,21,38.13,2.39472,3,4
c1(noc(n1)CCC(=O)Nc1cnc(cc1)N(C)C)-c1sccc1,MOSES sample,9649,343.412,24,84.15,2.8304,6,3
C1CCC(C1)NC(C(Sc1c2ccccc2nc(n1)C)C)=O,MOSES sample,9650,315.442,22,54.88,3.47762,4,3
CC(Cn1cncc1)NS(=O)(c1c(F)cc(F)c(c1)F)=O,MOSES sample,9651,319.308,21,63.99,1.6674,5,2
CCCc1nnc(C(=O)N(CCO)Cc2ccccc2)o1,MOSES sample,9652,289.335,21,79.46,1.6568,7,2
O(CC(NC)=O)c1ccc(C(N(CC#C)CC#C)=O)cc1OC,MOSES sample,9653,314.341,23,67.87,0.5286,7,1
O=C(Nc1nc(-c2cccnc2)cs1)c1cccs1,MOSES sample,9654,287.369,19,54.88,3.5189,3,3
COc1ccc(-n2nnc(C#N)c2Cc2cccs2)cc1,MOSES sample,9655,296.355,21,63.73,2.79988,4,3
c1(C)n2c(CN(CC2)CC(=O)Nc2cc(-c3occn3)ccc2C)nn1,MOSES sample,9656,352.398,26,89.08,2.00424,4,4
C(Cn1nccc1)C1N(CCC1)C(=O)CCOc1c(cccc1)OC,MOSES sample,9657,343.427,25,56.59,2.7419,8,3
n1cccn1CCC(N1CC2C(CC1)N(C(=O)CC2)CC1CCC1)=O,MOSES sample,9658,344.459,25,58.44,1.9128,5,4
O=S(=O)(C)c1cc(NCC(C)C)c(cc1Cl)N,MOSES sample,9659,276.789,17,72.19,2.3936,4,1
c1ccc2c(c1C)OCCC2NC(=O)c1c(C)nns1,MOSES sample,9660,289.36,20,64.11,2.40854,2,3
c1cc(C)cnc1NC(=O)CCNC(=O)OCC(F)(F)F,MOSES sample,9661,305.256,21,80.32,2.00712,5,1
C1CCN(c2c1ccc(c2)S(=O)(=O)C)CCCOC,MOSES sample,9662,283.393,19,46.61,1.8792,5,2
Cc1nc(C(F)(F)F)ccc1C(=O)Nc1nc2c(s1)CCCC2,MOSES sample,9663,341.358,23,54.88,3.99642,2,3
CN(Cc1cccnc1)C(=O)Cn1ncc2c3ccccc3[nH]c2c1=O,MOSES sample,9664,347.378,26,83.88,1.9314,4,4
o1c(ccc1)CNC(=O)N1CCC(CNC(=O)C)CC1,MOSES sample,9665,279.34,20,74.58,1.3373,4,2
N(c1sc(c(C)n1)C)C(=O)CCc1c(C)c2n(cnn2)nc1C,MOSES sample,9666,330.417,23,85.07,2.38578,4,3
C1Nc2c(CC1)cc(C(c1ccc(OC)cc1OC)=O)cc2,MOSES sample,9667,297.354,22,47.56,3.2929,4,3
n1c(NC(=O)CNCc2ncccc2)c(OCC)ccc1,MOSES sample,9668,286.335,21,76.14,1.6036,7,2
C=CCN(CC=C)C(=O)c1ccc(NC(=O)C2CC=CC2)cc1,MOSES sample,9669,310.397,23,49.41,3.4055,7,2
CN(C(c1cn(CC)nc1)=O)Cc1cc(on1)C,MOSES sample,9670,248.286,18,64.16,1.47162,4,2
c1(N2CCN(CC2)C(=O)CN2CCOCC2)ccccc1C#N,MOSES sample,9671,314.389,23,59.81,0.53908,3,3
O(C)C(=O)C1C(N=C(C=1C)C(=O)OCC(N1CC(C)CC(C1)C)=O)C,MOSES sample,9672,350.415,25,85.27,1.3667,4,2
CN(Cc1cscn1)S(=O)(=O)Cc1ccccc1,MOSES sample,9673,282.39,18,50.27,2.1049,5,2
c1(cc(cc(c1)CNC(NC(c1n(C)cnn1)C)=O)C)C,MOSES sample,9674,287.367,21,71.84,1.99234,4,2
O=C1CCN(C(=O)c2ccccc2Br)CCN1,MOSES sample,9675,297.152,17,49.41,1.4112,1,2
c1(C(=O)N2CCN(c3cccc(Cl)c3)CC2)ccnc(N(C)C)c1,MOSES sample,9676,344.846,24,39.68,2.7634,3,3
CC(C)(c1c(C(=O)NCC(C)(C)NS(C)(=O)=O)cn(C)n1)C,MOSES sample,9677,330.454,22,93.09,0.7752,5,1
CCN(CC)C(=O)CSc1nc2cc(F)c(cc2[nH]1)F,MOSES sample,9678,299.346,20,48.99,2.8016,5,2
c12c(F)cccn1cc(n2)C(NCc1ccc(c(c1)OC)OC)=O,MOSES sample,9679,329.331,24,64.86,2.4206,5,3
Cc1ccc(-c2nc(C)sc2CCC(=O)NC(C)C(N)=O)cc1,MOSES sample,9680,331.441,23,85.08,2.34954,6,2
N(C(=O)N)CC(Nc1ccc(cc1)C(F)(F)F)=O,MOSES sample,9681,261.203,18,84.22,1.3122,3,1
c1c(ccc(Cl)c1C)NC(=O)CCc1onc(n1)C,MOSES sample,9682,279.727,19,68.02,2.91114,4,2
COCCCNC(=O)N(C)Cc1cccc(Cl)c1,MOSES sample,9683,270.76,18,41.57,2.5179,6,1
O(CC(N1CCN(Cc2ccc(cc2)C)C(=O)C1C)=O)C,MOSES sample,9684,290.363,21,49.85,1.20072,4,2
O=C(OCC(N1CCCCCC1)=O)c1c2c(ccc1)nccc2,MOSES sample,9685,312.369,23,59.5,2.7942,3,3
Cc1ccccc1CCNC(=O)C1CCN(C(=O)N2CCCC2)CC1,MOSES sample,9686,343.471,25,52.65,2.58152,4,3
CS(=O)(=O)N1CCN(Cc2nc(-c3ccccc3Cl)oc2)CC1,MOSES sample,9687,355.847,23,66.65,2.0722,4,3
c1(C)nc(-c2ccncc2)nc(c1C)N(C)Cc1ccccc1,MOSES sample,9688,304.397,23,41.91,3.79184,4,3
CC(C)c1cc(C(=O)OCc2nncn2C2CC2)nn1C(C)(C)C,MOSES sample,9689,331.42,24,74.83,3.0449,5,3
c1c(cncc1)C(N1CCC(N2CCOCC2)C1Cc1cnc[nH]1)=O,MOSES sample,9690,341.415,25,74.35,0.9627,4,4
C1CN(CC(C1)C(=O)Nc1cccc(SC)c1)C(CC)=O,MOSES sample,9691,306.431,21,49.41,2.9956,4,2
N#Cc1c(F)ccc(c1)NC(=O)N1CC(CCC1)C,MOSES sample,9692,261.3,19,56.13,2.96118,1,2
O=C(NCC=C)CN(c1ccc(Oc2ccccc2)cc1)C,MOSES sample,9693,296.37,22,41.57,3.2173,7,2
N(C)(C(=O)N1CCN(C(=O)c2ccc(cc2)S(=O)C)CC1)C,MOSES sample,9694,323.418,22,60.93,0.8634,2,2
c1(nc(N2CCN(CC2)C(=O)C2CCCO2)c2c(n1)n(C)nc2C)C,MOSES sample,9695,344.419,25,76.38,0.80774,2,4
c1cc(-c2c(O)ccc(c2)C(C)=O)cc(S(=O)(N)=O)c1,MOSES sample,9696,291.328,20,97.46,1.9092,3,2
c1(ccc(C(N2CCC(C)CC2)=O)cc1)NCc1noc(C(C)C)n1,MOSES sample,9697,342.443,25,71.26,3.6772,5,3
c1occc1CNC(CNC(c1cc(ccc1)C)=O)=O,MOSES sample,9698,272.304,20,71.34,1.63422,5,2
CCS(=O)(=O)N1CCCc2cc(S(=O)(=O)N(C)C)ccc21,MOSES sample,9699,332.447,21,74.76,1.0392,4,2
Cc1noc(NC(=O)Cn2nc(-c3ccccc3Cl)ccc2=O)n1,MOSES sample,9700,345.746,24,102.91,1.89382,4,3
C1OCCC(CC(C)(C)O)N1C(=O)c1cccc(c1Cl)Cl,MOSES sample,9701,332.227,21,49.77,3.343,3,2
N(Cc1ccc(OC)cc1)C(Nc1cccc(F)c1C#N)=O,MOSES sample,9702,299.305,22,74.15,3.02768,4,2
CCN(CC)C(=O)COc1cccc(C(=O)OC)c1,MOSES sample,9703,265.309,19,55.84,1.7204,6,1
n1c(cn(-c2ccccc2)n1)COc1ccc(cc1)C(=O)N(C)C,MOSES sample,9704,322.368,24,60.25,2.5481,5,3
CC(=O)NC(C(=O)Nc1nnc(-c2ccsc2)s1)C1CCCC1,MOSES sample,9705,350.469,23,83.98,2.9,5,3
O=C(CCCC(O)c1ccc(F)c(F)c1)N1CCCCCC1,MOSES sample,9706,311.372,22,40.54,3.5711,5,2
N(C(=O)CSc1nnc(n1C)-c1csc(c1)C)c1[nH]c(C)nn1,MOSES sample,9707,349.445,23,101.38,2.00934,5,3
c1(C2CCCN2C(CNC(=O)N)=O)cc2cc(ccc2cc1)OC,MOSES sample,9708,327.384,24,84.66,2.1802,4,3
C(c1cccc(C)c1)n1c2c(cc(c(c2)C)C)nc1CO,MOSES sample,9709,280.371,21,38.05,3.50216,3,3
c12ccccc1nc(COC1CN(CC1F)Cc1cc(on1)C)[nH]2,MOSES sample,9710,330.363,24,67.18,2.59842,5,4
Oc1cc(c(cc1C(=O)OC(C)C(=O)N)Cl)Cl,MOSES sample,9711,278.091,17,89.62,1.7296,3,1
c1cccc(OC)c1OCCn1c(C#N)c(nc1)C#N,MOSES sample,9712,268.276,20,83.86,1.71406,5,2
C1C(c2cc([nH]n2)C(NCc2cn(nc2C)CC)=O)C1,MOSES sample,9713,273.34,20,75.6,1.74192,5,3
O=C(C1CC1)N1CCCC(C(=O)N2CCc3cc(F)ccc3C2)C1,MOSES sample,9714,330.403,24,40.62,2.359,2,4
C(CC(=O)Nc1ccc(C(C)=O)cc1)S(c1ccc(cc1)C)(=O)=O,MOSES sample,9715,345.42,24,80.31,3.00012,6,2
c1c(S(C)(=O)=O)ccc(OC(c2c(c3ccccc3o2)C)=O)c1,MOSES sample,9716,330.361,23,73.58,3.36392,3,3
C(OC)C(=O)Nc1cc(OC)c(cc1C(N1CC(C)CCC1)=O)OC,MOSES sample,9717,350.415,25,77.1,2.1608,6,2
c1(ncn(C)c1)S(N1CCCC1C(C1CC1)=O)(=O)=O,MOSES sample,9718,283.353,19,72.27,0.5523,4,3
N(CCO)(C(COC)=O)c1c(NC(C)C)cccc1,MOSES sample,9719,266.341,19,61.8,1.4786,7,1
O=C(CSc1nncn1C)N1c2c(CC1C)cccc2,MOSES sample,9720,288.376,20,51.02,1.885,3,3
CCC(C)c1noc(C2CCCCN2C(=O)C2CCCC2)n1,MOSES sample,9721,305.422,22,59.23,3.8269,4,3
c1cnc(n1-c1cc(C(C)C)nc2cc(C)nn12)Cn1c(cc(C)n1)C,MOSES sample,9722,349.442,26,65.83,3.20846,4,4
c1cc(S(N(CC(OC)=O)CCC)(=O)=O)ccc1C,MOSES sample,9723,285.365,19,63.68,1.56872,6,1
c1(ccc2c(c1)C(NCC2)c1ccc([nH]c1)=O)CC,MOSES sample,9724,254.333,19,44.89,2.1724,2,3
CCc1nc2ncnn2c(Nc2ccc(N)c(C)c2)c1C,MOSES sample,9725,282.351,21,81.13,2.62934,3,3
c1cc(c(cc1)-c1nc(no1)-c1nnn(c1C)-c1ccccc1)F,MOSES sample,9726,321.315,24,69.63,3.43182,3,4
c1c(C)c(ccc1N(C)S(=O)(=O)c1cccs1)N,MOSES sample,9727,282.39,18,63.4,2.46382,3,2
Cc1nn(C)c(C)c1S(=O)((=O)NC(C)C1CCCO1)=O,MOSES sample,9728,,,,,,
C(NC(N1CCN(CC1)c1cnccn1)=O)c1cccc2cccnc21,MOSES sample,9729,348.41,26,74.25,2.0566,3,4
c1c2c(ncnc2Nc2ccc(-n3cccn3)cc2)sc1,MOSES sample,9730,293.355,21,55.63,3.6206,3,4
N(C(=O)COC(=O)c1cc2sccc2n1CC)C(C)C,MOSES sample,9731,294.376,20,60.33,2.4041,5,2
COc1ccc(NC(=O)c2ccc(NCC(=O)N(C)C)cc2)cc1,MOSES sample,9732,327.384,24,70.67,2.4476,6,2
N1C(CCC1C(N(C)C(c1ccccc1F)C)=O)=O,MOSES sample,9733,264.3,19,49.41,1.6237,3,2
n1nccn1-c1ccc(C(=O)NC2c3c(cccc3)SCC2)cc1,MOSES sample,9734,336.42,24,59.81,3.2342,3,4
C(n1nc(-c2ccc(F)c(C)c2)cc1C(OCC)=O)OC,MOSES sample,9735,292.31,21,53.35,2.77822,5,2
C(c1ccc(C)cc1)NS(c1ccc(SC)cc1)(=O)=O,MOSES sample,9736,307.44,20,46.17,3.19542,5,2
n1n(CC(F)F)cc(NC(=O)CCNC(=O)C2C(C)C2)c1,MOSES sample,9737,300.309,21,76.02,1.249,7,2
n1(cc(cn1)NCc1cc(Cl)ccc1)-c1c(S(=O)(C)=O)cccc1,MOSES sample,9738,361.854,24,63.99,3.5413,5,3
c1(C(C(C)C)NC(=O)C)nc2c([nH]1)CC(CNC2=O)(C)C,MOSES sample,9739,292.383,21,86.88,1.555,3,2
O=C(c1ccc(c(OCC)c1)OC)NC(C)CO,MOSES sample,9740,253.298,18,67.79,1.2045,6,1
c1(O)c(C)c(n(c2c1c(=O)oc1c2ccc(c1)O)-c1ccccc1)CO,MOSES sample,9741,,,,,,
N(c1cccc(c1)OC)C(=O)CS(=O)(=O)c1c(ccc(C)c1)C,MOSES sample,9742,333.409,23,72.47,2.72444,5,2
N1(c2ccc(OCCC)cc2)C(=O)CC(C(=O)NCC=C)C1,MOSES sample,9743,302.374,22,58.64,2.1305,7,2
c1(CCNC(=O)c2nc3nc(cc(C)n3n2)C)ccc(F)cc1,MOSES sample,9744,313.336,23,72.18,1.85274,4,3
Cc1nc(-c2cn(CC(=O)NC3CCCCC3)c3ccccc23)co1,MOSES sample,9745,337.423,25,60.06,4.05362,4,4
c1(SCc2cc(C(=O)OC)ccc2Cl)nc(N)cc(n1)N,MOSES sample,9746,324.793,21,104.12,2.3733,4,2
c1c(-c2ncc(c(N)n2)C(NCC(C)C)=O)cc(cc1)Cl,MOSES sample,9747,304.781,21,80.9,2.765,4,2
O=S(C)(=O)c1c(n(nn1)CCCC(=O)Nc1ccccc1C)N,MOSES sample,9748,337.405,23,119.97,0.99112,6,2
Cc1cccc(OCC(C)NC(=O)c2cnc3ccccn3c2=O)c1,MOSES sample,9749,337.379,25,72.7,2.20022,5,3
c1(C)ccc(N(S(=O)(=O)C)CC)cc1Br,MOSES sample,9750,292.198,15,37.38,2.54342,3,1
c1cc(OCc2scc(n2)CSc2n(c(C)nn2)C)ccc1F,MOSES sample,9751,350.444,23,52.83,3.59042,6,3
N(C(=O)c1c2c(oc1C)nc[nH]c2=O)c1ccc(F)c(c1)OCC,MOSES sample,9752,331.303,24,97.22,2.61462,4,3
CC(Oc1ccc(F)cc1)CNC(c1sccc1)=O,MOSES sample,9753,279.336,19,38.33,3.0845,5,2
C(c1n[nH]c(n1)C)Nc1ccc(C(=O)N(C)C)cc1,MOSES sample,9754,259.313,19,73.91,1.42702,4,2
C(NC(c1cccc(OC)c1)=O)C(=O)c1ccc(c(c1)C)F,MOSES sample,9755,301.317,22,55.4,2.75542,5,2
O(CC)c1ncccc1CNS(=O)(c1ccccc1)=O,MOSES sample,9756,292.36,20,68.29,1.9588,6,2
CC(NC(c1c(snc1C)NC)=O)C(C)CC,MOSES sample,9757,255.387,17,54.02,2.65762,5,1
c12ccccc2C(CCC1)CC(=O)NCc1nn(cn1)C,MOSES sample,9758,284.363,21,59.81,1.9415,4,3
C(c1c(C#N)c(nnc1SC)Nc1ccc(OCC)cc1)#N,MOSES sample,9759,311.37,22,94.62,3.08416,5,2
c1(c(cc(C)c(C(CN2CCN(C(C)=O)CC2)=O)c1C)C)C,MOSES sample,9760,302.418,22,40.62,2.26708,3,2
C(c1cccc(CC#N)c1)(N1CCCC(C1)c1[nH]ncc1)=O,MOSES sample,9761,294.358,22,72.78,2.49558,3,3
CC(C)n1cnnc1CNC(=O)C1CC1c1ccccc1,MOSES sample,9762,284.363,21,59.81,2.2789,5,3
Cc1n[nH]c(c1C(=O)N(C)C(c1ccc(cc1)Cl)C)C,MOSES sample,9763,291.782,20,48.99,3.51314,3,2
c1nccc(c1)NC(CCNC(=O)C1(CC1)c1ccc(cc1)Cl)=O,MOSES sample,9764,343.814,24,71.09,2.9116,6,3
c1(C(=O)Nc2cc(C)cc(c2)C)c(nccc1)OCCOC,MOSES sample,9765,300.358,22,60.45,2.97594,6,2
CCC(C#N)C(=O)NC(C)(C)c1ccc(F)cc1Cl,MOSES sample,9766,282.746,19,52.89,3.38018,4,1
COCC(C)NC(=O)NCC12CC3CC(CC(C3)C1)C2,MOSES sample,9767,280.412,20,50.36,2.5369,5,4
n1(nc(C#N)nc1-c1nn(c(cc1)=O)C)-c1cc(Cl)ccc1C,MOSES sample,9768,326.747,23,89.39,1.8615,2,3
c1(cc(=O)n(c2ccccc12)C)C(=O)NCc1ncccc1,MOSES sample,9769,293.326,22,63.99,1.8635,3,3
C(NCc1cc(NC(c2cccs2)=O)ccc1)(=O)C(C)OCC,MOSES sample,9770,332.425,23,67.43,3.0416,7,2
C(C(N(C)C)=O)Cc1ccc(cc1)NCC(=O)N(C)C,MOSES sample,9771,277.368,20,52.65,1.2075,6,1
c1(CCc2ocnn2)ccc(S(=O)(N)=O)cc1,MOSES sample,9772,253.283,17,99.08,0.5022,4,2
CC(C)n1nccc1NC(=O)CSc1ncn[nH]1,MOSES sample,9773,266.33,18,88.49,1.3129,5,2
O=C(NC(c1cc(ccc1)F)C)c1sc(cc1OC)C,MOSES sample,9774,293.363,20,38.33,3.69522,4,2
c1(oc(nn1)-c1ccccc1)SCC(=O)Nn1c(=O)[nH]nc1,MOSES sample,9775,318.318,22,118.7,0.4838,5,3
CCC1(O)C(O)CN(C(=O)Cn2c(C)c(Cl)c(n2)C)CC1,MOSES sample,9776,315.801,21,78.59,0.88764,3,2
Cc1nn(c2ccc(cc21)C)C(C)C(N(CC=C)CC=C)=O,MOSES sample,9777,297.402,22,38.13,3.41474,6,2
c1(c(c(Cl)ccc1)C(=O)NC1CCC(N(C)C1)=O)Cl,MOSES sample,9778,301.173,19,49.41,2.344,2,2
N1(C(=O)c2cc(ccc2)OCCC)CCC(CC1)C(=O)OCC,MOSES sample,9779,319.401,23,55.84,2.8907,6,2
C=CCNC(=O)N1CCC(NC(=O)Cc2ccc(OC)cc2)CC1,MOSES sample,9780,331.416,24,70.67,1.7139,6,2
Fc1c(S(N(C)CC(NC2CC2)=O)(=O)=O)c(cc(c1)F)F,MOSES sample,9781,322.308,21,66.48,1.003,5,2
c1cc(C2c3c(OC(=O)C2)c(Br)cc(C#N)c3)oc1,MOSES sample,9782,318.126,19,63.23,3.35478,1,3
O=c1c(O)cn(C2CC2)c2ccc(Br)cc12,MOSES sample,9783,280.121,16,42.23,2.8045,1,3
COCCNC(=O)Nc1cc(ccc1OC)C(=O)N(C)C,MOSES sample,9784,295.339,21,79.9,1.1649,6,1
n1c(sc(c1C)C(NC(=O)Cc1[nH]ccc1)C)CC,MOSES sample,9785,277.393,19,57.78,2.76192,5,2
CC(=O)N1CCc2cc(NC(=O)N(C)C(C)c3ccc(C)o3)ccc21,MOSES sample,9786,341.411,25,65.79,3.72192,3,3
c1cc(NC(NCC)=O)cc(NC(c2ccccc2)=O)c1,MOSES sample,9787,283.331,21,70.23,3.0803,4,2
C1N(CCCCC1)S(N1CCC(n2ccnn2)CC1)(=O)=O,MOSES sample,9788,313.427,21,71.33,1.0358,3,3
CCc1ccc(C(=O)N(Cc2cccs2)C2CC2)o1,MOSES sample,9789,275.373,19,33.45,3.7083,5,3
c1(cc2COCc2cc1)NC(c1sc(C)cc1)=O,MOSES sample,9790,259.33,18,38.33,3.33902,2,3
N(C(NC(C)(C)c1cccc(F)c1)=O)c1cnn(c1)CC(F)F,MOSES sample,9791,326.322,23,58.95,3.3441,5,2
C(Nc1c(ccc(Cl)c1)F)c1cc(C(=O)NC)ccc1,MOSES sample,9792,292.741,20,41.13,3.4508,4,2
O=C(NC1CCc2cc(Cl)ccc21)C(OCC1CCCO1)C,MOSES sample,9793,323.82,22,47.56,3.0276,5,3
c1(Nc2c(C)n[nH]c2C)c2c(nc(n1)C)sc(c2)CC,MOSES sample,9794,287.392,20,66.49,3.64566,3,3
O(c1c(C(=O)N2CCN(C3CCCC3O)CC2)sc(c1)C)C,MOSES sample,9795,324.446,22,53.01,1.73632,3,3
C(Cn1c2c(nc1)cc(F)c(F)c2)(N(C(C)c1ccccc1)C)=O,MOSES sample,9796,329.35,24,38.13,3.5341,4,3
C(n1c(C)c(c(c1NC(c1ccccn1)=O)SCC#N)C#N)(C)C,MOSES sample,9797,339.424,24,94.5,3.51208,5,2
c1cc(ccc1-c1nn2c(c3c([nH]c2c1)CCC3)=O)F,MOSES sample,9798,269.279,20,50.16,2.3174,1,4
c1ccccc1-n1ncc2C(c3cccs3)CC(=Nc21)O,MOSES sample,9799,295.367,21,50.41,4.0574,2,4
Cc1ccccc1CC(=O)NCc1nc(C)cs1,MOSES sample,9800,260.362,18,41.99,2.61884,4,2
COc1c(OC)cc2c(c1)C(c1ccccc1)C(C1OCCO1)=C2N,MOSES sample,9801,339.391,25,62.94,2.892,4,4
C1C(NC(=O)C2N(S(=O)(=O)N(C)C)CCC2)C1,MOSES sample,9802,261.347,17,69.72,-0.4642,4,2
C(c1cc(C(NC)=O)ccc1)NC(=O)N1CCCC(CC)C1,MOSES sample,9803,303.406,22,61.44,2.3778,4,2
C(NC(=O)Cn1nc(nn1)-c1ccc(C)cc1)c1nccs1,MOSES sample,9804,314.374,22,85.59,1.42142,5,3
C(C(C)C)(C(=O)Nc1cc(NC(C)=O)ccc1)NC(=O)COC,MOSES sample,9805,321.377,23,96.53,1.3707,7,1
FC(n1nc(C)c(c1C)CC(Nc1nc(C)no1)=O)F,MOSES sample,9806,285.254,20,85.84,1.76766,4,2
c1(c(C)c(F)ccc1)S(N1C(CCO)CCCC1)(=O)=O,MOSES sample,9807,301.383,20,57.61,2.05972,4,2
CCCCN(C)S(=O)(=O)N(C)Cc1csc(C)n1,MOSES sample,9808,291.442,18,53.51,1.86002,7,1
c1cc(NC(c2cc(S(=O)(C)=O)ccc2C)=O)ccc1Cl,MOSES sample,9809,323.801,21,63.24,3.30422,3,2
n1(C(C)C(=O)Nc2cc(C(=O)N)ccc2)nc(ccc1=O)-c1ccco1,MOSES sample,9810,352.35,26,120.22,1.8019,5,3
O=C(Cn1nnc2ccccc2c1=O)Nc1cccnc1,MOSES sample,9811,281.275,21,89.77,0.8252,3,3
CC(C)Nc1ncc(C(=O)N2CCOCC2CC(C)C)cn1,MOSES sample,9812,306.41,22,67.35,2.184,5,2
C(c1c2c(c(n(C(C)C)n1)=O)cccc2)(NCCNC(=O)C)=O,MOSES sample,9813,316.361,23,93.09,0.8433,5,2
C(N(c1nc2ccccc2nc1N1CCCCC1)CC)CO,MOSES sample,9814,300.406,22,52.49,2.4387,5,3
C(c1[nH]c2c(C)c(Cl)ccc2n1)NC(CCOc1ccccc1)=O,MOSES sample,9815,343.814,24,67.01,3.61002,6,3
c1(-c2n(CCC(C)C)nc(c2)C#N)n2cccc(C)c2nc1,MOSES sample,9816,293.374,22,58.91,3.424,4,3
Cc1c(cc(cc1)-c1occ(n1)C)NC(=O)N1CCOC(C#N)C1,MOSES sample,9817,326.356,24,91.39,2.71472,2,3
c1cc(Cc2noc(n2)C(NC(C)CCO)=O)ccc1OC,MOSES sample,9818,305.334,22,97.48,1.1697,7,2
C(NC(C(=O)NC(C(C)C)C(OC)=O)C)(c1ccco1)=O,MOSES sample,9819,296.323,21,97.64,0.7117,6,1
c1(nc(C)cc(C)n1)-c1ccc(cc1)NC(NC1CC(N(C)C1)=O)=O,MOSES sample,9820,339.399,25,87.22,2.11264,3,3
C(=Cc1c(CO)nnn1-c1nnc(s1)C)c1cccs1,MOSES sample,9821,305.388,20,76.72,2.15142,4,3
C=CCN(Cc1ccccc1F)C(=O)c1ccc(S(C)(=O)=O)cc1,MOSES sample,9822,347.411,24,54.45,3.0576,6,2
c1cc(C(S(=O)(c2scc(n2)C)=O)C)c(OC)cc1,MOSES sample,9823,297.401,19,56.26,2.99502,4,2
C1(CC2c3c(c(ccc3)OC)OCCC2)CN(CCC1)C(CC)=O,MOSES sample,9824,331.456,24,38.77,3.9901,4,3
CC(=O)Nc1cc(-c2noc(CCCC(=O)N(C)C)n2)ccc1F,MOSES sample,9825,334.351,24,88.33,2.245,6,2
CCOC(=O)Nc1nc2c(s1)CN(C(=O)OC(C)(C)C)CC2,MOSES sample,9826,327.406,22,80.76,3.0047,2,2
c12c(cccc1)c(=O)c(C(=O)Nc1cc3COCc3cc1)c[nH]2,MOSES sample,9827,306.321,23,71.19,2.8106,2,4
CC(=O)Nc1ccc(C(=O)OCC(=O)Nc2ccc(C#N)cc2)cc1,MOSES sample,9828,337.335,25,108.29,2.31218,5,2
CCOC(=O)c1cnc2nc(C)c(S(=O)(=O)N3CCCC3)cn12,MOSES sample,9829,338.389,23,93.87,0.99892,4,3
COCCN1CCOC2C(CNc3cccnc3)CCC21,MOSES sample,9830,291.395,21,46.62,1.6193,6,3
C(NC(c1ccc(OC)nn1)=O)COc1cc(Cl)ccc1,MOSES sample,9831,307.737,21,73.34,1.9474,6,2
c1cc(NC(=O)c2nnsc2C)ccc1C(Nc1ccccc1)=O,MOSES sample,9832,338.392,24,83.98,3.35112,4,3
Cc1ccc(C)c(C(=O)CCC(=O)Nc2ccncc2)c1,MOSES sample,9833,282.343,21,59.06,3.30004,5,2
C(c1c[nH]c(cc1)=O)(N(C1CC1)Cc1ccncc1)=O,MOSES sample,9834,269.304,20,66.06,1.5747,4,3
c1ccc2c(c1)CN(Cc1cnc(C3CCC3)s1)CC2,MOSES sample,9835,284.428,20,16.13,3.9689,3,4
c1cc(ccc1C)NS(c1ccc(cc1)C#N)(=O)=O,MOSES sample,9836,272.329,19,69.96,2.6675,3,2
Cc1nn(C)c(C)c1NC(=O)CCNC(=O)c1ccccc1,MOSES sample,9837,300.362,22,76.02,1.79554,5,2
FC(c1cn2c3c(=O)n(c(n(C)c3nc2cc1)=O)C)(F)F,MOSES sample,9838,298.224,21,61.3,0.9037,0,3
c1ncc(NC(=O)c2c3nc[nH]c3cc(c2)F)cc1,MOSES sample,9839,256.24,19,70.67,2.3493,2,3
C(C)(C)(C)OC(=O)N1CC(CC1)S(c1cc(C)c(C)cc1)(=O)=O,MOSES sample,9840,339.457,23,63.68,3.08654,2,2
CCN1CCOC(CN(Cc2ccc(F)cc2)CC2CCCO2)C1,MOSES sample,9841,336.451,24,24.94,2.5274,7,3
Cc1cc2c(cc1)c(co2)CC(Nc1ccccc1C(=O)OC)=O,MOSES sample,9842,323.348,24,68.54,3.70902,4,3
CC(=O)NCCCNC(=O)N(C)Cc1sccc1C,MOSES sample,9843,283.397,19,61.44,1.72412,6,1
CC(C)c1nc(C2CCN(C(=O)C3CCCO3)CC2)no1,MOSES sample,9844,293.367,21,68.46,2.078,3,3
O(CC(=O)N(C1CCCCC1)C)C(=O)c1ccc2[nH]cnc2c1,MOSES sample,9845,315.373,23,75.29,2.5108,4,3
c1c(C)c2NC(C3(Nc2cc1C)CCN(CC3)C(OC(C)(C)C)=O)=O,MOSES sample,9846,345.443,25,70.67,3.43714,0,3
CC(Cc1ccccc1Cl)N1CCCC2(C1)OCCO2,MOSES sample,9847,295.81,20,21.7,3.1099,3,3
c1c(-c2cccs2)nc(N)c(C(=O)NC2CCCCC2)c1,MOSES sample,9848,301.415,21,68.01,3.4548,3,3
c1(cccc(c1OCC(NC(C)CCC)=O)C)C,MOSES sample,9849,249.354,18,38.33,2.98704,6,1
CCN(C1CCCC1)S(=O)(=O)c1cc(C(N)=O)n(C)c1,MOSES sample,9850,299.396,20,85.4,1.0772,5,2
c1c(-c2n[nH]cc2C(=O)OCC(NC)=O)cccc1,MOSES sample,9851,259.265,19,84.08,0.9795,4,2
C(NC1(CCCN(C1=O)C)C)(Cc1cccnc1)=O,MOSES sample,9852,261.325,19,62.3,0.7512,3,2
c1c(cnc(C2CC2)n1)C(N1CCCC1C(Nc1cccnc1)=O)=O,MOSES sample,9853,337.383,25,88.08,1.9923,4,4
c1cc(=O)oc2cc(ccc21)OCc1nnc(o1)C(C)C,MOSES sample,9854,286.287,21,78.36,2.8784,4,3
c1n2c(c(N)c(-c3c4c(cccc4)[nH]c3C)cc2)nc1,MOSES sample,9855,262.316,20,59.11,3.37322,1,4
C=CCn1c(C)nnc1SCC(=O)c1ccccc1,MOSES sample,9856,273.361,19,47.78,2.74752,6,2
c1(nn(cn1)CCC1CCN(CC1)C(C1CC1)=O)-c1ccccc1,MOSES sample,9857,324.428,24,51.02,2.9838,5,4
C(NC(CNC(=O)c1ccccc1C)=O)(C)c1ccc(cc1Cl)F,MOSES sample,9858,348.805,24,58.2,3.39472,5,2
c1nccc(N(CC2OCCC2)C(c2onc(C(C)CC)c2)=O)c1,MOSES sample,9859,329.4,24,68.46,3.4089,6,3
C(C(=O)N(CC)Cc1c(C)cccc1)n1cc(c([nH]c1=O)=O)Cl,MOSES sample,9860,335.791,23,75.17,1.54712,5,2
Nc1cccc2n(cc(c(=O)c21)C(Nc1ccccn1)=O)C,MOSES sample,9861,294.314,22,90.01,1.768,2,3
c1(C(=O)NCCc2cccc(c2)F)cc(C(C)=O)cs1,MOSES sample,9862,291.347,20,46.17,3.0623,5,2
[nH]1c2-c3c(OCCc2c(n1)C(Nc1ccccc1)=O)cccc3,MOSES sample,9863,305.337,23,67.01,3.2639,2,4
C1C(c2cc(ccc2)O)CCN1C(=O)c1cscc1,MOSES sample,9864,273.357,19,40.54,3.0834,2,3
C1CC(C(O)CC1)NS(=O)(c1c(cc(Cl)c(c1)C)Cl)=O,MOSES sample,9865,338.256,20,66.4,2.88362,3,2
O=C(NCC(NC)=O)Nc1ccc(cc1)-c1oc2ccccc2n1,MOSES sample,9866,324.34,24,96.26,2.3623,4,3
C1(CCN(CC1)c1ccccc1)CNC(=O)c1cc2nn[nH]c2cc1,MOSES sample,9867,335.411,25,73.91,2.6043,4,4
Cc1ccc(C(O)C(=O)n2nc(N)c3ccccc32)cc1,MOSES sample,9868,281.315,21,81.14,2.30072,2,3
O=C(c1ccc(C(F)(F)F)cc1)N1CCN(CC2=CCCOC2)CC1,MOSES sample,9869,354.372,25,32.78,2.8099,3,3
c1c2OCCN(C(=O)CC)c2cc(c1)NC1CCOCC1,MOSES sample,9870,290.363,21,50.8,2.4129,3,3
Nc1c(NCCN2CCOCC2)ccc(Cl)c1,MOSES sample,9871,255.749,17,50.52,1.6663,4,2
C(COC)N1CC(C(=O)N2CC3CCCCC3C2)CC1=O,MOSES sample,9872,294.395,21,49.85,1.1299,4,3
C1(CCC1)(OC)CNC(C1Oc2ccccc2C1C)=O,MOSES sample,9873,275.348,20,47.56,2.2364,4,3
c1(C)cc(on1)NC(c1nc2ccccc2n(CC(C)C)c1=O)=O,MOSES sample,9874,326.356,24,90.02,2.60122,4,3
n1(C)c2c(nc1-c1cccc(N)c1)cc(OC)c(OC)c2,MOSES sample,9875,283.331,21,62.3,2.8397,3,3
COC(=O)c1ccsc1NC(=O)c1cn(C)nc1C(C)(C)C,MOSES sample,9876,321.402,22,73.22,2.818,3,2
Cc1cccc(C2OCCN(C2)C(=O)NCc2cccnc2)c1,MOSES sample,9877,311.385,23,54.46,2.67312,3,3
N(C(=O)c1ccc(cc1)-n1ccnn1)c1cc(c[nH]c1=O)C(F)(F)F,MOSES sample,9878,349.272,25,92.67,2.2267,3,3
c12c(nc(cc2C(N(C)CCc2ccccc2)=O)C2CC2)n(C)nc1C,MOSES sample,9879,348.45,26,51.02,3.46882,5,4
C1CC1C(N(CC)CC(=O)c1cccc(c1)OC)=O,MOSES sample,9880,261.321,19,46.61,2.1364,6,2
c1c(ccc(n1)N)S(=O)(NCCC1CCCC1)=O,MOSES sample,9881,269.37,18,85.08,1.5224,5,2
CC(NC(c1ccc([nH]c1=O)-c1occc1)=O)c1c(c(ccc1)C)C,MOSES sample,9882,336.391,25,75.1,3.74274,4,3
O(CC(NCc1ccco1)=O)C(=O)c1oc2c(cccc2)c1C,MOSES sample,9883,313.309,23,81.68,2.80742,5,3
c1(-c2nc3cc(C)cnc3n2CCC#N)cccc(C)c1,MOSES sample,9884,276.343,21,54.5,3.62882,3,3
O=C1CC(c2ccc(F)cc2)Cc2c1cnc1nc(CO)nn21,MOSES sample,9885,312.304,23,80.38,1.6684,2,4
Cc1nc(NCCOC)sc1C(=O)Nc1c(F)ccc(c1)Cl,MOSES sample,9886,343.811,22,63.25,3.55462,6,2
c1ccc(CSc2n[nH]c(n2CCC)=O)c(Br)c1,MOSES sample,9887,328.235,18,50.68,3.0362,5,2
c1cc(CNC(=O)c2sccc2Br)cc(NC(=O)N)c1,MOSES sample,9888,354.229,20,84.22,2.9312,4,2
N(C)C(C)C1NCCc2cccc(c21)Br,MOSES sample,9889,269.186,15,24.06,2.2438,2,2
CC(C)n1cc(C(=O)N(CCC(N)=O)Cc2ccccc2)cn1,MOSES sample,9890,314.389,23,81.22,1.9818,7,2
Cc1cc([nH]c(c1C(Nc1cc(ccc1OC)F)=O)=O)C,MOSES sample,9891,290.294,21,71.19,2.39174,3,2
CCNc1ccnc(-c2ccc3c(c2)OCCO3)n1,MOSES sample,9892,257.293,19,56.27,2.3466,3,3
o1ccc(c1C)-c1oc(nn1)CCC(=O)N1CCCC(C1)CC,MOSES sample,9893,317.389,23,72.37,3.21922,5,3
O=S(N)(=O)c1ccc(OCc2noc(C)n2)cc1,MOSES sample,9894,269.282,18,108.31,0.60442,4,2
C1CCN(C(=O)c2onc(c2N)-c2cccc(OC)c2)CC1,MOSES sample,9895,301.346,22,81.59,2.5585,3,3
c1ccncc1CC(CO)CNc1cc(C)ccc1OC,MOSES sample,9896,286.375,21,54.38,2.66172,7,2
C(Oc1cc(C)ccc1CNC(=O)NC1CC=CC1)C1CCOCC1,MOSES sample,9897,344.455,25,59.59,3.31822,6,3
NC(COC(C1N(C(=O)c2occc2)CCCC1)=O)=O,MOSES sample,9898,280.28,20,102.84,0.3028,4,2
c1cc(N2CCCC(C)C2)ncc1S(=O)(N(C(C)C)C(C)C)=O,MOSES sample,9899,339.505,23,53.51,3.1254,5,2
CCn1ccc(C(C)NS(=O)(=O)c2ccc3c(c2)CCO3)n1,MOSES sample,9900,321.402,22,73.22,1.8774,5,3
c1ccc2n(C(C)C)c(CNC(c3ccc4c(OCO4)c3)=O)nc2c1,MOSES sample,9901,337.379,25,65.38,3.2759,4,4
c1c(c(cc(O)c1)O)C(O)CNCCC(C)(C)C,MOSES sample,9902,253.342,18,72.72,2.157,5,1
C1COc2cc(ccc2O1)NC(c1n(c2ccc(Cl)cc2c1)C)=O,MOSES sample,9903,342.782,24,52.49,3.8552,2,4
CCCNC(=O)c1onc(-c2ccc(OC)cc2)c1N,MOSES sample,9904,275.308,20,90.38,2.0722,5,2
Clc1c(n(ncc1NCCc1ccccc1Cl)C)=O,MOSES sample,9905,298.173,19,46.92,2.7417,4,2
O=C(N)C(OC(=O)c1ccsc1)c1ccccc1,MOSES sample,9906,261.302,18,69.39,2.1315,4,2
Nc1nc(N)nc(n1)COC(=O)c1n[nH]c2c1cccc2,MOSES sample,9907,285.267,21,145.69,0.2693,3,3
s1c(cc(C)c1C)C(NCc1nc(C)ccn1)=O,MOSES sample,9908,261.35,18,54.88,2.39336,3,2
O=C(Cn1nc2c3ccccc3ncn2c1=O)OCC1CCCCC1,MOSES sample,9909,340.383,25,78.49,2.1677,4,4
C(c1nc(-c2ccccc2C)no1)Oc1ncccc1,MOSES sample,9910,267.288,20,61.04,3.01902,4,3
c1c(ccc(C(NC(NCc2cn(nc2)C)=O)C(C)C)c1)Cl,MOSES sample,9911,320.824,22,58.95,3.27,5,2
c1(ccc(cc1OC(F)F)NC(c1n(ncc1)C)=O)C,MOSES sample,9912,281.262,20,56.15,2.58222,4,2
COC(C)C(=O)Nc1nc(-c2cc(F)ccc2F)cs1,MOSES sample,9913,298.314,20,51.22,3.0617,4,2
CC(C1CC1)N(C)C(=O)c1cnn(-c2ccc(F)cc2)n1,MOSES sample,9914,288.326,21,51.02,2.2769,4,3
CCc1nnc(N2CCC(CCOc3ccccc3F)CC2)o1,MOSES sample,9915,319.38,23,51.39,3.4566,6,3
c1c2c(ncc1)ccc(CN1CCN(CC1)C(CC)=O)c2,MOSES sample,9916,283.375,21,36.44,2.289,3,3
C1CC1c1nc2c(c(nn2c(C(F)(F)F)c1)C)C#N,MOSES sample,9917,266.226,19,53.98,2.8056,1,3
c1(sc(NC(CNC(c2c(cccc2)C)=O)=O)nc1)C,MOSES sample,9918,289.36,20,71.09,2.12844,4,2
c1c(c(ccc1)F)N1CC(CC1=O)C(=O)NC(C1CC1)C1CC1,MOSES sample,9919,316.376,23,49.41,2.4834,5,4
[nH]1c2cc(-c3ccco3)cc(c2c(O)n1)Br,MOSES sample,9920,279.093,16,62.05,3.291,1,3
n1ccc(C2CCCN2C(OC(C)(C)C)=O)nc1N,MOSES sample,9921,264.329,19,81.34,2.1308,1,2
COc1ccccc1CN(C)C(=O)COc1ccccc1C#N,MOSES sample,9922,310.353,23,62.56,2.60428,6,2
COc1c(c(Cl)cc(C(=O)NC2CCC(O)CC2)c1)OCC,MOSES sample,9923,327.808,22,67.79,2.7806,5,2
c1c(CCNC(C2Cc3c(OC2)ccc(c3)Cl)=O)ncc(C)c1,MOSES sample,9924,330.815,23,51.22,2.95342,4,3
c1(F)cccc(N(Cc2c(nn(c2)C)-c2cnccc2)CC)c1,MOSES sample,9925,310.376,23,33.95,3.6477,5,3
c1(ccc(c(c1)N)OC)C(N(C)CC(COC)O)=O,MOSES sample,9926,268.313,19,85.02,0.3567,6,1
CC(C(=O)NCc1scnc1C)NC(Nc1ccccc1)=O,MOSES sample,9927,318.402,22,83.12,2.27792,5,2
O=C(c1ccc(F)cc1)N1CC(c2nc(-c3cnccn3)no2)C1,MOSES sample,9928,325.303,24,85.01,1.9053,3,4
C(NC(=O)c1ccc(=O)n(Cc2cccc(c2)C)c1)C1OCCC1,MOSES sample,9929,326.396,24,60.33,2.11382,5,3
C1(c2cc(ccc2N(C(COc2ccccc2C(=O)N)=O)C1)C)(C)C,MOSES sample,9930,338.407,25,72.63,2.79712,4,3
CCOCCNC(=O)c1cc2occc2n1Cc1ccccc1Cl,MOSES sample,9931,346.814,24,56.4,3.7023,7,3
O(c1c(cc(C(C(F)(F)F)(O)C(=O)OCC)c(c1)Cl)N)CC,MOSES sample,9932,341.713,22,81.78,2.6339,5,1
C1c2c(cccc2CN(C(=O)c2csc(-c3ccco3)n2)C1)OC,MOSES sample,9933,340.404,24,55.57,3.6102,3,4
O=C(C1(CC1)c1noc(c1-c1ccccc1)NCc1occc1)OC,MOSES sample,9934,338.363,25,77.5,3.7513,6,4
CC(=O)Nc1cc(NC(C)=O)cc(C(=O)Nc2cccnc2)c1,MOSES sample,9935,312.329,23,100.19,2.2507,4,2
O(CC)CCn1c(nc2c1cccc2)C(O)c1ccccc1,MOSES sample,9936,296.37,22,47.28,3.1545,6,3
Cc1c(C(=O)N(C)CC2CC2)[nH]c2c1C(=O)CCC2,MOSES sample,9937,260.337,19,53.17,2.32412,3,3
COc1cccc(OCC(=O)N(C)C(C#N)C(C)C)c1,MOSES sample,9938,276.336,20,62.56,2.08058,6,1
c1c(F)ccc(c1)-c1cn2c3CCNCc3sc2n1,MOSES sample,9939,273.336,19,29.33,2.8476,1,4
Nc1c(C(NCC(O)C)=O)sc2nc3c(cc12)CCCC3,MOSES sample,9940,305.403,21,88.24,1.8679,3,3
C(F)(F)Oc1ccc(C(=O)NCCNC(=O)C(C)C)cc1,MOSES sample,9941,300.305,21,67.43,1.79,7,1
CCNC(=O)C1CCCN(C(=O)c2c[nH]c3cccc(F)c23)C1,MOSES sample,9942,317.364,23,65.2,2.2953,3,3
O=C(Cn1ccccc1=O)N1CC=C(c2ccccc2Cl)CC1,MOSES sample,9943,328.799,23,42.31,2.8176,3,3
C(Nc1nc2c(s1)c(n(cn2)C)=O)CC1CCCCC1,MOSES sample,9944,292.408,20,59.81,2.7723,4,3
CNC(=O)c1cc(NC(=O)c2ccc3c(c2)OCO3)ccc1Cl,MOSES sample,9945,332.743,23,76.66,2.6806,3,3
COCCN1C(=O)C2CCC1CN(c1nnnn1-c1ccccc1)C2,MOSES sample,9946,342.403,25,76.38,0.7359,5,5
COc1cccc(C(C)NC(=O)C2CC(=O)Nc3ccccc32)c1,MOSES sample,9947,324.38,24,67.43,2.9984,4,3
C1CN(c2ccccc2)CCN1CC(=O)c1cc2c(OCO2)cc1,MOSES sample,9948,324.38,24,42.01,2.4202,4,4
o1c(C)c(OCC(=O)Nc2scc(n2)CC(OC)=O)c(C)n1,MOSES sample,9949,325.346,22,103.55,1.48094,6,2
CC(C)CCn1cccc(-c2nnc(NC(C)C)s2)c1=O,MOSES sample,9950,306.435,21,59.81,3.2332,6,2
O=C(NCc1nnnn1-c1cccc(F)c1)c1ccc(Cl)cc1,MOSES sample,9951,331.738,23,72.7,2.3848,4,3
N(C(Nc1ccc(cc1)C(=O)NC1CC1)=O)C1CCCCC1,MOSES sample,9952,301.39,22,70.23,3.033,4,3
CCN(C(=O)NCc1cccc(C(=O)NC)c1)C(C)C(C)C,MOSES sample,9953,305.422,22,61.44,2.6222,6,1
c1(cc(C)cc(c1)O(CC(NCc1ccc(cc1OC)OC)=O)C)C,MOSES sample,9954,,,,,,
C1CC1N1C(Nc2ccc(C(=O)N3CCN(C(C)=O)CC3)cc21)=O,MOSES sample,9955,328.372,24,78.41,0.9688,2,4
CN(C)C(=O)N1CCC2CC(c3noc(-c4ccccc4)n3)OC2C1,MOSES sample,9956,342.399,25,71.7,2.5701,2,4
Fc1ccc(CNC(=O)CCN2CCOC2=O)cc1,MOSES sample,9957,266.272,19,58.64,1.2842,5,2
COc1ccc(C(C#N)NC(=O)COc2cc(C)ccc2C)cc1,MOSES sample,9958,324.38,24,71.35,3.07192,6,2
c1ccc(c(N(C(=O)Cc2cccc(F)c2)C)c1)S(C)(=O)=O,MOSES sample,9959,321.373,22,54.45,2.4347,4,2
c1(c(C(=O)Nc2cc(cc(C)c2)C)cn(n1)C)OC,MOSES sample,9960,259.309,19,56.15,2.29784,3,2
N(C(CN1c2cc(ccc2SCC1)N)=O)CCCC,MOSES sample,9961,279.409,19,58.36,2.0972,5,2
C(c1ccccc1)OCC(c1c(=O)oc2cc(ccc2c1)OC)=O,MOSES sample,9962,324.332,24,65.74,3.2011,6,3
n1c(ccnc1C)C1COCCN1S(=O)(=O)c1cc(c(cc1)C)C,MOSES sample,9963,347.44,24,72.39,2.16406,3,3
NC(=O)NCc1ccc(NC(=O)c2ccc(-c3ccco3)cc2)cc1,MOSES sample,9964,335.363,25,97.36,3.3672,5,3
Fc1cccc(c1C(NCCNc1nc(ccn1)C(F)(F)F)=O)F,MOSES sample,9965,346.259,24,66.91,2.6155,5,2
c1ccc(S(n2c3c(cncc3)nc2)(=O)=O)cc1OC,MOSES sample,9966,289.316,20,74.08,1.6769,3,3
Cn1c(C(=O)Nc2cc(-n3cnnn3)ccc2F)cc2ccccc21,MOSES sample,9967,336.33,25,77.63,2.5454,3,4
c1cccc(NC(CSc2ncc3n2cccc3)=O)c1,MOSES sample,9968,283.356,20,46.4,3.0651,4,3
O=C(Nc1ccc(cc1Cl)Cl)Cn1cnnn1,MOSES sample,9969,272.095,17,72.7,1.6186,3,2
c1cccc2nnn(c21)C(C(c1ccccc1)O)c1ccc(OC)cc1,MOSES sample,9970,345.402,26,60.17,3.7629,5,4
c1n(Cc2ccncc2)c(=O)c2c(C)c(ccc2n1)Br,MOSES sample,9971,330.185,20,47.78,2.91072,2,3
C1CN(CCC1Oc1ncccn1)C(=O)c1c(nccc1)NC(C)C,MOSES sample,9972,341.415,25,80.24,2.3755,5,3
C1CCCN(CC1)c1ncc(C(N(C)C)=O)c(n1)N,MOSES sample,9973,263.345,19,75.35,1.141,2,2
C(=O)(OCCOC(C)C)c1cc(cn1C)C(N)=O,MOSES sample,9974,254.286,18,83.55,0.7058,6,1
O(C)c1c(OC)cc(NC(=O)c2c(C)c(C(OCC)=O)[nH]c2C)cc1,MOSES sample,9975,346.383,25,89.65,3.07774,6,2
c1nc(CCNC(N2CCN(CC2)C(C(C)(C)C)=O)=O)ccc1,MOSES sample,9976,318.421,23,65.54,1.524,3,2
c12cc(ccc2non1)CNC(CN(C(C)=O)CCc1ccccc1)=O,MOSES sample,9977,352.394,26,88.33,1.9302,7,3
Cc1nc(cs1)CC(=O)NCCOc1ccc(cc1)OC,MOSES sample,9978,306.387,21,60.45,2.19782,7,2
n1c(Cn2c(c3c(ccs3)nc2)=O)onc1C(C)C,MOSES sample,9979,276.321,19,73.81,2.0127,3,3
Nc1ccc(cc1)C(NCC(=O)c1ccc(cc1)CC)=O,MOSES sample,9980,282.343,21,72.19,2.4439,5,2
c1cc(Cl)cc(CN(C(=O)Cn2cnc(C#N)n2)C2CC2)c1,MOSES sample,9981,315.764,22,74.81,1.99438,5,3
c1ccc(-c2c(oc3ccc(O)cc3c2=O)-c2ocnc2C)cc1,MOSES sample,9982,319.316,24,76.47,4.12902,2,4
COC(=O)C1CN(C(=O)c2[nH]c3ccc(F)cc3c2Cl)CCO1,MOSES sample,9983,340.738,23,71.63,1.9744,2,3
O=C(CCCOc1c(cc(Cl)cc1)C(C)O)OC,MOSES sample,9984,272.728,18,55.76,2.7253,6,1
C(c1cnn(c1-n1cccc1)C)(=O)Nc1cccc(O)c1,MOSES sample,9985,282.303,21,72.08,2.1687,3,3
c1cccc(OCc2cccc(c2)NC(=O)N2CCC(=O)NCC2)c1,MOSES sample,9986,339.395,25,70.67,2.6194,4,3
c1oc(cc1)CN(c1ncnc2c1cc(cc2)Cl)C,MOSES sample,9987,273.723,19,42.16,3.5126,3,3
CCOc1nc2c(c(=O)n(C)c(=O)n2C)n1Cc1ccccc1,MOSES sample,9988,314.345,23,71.05,0.8807,4,3
c1c(Oc2ccc(NC(COCCC)=O)cc2)ccc(C#N)c1,MOSES sample,9989,310.353,23,71.35,3.71568,7,2
C(=O)(C)N1CCC(CC1)(NC(=O)c1ccc(c(OC)c1)C)C(OC)=O,MOSES sample,9990,348.399,25,84.94,1.28752,4,2
CCCOCC(=O)Nc1ccc(-n2nc(C)cc2C)nc1,MOSES sample,9991,288.351,21,69.04,2.24924,6,2
c1cccc(C(=O)N(C)Cc2cc(on2)-c2ccccc2OC)c1,MOSES sample,9992,322.364,24,55.57,3.6224,5,3
C(N1CCOCC1CC)(=O)c1c(cccc1)NCC(NC(C)(C)C)=O,MOSES sample,9993,347.459,25,70.67,2.2642,5,2
Oc1ccc(cc1)CCNc1[nH]c2n(n1)c1c(cccc1)n2,MOSES sample,9994,293.33,22,78.24,2.5708,4,4
CNC(=O)c1cc(C)ccc1NC(=O)CSc1ccncc1,MOSES sample,9995,315.398,22,71.09,2.48042,5,2
O=C(Nc1ccc(cc1OCC(N(C)C)=O)C)C1CC(N(C)C1)=O,MOSES sample,9996,333.388,24,78.95,0.87882,5,2
COC(=O)C1(NC(=O)C(C)NC(=O)c2ccccc2)CC1,MOSES sample,9997,290.319,21,84.5,0.6267,5,2
N1(C(c2nccnc2)=O)Cc2ccnn2CC(COC)C1,MOSES sample,9998,287.323,21,73.14,0.5917,3,3
CCCCN1CC(C(=O)Nc2ccc(C)cc2)CC1=O,MOSES sample,9999,274.364,20,49.41,2.58212,5,2
c1(C(NC(CC)C)=O)ccc(NC(=O)N2CC(CCC2C)C)cc1,MOSES sample,10000,331.46,24,61.44,3.8672,4,2
