smiles,model_name,mol_idx
Fc1c(cc(cc1)Cn1c(C)cc(n1)C)Br,MOSES sample,1
C(C(C)(CO)C)(c1ccc(cc1)S(=O)(N)=O)c1ccccc1,MOSES sample,2
c12OCOc2ccc(c1)OCCN1Cc2nn(C)c(n2CC1)=O,MOSES sample,3
c1cccc2OC(COc12)C(=O)Nc1ccc(C)cc1,MOSES sample,4
CC(C)(C)c1nc(no1)COc1cc2OCC(=O)Nc2cc1,MOSES sample,5
c1cccc(c1COc1ccc(cc1)C(N(C)C)=O)Cl,MOSES sample,6
c1(=O)n(nc(C(=O)N2CCC(CC2)C(N)=O)cc1)CCC,MOSES sample,7
Cn1c(c(cn1)CCC(N1CCCCC1CC(OCC)=O)=O)C,MOSES sample,8
c1cc(CCNC(=O)C2CCCN(C(OC(C)(C)C)=O)C2)cnc1,MOSES sample,9
CN(C)c1cccc(C(=O)Nc2ccc(CC(=O)N(C)C)cc2)c1,MOSES sample,10
c1coc(CCNS(=O)(=O)Cc2cc(Cl)ccc2)c1,MOSES sample,11
c1cc(sc1)CCC(=O)NCc1ccc(cc1)S(=O)(N)=O,MOSES sample,12
c1(C(=O)Nc2cc(ccc2)C(=O)NC2CC2)cscc1,MOSES sample,13
C(N1CCOCC1)(NCc1ccc(cc1)OCC(F)(F)F)=O,MOSES sample,14
O=S(=O)(NCCn1ccnc1)c1c(F)cc(F)cc1F,MOSES sample,15
COC(=O)N1CCC(NC(=O)N(C)CC2CC2)CC1,MOSES sample,16
CCn1cc(c(n1)C)CN(C)C(=O)C1CC(=O)N(C1)C1CC1,MOSES sample,17
CN(CC1CCCC1)c1nn2cc(C)nc2s1,MOSES sample,18
C1CCc2c(N1C(COCc1[nH]c3c(n1)cccc3)=O)cccc2,MOSES sample,19
N1(CCC(c2[nH]c3cccc(c3n2)C)CC1)S(=O)(c1nc[nH]c1)=O,MOSES sample,20
CC(NC(=O)c1c(cc(OC)c(OC)c1)NC(C1C(C)C1)=O)C,MOSES sample,21
Cc1ccc(CS(=O)(=O)c2ccc(O)cc2)cc1,MOSES sample,22
c1ccnc(c1)-c1ccc2c(ccc(c2)-c2c(C(=O)N)ccnc2)n1,MOSES sample,23
c1cc(C(F)(F)F)cc(CNCc2n3CCCCc3nn2)c1,MOSES sample,24
C(#Cc1ccc(cc1)C(=O)N(CCC)CC(F)F)CO,MOSES sample,25
N#Cc1ccc(C(=O)N2CCn3c(nnc3-c3ccccc3)C2)cc1,MOSES sample,26
n1(C(c2n[nH]c(c2)-c2ccccc2OC)=O)cc(nn1)C,MOSES sample,27
Cc1ccc(C)c(S(N(C)CC(COC)O)(=O)=O)c1,MOSES sample,28
C1CN(CCN1C(Cc1sccc1)=O)Cc1c(cccc1)C,MOSES sample,29
C(Nc1cc(S(N)(=O)=O)ccc1C)(=O)C(C)Sc1ccccc1,MOSES sample,30
CN1C=C(c2[nH]ncc2-c2ccccc2)C(C)(C)C1C(N)=O,MOSES sample,31
c1cc(c(cc1)N1CCC(C1=O)NS(=O)(=O)CC)Cl,MOSES sample,32
c1cc(C(N(C2CC2)C(C)C)=O)ccc1C(=O)NC(C#N)CCC,MOSES sample,33
C(c1sc(CNC(=O)c2cc3sncc3cc2)cc1)C,MOSES sample,34
c1(C(=O)NCc2ncccc2)n[nH]c(NC(=O)c2ccccc2)c1,MOSES sample,35
c1(c(-c2n(nc(c2)C(NC(C)c2ccccc2)=O)C)cccc1)OC,MOSES sample,36
Cc1n[nH]cc1C(=O)NC1CCOc2ccccc21,MOSES sample,37
CCOC(CC(C)CNC(N1C(C2CCCC2)CCC1)=O)=O,MOSES sample,38
N1(C(COC2CCCC2)=O)CCN(CC1)Cc1cccc(c1)Cl,MOSES sample,39
c1c(CCNCc2sc(C)nc2C)cc(cc1)F,MOSES sample,40
C(c1c(cccc1)OCC)(=O)NCc1ccc(cc1)-n1cncn1,MOSES sample,41
C(NS(c1c(cc(F)cc1)F)(=O)=O)C1OCC2N(CCCC2)C1,MOSES sample,42
C(c1ccc(cc1)Cl)C(CO)CNC(=O)CC(F)(F)F,MOSES sample,43
c1ccn(c1)-c1oc(C)c(C(Nc2cc(OC)ccn2)=O)c1C#N,MOSES sample,44
CC(=O)c1cc(NC(=O)c2ccccc2OC(C)C)c(F)cc1F,MOSES sample,45
c12cc(Cl)cc(c1OCCO2)1c2nc[nH]c2nc(n1)N,MOSES sample,46
c1cnc(C(c2cc(cc(c2)Cl)Cl)N)nc1C,MOSES sample,47
Cn1cnc2c(N3CCCC(C(=O)NCC4CC4)C3)ncnc21,MOSES sample,48
c1(c(-c2n(C)c(SCC(c3cn(nc3)C)=O)nn2)cccc1)Cl,MOSES sample,49
c1(=O)c(-c2ccc(Cl)cc2)c[nH]c2c(cncc12)Cl,MOSES sample,50
O=C(C(NC(=O)N)C)N(C(c1ccco1)C)Cc1ccccc1,MOSES sample,51
c1(C2CC2)nc2onc(c2c(C(Nc2cc3OCCc3cc2)=O)c1)CC,MOSES sample,52
C(C)Oc1c(-n2c(SC(C)C(=O)C)nnn2)ccc(c1)C,MOSES sample,53
C(N(C(C(Oc1ccc(cc1)F)C)=O)C(C)C)C(=O)N,MOSES sample,54
C(C(=O)NC(C)C)n1c(c2ccccc2nc1C1CC1)=O,MOSES sample,55
COC(NCC(Nc1cn(nc1)-c1c(cccc1)F)=O)=O,MOSES sample,56
c1(ccsc1C(=O)NC(C(C)(C)C)C#N)-n1cnnn1,MOSES sample,57
CCC(C)OC(=O)c1cccc(S(=O)(=O)N2CCOCC2)c1,MOSES sample,58
CC(NC(=O)c1csnn1)c1ccc2c(c1)OCCCO2,MOSES sample,59
N(C(c1c(ccc(C)c1)C)=O)c1sc(c(c1C(N)=O)C)C,MOSES sample,60
COc1ccc(Nc2cc(=O)nc3ccnn23)c(OC)c1,MOSES sample,61
c1(CCN(C)C(=O)Cc2c(C)noc2C)ccc(OC)cc1,MOSES sample,62
c1cc(NC(COc2ccccc2)=O)ccc1C(N)=O,MOSES sample,63
COc1ccc(NC(=O)CCC2CCCC2)cc1-n1cnnn1,MOSES sample,64
c12sc(c(c1c(=O)n(cn2)Cc1ccccc1)C)C,MOSES sample,65
C1N(CCN(C1)C(NCC)=O)c1ccccc1C#N,MOSES sample,66
N#Cc1ccc(Cl)cc1NC(CO)c1ccccc1,MOSES sample,67
O(c1cccc(C)c1)CCC(=O)Nc1noc(c1)C,MOSES sample,68
C1CC1c1n(-c2cccnc2)ncc1C(=O)N1C(CCCC1)C(C)C,MOSES sample,69
c1c(ccc(OC(C)C(OCC(N)=O)=O)c1C)C,MOSES sample,70
COCC(=O)NCC(Nc1cccc(c1)N1CCCCC1)=O,MOSES sample,71
s1c(C)c(C)c2c1nc(nc2SCC(OC)=O)C,MOSES sample,72
n1(cnc2ccccc21)CCCNc1nc(-c2c(cccc2)O)ncc1,MOSES sample,73
c1(NS(c2ccc(C)cc2)(=O)=O)noc(c1)C,MOSES sample,74
C=CCn1nc2ccc(S(=O)(=O)N3CCC(C)CC3)cn2c1=O,MOSES sample,75
c1c(=O)n(CCNS(=O)(=O)C)nc(-c2ccc(F)cc2)c1,MOSES sample,76
c1c(C(=O)NC(C)c2c(Cl)ccc(c2Cl)F)c(n(C)nc1)=O,MOSES sample,77
C(Nc1cc2c(SCC(N2C)=O)cc1)(=O)c1cnc2[nH]nc(C)c2c1,MOSES sample,78
O1CCOCC1C(=O)NC(c1ncccc1)c1ccccc1OC,MOSES sample,79
c1(ccccc1)C(NC(Cn1c(csc1=O)C)=O)C(N)=O,MOSES sample,80
c1c(Cl)ccc(c1)C(CO)NC(=O)NCc1nc(ncc1)C,MOSES sample,81
CCOc1cccc(-c2nnn(-c3ccc(OC)cc3)c2N)c1,MOSES sample,82
S(c1ccccc1N1C(CCC1)=O)CCOc1cccc(c1)C#N,MOSES sample,83
c1(ccc(C)cc1C)C(O)CSc1nc(n[nH]1)CC,MOSES sample,84
c1(cc(S(=O)(N(c2ccccc2)CC(=O)NC)=O)ccc1)Cl,MOSES sample,85
N(C(=O)CSc1nccc(c1)C#N)c1ccccc1OC(F)F,MOSES sample,86
COc1ccc(cc1)C(=O)N(CC(OC)=O)CC,MOSES sample,87
c1(c(C2Cc3ccccc3C2)nc(nc1C)N)C(=O)NCC,MOSES sample,88
c1c2c(OCO2)cc(c1)OCC(=O)N1C(C2CC2)COCC1,MOSES sample,89
C1CC(=CCC1)CCNC(=O)Nc1cc2c([nH]c(=O)o2)cc1,MOSES sample,90
c1ccc(C(CNc2ccccc2)O)cc1C(F)(F)F,MOSES sample,91
O=C(Nc1ccc(cc1)S(N)(=O)=O)Cc1cn2ccsc2n1,MOSES sample,92
c12ccc(C(NCc3c(ccc(c3)Cl)OC)=O)nc2n(C)c(n1)N,MOSES sample,93
O=C(Cc1cccc(OC)c1)Nc1c(O)cc(C)cc1,MOSES sample,94
c1(ccc(Cl)cc1N)N1CCN(CC1)C(=O)C,MOSES sample,95
Cc1nn(Cc2cc(-c3cccs3)on2)c(C)c1CCO,MOSES sample,96
CCOCCNC(c1c(Cl)c2c(cccc2)[nH]1)=O,MOSES sample,97
C(C)(C(=O)NCC1CCN(C(c2cn(nn2)C)=O)CC1)C,MOSES sample,98
O=C(Nc1cc(C)on1)CN1c2c(OCC1=O)ccc(C(C)(C)C)c2,MOSES sample,99
C(C(C)N(C(c1cc(c(F)cc1)F)=O)C)C(C)C,MOSES sample,100
c12n(c(nn1)-c1cccc(NC(=O)C(OC)CC)c1)CCCCC2,MOSES sample,101
c1ccc(Cl)c(c1)C1OCCN(Cc2ccccn2)C1,MOSES sample,102
n1c(-c2occc2)onc1CS(=O)(=O)c1ccc(O)cc1,MOSES sample,103
C1(COC(c2c(ccs2)C)=O)OC(CC1)CC,MOSES sample,104
Cc1cc(C)n(Cc2ccc(C(=O)N3CCOCC3C3CC3)cc2)n1,MOSES sample,105
O=C(NCCc1cccc(F)c1)c1cc(-c2ccco2)on1,MOSES sample,106
O=S(=O)(c1cc(ccc1)O)CCc1ccc(cc1)Cl,MOSES sample,107
[nH]1cc(c2c1cccc2)CC(N(C)C(C)c1ccncc1)=O,MOSES sample,108
c1cc(C(NC2CCN(C2)CC(F)(F)F)=O)sc1C,MOSES sample,109
n1c(c(n2c1scc2)CN1CCN(Cc2onc(C)n2)CC1)C,MOSES sample,110
C1CC(C)(CC1)C(=O)NCc1c(noc1CC)CC,MOSES sample,111
c1c(NC(=O)N(Cc2c(occ2)C)C)ccc(-c2onc(n2)C)c1,MOSES sample,112
O(c1ccccc1C(C(C)NC(c1cnc2ccc(cn12)C)=O)O)C,MOSES sample,113
c1c(OCCNC(=O)c2c3c(onc3C)nc3CCCc23)cccc1,MOSES sample,114
C1Nc2ncccc2N(C(=O)COc2c(cccc2)F)C1,MOSES sample,115
c1(CC)ccc(C(Nc2ncccc2)C(=O)N)cc1,MOSES sample,116
Brc1ccc(nc1)Cn1cnc(n1)C#N,MOSES sample,117
CCNC(=O)NC1OC(CO)C(O)C(O)C1NC(C)=O,MOSES sample,118
CC1CN(CC(=O)N2CCC(C(N)=O)CC2)c2ccc(F)cc2N1,MOSES sample,119
c1cc2c(NCCS(=O)(=O)N)ncnc2s1,MOSES sample,120
CCOc1cc(C(=O)NC2CCCC2)ccc1OCC(N)=O,MOSES sample,121
Cc1cc(NC(=O)Cc2cc(Cl)c3c(c2)OCCCO3)no1,MOSES sample,122
N(CC(c1ccc(C#N)cc1)O)(C)Cc1scc(C(=O)N)c1,MOSES sample,123
c1(c(ccc(n1)N1CCCC1)N)Oc1c(C)nn(C)c1,MOSES sample,124
Cc1nn(C)c(C)c1CCC(=O)N1CCn2c(nnc2C(C)C)C1,MOSES sample,125
CCOC(=O)c1cccc2[nH]nc(-c3cccc(O)c3)c12,MOSES sample,126
c1c(cccc1C#N)NC(c1ccc(OC2CCC2)cc1Cl)=O,MOSES sample,127
CCC(C)Oc1ccc(NC(=O)Nc2ccncc2)cc1,MOSES sample,128
c1c(cc(c(c1)OCCCC)Br)C(=O)NCC(N)=O,MOSES sample,129
N(CC(=O)Nc1ccc(cc1)C(=O)NCc1ccccc1OC)C(=O)N,MOSES sample,130
N#Cc1cccc(NC(=O)Cc2ccc(F)c(F)c2)c1,MOSES sample,131
COc1ccc(CC(=O)N(C)Cc2ccsc2)c(OC)c1,MOSES sample,132
C(Sc1nc(c2c(CCC2)n1)C(F)(F)F)c1[nH]ccn1,MOSES sample,133
c1cccc(c1)OCC(NCc1cn(CC)nc1)=O,MOSES sample,134
Cn1nnc2c(=O)n(Cc3cccc(F)c3)cnc21,MOSES sample,135
C1CC(NC(c2ccc3OCCCn23(=O)=O)=O)(CCC1)C(=O)OC,MOSES sample,136
O=C(Nc1ccccc1-c1ccccc1)c1ccc(-n2cnnc2)cc1,MOSES sample,137
Cc1cccc(Nc2ncc(N)cc2Br)n1,MOSES sample,138
C(C(=O)NCc1[nH]ccn1)CCc1ccc(cc1)C,MOSES sample,139
CCOC(=O)c1csc(NC(=O)c2sc(C)cc2OC)n1,MOSES sample,140
Cc1cnn(CC(=O)Nc2ccc(C(=O)N3CCCCC3)c(Cl)c2)c1,MOSES sample,141
c1cc(C(=O)N2CCc3cc(F)ccc3C2)cc2CCC(Nc21)=O,MOSES sample,142
C(=C)CN(C)C(Nc1ccccc1Br)=O,MOSES sample,143
N(CC(=O)NC1CCN(CC1)S(C1CC1)(=O)=O)C(C(C)(C)C)=O,MOSES sample,144
c12c(cc(OC)cc2)C(CC(N1)=O)C(Nc1cc(C)c(C)cc1)=O,MOSES sample,145
C1CN(CC(C#N)N1)Cc1c(OCCC)n(C)nc1C,MOSES sample,146
COc1ccc(C(=O)N=c2[nH]nc3cc(C)ccn23)cc1,MOSES sample,147
c1(c(c(ncn1)-n1cncn1)N)Nc1c(ccc(c1)C)C,MOSES sample,148
n1c(sc2c1cccc2)CCCn1cnc2c(c1=O)cnn2C,MOSES sample,149
c1nc(C2OCCC2)sc1C(=O)NC(C(C)C)c1sccc1,MOSES sample,150
C(n1cc(ccc1=O)NC(N(C1CCCc2c1cccc2)C)=O)COC,MOSES sample,151
CCOC(=O)c1csc(-c2ccc(OCC)c(N)c2)n1,MOSES sample,152
C1CC(=O)N(C1)C(C(=O)NCC(=O)N)Cc1ccccc1,MOSES sample,153
Cc1ccc(-c2ccc(C(=O)N3CCc4ccccc4CC3)c(=O)[nH]2)cc1,MOSES sample,154
c1(c(-n2nc(c(C(NC(C)C(OCC)=O)=O)c2C)C)cc(C)cc1)C,MOSES sample,155
C(CC(NCCc1ccccc1F)=O)NC(Nc1ccccc1)=O,MOSES sample,156
O=C(c1ccc(F)c(Cl)c1)N1CCC(C(O)C)CC1,MOSES sample,157
S(=O)(N(CC)CC1CC1)(=O)c1ccc(N)cc1OC,MOSES sample,158
C(S(=O)(N1CCCC(C1)C(=O)N)=O)c1ccccc1,MOSES sample,159
N(c1ccc(OC)c(c1)OC)C(NC(CO)C)=O,MOSES sample,160
O=S(c1c(c(OC2CC2)cnc1)Br)(=O)N,MOSES sample,161
N(C)(C(=O)CCCc1nc(C)no1)C(c1ncccc1)c1ccccc1,MOSES sample,162
C(c1nn(C(C)C)c(c2ccccc12)=O)(=O)NCC(F)(F)F,MOSES sample,163
COc1cccc(CNC(=O)CNC(C)c2ccccc2)c1,MOSES sample,164
CC(C)n1cnnc1C1CCN(C(=O)C2CC(=O)c3ccccc32)CC1,MOSES sample,165
COc1ccc(CCNC(=O)C2(c3ccccc3)CCC2)cc1OC,MOSES sample,166
C(Nc1c2cc(ccc2ncc1)F)(NCc1cc(ccc1)C(N)=O)=O,MOSES sample,167
COc1ccc(Br)cc1NC(=O)C1CCCO1,MOSES sample,168
CCCNC(=O)Cn1ccc2ccc(NC(=O)c3ccsc3)cc21,MOSES sample,169
CC1COCC(C)N1Cc1cnc2ncccn12,MOSES sample,170
N(C(NCCC(C)C)=O)CCCN1C(CCCCC1)=O,MOSES sample,171
C(=O)(Nc1c(OC)ccc(c1)Br)CCCCO,MOSES sample,172
Cc1ccc(cc1CSc1n(c(N)nn1)C)C,MOSES sample,173
n1c(NCC(N2CCN(CC2)c2scc(n2)C)=O)cc(nc1)C,MOSES sample,174
CSc1nnc(SCC(=O)Nc2cc(C)nn2C)s1,MOSES sample,175
c1(ccc(C(OC(C)C)=O)c(N)n1)-c1ccc(C)cc1,MOSES sample,176
c1ccccc1-n1c(C(=O)N(C)c2cc(cc(C)c2)C)cnn1,MOSES sample,177
C(C(Nc1cccc(c1)Cl)=O)NC(c1ccncc1)C,MOSES sample,178
Cc1ccc(F)c(S(=O)(=O)N(C)c2cccc(O)c2)c1,MOSES sample,179
C1CC(CCC1C)NC(=O)C(C1CCCC1)NC(=O)C,MOSES sample,180
c12cc(C(=O)Nc3ccccc3)ccc1n(CC)nn2,MOSES sample,181
c1(C(=O)Nc2nc(c(s2)-c2ccccc2)C)n(C)cc(c1)C(N)=O,MOSES sample,182
c1([nH]c2ccccc2n1)CCC(=O)NCC(O)Cc1ccccc1,MOSES sample,183
c1c(cccc1NC(=O)Cn1ccc(=O)[nH]c1=O)C(=O)NC1CC1,MOSES sample,184
c1c(SC)cc(NC(=O)C2CC=CCC2)cc1,MOSES sample,185
C(Oc1c(OC)cccc1)C(=O)N(CCO)C(C)C,MOSES sample,186
COc1c(cc(NC(=O)NCc2cn(cc2)C)cc1)Cl,MOSES sample,187
C(c1ccc(OCC(=O)C(C)(C)C)cc1)(NC(C)(C(OC)=O)C)=O,MOSES sample,188
O(CC(F)F)c1nc(ccc1)C(Nc1sc(C)c(CC)n1)=O,MOSES sample,189
C1(C(Nc2ncnc(N3CCC(CC3)C)c2)C)CCCO1,MOSES sample,190
Cc1nc2ccccc2nc1-c1ccc(N)cc1C#N,MOSES sample,191
C(C(CO)Cc1cccc(Br)c1)(OC)=O,MOSES sample,192
N#CCc1ccc(NC(=O)c2cc3ccccc3oc2=O)cc1,MOSES sample,193
C1CCN(C1(C#N)c1ccc(OC)cc1)C(=O)c1ccccc1F,MOSES sample,194
C1(CC=CCC1C(OC)=O)C(=O)N1CCCCC1C(N)=O,MOSES sample,195
c1c(NC(Cc2ccsc2)=O)cc2occc2c1,MOSES sample,196
Nc1nc(-c2sccc2)ncc1C(NC1CCCC1)=O,MOSES sample,197
Cc1sc(=O)n(CC(=O)NCC2(c3ccc(F)cc3F)CC2)c1C,MOSES sample,198
C1CCCN(C1)C(=O)CSc1nnnn1-c1cc(C)c(C)cc1,MOSES sample,199
COc1c(C)cc(Cl)cc1COC(=O)C1NCCC1,MOSES sample,200
N1(CCN(CC1)Cc1scnc1)CC(NC1CCCCC1)=O,MOSES sample,201
c1c(S(N)(=O)=O)c(OC2CC2)cc(S(N)(=O)=O)c1,MOSES sample,202
c1(ccccc1)C(NC(c1ccco1)C)C(NCCC)=O,MOSES sample,203
c1(OC)c(c(OC)cc(c1)OC)C(=O)N(CC)Cc1ccncc1,MOSES sample,204
C(Nc1c(NC(=O)C)ccc(C)c1)(=O)Nc1cc(ccc1)SC,MOSES sample,205
O(CC(=O)NC(C)c1ccc(C)cc1)c1ccccc1NC(=O)C,MOSES sample,206
c1c2c(cc(NC(NCCC)=O)c1)sc(C(C)C)n2,MOSES sample,207
C1N(C(COC)=O)CCN(C(=O)c2ccc3CCCCc3c2)C1,MOSES sample,208
c1cc2c(n(C)c(=O)n2-c2ccc(C)c(c2)N)cc1,MOSES sample,209
s1c(Cc2c(cccc2)OCC)c(nc1N)CC,MOSES sample,210
c1c(cccc1)Cn1c(=O)c(ccc1)NC(=O)NCCCO,MOSES sample,211
c1(S(=O)(CC(NCc2ccccn2)=O)=O)ccc(cc1)C(C)C,MOSES sample,212
c1c(cccc1NCCC(c1ccc(cc1)Cl)=O)C#N,MOSES sample,213
N(c1ccc(cc1)Cl)C(=O)NCc1ncn(n1)C,MOSES sample,214
c1(C)nc(cc(n1)NC(C)c1cn(nc1)C(C)C)N1CCOCC1,MOSES sample,215
C(=O)(N1CC(O)CCC1)NCC1(CCOCC1)c1c(cccc1)C,MOSES sample,216
o1nc(C)c(C(C)C(Nc2cc(ccn2)OC)=O)c1C,MOSES sample,217
c1(C#C)cc(NCC(Nc2ccc(S(N)(=O)=O)cc2)=O)ccc1,MOSES sample,218
O=C(NCc1cc(Cl)c(cc1)Cl)NC(CCCO)C,MOSES sample,219
N(C(c1c(Cl)ccc(S(N(C)C)(=O)=O)c1)=O)C1CCCCC1,MOSES sample,220
N(C(=O)c1sc(cc1)C1OCCC1)(C)CCC(C)C,MOSES sample,221
COc1ccc(OCC(=O)NC2(C#N)CCCCC2)cc1,MOSES sample,222
C1C(C(OCC)=O)CCN(C1)C(=O)c1c(n2ccccc2nc1)=O,MOSES sample,223
C(NCc1ccc(cc1)NC(NC(C)C)=O)(=O)N1CC(CCC1)CO,MOSES sample,224
Cc1sc2c(-c3nnc(-c4cccs4)o3)c[nH]c2c1,MOSES sample,225
C(CSc1nnc2ccccn12)(OC(c1ccccc1)C)=O,MOSES sample,226
c12c(cc(=O)oc1cc(Oc1ccc(C)cc1)cc2)CC(NC)=O,MOSES sample,227
c1(cccc(CNC2(C(=O)OC)CCC2)c1)NC(C)C,MOSES sample,228
c1(c(cccc1)-n1cncc1)NC(=O)c1cc(ccc1)Cl,MOSES sample,229
c1(ccc(C(C)C)cc1)C(C1CN(C(C1)=O)CCOC)O,MOSES sample,230
CCS(=O)(=O)N(C)Cc1nnc(-c2cccc(C)c2)o1,MOSES sample,231
O=C(Nc1ccc(CN2CCOCC2)cn1)c1ccc(Cl)cc1F,MOSES sample,232
c1c(ccc(c1)NC(CCc1csc(-c2ccccn2)n1)=O)F,MOSES sample,233
C(OC)c1c(cccc1)NC(NCc1sccc1C)=O,MOSES sample,234
C(C(CC)NC(NCCNC(c1ccc(cc1)F)=O)=O)O,MOSES sample,235
c1c(cc(C(=O)C(C)Oc2cc(N)ccc2)cc1)OC,MOSES sample,236
C1(CCCC1)NC(=O)CCn1nc(C)c2ccccc2c1=O,MOSES sample,237
C#CCCOC(=O)C1CCN(S(=O)(=O)c2ccc(F)cc2)CC1,MOSES sample,238
n1c([nH]c(c(CC(N2CCN(Cc3ccccc3)CC2)=O)c1C)=O)C,MOSES sample,239
COc1cc2c(cc1OCF)C(C1CCCO1)NCC2,MOSES sample,240
c1ccc(C(NC(CCC(F)(F)F)=O)C)cc1Cl,MOSES sample,241
N1(Cc2ccc(n(c2)C)=O)CCOC2C(CCC12)OCC,MOSES sample,242
C1(CCCCC1)CN(C(CNC(c1cc(c(F)cc1)F)=O)=O)C,MOSES sample,243
COc1nc(OC)nc(C(=O)Nc2cccc(Cl)c2Cl)n1,MOSES sample,244
CC(c1nc(c[nH]1)-c1nc(-c2ccc[nH]c2=O)no1)C,MOSES sample,245
C1N(C(=O)c2sc(C)nc2)CCC21CCCN(C2=O)CCOC,MOSES sample,246
CC(O)CN1CCN(c2ccc(C(F)(F)F)cn2)CC1C,MOSES sample,247
c1c(COC)ccc(C(NC(CO)(C)C)=O)c1F,MOSES sample,248
C(C)C(C(O)CNc1c2c(nc(C)n1)n(nc2)C)CC,MOSES sample,249
COc1ccc(-n2cc(Br)c(C)n2)cc1,MOSES sample,250
c1cc(cc(c1)-c1c(NC(=O)c2ccccc2)c2c(nccc2)o1)OC,MOSES sample,251
c1cc(ccc1C(NC(c1ccccc1)(CO)C)=O)N(C)C,MOSES sample,252
O=S(=O)(NCC(c1ccco1)O)c1ccc2CCCc2c1,MOSES sample,253
O=C(Nc1cccc(N2CCCS2(=O)=O)c1)c1ccc(F)cc1,MOSES sample,254
c1cc2c(C(C(OC)=O)CCN2C(CC=Cc2ccccc2)=O)cc1,MOSES sample,255
c1c(OC(F)(F)F)c2c(cc1)CCNC2c1ccc(nc1)C,MOSES sample,256
CC(C)(C)C(=O)NCCn1ccc(-c2ccncc2)n1,MOSES sample,257
N1(CC2CCN(CCC2(O)C1)C(=O)c1cnccn1)c1ncccn1,MOSES sample,258
CCCNC(CNC(CNC(=O)C1CCCC1)=O)=O,MOSES sample,259
CCc1ccc(N2CC(C(=O)Nc3ccccc3)CC2=O)cc1,MOSES sample,260
Cc1ccc(N2CCC(NC(=O)c3cccn(C)c3=O)C2=O)cc1C,MOSES sample,261
c1(c(=O)c2ccc(cc2[nH]c1)F)S(=O)(=O)c1ccc(C)cc1,MOSES sample,262
Cc1c(CNCCc2c(cccc2)F)c(n(n1)C)C,MOSES sample,263
c1cccc2C(C(N3CCCCC3)=O)CNCc21s,MOSES sample,264
CN(CC1CCCCC1)C(=O)c1ccn(C(F)F)n1,MOSES sample,265
Cc1nn(CCO)c(c1CNCC1OCCc2c1cccc2)C,MOSES sample,266
c1c(ccc(OC)c1)Sc1nccnc1C1CCN(CC1)C(=O)C,MOSES sample,267
O=C(Cn1cc(N)cn1)Nc1c(Br)cc(cc1)F,MOSES sample,268
CCOc1cc(C)ccc1NC(=O)NCc1ccco1,MOSES sample,269
c1c(nc2n(c1=O)C(CC(NCCCOCC)=O)CS2)C,MOSES sample,270
CCOc1ccccc1NS(=O)(=O)c1ccc(CO)cc1,MOSES sample,271
Cc1ccc(S(=O)(=O)Nc2ccc3c(c2)NC(=O)C(C)O3)c(C)c1,MOSES sample,272
c12nnn(c1ccc(C2)C(=O)Nc1onc(-c2cscc2)c1)CC,MOSES sample,273
C1COCCC1(CNS(CC)(=O)=O)c1cccc(c1)F,MOSES sample,274
C(Cn1c(cccc1)=O)(NCc1cc(ccc1)-c1ccc(OC)cc1)=O,MOSES sample,275
C(=O)(c1c(C)c2c(ccc(c2)O)oc1=O)NCc1ccncc1,MOSES sample,276
c1(ccc(CCC(=O)N2CC(CC2C(OC)=O)O)cc1)C(N)=O,MOSES sample,277
CNC(=O)C1CN(C(=O)c2cccc(Cl)c2Cl)CCO1,MOSES sample,278
C(N1CCN(S(=O)(=O)c2ccccc2)CC1)C(C)O,MOSES sample,279
COc1cccc(CNc2cc(OC)ccc2F)c1,MOSES sample,280
C(Nc1c(cccc1C)C(C)C)(=O)CSc1c(=O)[nH]c(=O)[nH]n1,MOSES sample,281
c12cccc(c2ccnc1C#N)CN1CC(OCC1)CCOC,MOSES sample,282
CC(C)(C)OC(N1C(COc2c(cccc12)N)=O)=O,MOSES sample,283
O=C(N(c1c(OC)cc(OC)cc1)CCO)C1CC1,MOSES sample,284
O=S(=O)(c1cn[nH]c1)N1CCCC1c1ccco1,MOSES sample,285
Cc1cc(C(C)NC(=O)C2CCCOC2)c(C)s1,MOSES sample,286
c1c(F)cccc1S(=O)(NCCNC(c1ccccc1)=O)=O,MOSES sample,287
c1(-c2ccc3[nH]c(cc3c2)C)onc(n1)C(C)(C)OC,MOSES sample,288
c12ccccc1n(CC(NC(=O)CCC(C)C)C(NC(C)C)=O)cn2,MOSES sample,289
Cc1ccccc1NC(=O)C1CC(=O)n2cnnc2N1,MOSES sample,290
Cc1n[nH]c(C)c1CCNC(=O)c1ccc2ccc(Cl)cc2n1,MOSES sample,291
O=C(c1cnc2c(c1)CCCC2)N1CCCC(c2nncn2C2CC2)C1,MOSES sample,292
o1c(=O)c(COC(c2sc(nc2C)C)=O)cc2ccccc12,MOSES sample,293
c1cc(cc(c1)Oc1ccccc1)-n1nc(cc1N)C,MOSES sample,294
c1(-c2onc(n2)-c2cccc(OC)c2OC)c(C)nn(C)c1,MOSES sample,295
C1Oc2cc3nc(n(CC(C)C#N)c3cc2O1)C(C)C,MOSES sample,296
CSc1ccccc1NC(=O)c1[nH]ncc1Br,MOSES sample,297
O=C(Nc1c(ccc(c1)C)C)NCCC(=O)N(C)C,MOSES sample,298
c1(c(c(c(Br)c(c1C)NC(=O)C)C)C)C(=O)OC,MOSES sample,299
NC(=O)c1csc(C(=O)Oc2ccc3ccc(=O)oc3c2)c1,MOSES sample,300
CNC(=O)Nc1ccc(S(=O)(=O)NC(C)C(C)C)cc1,MOSES sample,301
C(c1nn2c(nc(cc2C)C)n1)(=O)NCc1cc2OCCOc2cc1,MOSES sample,302
c1ccc(cc1)C1(CNC(CCOC)=O)CCCC1,MOSES sample,303
n1(cnnn1)-c1ccc(OC(CSc2ccc(F)cc2)=O)cc1,MOSES sample,304
C(N(CCc1ccccn1)C)(c1c2c(cccc2)n(CC)c1)=O,MOSES sample,305
CC(C)(C)OC(NCC1(CC1)c1c(scc1)C(OC)=O)=O,MOSES sample,306
s1c(ccc1)CN(C(=O)NC1CCC(O)CC1)C,MOSES sample,307
n1(cnc2ccccc2c1=O)-c1ccc(c(c1)OC)OC,MOSES sample,308
c12c(cc(nn2)N2CCN(C(=O)C3CCCO3)CC2)CCNC1=O,MOSES sample,309
NS(=O)(=O)c1ccc(NC(=O)C2CC2c2ccccc2)cc1,MOSES sample,310
C(c1cnc(c(OC)c1)NC)(=O)NC(c1c(cc(F)cc1)F)C,MOSES sample,311
C(c1ccco1)n1c(SCCOc2c(C)cccc2)nnc1C,MOSES sample,312
c1c2cc(c(nc2ccc1)C(=O)NCCCN1CCOCC1)O,MOSES sample,313
C(c1ccc(cc1)Oc1nccnc1C#N)(N(CC)CC)=O,MOSES sample,314
c1(S(=O)(NC)=O)ccc(cc1)CCC(=O)NC,MOSES sample,315
C1CCN(c2c1cc(cc2)NC(=O)NCc1ccccc1Cl)C(C)=O,MOSES sample,316
c1(ncccn1)N1CCCC(C(Oc2ccc(Cl)cc2)=O)C1,MOSES sample,317
c1c(C(=O)NCCOCCO)noc1-c1ccc2c(c1)OCO2,MOSES sample,318
c1cc(C(=O)NCCS(N)(=O)=O)cc(OC)c1C,MOSES sample,319
N(C(=O)N(CC1CCCO1)Cc1ccco1)CC1(C(=O)N)CCCC1,MOSES sample,320
c1c(NC(CN(C)C(=O)CCc2ccsc2)=O)cccc1OC,MOSES sample,321
c1cc2c(sc(n2)CNC(=O)c2c(NC)snc2C)cc1,MOSES sample,322
c1(ccc(C(C)C)cc1)CC(Nc1ccon1)=O,MOSES sample,323
c1cccc2c(C(NC(c3cccs3)C)=O)c[nH]c(c21)=O,MOSES sample,324
n1(c(SC(C#N)C)nnc1C)CC(Nc1ncccn1)=O,MOSES sample,325
c1(C(NCC(O)c2ccc(cc2)C(F)(F)F)=O)cc(=O)[nH]c(c1)C,MOSES sample,326
N(CC(=O)OCC)(CCC)c1n2ncnc2nc(c1)C,MOSES sample,327
C1CN(CCO1)C(CNC(=O)c1ccccc1)c1c(OC)cccc1,MOSES sample,328
C(CCC(=O)Nc1ccc(cc1Br)C)(O)C,MOSES sample,329
C1(C(=O)NC(C)(C)C)(CCOCC1)c1ccc(F)cc1F,MOSES sample,330
O(C)c1ccc(OCCC(NCC(O)C)=O)cc1,MOSES sample,331
n12nc(cc1nc(C(=O)NCCCC)cc2OCC)C,MOSES sample,332
o1nc(cc1C)C(=O)NC1CCN(CC1)C(=O)c1cn2ncccc2c1,MOSES sample,333
FC(COC(c1ccc(cc1)N1C(=O)NCC1)=O)F,MOSES sample,334
c1sccc1C(=O)OCC(=O)Nc1c(C)cccc1C(C)C,MOSES sample,335
C(CNC(=O)Cc1nc(sc1)-c1ccccc1)Cc1nc(C)no1,MOSES sample,336
c1c(C(=O)Nc2c(C)ccc(C)c2)cc(C)c(c1S(=O)(=O)N)C,MOSES sample,337
C(n1c(c2ccccc2s1)=O)CC(Nc1cccc(c1)Cl)=O,MOSES sample,338
O=C(C(NC(c1cccc(c1)Cl)=O)C)N1Cc2c(cccc2)CC1,MOSES sample,339
c1(c(cccc1)F)S(=O)(=O)N1CC(N2CCOCC2)C1,MOSES sample,340
n1(-c2cc(c(C)cc2)C)c(nnn1)SCCCCC(=O)N,MOSES sample,341
COC(=O)C(C)CN(C)S(=O)(=O)c1cccc(F)c1,MOSES sample,342
Cc1ccc(-n2nnnc2CNS(=O)(=O)c2cccs2)cc1,MOSES sample,343
O1C(c2c(scc2)C(N2CCC(C(=O)N)CC2)=O)OCC1,MOSES sample,344
COc1ccc(CNC(=O)N(C)C2CC(C)CCC2)cc1OC,MOSES sample,345
O=C(NC1c2ccccc2OCC1)C(NC(C)=O)C,MOSES sample,346
c1(Cn2ccnc2Cc2cccc(Br)c2)cc(no1)C,MOSES sample,347
C#CCC(OC(=O)c1cnn(C)c1C)c1ccccn1,MOSES sample,348
c1c(ccc2CCCc12)C(Nc1cc(c(cc1)C)S(=O)(C)=O)=O,MOSES sample,349
c12c(ccc(F)c2)CN(C(=O)Nc2ccnc(C)c2)CC1,MOSES sample,350
COc1cc(OC)cc(C(=O)NCC(O)c2ccsc2)c1,MOSES sample,351
O=S(=O)(N1CCC(C)CC1)Nc1ccc(c(c1)OC)OC,MOSES sample,352
c1(nc2n(cc(C)cc2)c(=O)c1)CSc1ccc(C)cn1,MOSES sample,353
c1c(ncc(c1)C(OC(C)COC)=O)C(N(C)C)=O,MOSES sample,354
Cc1c(ccc(c1)C(O)CCC(NCCCC)=O)F,MOSES sample,355
S(=O)(c1c(ccc(c1)C#CCO)Cl)(N(CC)CC)=O,MOSES sample,356
O=C(Nc1ccccc1)c1nnn(-c2ccc(OCC)cc2)c1C,MOSES sample,357
CN1CCN(C(=O)c2ccc(Br)cc2)C(C)(C)C1=O,MOSES sample,358
c1(c(-c2ccccc2)nccn1)C1N(C(=O)c2cccnc2)CCCC1,MOSES sample,359
N(CC(=O)NC1CC1)C(=O)c1nc(sc1)Cc1cccc(Cl)c1,MOSES sample,360
c1c2c(C(=O)NCC(NCCCC)=O)nc3c(cccc3)n2nc1,MOSES sample,361
C(NC(=O)C(C)(c1ccccc1)C)c1cc(n(n1)C)-c1ncccc1,MOSES sample,362
Cc1ccccc1OCCN1C(=O)COc2ccc(N)nc21,MOSES sample,363
c1(-c2ccc3OCCc3c2)onc(CSc2nnc(s2)C)n1,MOSES sample,364
C1(CN(C(CO1)C)Cc1ccccc1NC(=O)C)C,MOSES sample,365
COCC(C)NC(=O)c1ccc(CNC(=O)Nc2ccccc2)cc1,MOSES sample,366
Nc1n(-c2ccc(cc2F)F)nnc1C(=O)OCC,MOSES sample,367
c1ccc2c(NC(=O)N(C2=O)CCOC)c1Br,MOSES sample,368
c1(C(C)(O)CNC(=O)Nc2c(ccc(F)c2)Cl)cccs1,MOSES sample,369
OCCN(CC(C)O)S(c1ccc(cc1)C(=O)C)(=O)=O,MOSES sample,370
c1(c(nnc(C)n1)C)NCc1cc(ccc1)Cl,MOSES sample,371
N#CC(Cc1cccs1)C(=O)Nc1cccc(Cl)c1,MOSES sample,372
Clc1cc(Br)cc2c1CCNC2C1CC1,MOSES sample,373
c1(CC(Nc2cc3c(cc2)n(C(C)C)c(o3)=O)=O)ccc(F)cc1,MOSES sample,374
c1c(c(ncc1)OCCC)C(Nc1scc(C)n1)=O,MOSES sample,375
CNC(c1cc(ccc1)OCc1noc(C2CC2)n1)=O,MOSES sample,376
c1(c(ccc(c1)-n1cc(C(NC2CCCC2)=O)nn1)C)C,MOSES sample,377
O=C(N1CCCCC1CC)Nc1ccccc1OC,MOSES sample,378
CC(C)Cc1ccc(C(=O)N2CCC(O)CC2)cc1,MOSES sample,379
Cc1ccc2nc(-c3ccncc3)cc(C(=O)Nc3c(C)non3)c2c1,MOSES sample,380
N(c1nccs1)C(C1CCCN1C(OC(C)(C)C)=O)=O,MOSES sample,381
O=S(NCCCNC(c1[nH]nc(C)c1)=O)(c1ccc(cc1)F)=O,MOSES sample,382
C(OC(c1ccc(C)c(OC)c1)=O)C(Nc1ccc(c(c1)F)F)=O,MOSES sample,383
O=C(CCC1CCCO1)NCC1CN2CCCCC2CO1,MOSES sample,384
C(OC(C)(C)C)(=O)N1CCC2(CC1)CN(C(=O)C2)c1ccccc1,MOSES sample,385
COc1ccccc1CC(=O)Nc1cc(F)ccc1F,MOSES sample,386
N#CC(CCC(=O)NCc1ccccc1)c1ccccc1F,MOSES sample,387
o1cccc1-c1noc(CCC(NC(C)Cc2cc(ccc2)O)=O)n1,MOSES sample,388
c1(nnc(SCC(Nc2ccc(F)c(c2)Cl)=O)n1C)C(C)C,MOSES sample,389
O=C(Nc1ccc(c(C(=O)NC)c1)F)Cc1c(Cl)cccc1F,MOSES sample,390
c12c(ncc(NC(c3c(F)cccc3)=O)c1)n(nc2)C(C)C,MOSES sample,391
c1ccc(cc1CNC(CNc1ccc(cc1)C(=O)N)=O)C,MOSES sample,392
Cc1nc(cs1)CN(c1c(Cl)cc2c(nc(s2)C)c1)C,MOSES sample,393
COc1c(OC)cc(CNC(=O)C(c2ccccc2)c2ccccc2)cc1,MOSES sample,394
c1nnnn1-c1ccc(OC(=O)C2CCN(CC2)C(=O)C(C)C)cc1,MOSES sample,395
CC(C)c1cc(C(=O)NCc2ncc(-c3ccccc3)[nH]2)nn1C,MOSES sample,396
n1c(cc(cc1)-c1cc(n[nH]1)C1CCN(CC1)C(=O)CO)OC,MOSES sample,397
c12cc(c(cc1C(NCC2)c1scc(C)n1)Cl)F,MOSES sample,398
CC(c1ccsc1)C(Nc1ccc(OCC(N)=O)cc1)=O,MOSES sample,399
C(c1cccc(c1NCc1ccncc1)Cl)(=O)OC,MOSES sample,400
CCN(C)C(=O)c1cnc(-c2ccc(OC)cc2)nc1N(C)C,MOSES sample,401
CCC(NC(=O)Nc1cc(N2CCCC2=O)ccc1Cl)CC,MOSES sample,402
O=S(NC1CC1)(c1ccc(N2CCCCC2)c(c1)N)=O,MOSES sample,403
n1(CCO)cc(cn1)NC(=O)NCc1nn(C)cn1,MOSES sample,404
c12c(nc(-c3ccco3)n2CCC)ccc(c1)C(=O)C,MOSES sample,405
n1(c(CCC(N2CCCC2C(N(C)C)=O)=O)nc2ccccc21)C,MOSES sample,406
n12cnc(cc2CN(CC1)C(=O)c1ccccc1O)=O,MOSES sample,407
N#Cc1cc(c(OCC(NC(CC)C)=O)cc1)Cl,MOSES sample,408
O=C(Cc1cccs1)Nc1ccnn1Cc1ccc(Cl)cc1,MOSES sample,409
c1(C)n(Cc2c(F)cc(cc2)F)c(=O)sc1C,MOSES sample,410
c1(S(n2nccc2)(=O)=O)c(ccc(C)c1C)Cl,MOSES sample,411
C1c2sc3n(nc(-c4ccccc4F)n3)c2CCN1,MOSES sample,412
c1c(F)ccc(c1)C(O)CN1C(C(C)(C)Nc2c1cccc2)=O,MOSES sample,413
Cc1[nH]ncc1S(=O)(=O)Nc1ccsc1C(=O)OC(C)C,MOSES sample,414
Cc1c(c(NC(CC(C)n2nc(cc2)C)=O)ccc1)C,MOSES sample,415
COc1cccc(CC(=O)Nc2ccc(S(C)(=O)=O)cc2)c1,MOSES sample,416
C1(CCCN1C(c1occc1)=O)C(NC1CCN(CC1)C(C)=O)=O,MOSES sample,417
C1N(C(N(C)C)=O)CCN(C1)C(=O)NCc1cccc(COCC)c1,MOSES sample,418
C(=O)(c1ccc(cc1)NC(=O)N)OC(C(Nc1ccc(C)cc1)=O)C,MOSES sample,419
Cc1nc(NC(=O)Cn2nc3c(N4CCCCC4)nccn3c2=O)n[nH]1,MOSES sample,420
Cc1ccc(CC(=O)N2CCC(NC(=O)c3cccs3)CC2)cn1,MOSES sample,421
CC(NC(=O)N1CCc2ccccc21)c1ccc(-n2cncn2)cc1,MOSES sample,422
C1CCC(CN1C(NCc1c(OC(C)C)cccc1)=O)OCC,MOSES sample,423
c1(OC)c(cccc1)CNC(=O)CCC(C#N)c1ncccc1,MOSES sample,424
c1(c2c(cccc2)ncn1CC(Oc1ccc(C(=O)OCC)cc1)=O)=O,MOSES sample,425
C1CN(CCN1C(Cn1ccccc1=O)=O)c1cccc(c1)OC,MOSES sample,426
O=C(Nc1ccc2c(c1)COC2)NC1CCc2cc(F)ccc21,MOSES sample,427
O=C(CCOc1cc(cc(c1)C)C)N1CCC(C(N)=O)CC1,MOSES sample,428
COc1cccc(-c2noc(-c3cc(OC)c4c(c3)OCCO4)n2)c1,MOSES sample,429
CCc1nc2n(n1)CCCC2NC(=O)c1ccc(C)[nH]c1=O,MOSES sample,430
O(c1c(Cl)cc(F)cc1)C(C(C)NC(=O)c1occc1)=O,MOSES sample,431
O=C(CNC(=O)c1ccco1)Nc1nccs1,MOSES sample,432
C1CC1C(Nc1cnc(cc1)N(C(C(C)C)=O)CC)=O,MOSES sample,433
N1(C(c2c3c(cccc3)c(n(C)n2)=O)=O)C(c2ccc(F)cc2)CC1,MOSES sample,434
C1CCCN(C1)S(c1c(C)c(N)ccc1C)(=O)=O,MOSES sample,435
O=C(CN1CCc2ccccc2C1)NC1CCC2(CC1)OCCO2,MOSES sample,436
CN(C)C(=O)c1ccc(NCC(=O)NC(C)(C#N)C(C)C)cc1,MOSES sample,437
C(Sc1nncn1C)(C)c1nnc(o1)-c1sccc1,MOSES sample,438
c1(ccc(cc1)-n1c(=O)c2CCCc2nc1SCC(=O)N)Cl,MOSES sample,439
C1(NC(=O)C2Cc3cc(OC)ccc3OC2)CCOCC1,MOSES sample,440
c1(C(N(C)C(c2ccc(cc2)F)C)=O)ccncc1,MOSES sample,441
Nc1ccc2nc(-c3cccc(C(F)(F)F)c3)[nH]c2c1,MOSES sample,442
Cc1nc(-n2ccc3c(cnc4nc(C)nn43)c2=O)sc1C,MOSES sample,443
COC(=O)C(CC(C)C)NC(=O)c1ccc(C)s1,MOSES sample,444
c1n(C)nc(c1CNC(c1ccc(cc1)C(C)(C)C)=O)C,MOSES sample,445
Cc1cnn(C)c1C(=O)Nc1nc(-c2cc(F)ccc2O)cs1,MOSES sample,446
COc1cccc2cc(C(=O)Nc3c(cccc3)F)c(=O)oc21,MOSES sample,447
C(NC(=O)Nc1c(F)ccc(F)c1)C1OCCC1,MOSES sample,448
c1(-c2nnc(NC(CCC)=O)s2)cnccc1,MOSES sample,449
c1(ccc(NC(=O)N2CC(NS(=O)(C)=O)CC2)cc1F)C,MOSES sample,450
c1(cc(N)cc2NC(=O)COc12)N(CC)CCCC,MOSES sample,451
CCn1ncc(CNC(=O)c2cnn(-c3ccccc3)c2C)c1C,MOSES sample,452
C(C)(c1ccc(C)cc1)NC(=O)c1ccc(OCC(N)=O)cc1,MOSES sample,453
c1(F)c(ccc(F)c1)NC(=O)c1sc(cc1)C(OC)=O,MOSES sample,454
n1c2ccccc2[nH]c1C1CN(C(=O)Nc2cc(C)c(C)cc2)C1,MOSES sample,455
O=C(CCCn1cnnn1)Nc1n[nH]c(-c2ccco2)n1,MOSES sample,456
c1ccccc1S(=O)(Cc1noc(n1)CCC)=O,MOSES sample,457
CN(Cc1ccc2nonc2c1)c1nc2ccccc2cc1CO,MOSES sample,458
c1c(ccc(c1)C(=O)Nc1ccccc1)NC(c1scnc1C)=O,MOSES sample,459
CCOc1ccccc1NC(=O)c1cc(-c2cccnc2)[nH]n1,MOSES sample,460
O=S(CC)(=O)Nc1cc2oc(=O)c(C(=O)OCC)cc2cc1,MOSES sample,461
CNC(=O)CSc1nnc(-c2cccc(Br)c2)n1C,MOSES sample,462
O=C(c1cn(-c2ccc(cc2)C)nn1)N(CC=C)CC=C,MOSES sample,463
c1(ccc(C)cc1Cl)OCCCNC(NC(c1n(cnn1)C)C)=O,MOSES sample,464
c1(cc(CN(Cc2ccc(-n3nc(C)cc3C)cc2)C)oc1)C#N,MOSES sample,465
C1N(C(=O)c2c(NC(=O)c3ccccn3)cccc2)CCN(C1)C,MOSES sample,466
C(OC(=O)c1c2c(c(=O)oc1C)cccc2)C(NC(C)C)=O,MOSES sample,467
c1c(ccc(F)c1)-n1c2oc(N)c(C(OC(C)C)=O)c2c(n1)N,MOSES sample,468
C(n1ncc(c(c1=O)CO)-c1ccccc1OCC)C,MOSES sample,469
Clc1c(C(=O)NCc2ccncc2)cc(cc1)N,MOSES sample,470
O=C(N=c1[nH]c2ccccc2[nH]1)C1CC(=O)N(CC(F)(F)F)C1,MOSES sample,471
C1CCC(C(C(NCc2n(cnn2)CC)=O)N2CCCC2=O)C1,MOSES sample,472
c1n2c(ccc1C)ncc(c2=O)NCc1ccccc1,MOSES sample,473
c1(F)ccc(-c2cc(c(cc2)C(=O)N(CC(=O)NC2CC2)C)F)cc1,MOSES sample,474
o1c2c(cc(cc2)CC)cc1C(=O)N1CC(CC1C(=O)OC)O,MOSES sample,475
c1(C)c(sc(C)n1)CNC(NC1CC(C(F)(F)F)CCC1)=O,MOSES sample,476
[nH]1nc(c(c1)S(=O)(NCc1c(CC)cccc1)=O)N,MOSES sample,477
c1c(ccc(C(N)c2c(n(CCC)ccc2)=O)c1)C,MOSES sample,478
O(C(c1cnn(C)c1CC)=O)CCNc1nnccc1,MOSES sample,479
CCOc1ccc2[nH]c(C(=O)NCC(C)C)cc2c1,MOSES sample,480
COCC(=O)NC(C)c1ccc(OC2CCCC2)cc1,MOSES sample,481
c1cncc(c1)C(=O)NCc1ccc(-n2cccn2)nc1,MOSES sample,482
c1ccc(CN(C)c2ccc(S(=O)(=O)C)cc2N)cn1,MOSES sample,483
C(c1nn(-c2c(cccc2)F)cc1)(N1C2C(OCC1)CCCC2)=O,MOSES sample,484
c1cccc2c1N(C(C(C)Oc1ccc(C(=O)N)cc1)=O)CC2,MOSES sample,485
NC(=O)c1c(NCC(=O)N2CCCCC2)ccc(C(F)(F)F)c1,MOSES sample,486
C(Cn1nc(cc1C)C)(Nc1cc(OC)c(OC)c(OC)c1)=O,MOSES sample,487
c1cc(c(cc1OC)C(N(c1ncccc1)CC(F)(F)F)=O)OC,MOSES sample,488
C1(C(NCc2c([nH]c(cc2C)C)=O)=O)CC1c1c(ccc(F)c1)F,MOSES sample,489
c12nn(c(n1CCN(C2)CC(Nc1ccccc1)=O)=O)C,MOSES sample,490
Cc1cc(NC(c2onc(C)n2)C)nc(N2CCOCC2)n1,MOSES sample,491
c1(CCN(C(C2CCN(C(=O)N)CC2)=O)C)nc2c(cccc2)[nH]1,MOSES sample,492
n1c(c(nn1-c1ccc(cc1)OC)C(=O)N(CC)CCO)CO,MOSES sample,493
o1c(c(nc1SCC(Nc1nc2CCCc2s1)=O)C)C,MOSES sample,494
CCN(Cc1ccccc1)C(=O)Cn1cnc(C#N)n1,MOSES sample,495
n1(c2nc(nn2c(cc1C)=O)SCc1ccc(cc1)F)C,MOSES sample,496
S(=O)(C)(NCCNC(=O)N(Cc1ccc(c(c1)F)F)C)=O,MOSES sample,497
N(C(=O)C1CC1)c1sc2c(n1)CCN(S(C(C)C)(=O)=O)C2,MOSES sample,498
c1c(c(ccc1)-n1nc(NC(=O)c2csc(c2C)C)cc1)OC,MOSES sample,499
N1C(N(C(=C(C(=O)OCC)C1c1cc(ccc1)F)CC)CC)=O,MOSES sample,500
C(NS(=O)(=O)CC)c1ccc(NC(=O)CCC)cc1,MOSES sample,501
O=C(CCOC)Nc1ccc(Oc2ccncc2)cc1,MOSES sample,502
O=C(C1CSc2n(C1)c(c(cn2)C)=O)Nc1scc(C)n1,MOSES sample,503
c1(nc2ccccc2[nH]1)CNC(=O)c1sc(NC(C(C)C)=O)cc1,MOSES sample,504
C1(Cc2c(N1CC(NCCc1n(ccn1)C(F)F)=O)cccc2)C,MOSES sample,505
C1(Nc2sc3c(ccc(c3)OC)n2)CCN(CC1)C(N)=O,MOSES sample,506
CC(NC(=O)Cc1c[nH]c2ncccc12)c1ccccn1,MOSES sample,507
c1(OC)c(cc(C(=O)NC(C)c2ccccc2)cc1OC)OC,MOSES sample,508
CC(O)(CNC(=O)C1(C#N)CCCC1)c1ccc2c(c1)OCO2,MOSES sample,509
c1cc(ccc1C1(C(Nc2ccnc(C)c2)=O)CC1)Br,MOSES sample,510
c1(NC(Cc2ccc[nH]2)=O)cc(ccc1)-n1nnnc1C,MOSES sample,511
N(C(=O)C(NC(=O)c1ccc(c(F)c1)C)C)CC(C)C,MOSES sample,512
C(=O)(C)c1cccc(NCC(=O)NC(C)c2ccccc2)c1,MOSES sample,513
CN(C(C(OC(=O)c1ccc(s1)C)C)=O)Cc1ccccc1,MOSES sample,514
CC(c1sccn1)N1CCN(Cc2nnc(n2C2CC2)C)CC1,MOSES sample,515
Cc1ccc(NC(=O)CCSc2nn3cnnc3o2)c(C)c1,MOSES sample,516
c1ccccc1C(NCc1cnc2n1c(cc(n2)C)C)c1ccccc1,MOSES sample,517
Clc1cc(C(Nc2c(=O)n(C)ccc2)=O)ccc1OCC,MOSES sample,518
O(c1ccc(cc1S(Nc1ncccc1C)(=O)=O)F)C,MOSES sample,519
CC1CCCC(NC(=O)N2CCC3(CC(N4CCOCC4)C3)C2)C1,MOSES sample,520
C(Cn1c(c2c(nc1)n1ncc(c1nn2)-c1ccccc1)=O)CC,MOSES sample,521
c12c(n(-c3cc(OC)c(cc3)OC)nn2)ncnc1OCC#N,MOSES sample,522
N1(CCOCC1)CC(C(CC)CC)C(Nc1ccc(nc1)C)=O,MOSES sample,523
n1c(n(S(=O)(c2ccc(cc2)C)=O)cc1)Oc1ccc(cc1)F,MOSES sample,524
c1(ccccc1)C(c1nnnn1-c1ccc(Cl)cc1)N1CCOCC1,MOSES sample,525
O=S(N)(=O)c1cc(C(=O)NC2(CC2)c2cccc(c2)Cl)co1,MOSES sample,526
CCn1c(C(=O)NCc2ccco2)cc2ccccc21,MOSES sample,527
COc1cc(C(=O)Nc2ccc(F)cc2F)cc(OC)c1C,MOSES sample,528
c12nccn2CC(CN(Cc2cocc2)C1)C(=O)N1CCOCC1,MOSES sample,529
O=C(CN1CCOC(Cn2cccn2)C1)N(C1CCCCC=1)C1CC1,MOSES sample,530
CC(CN(C)C(=O)c1cccc(Cl)c1)c1ccccn1,MOSES sample,531
c1cc(c(c(NC(=O)c2sccc2SC)c1CC)C=CO)O,MOSES sample,532
c1c(S(Nc2c(C)cccc2C)(=O)=O)ccc(NC(C(C)C)=O)c1,MOSES sample,533
O=C(C(C)NC(Nc1ccccc1)=O)NCCCC,MOSES sample,534
c1(c(C(=O)CCC(=O)N2CCNC(C2)=O)cc(cc1)F)F,MOSES sample,535
c1cc(ccc1)C(c1ncccc1)Nc1ccc(-c2nc(no2)C)cn1,MOSES sample,536
c1(n(nc(C)c1CC(=O)Nc1cc(ccc1F)C)-c1ccccc1)C,MOSES sample,537
n1(nc(C)n(c1=O)Cc1nc2ccsc2c([nH]1)=O)C(C)(C)C,MOSES sample,538
o1nc(c(c1C)C(N1CCN(C2CCCC2O)CC1)=O)C,MOSES sample,539
c1cc(cc(F)c1)CC(N(Cc1nc2c([nH]1)cc(cc2)C)C)=O,MOSES sample,540
C(=O)(c1csc(CO)n1)Nc1sc2CCCc2n1,MOSES sample,541
c1(n(-c2ccccc2)nnn1)CS(=O)(c1c(c(cc(c1C)C)C)C)=O,MOSES sample,542
Cc1ccccc1CN(C)C(=O)CCNS(=O)(=O)c1cccnc1,MOSES sample,543
C(N(C(CC)CC)C)(=O)c1c(F)c(OC)ccc1,MOSES sample,544
OCCN(CCO)C(CCc1cc(N)c(cc1)C)=O,MOSES sample,545
c1ccc(cc1CCC(Nc1c(C(=O)N)n(nc1C)C)=O)O,MOSES sample,546
c12c(cc3c(nc(n3CCO)C(Cl)(Cl)Cl)c1)OCCCO2,MOSES sample,547
C(C1CCNCC1)(OCCc1ccc(cc1)Cl)=O,MOSES sample,548
s1ccc(c1)CC(=O)N1C(c2onc(n2)C2CC2)CCC1,MOSES sample,549
c1(nc(oc1C)CN(C)Cc1nc(no1)-c1sccc1)C,MOSES sample,550
c1cc2c(OCO2)cc1CNc1nc(SC)ncc1,MOSES sample,551
N(C(c1ccc(cc1)OC)=O)c1ccc(C(=O)C)cc1,MOSES sample,552
C(c1ccc(NC(=O)NCc2nc(C3CC3)no2)cc1)(=O)NC,MOSES sample,553
Cc1nnc(NC(=O)c2cc(-c3ccccc3)[nH]n2)s1,MOSES sample,554
Cc1cc(C)cc(-c2ccc(-n3cnnc3)nc2C)c1,MOSES sample,555
c1ccc2nnn(CCC(=O)NCCCC)c(c2c1)=O,MOSES sample,556
c1(cc(C2CCCN2C(=O)Cc2ccc[nH]2)no1)C(C)C,MOSES sample,557
n1(CC(Nc2c(C)cccc2C)=O)nnc(COc2ccccc2)n1,MOSES sample,558
Cc1csc(CNc2ccc(NC(=O)CC(C)C)cc2)n1,MOSES sample,559
N(Cc1ccccc1)C(C(C(C)C)Sc1ncnc(N)n1)=O,MOSES sample,560
CC(CO)NC(=O)c1ccn(-c2ccc(F)cc2)n1,MOSES sample,561
CN(C(=O)c1cccc(OC)c1O)Cc1cnn(-c2ccccc2)c1,MOSES sample,562
c1(cccc(c1)C#N)NC(=O)Cn1c2ccccc2nc1,MOSES sample,563
n1cccn(CCCNC(c2c(cccc2)OC(F)F)=O)c1=O,MOSES sample,564
O=C(Nc1scc(n1)CC(OCC)=O)c1coc2CCCC(=O)c12,MOSES sample,565
Cc1cc(S(=O)(=O)N(C)C)cnc1N1CCCC1,MOSES sample,566
O=C(Nc1cccc2ccccc12)c1cnn(-c2ccccc2)n1,MOSES sample,567
Cc1ccnc2nc(C(=O)Nc3nnc(-c4ccccc4)s3)nn12,MOSES sample,568
c1(ccc(C(F)(F)F)cn1CC(Nc1cc2c(cc1)COC2)=O)=O,MOSES sample,569
CCN(S(=O)(=O)c1c2c([nH]c1)cccc2)CC(NC(C)C)=O,MOSES sample,570
c1(c(cc(C(=O)Nc2c(OC)cccc2)cc1OC)OC)OC,MOSES sample,571
C=CCNC(=O)c1c2cccc(Cl)c2c(OC)cn1,MOSES sample,572
c1(NC(=O)Cn2cccc(c2=O)C(F)(F)F)ccccc1,MOSES sample,573
CCC1CCCCN1C(NCc1cscn1)=O,MOSES sample,574
N(C(=O)NCC1(CC1)CO)C1CCCN(C1=O)Cc1ccccc1,MOSES sample,575
c1c(C)ncc(c1)C(=O)Nc1c(nn(c1C)-c1ccc(cc1)C)C,MOSES sample,576
[nH]1nc(-c2c(cccc2)OC)c(CN2CCN(C(C(N)=O)C)CC2)c1,MOSES sample,577
c1(c(C)sc(n1)Cc1[nH]c(c2c(C)c(C(=O)OC)sc2n1)=O)C,MOSES sample,578
c1cccc(-c2ncoc2C(N2C(COCC2)(C)C)=O)c1,MOSES sample,579
CN(C(=O)c1sc(-c2ccsc2)nc1C)c1ccccc1C#N,MOSES sample,580
O=C(Nc1ncccn1)c1ccc(C(c2ccccc2)=O)cc1,MOSES sample,581
c1(OCc2cccc(NC(C)=O)c2)cc(Cl)ccc1C(N)=O,MOSES sample,582
N(c1cc(ncc1)C)C(Cc1c[nH]c2ccccc12)=O,MOSES sample,583
N1(CCN(CC1)c1nc(cc(n1)C)NCC)Cc1nocc1,MOSES sample,584
COc1ccc(OC)c(CNC(=O)Nc2cccc(OC(F)F)c2)c1,MOSES sample,585
c1cc(C(=O)NCc2n[nH]c(C3CC3)c2)cc2ccccc21,MOSES sample,586
CCn1c(=O)c2c(nc3n(C(C)C)c(C)c(C)n23)n(C)c1=O,MOSES sample,587
Cc1c(Cn2c(=O)ccc(c2)SCC(C)C)c(on1)C,MOSES sample,588
C1CC(CC(=O)N)CCN1C(=O)NCCCSc1ccccc1,MOSES sample,589
CNC(=O)c1cccc(NC(=O)NCc2ccccn2)c1,MOSES sample,590
c1cnc(cc1)Cn1c(cc(C(F)F)n1)NC(c1cc(C)n[nH]1)=O,MOSES sample,591
Brc1ccccc1S(=O)(=O)Nc1c(cccc1C)N,MOSES sample,592
CCOc1ccc(C(=O)N(Cc2cc3cc(C)ccc3[nH]c2=O)C)cc1,MOSES sample,593
O(c1cc2c(SC(C)(C)C(=O)N2)cc1N)CC,MOSES sample,594
C1CCCN(C(c2cccc(c2)C(=O)OCc2ccccn2)=O)C1,MOSES sample,595
C1Oc2ccc(C)cc2C(C1C(=O)NCCCOCC)=O,MOSES sample,596
C(=O)(Nc1cccc(NC(=O)C)c1)N1CCN(CC1)C(C)=O,MOSES sample,597
c1cc2c(cc1)CC(C(N1CC(CCC1)O)=O)N(C2)C(=O)C,MOSES sample,598
O=c1n(cccc1NC(NC1CCOCC1)=O)Cc1ccccc1,MOSES sample,599
c1ccc(cc1)N(C(=O)c1nn(cc1)-c1ccc(cc1)F)CC,MOSES sample,600
n1c(c2C(CC(Cc2[nH]1)(C)C)=O)-c1ccc(Cl)cc1,MOSES sample,601
CC(=O)Nc1ccc(CNC(=O)c2ccoc2)cc1,MOSES sample,602
c1c(SC)cccc1NC(C(C)Sc1n(N)c(C)nn1)=O,MOSES sample,603
O=C(OC)C(C1CC1)c1c(cc(cc1)Br)F,MOSES sample,604
Cc1cc(CCNC(=O)Nc2ccc(C#N)cc2)on1,MOSES sample,605
c1(ccc(-n2c(C)c(nn2)C(NCCCC)=O)cc1)Br,MOSES sample,606
Cc1ccc(CNS(=O)(=O)N2CCCCC2)c(C)c1,MOSES sample,607
O(CC)C(N1CCN(CC1)Cc1ccc(c(c1)F)C(OC)=O)=O,MOSES sample,608
c1c(N)cc(cc1)C(c1cc(Cl)ccc1OC)=O,MOSES sample,609
CCOC(=O)c1ncsc1NC(=O)c1ccc(-c2ccccc2)o1,MOSES sample,610
c1c(ccc2n(C)c(nc21)C1CC1)NC(c1ccc(C)[nH]c1=O)=O,MOSES sample,611
CCN(Cc1ccccc1NC(=O)NC(C)CCC)C(C)=O,MOSES sample,612
c1c(C(=O)NCCNC(=O)OC(C)(C)C)c(F)ccc1,MOSES sample,613
N(C(C1CC1)=O)c1ccc(c(C)c1)NC(=O)c1cc(c(OC)cc1)F,MOSES sample,614
Cc1cc(NC(=O)CCc2nc(C)no2)c2ncccc2c1,MOSES sample,615
C1CC(CCC1)S(=O)(=O)N(CC)CC(NCc1ccccc1)=O,MOSES sample,616
O=C(C1N(CCC1)C(=O)c1cc(ncc1)F)OC,MOSES sample,617
n1cc(ccc1C)OCC#CCNC(=O)C(C)(OC)C,MOSES sample,618
C(N1CCC(CC1)NC(=O)OC(C)(C)C)C(=O)c1cc([nH]c1C)C,MOSES sample,619
c1c(c(CC(=O)Nc2cc(CO)ccc2)ccc1)Cl,MOSES sample,620
Cc1occc1CN(C)C(=O)Cn1cc(Br)ccc1=O,MOSES sample,621
c1(C(OCC)=O)nc(on1)COc1c(n(C)nc1C)C,MOSES sample,622
COCc1ccc(C(=O)N2CC3CC(O)C(O)CC3C2)o1,MOSES sample,623
CC(NC(=O)NCc1cccnc1)c1ccccc1Cl,MOSES sample,624
c1ccc2c(N(CC(N(C(=O)NC3CC3)C)C)CCCO2)c1,MOSES sample,625
c1(cnc(NCCCOC)c(c1)Cl)C(F)(F)F,MOSES sample,626
O=C1C(CCN1c1ccccc1)NC(NCc1nc(sc1)NC)=O,MOSES sample,627
N(C(=O)Cn1c2c(cccc2)nc1CO)C(C)CC,MOSES sample,628
c1c(NC(=O)c2ccn(n2)C)c(OCC2CCCO2)ccc1,MOSES sample,629
FC(c1nc2n[nH]cc2c(NCc2ccncc2)n1)(F)F,MOSES sample,630
C1CN(C(c2cc(Br)cc(c2)F)=O)C(CCC1)(CO)C,MOSES sample,631
C1CC(C(=O)c2ccc3c(N(CC(=O)N3)CCC)c2)CC1,MOSES sample,632
Cc1nnc2c(NC(=O)c3ccccn3)cccn12,MOSES sample,633
C(NC(=O)c1cccn2c1cnc2)CCCN1CCOCC1,MOSES sample,634
O(CC(=O)Nc1c(c(C)ccc1)C)C(=O)c1ccccc1SCC#N,MOSES sample,635
CCCN1CCN(C(=O)c2cc(-c3ccncc3)nc3ccccc23)C(=1)1,MOSES sample,636
Cc1occc(=O)c1OCc1nc(C(=O)NC(C)(C)C)co1,MOSES sample,637
CCn1nc(C(=O)N2CCc3ccccc32)c(=O)c2ccccc21,MOSES sample,638
c1cc2c(n3c(=O)oc(c3=O)=Cc3ccc(cc3)O)[nH]nc2cc1,MOSES sample,639
COc1cccc(C(=O)N2CCC3OC(C)CC3C2)c1OC,MOSES sample,640
C(C)(C)OCc1ccccc1CNC(=O)Cc1[nH]ccc1,MOSES sample,641
N(Cc1cc(no1)C(C)C)(C(=O)C1(CC1)c1cc(ccc1)C)C,MOSES sample,642
c1c(Cn2c(NC(=O)c3c(C)nn(C)c3OC)ccn2)cccc1,MOSES sample,643
CC(=O)c1cccc(S(=O)(=O)N(C)Cc2ccc(F)cc2F)c1,MOSES sample,644
c1c(cccc1C(N(C)C)=O)NC(=O)CNc1c(C)cccc1CC,MOSES sample,645
CCCCCNC(=O)C1CCN(S(=O)(=O)c2cnn(C)c2)CC1,MOSES sample,646
c1c2c(c(c(n2Cc2ccccc2)C)C(=O)OCC)c(n(c1C)C)C,MOSES sample,647
COc1cc2c(cc1OC)C(C)N(C(=O)Nc1ccc(C)cc1)CC2,MOSES sample,648
c1(cc(C(=O)N(C)Cc2ccccc2)n(CC)n1)C(C)C,MOSES sample,649
N#Cc1nn(cn1)-c1c2c(sc(CC)c2)ncn1,MOSES sample,650
Cc1c(C(F)(F)F)n[nH]c1NC(=O)c1cscn1,MOSES sample,651
O=S(=O)(CC(C)C)c1ccc(cc1)CC(=O)NCc1occc1,MOSES sample,652
CCC(C(=O)NCC(=O)OC)n1c(=O)oc2ccccc21,MOSES sample,653
C1CC(=O)CCC1(C(=O)c1c(OC)cccc1)C,MOSES sample,654
c1(C)[nH]c(c(C(=O)N(C)Cc2ccc(C)s2)cc1)=O,MOSES sample,655
CCn1cc(C(=O)NCc2cc(=O)[nH]c(-c3cccnc3)n2)cn1,MOSES sample,656
c1c2c(cc(F)c1)C(CC2)NCC(NCc1c(OC)cccc1)=O,MOSES sample,657
C1(NC(c2cc3cc(C)ccc3[nH]2)CC(=O)N1)=O,MOSES sample,658
O=C(CCCn1cncn1)N1CCC2(CCCC2)CC1,MOSES sample,659
n1c(CCOc2c(Cl)cccc2)scc1CCO,MOSES sample,660
c1c(OCC(F)(F)F)nccc1CNC(C1COCC1)=O,MOSES sample,661
C1C(=O)N(Cc2ccc(CNC(=O)c3ccsc3)cc2)CCC1,MOSES sample,662
O(C)C(c1cc(cc(c1O)NC(C)=O)Br)=O,MOSES sample,663
S(CC(=O)NCCC#N)c1n(c(=O)c2c(ccc(c2)F)n1)CC,MOSES sample,664
c1c(ccc(n1)N1CCC(C(=O)N)CC1)NC(C(C)C)=O,MOSES sample,665
CC(C)C(=O)N1CCN(CC1)C(=O)CC1CC2CC1CC2,MOSES sample,666
c1(C)cc(nc(NC(=O)N(C(C)c2c(ccc(c2)F)F)C)n1)C,MOSES sample,667
O=S(=O)(N1CCOCC1)c1c(COc2ccccn2)cccc1,MOSES sample,668
O(C)C(=O)c1cc(NCc2ccncn2)c(Cl)cc1Cl,MOSES sample,669
N(C(N(C)C(C)c1ccco1)=O)CC(=O)Nc1c(Cl)cccc1,MOSES sample,670
c1cc(ccc1C#N)-c1oc(-c2noc(c2C)C)nn1,MOSES sample,671
N(C(C1N(S(CC)(=O)=O)CCCC1)=O)c1c(cccc1)OCC,MOSES sample,672
c1(ncn(Cc2noc(c2)C(C)C)c(c1C)=O)C1CCC1,MOSES sample,673
O=S(NCc1sc2c(n1)CCOC2)(=O)c1cc(F)c(C)cc1,MOSES sample,674
c1cc(CNC(=O)c2nn3CCCOc3c2)ccc1OC,MOSES sample,675
c1c(C#N)cc(Cn2nccc2NC(=O)COCC)cc1,MOSES sample,676
N1(CCC(Cc2ccccc2)CC1)C(=O)Cc1cnc(C)cc1,MOSES sample,677
CCCC(=O)N(C)Cc1nc2ccsc2c(=O)[nH]1,MOSES sample,678
Cn1nc(c(c1C)CC(=O)Nc1cnc(-n2cncn2)cc1)C,MOSES sample,679
CN(C)c1nc(N)nc(CN(C)CCOc2ccccc2)n1,MOSES sample,680
COC(=O)c1nn(C)c(C)c1NC(=O)c1c[nH]c(=O)cn1,MOSES sample,681
c1(cccc(c1)C(OC)=O)NC(CSc1ccccn1)=O,MOSES sample,682
c12ccccc2n2c(c(ccc2n1)C(=O)Nc1ccc(cc1)F)N,MOSES sample,683
Cc1nc(NC(c2c(C)n(C)nc2)=O)sc1SCC#N,MOSES sample,684
O=S(C(F)F)(c1ccc(CNc2cc(Cl)c(F)cc2)cc1)=O,MOSES sample,685
CCOC(=O)Cn1nc(-c2ccc(C)cc2)c2c1CCNC2,MOSES sample,686
C(Oc1cc2CCCc2cc1)C(=O)Nc1c(=O)c(Br)c[nH]c1,MOSES sample,687
n1c(-c2cnccn2)n(CCCOc2cccc(C)c2)cc1,MOSES sample,688
N(C(=O)COc1c(C(C)=O)ccc(c1)OC)C(C1CCCO1)C,MOSES sample,689
c1ccc2cc(C(=O)NCC(C)(N3CCOCC3)C)[nH]c2c1Cl,MOSES sample,690
c1(c[nH]nc1)S(=O)(N(C1CC1)Cc1c(cccc1)F)=O,MOSES sample,691
C(=O)(c1cc(c(cc1)OC)OC)NCc1cc(ccc1)O,MOSES sample,692
CCC(OCC)C(=O)Nc1c(Cl)cc(cc1)OC,MOSES sample,693
N(CC(c1ccccc1C(F)(F)F)O)C(=O)c1cnc(cc1)N,MOSES sample,694
CCCc1cc(C(=O)NCc2cnc(C)cn2)no1,MOSES sample,695
C(Sc1c2c(n(nn2)CCC)ncn1)C(N(C)C)=O,MOSES sample,696
O=C(OCC)N1CCN(CC(=O)Nc2ccccc2Cl)CC1,MOSES sample,697
Cc1snc(SC)c1S(=O)(=O)c1ccccc1,MOSES sample,698
c1cccc2c(cccc12)CNC(c1n[nH]c(-c2ccco2)c1)=O,MOSES sample,699
c1(CNS(c2c(onc2C)C)(=O)=O)ccnc(c1)OCC1CC1,MOSES sample,700
CC(=O)c1sc(NC(=O)c2cccs2)nc1-c1ccccc1,MOSES sample,701
O=C(Nc1cc(F)ccc1F)c1ccc(OCC(F)F)nc1,MOSES sample,702
c1ccc(F)c(c1)CN(C)C(CN1c2ccccc2OCCC1=O)=O,MOSES sample,703
COc1cc(NC(C)(C)C)nc(C2CCN(S(C)(=O)=O)CC2)n1,MOSES sample,704
N#CCCN(C1CC1)S(=O)(=O)Cc1ccccc1,MOSES sample,705
c1(cccc(c1)CC(Nc1ccc2C(C(Nc2c1)=O)=O)=O)F,MOSES sample,706
C1CN(C(C2CC3CCC2C3)=O)CCN1CC(=O)N(CC)CC,MOSES sample,707
COc1ccc2[nH]cc(C3=CCN(CC(=O)N4CCCC4)CC3)c2c1,MOSES sample,708
c12nc(CC(=O)OCC)nn1c1c(c(n2)NCCO)cccc1,MOSES sample,709
c1cc(oc1)CCC(N1CC(C(CC1)C(C)(C)C)O)=O,MOSES sample,710
Nc1c2c(ccc1)n(cc(c2=O)C(NCCO)=O)C1CC1,MOSES sample,711
c1ccc(cc1)C(CC(Nc1ccc2c([nH]c(=O)[nH]2)c1)=O)(C)C,MOSES sample,712
CN(Cc1nnc2n1CCC2)C(=O)c1ccccc1N1CCCC1,MOSES sample,713
c1(ccccn1)CNC(CC12CC3CC(CC(C3)C2)C1)=O,MOSES sample,714
O=C(N1CCN(CC1)C(CCC(C)C)=O)NC1CCCCC1,MOSES sample,715
c1csc(n1)Cn1c(=O)c2cnn(-c3ccccc3)c2nc1,MOSES sample,716
N(C(=O)C)c1ccc(C(=O)CN2CCCc3ccccc23)cc1,MOSES sample,717
N1(CCNC(NC(CO)c2ccccc2)=O)CCOCC1,MOSES sample,718
Clc1ccc(cc1)C1(C(NCCNC(=O)c2cnccc2)=O)CC1,MOSES sample,719
NC(=O)c1cc(c(C(=O)C)cc1)NCC1OCCC1,MOSES sample,720
C(Nc1cc(cc(c1)F)F)C(=O)NC(C1CC1)C1CC1,MOSES sample,721
O=C(NCc1cnccc1)COc1cc(N2CCCC2=O)ccc1,MOSES sample,722
c1c(Cl)cnc(NC(=O)c2ccc(cc2)OCC=C)c1,MOSES sample,723
c1(F)ccc(N(C)C(=O)c2nccc3c2cccc3)cc1,MOSES sample,724
COCCNC(=O)c1cc(NC(C)=O)n(-c2ccccc2)n1,MOSES sample,725
CCC1(CO)CCN(C(=O)CCSc2ccccn2)CC1,MOSES sample,726
C(c1c2OC(Cc2ccc1)(C)C)(=O)N1CCN(CC1)C(CO)=O,MOSES sample,727
C(c1scc(c1)C)NS(=O)(c1cnc(cc1)N)=O,MOSES sample,728
c1ccccc1Cc1sc(C(NCCCO)=O)cn1,MOSES sample,729
c1cc(cc(-c2cn3ccc(cc3n2)CO)c1)OCCC,MOSES sample,730
O=C(c1cccc(OCC=C)c1)N(C(C)C)C1CCC1,MOSES sample,731
C(C1CCOCC1)(NC(C1(CCCC1)CCOC)=O)c1cccnc1,MOSES sample,732
N(C1(c2ccccc2)CC1)C(=O)c1csc(n1)NC(=O)C,MOSES sample,733
c12CCN(Cc1cccc2)CC#CCNC(CC(C)C)=O,MOSES sample,734
C(N1Cc2c(CC1)cc(OC)c(OC)c2)(c1noc(C)c1)=O,MOSES sample,735
CC(C(=O)N1CCCC(C1)C(=O)Nc1c(C(=O)OC)cccc1)C,MOSES sample,736
COc1ccc(Cn2nc(C)c3c(C)noc3c2=O)cc1,MOSES sample,737
FC(CNC(C1c2ccccc2CC(=O)N1C(C)C)=O)(F)F,MOSES sample,738
n1n(CCO)c(CC)c(c1CC)-c1nc2ccccc2s1,MOSES sample,739
O=C(CNC1(c2ccccc2)CCC1)Nc1nncs1,MOSES sample,740
C1C2CC3CC(CC1(C(Nc1nn(CCCOC)cc1)=O)C3)C2,MOSES sample,741
N(c1c(CC)onc1C)C(N1CC(CC(C1)C)C)=O,MOSES sample,742
C(CC(=O)Nc1ccc(C)cc1)Sc1nc(cc(n1)C)C,MOSES sample,743
CCc1c(C(=O)N(Cc2cn(C)nc2)C)[nH]c(C)c1C(OC)=O,MOSES sample,744
c1nccc(c1)C(CNc1cc(c(C#N)cc1)C(F)(F)F)(C)C,MOSES sample,745
C(F)(F)(F)Cn1ncc(NC(=O)N(C)Cc2cc(C#N)ccc2)c1,MOSES sample,746
O=C(NCCOC)CN1CCN(CC1)CC(F)F,MOSES sample,747
C(NCCN1CCN(C(=O)c2ccco2)CC1)(COC)=O,MOSES sample,748
c1(Cl)cc(c(cc1OC)NC(=O)c1cn(C)nc1)OC,MOSES sample,749
O=C(c1cc2cn[nH]c2cc1)Nc1c(cccc1)OC,MOSES sample,750
c1ccc(cc1F)-n1nnc(C(=O)NCc2nc(C)cs2)c1,MOSES sample,751
O=C(Nc1ccc(C(=O)Nc2ccccn2)cc1)c1cccc(F)c1,MOSES sample,752
O=C(NCc1cn[nH]n1)c1nc(N2CCCC2)ncc1Cl,MOSES sample,753
CC1(O)CCN(C(=O)CCc2cnccn2)CC1O,MOSES sample,754
n1c([nH]c2ccccc12)C1CN(C1)C(=O)c1cc(C)n[nH]1,MOSES sample,755
c1(c2n(c(cc(n2)CC)N2CCC(CC2)OCC(C)C)nc1)C(=O)N,MOSES sample,756
o1c(CSc2n(N)c(-c3c(F)cccc3)nn2)nc(CCC)n1,MOSES sample,757
c1(C(O)c2ccc3c(c2)OCCO3)ccc(C)cc1,MOSES sample,758
n1cn(CCOC(c2cc(c(C)s2)CC)=O)nc1,MOSES sample,759
c1c(ccc2c1C1CCC(=O)N1C(CC(=O)NCc1cnccc1)C2)C,MOSES sample,760
CCCNC(=O)c1cc(-c2cnc(N3CCCC3)nc2C)on1,MOSES sample,761
C(C#Cc1ccc(cc1)S(=O)(=O)N)NC(C(CC)CC)=O,MOSES sample,762
c1(cc(OC)c(c(c1)OC)OC)NC(=O)c1ccc(nc1)C,MOSES sample,763
CNc1snc(C)c1C(=O)NCc1cccc2c1OCCO2,MOSES sample,764
C(NC(C)=O)(C1c2c(CCN1)c(C)ccc2O)CC,MOSES sample,765
c1(Br)cccc(c1)-n1c(c(nn1)C#N)C,MOSES sample,766
C(CNC(=O)c1ccc(cc1)S(=O)(NC)=O)(F)(F)F,MOSES sample,767
c1c2c(n(C)c(n2)CN(C(c2ccncc2)=O)C)ccc1,MOSES sample,768
NC(CC1CCN(C(COc2c(C(C)C)cccc2)=O)CC1)=O,MOSES sample,769
CC(C)n1cccc(-c2nnc(NC(=O)Cc3ccccc3)o2)c1=O,MOSES sample,770
C1C(N2CCC(C(N(C3CC3)Cc3ccc(C)o3)=O)C2=O)C1,MOSES sample,771
Cc1c(c2c(ncnc2SCC2OCCCC2)s1)C,MOSES sample,772
O=C(C)c1cn(C)c(C(=O)NCC(C)(c2ccccc2)C)c1,MOSES sample,773
C(C)(=O)c1ccccc1NCc1cc(ccc1)C(N(C)C)=O,MOSES sample,774
Cc1cc(cc(c1)NC(C(=O)Nc1ccc(S(C)(=O)=O)cc1)C)C,MOSES sample,775
n1c(SCc2c(Br)cc(C#N)cc2)scn1,MOSES sample,776
O=C1CCc2cc(C(=O)N3CCCc4ccccc43)ccc2N1,MOSES sample,777
c1c(cc(nc1)-n1ncnc1)C(N(C)CCOc1ccccc1C)=O,MOSES sample,778
c1(C(=O)OCC(=O)NCc2ccc(cc2)F)sc2c(CCC2)c1,MOSES sample,779
n1c(SCC(=O)NCCc2cc(C)ccc2OC)nc(nc1N)N,MOSES sample,780
CC1CCC(C(N)=O)CN1C(=O)NCc1ccccn1,MOSES sample,781
n1(-c2ccc(OC)cc2)c(=O)c2c(n3c(nc(n3)C)nn2)cc1,MOSES sample,782
C(CC)CC(C(=O)NC1c2c(CCC1)[nH]c(cc2)=O)C,MOSES sample,783
Cc1n(c(=O)n(C)c(c1-c1nc(sc1)-c1ncccc1)=O)C,MOSES sample,784
c1(n(c2c(n(CC(OCC)=O)cn2)c(=O)[nH]1)C)=O,MOSES sample,785
N#CC(CC(=O)NCc1ccncc1)c1cccnc1,MOSES sample,786
C1(C(C1)C)CNC(NC1c2c(CC1NC(C)=O)cccc2)=O,MOSES sample,787
c1cc(cc(C(=O)NCCNC(Cc2c3c(cccc3)[nH]c2)=O)c1)O,MOSES sample,788
Cc1nn2c(c1C)nc(C(C)C)cc2N(CC1CCOCC1)C,MOSES sample,789
c1(-c2nnc(CNC(c3cc(ccc3)OC)=O)o2)sccc1,MOSES sample,790
O=C(CC(c1cc(C(F)(F)F)ccc1)NC(C1(C#N)CCC1)=O)N,MOSES sample,791
COc1ccccc1N1CCN(CCCC#N)CC1,MOSES sample,792
N(C(c1ccc(nn1)OC)=O)c1c(C)ccc(C(OC(C)C)=O)c1,MOSES sample,793
c1(cccc(c1NC(NCCS(=O)(=O)N(CC)CC)=O)C)C,MOSES sample,794
C1C(C1)c1nc2c(n1C(C)(C)C)ccc(c2)NC(=O)CCOC(C)C,MOSES sample,795
CCCC(C)N(C)S(=O)(=O)c1ccc(OC)c(N)c1,MOSES sample,796
c1(OC)c2CCNC(C3Oc4ccccc4OC3)c2c(OC)cc1,MOSES sample,797
O(CC)C(C(=O)N1CCC(C(NCc2ccco2)=O)CC1)CC,MOSES sample,798
C(=O)(Nc1cc(F)ccc1C)CN(C(=O)c1ccc(cc1)C#N)CC,MOSES sample,799
[nH]1c(nc(cc1=O)C)SCC(=O)NCc1ccc(cc1)C,MOSES sample,800
c1(cc(OC)c(OC)cc1)C(=O)Nc1cn(nc1)CC1CC1,MOSES sample,801
c1(cc(ccc1)CO)NCc1cccc(Cl)c1F,MOSES sample,802
CC(C)(C)CC(NCC(NC(C(=O)N1CCCCC1)C)=O)=O,MOSES sample,803
C1C(=O)N(c2c(cc(cc2Cl)C)C)CC1C(N1CCN(CC1)C)=O,MOSES sample,804
Cc1noc(C)c1CN1CCN(C(=O)COc2ccc(F)cc2)CC1,MOSES sample,805
N(C(=O)C1CCCN1C(OC(C)(C)C)=O)Cc1cc(ccc1)N,MOSES sample,806
c1(C)c2c([nH]c(nc2sc1C)CN1CCCCC1)=O,MOSES sample,807
CC(n1c(C)cc(c1C)C(=O)COc1ccc(S(=O)(C)=O)cc1)C,MOSES sample,808
C(NCc1ccco1)(CCCc1nc2c(scc2)c(=O)[nH]1)=O,MOSES sample,809
c1c(NS(c2ccc(CC(OC)=O)cc2)(=O)=O)cc(OC)cc1,MOSES sample,810
c1cc(-c2csc(NC(=O)c3c4ccccc4[nH]n3)n2)ccc1F,MOSES sample,811
Nc1ccccc1NC(Nc1c(C)cc(cc1C)C)=O,MOSES sample,812
COc1c(O)cc(-c2cc(no2)C2(CC2)C(=O)N2CCCC2)cc1,MOSES sample,813
C(c1ccc(OC)cc1)(C1CCCN1CCOC)=O,MOSES sample,814
Cc1occc1CNS(=O)(c1cnn(C)c1C)=O,MOSES sample,815
Nc1cccc(OCCOCC2CCCO2)c1F,MOSES sample,816
C(=C)COc1ccc(CNc2c(OC)nccc2)cc1,MOSES sample,817
c1ccc(cc1)-c1sc(N(C)C)c(C(=O)OCC)c1N,MOSES sample,818
CN(Cc1ccsc1)C(=O)CCn1cnc2sccc2c1=O,MOSES sample,819
O=C(CNc1ccc(-c2nnnn2C2CC2)cc1)N1CCCCC1,MOSES sample,820
CCc1onc(C)c1C1CCCN1C(=O)Cc1ccccc1,MOSES sample,821
CCCCN(C)C(=O)Cn1c(C(C)O)nc2ccccc21,MOSES sample,822
c1(C2CN(Cc3ccc(OCC#C)c(c3)OC)CC2)ccccc1O,MOSES sample,823
Cc1onc(c1C(NCC(Cc1ccccc1)O)=O)-c1ccccc1,MOSES sample,824
c1(F)c(F)c(ccc1S(=O)(=O)Nc1c(n[nH]c1)C)F,MOSES sample,825
Cc1nn(C)c(C)c1C(=O)NCC(=O)OC(C)(C)C,MOSES sample,826
Cc1cnc(C(=O)N=c2sc3ccccc3n2C)cn1,MOSES sample,827
c1c2c(OCOc3nc4ccccc4nc3-2)ccc1,MOSES sample,828
C(C1CC1)OCCN(C)C(c1c(C)c2c(ccc(c2)C)o1)=O,MOSES sample,829
c1(cccs1)S(N(CCCO)C(C)(C)C)(=O)=O,MOSES sample,830
c1c(cc(Cl)c(c1)OC)NC(Cn1cnnn1)=O,MOSES sample,831
C(C)(C)OCCCNC(Cc1c(nc([nH]c1=O)C)C)=O,MOSES sample,832
Fc1ccccc1CC(NC(C(=O)N1CCC1)C)=O,MOSES sample,833
c1(ccsc1)CNC(C1COCC(=O)N1Cc1ccccc1)=O,MOSES sample,834
O=C(COC(=O)C1CC1c1ccccc1)NC1CCCC1,MOSES sample,835
c1c2c(cnc(CC(=O)NC3CCCC3)c2)cc(N)c1,MOSES sample,836
c1cnc2c(c1)c(C(=O)Nc1ccc(C(C)=O)cc1)ccc2Cl,MOSES sample,837
O=S(c1cc(ccc1C)C(=O)NC(CCC)C)(=O)C,MOSES sample,838
N(Cc1ccc(Cl)cc1)C(=O)C(C)Sc1cc(nc(n1)C)C,MOSES sample,839
c1c2CCCc2ccc1CNC(=O)c1cc(-c2nccn2CCC)[nH]c1,MOSES sample,840
N(c1cccc(c1)C#N)C(=O)COc1ccccc1-c1nc(no1)C,MOSES sample,841
COCCN1C(=O)Cc2ccccc2C1C(=O)NCc1cccs1,MOSES sample,842
O(CC(=O)Nc1cc(c(cc1)C)C)c1c2ccccc2ncn1,MOSES sample,843
c1(ccc(F)c(c1)NC(CCC1C(N=C(C)N=C1C)=O)=O)C,MOSES sample,844
C(c1cc(C(N2CCN(CC2)C(CO)=O)=O)n[nH]1)(C)C,MOSES sample,845
CCN(C(=O)COc1cccc(F)c1)CC(NCC)=O,MOSES sample,846
COC(=O)CNc1ccc(NC(=O)c2ccc(OC)cc2)cc1,MOSES sample,847
C(COc1cc2c(nc(N(CC)CC)s2)c2c1nccc2)C#N,MOSES sample,848
c1(NC(C)C)nc(-c2ccc(COC)nc2C)ccc1,MOSES sample,849
c1c(c(CC(NCC(C)C)=O)ccc1Cl)OC,MOSES sample,850
CC(C)COC1CCN(C(=O)CCn2nc3ccccn3c2=O)CC1,MOSES sample,851
Cn1cc(NC(=O)c2nc(-c3ncccn3)no2)cn1,MOSES sample,852
O=S(N1CCCC1C(=O)Nc1c(C)c(ccc1)C)(CCC)=O,MOSES sample,853
c1(CC)sc(C(=O)OCc2nc(N)nc(N)n2)cc1C,MOSES sample,854
C(NC)(Cc1ccc(cc1)NC(=O)C(CC)OC)=O,MOSES sample,855
c1(cc(NC(=O)c2ccc3SCC(Nc3c2)=O)ccc1)C#C,MOSES sample,856
NC(=O)c1ccc(N2CCOCC2)c(NC(=O)C2CCCC2)c1,MOSES sample,857
n1oc2c(c(c(Br)cn2)Br)c1,MOSES sample,858
c1(-c2ccc(cc2)Cl)c(Cl)c(n(cn1)CCn1nccc1)=O,MOSES sample,859
CC(=O)N(C)C1CC2(CCN(S(=O)(=O)C3CC3)CC2)c2ccccc21,MOSES sample,860
CCNc1nnc(SCC(=O)NCc2ccccc2)s1,MOSES sample,861
c1(c(cc(F)cc1)F)N1CCCc2c1nc(s2)C(NC1CC1)=O,MOSES sample,862
o1c(nc(n1)C1CC1)CCC(N1CC(Oc2c(cccc2C)C)C1)=O,MOSES sample,863
c1c2sc(nc2c(cc1)F)C(=O)Nc1ncc(s1)C,MOSES sample,864
N(C(=O)C)c1ccc(CC(Nc2ccc(Cl)cc2)=O)cc1,MOSES sample,865
CN1C(=O)CCC(C(=O)NCC(=O)C(C)(C)C)C1c1cccnc1,MOSES sample,866
CC(C)S(=O)(=O)c1ccccc1C(=O)NC(C)C(=O)NC(C)(C)C,MOSES sample,867
CN(CC(=O)Nc1cc(-c2ccccn2)n[nH]1)C(=O)c1cccs1,MOSES sample,868
Cc1c(C(C)C)cc2c(c1)-c1c(CCO2)c(n[nH]1)CO,MOSES sample,869
c1(cc(c(C)cc1)Cl)NC(c1cc(NC(C)=O)ccc1)=O,MOSES sample,870
COC(=O)CCNC(=O)C(N)c1cc(C#N)ccc1F,MOSES sample,871
c1(ccc(C(Nc2nnc(CCCC)s2)=O)cc1)NC(=O)C,MOSES sample,872
COc1ccccc1OCC(=O)NCCc1nc2ccccc2[nH]1,MOSES sample,873
CCOC(C1=C(CN2c3ccccc3CC2)NC(=O)NC1C)=O,MOSES sample,874
c1cn(c([nH]c1=O)=O)CC(=O)NC(C(=O)N)c1cc(F)ccc1,MOSES sample,875
s1c2c(ccc(c2)Cl)nc1NC(=O)CCCn1cncn1,MOSES sample,876
C1(C)c2ccccc2N(C(CS(c2cccs2)(=O)=O)=O)C1,MOSES sample,877
Cc1ccccc1CNc1ccc(C(=O)N2CCOCC2)cc1,MOSES sample,878
c1(cc2c(cccc2c(c1)O)Br)OC,MOSES sample,879
C(Nc1occ(n1)C(Nc1ncccc1)=O)(c1cccs1)=O,MOSES sample,880
n1cn2CCN(C(=O)c3ccoc3)Cc2c1COC(C)C,MOSES sample,881
n1nc(n2CCC(NCc3sc(nc3C)C(C)C)c21)C(C)C,MOSES sample,882
c1(S(=O)(NCCn2ccnc2)=O)ccc(CC(C)C)cc1,MOSES sample,883
c1cnc(cc1)C(=O)NCC(CC)c1ccccc1,MOSES sample,884
CN(CC(=O)NC)C(c1c(N)ccc(c1)Br)=O,MOSES sample,885
c1ccc(cn1)Cn1c2c(cn1)CN(CC2COC)Cc1occc1,MOSES sample,886
N1(CCN(C(=O)C(C)CCC)CC1)Cc1c(onc1C)C,MOSES sample,887
c1([nH]ncc1)C1CCCN(C(C2CCN(CC2)C(COC)=O)=O)C1,MOSES sample,888
c1c(cc(CCC(=O)NC2CCCNC2=O)cc1)OC,MOSES sample,889
c1ccccc1N(CC)CC(=O)N(CC(C)C#N)CC,MOSES sample,890
Cc1nc(C2CCCN2c2ncnc3c2cnn3C)no1,MOSES sample,891
Fc1cc(F)c(cc1)S(NCCC(=O)NCc1occc1)(=O)=O,MOSES sample,892
c1c(c(ccc1)Cl)C(NC(NCCN(c1ccccc1)C)=O)CC,MOSES sample,893
O=C(N1CCCCC1)c1c(CCC)[nH]c(c(c1)C(C)=O)=O,MOSES sample,894
c1c(O)c2c(C(NCC2)c2c(ncs2)C)cc1OC,MOSES sample,895
c1(c(ccc2c1nc1n2CCC1)Cl)C(F)(F)F,MOSES sample,896
O=S(=O)(CCCOS(N(c1ccc(cc1)C)C)(=O)=O)N,MOSES sample,897
CC1CN(c2ncc(cc2)S(=O)(N(C)c2ccccc2)=O)CCC1,MOSES sample,898
CC(CCn1cccn1)NC(=O)NCC(C)(O)c1ccsc1,MOSES sample,899
c1scc(CCNC(=O)C(c2ccccc2)CC)c1,MOSES sample,900
C1CC1(c1noc(c1)C)C(N(CC)c1ccc(c(F)c1)F)=O,MOSES sample,901
CCOc1ccc(OC)cc1NC(=O)Cc1c(C)noc1C,MOSES sample,902
c1ccnc(C(NCc2c(ccc3ccccc32)OC)=O)c1,MOSES sample,903
C1(CCOCC1)C(Nc1cc(C(=O)OCCCC)ccc1)=O,MOSES sample,904
O=S(=O)(N(C)Cc1c(noc1C)C)c1cc(c(OC)cc1F)C,MOSES sample,905
CCOC(=O)C(c1ccc(Cl)c(Cl)c1)(C(F)(F)F)NCC,MOSES sample,906
C(Oc1c(cccc1)OC)C(=O)NC(CC(C)C)(C)C#N,MOSES sample,907
c1c(ccc(c1)NC(c1cc(C(C)C)on1)=O)C(C(C)C)=O,MOSES sample,908
c1(F)ccccc1N1CCN(c2nn3c(cc2)nnn3)CC1,MOSES sample,909
c1ccc(Cn2c3c(c(n(C)c2=O)=O)n(CC=C)cn3)cc1,MOSES sample,910
C(NC(=O)C1CC1)(C(Oc1cccc(c1)C)=O)C(C)C,MOSES sample,911
c1(-c2cc(ccc2)NCc2c(cccc2)OCC=C)nnco1,MOSES sample,912
c1(nc2ccc(NC(=O)NC(C)(CO)CC)cc2o1)C,MOSES sample,913
C1C2N(C(CC1)COC2)c1c(c(C)c(C)nn1)C#N,MOSES sample,914
O=S(=O)(c1cn[nH]c1)NCC1(CC1)Sc1ccccc1,MOSES sample,915
c1c(c(-n2cccn2)ccc1F)NCc1c([nH]nc1C)C,MOSES sample,916
c1cnc(c(NC)n1)C1CN(c2nccc(n2)OC)C1,MOSES sample,917
c1ccc2N(C(CCc2c1)=O)CC(=O)N1CC(NCC1)=O,MOSES sample,918
c1ccccc1N(C(=O)c1c2CCc3ccccc3-c2[nH]n1)C,MOSES sample,919
C(n1c(C)c(C(OCC(NC2C(CCCC2)C)=O)=O)cn1)C,MOSES sample,920
N(c1cc(C)ccc1O)Cc1cc(OC)c(O)c(OC)c1,MOSES sample,921
c1(c(S(N2CC(CCC2)C)(=O)=O)cc(Cl)cc1)OC,MOSES sample,922
c1c(-c2cccnc2)nc(s1)N1CCN(CC1)Cc1ccccc1,MOSES sample,923
CCOC(=O)c1cc(C)sc1NC(=O)Cc1cc(C)no1,MOSES sample,924
C(C(C)C(=O)Nc1c(OCC2CC2)cccc1)C,MOSES sample,925
O=C(c1cc(ccc1)Cn1nc(-c2c(ccs2)C)oc1=O)N,MOSES sample,926
n1(N)c(SCc2onc(n2)-c2c(cccc2OC)OC)nnc1C,MOSES sample,927
C1CC=C(CC1)CCNC(=O)c1cccc2CCCNc21,MOSES sample,928
n1cn(-c2nnc(OC)cc2)c(-c2ccc(s2)-c2c(C)cccc2)n1,MOSES sample,929
N(c1ccc(cc1)Cl)C(c1c(nc2c(CCCC2)c1)N)=O,MOSES sample,930
CN(C)c1ncnc(c1N)Nc1cc(c(C#N)cc1)Cl,MOSES sample,931
O=C(c1nn(c(=O)c2c1cccc2)C(C)C)N(CCOC)C,MOSES sample,932
c1coc(CNC(=O)CNS(=O)(c2ccc(cc2)C(C)(C)C)=O)c1,MOSES sample,933
c12c(occ2CC(=O)N2CCNC(=O)C2)cccc1,MOSES sample,934
N(C(=O)c1c(F)cc(OC)cc1)c1c2n(ccc1)nc(n2)C1CC1,MOSES sample,935
c1c(=O)[nH]c(=O)n(c1)CCC(=O)NC(C)c1c(C)oc(c1)C,MOSES sample,936
C1OCCC(C(=O)Nc2ccc(C(=O)NC(C)C)cc2)C1,MOSES sample,937
O(C)c1ccc(cc1C)CNC(=O)C1C2OC(CC2)C1,MOSES sample,938
Cc1nnnn1-c1ccccc1C(=O)NCc1ccccc1Cl,MOSES sample,939
c1(ccccc1)N(CCNC(c1c[nH]c(=O)cc1)=O)CC,MOSES sample,940
C(N(C)C)(=O)c1[nH]nc(-c2cc3c(o2)cccc3)c1,MOSES sample,941
C1CC(CCC1)C1N(CCC1)C(=O)CCc1onc(C)n1,MOSES sample,942
c1(CNCCOC)cc(c(OC)c(Cl)c1OC)Cl,MOSES sample,943
c1cc(c(cc1)CNC(CNC(=O)Nc1cnccc1C)=O)C,MOSES sample,944
c1c(C)sc(C(NC(CC)c2cc([nH]c(n2)C(C)(C)C)=O)=O)c1,MOSES sample,945
C#CCN1CCC(C(N2CCCC(C2)n2ncc(c2)C)=O)CC1,MOSES sample,946
CCCCS(=O)(=O)N1CCNC(=O)C1c1ccccc1,MOSES sample,947
c1(cc(ccc1)C(=O)Nc1ccn(n1)-c1ccccc1)Br,MOSES sample,948
c1(F)ccc(cc1)CNc1nnnn1-c1ccccc1,MOSES sample,949
CC(CNC(=O)c1cccs1)CN(C)C(=O)OC(C)(C)C,MOSES sample,950
c1cc(ccc1)C(OC(Cn1ncc2c(c1=O)cccc2)C)=O,MOSES sample,951
c1(OCCNC(C2CCN(C(C)=O)CC2)=O)cccnc1,MOSES sample,952
c1c(Cn2c(C)ncc2)cccc1NC(NCCC(NCC#C)=O)=O,MOSES sample,953
CN1CCN(C(=O)CCc2nc3ccccc3n2C(F)F)CC1,MOSES sample,954
c1ccc(cc1F)C(=O)Nc1cc(ccc1C)S(=O)(NC(C)C)=O,MOSES sample,955
CCOC(=O)c1c(C)csc1NC(=O)c1cccc(OC)c1,MOSES sample,956
N1(c2nc3ccccn3c(=O)c2)c2ccccc2CC1,MOSES sample,957
O1COc2c1cc(cc2)C(=O)N1Cc2c(CC1)nc(s2)NC(C)=O,MOSES sample,958
C(NCCC)(=O)c1cc(ccc1Br)OC,MOSES sample,959
C1CC(C)CCN1S(NC(c1nc2ccccc2[nH]1)C)(=O)=O,MOSES sample,960
C(c1ccccc1Br)n1cnc2c(scc2)c1=O,MOSES sample,961
Cc1cc(C)nc(N2CCCC(c3n[nH]c(-c4ccccc4)n3)C2)n1,MOSES sample,962
Cc1cc(NCCc2noc(C(C)C)n2)nc(-c2ccncc2)n1,MOSES sample,963
CN(C)C(C(=O)N1CCC(CC1)(C(=O)OC)c1ccccc1)C,MOSES sample,964
C1C(NCCN1Cc1c(S(C(F)F)(=O)=O)cccc1Cl)=O,MOSES sample,965
CCc1c(CC(Nc2cc(ccc2-n2cccn2)Cl)=O)c(no1)C,MOSES sample,966
CCOC(=O)c1cnn(-c2ccc(F)cc2F)c1C,MOSES sample,967
c1cc(ccc1F)S(N(CC(=O)NC)CC)(=O)=O,MOSES sample,968
c1cc(C(N(CC)C(C)c2ccccc2)=O)ccc1CNC(=O)N,MOSES sample,969
C(C(N1CC2(CC1)CCN(c1ncc(cn1)C)CC2)=O)(C)C,MOSES sample,970
C(CNC(=O)c1cc2c(cc1)[nH]cn2)(O)c1ccc(cc1)Cl,MOSES sample,971
C(c1cc(ccc1)NCC(=O)N1CC(C)CC(C1)C)(N)=O,MOSES sample,972
C1C(C1)c1sc(nn1)NC(c1oc(C)c(S(=O)(N)=O)c1)=O,MOSES sample,973
c1(c(=O)n(CCC)c(cc1)C(C)(C)C)-c1nc(NCC)sc1,MOSES sample,974
c1c(ccc(c1)Nc1ncnc2c1[nH]cn2)C(=O)NC,MOSES sample,975
c1nc(ncc1)-n1cc(NCc2c(C)nc(s2)C)cn1,MOSES sample,976
c1ccnc(c1C(NCc1ccco1)=O)Sc1ccccc1,MOSES sample,977
O(CCNC(C1CCN1C(=O)OC(C)(C)C)=O)c1ccc(cc1)F,MOSES sample,978
c1ccccc1Oc1nccc(CNC(c2cnc(cc2)OC)=O)c1,MOSES sample,979
c1(c[nH]c2c1cccc2)CC(=O)N(C)Cc1cc(on1)C,MOSES sample,980
O=C(NCCCC(=O)N1CCC(O)CC1)c1ccccc1,MOSES sample,981
Cn1cc(S(=O)(=O)NCCn2cnc3ccccc32)cn1,MOSES sample,982
C(NC(c1ccoc1C)=O)c1cccc(OCC)c1,MOSES sample,983
C12CN(CC(CC1)N(C2)S(CCC)(=O)=O)C(c1occc1)=O,MOSES sample,984
N1(CCN(c2nccnc2)CC1)C(=O)Cn1ccc(=O)n(C)c1=O,MOSES sample,985
c1cccc(c1)CC(Nc1cc(ccc1OC)S(N)(=O)=O)=O,MOSES sample,986
c1c2c(ccc1)C1CN(C(=O)c3cc(=O)c(c[nH]3)OC)CC1CC2,MOSES sample,987
O=C(NCC(NCCC(OC)=O)=O)c1cscc1,MOSES sample,988
CCNC(=O)CCn1cnc2c(oc3ccccc32)c1=O,MOSES sample,989
C1COC2C1N(CC(C2)C(=O)NC1CCC1)Cc1ccc(F)cc1,MOSES sample,990
c1c(cc(c(NC(=O)COc2ccccc2C#N)c1)Br)C,MOSES sample,991
c1cc(ccc1C)S(=O)(=O)Nc1sc(c(CC)n1)C(N)=O,MOSES sample,992
C(C(N(CC)C1=CCCCC1)=O)Sc1nc(N)nc(n1)N,MOSES sample,993
O(C)c1c(cc(cc1)S(N)(=O)=O)NC(c1ccc(OC)cc1)=O,MOSES sample,994
Fc1c(CCC(=O)NCC(O)c2ccc(C(C)C)cc2)cn(C)n1,MOSES sample,995
c1ccncc1C(=O)OC(C)C(c1c(C)c(c(C)[nH]1)C(C)=O)=O,MOSES sample,996
c1sccc1C(C(Nc1cnc(nc1)CC)=O)C,MOSES sample,997
c12c([nH]c(=O)n(c2nc(C(=O)OCC=CC)cc1C)CC)=O,MOSES sample,998
c1c(CCC)cc2[nH]c(cc(=O)n2n1)-c1ccncc1,MOSES sample,999
CCOC(=O)CSc1nc(-c2ccccc2OC)n[nH]1,MOSES sample,1000
CNC(=O)c1cccc(CCNCc2ccccc2C(F)(F)F)c1,MOSES sample,1001
COc1ccccc1C(C#N)NC(=O)C1CC(=O)N(C(C)C)C1,MOSES sample,1002
c1(ccccc1)Cc1n[nH]c(CNC(c2sc(C)nc2C)=O)n1,MOSES sample,1003
Cc1nc2ccccc2n1CC(=O)OCC(=O)N1CCCCCC1,MOSES sample,1004
c1(C(=O)Nc2nc(C)cs2)ccc(o1)-c1ccc(cc1C)C#N,MOSES sample,1005
O=C(C1CCC1)N1CCN(c2ccnc(N3CCOCC3)n2)CC1,MOSES sample,1006
C(C)(C)(OC(N1CN(C(OC(C)(C)C)=O)CC1)=O)C,MOSES sample,1007
c12CC(C(Nc3c(N(C)C)ccc(Cl)c3)=O)Oc2cccc1,MOSES sample,1008
C(c1ccc(SCC(F)(F)F)c(c1)N)CC(=O)N,MOSES sample,1009
c1c(Cl)c(c(S(N2CCOCC2)(=O)=O)cc1N)F,MOSES sample,1010
Cc1ccccc1NC(C(c1nnc2CCCCCn21)C#N)=O,MOSES sample,1011
COc1ccc(CC(=O)N2CC=C(c3ccccc3)CC2)cc1F,MOSES sample,1012
C(c1cnccn1)CC(=O)NC(C(C)C)c1c(cc(cc1)F)F,MOSES sample,1013
CC(C(=O)Nc1c(cccc1)Cl)S(=O)(c1ccccc1)=O,MOSES sample,1014
Cc1ccc(C)c(S(=O)(=O)CC(=O)NC2CCC(C)CC2)c1,MOSES sample,1015
Cc1ccc(NCC(=O)N2CCC(C(N)=O)CC2)c(C)c1,MOSES sample,1016
C(=O)(Cc1ccccc1F)Nc1c(C)cccc1C,MOSES sample,1017
CC(C)CC(CO)NC(=O)c1nc2c(F)cccc2s1,MOSES sample,1018
CC(=C)Cn1c(=O)c2c3CCCc3sc2n2c1nnc2CC,MOSES sample,1019
c1(ccc(cc1)NC(NCCCOC1CCCC1)=O)-c1ncc[nH]1,MOSES sample,1020
Oc1cccc(c1)C(=O)OCc1ccc(c(c1)F)OC,MOSES sample,1021
CN(C)c1nc(-c2cccnc2)nc2c1CCN(C(=O)CC1CC1)C2,MOSES sample,1022
c1c(=O)n(CC(=O)N2CC(OCC2)CCC)c2c(cccc2)c1,MOSES sample,1023
COCc1c(ccc(c1)o1ccc(c(c1)OC)=O)CC#N,MOSES sample,1024
c1c(cc(CO)cc1)NC(=O)c1cc(c2ccccc2o1)=O,MOSES sample,1025
N#CC(c1nc(C)cc(n1)C)C(c1cn(nc1C)CC)=O,MOSES sample,1026
c1c(ccc(c1)S(CCOC)(=O)=O)Br,MOSES sample,1027
O=C(Nc1ccccc1Br)c1cnc(cc1)C(OC)=O,MOSES sample,1028
C1CCC(CN1C(C1CCCCC1)=O)C(=O)N=c1[nH]cc[nH]1,MOSES sample,1029
O=C(CCn1cnc2c(ncnc12)N)Nc1ccc(F)cc1,MOSES sample,1030
c1ccc2CCN(C(NC3CC=CC3)=O)Cc2c1OC,MOSES sample,1031
c1c(C)c(NC(c2sccc2C(C)C)=O)ncc1,MOSES sample,1032
COc1cc(CC(=O)Nc2c([nH]c(=O)[nH]c2)=O)ccc1,MOSES sample,1033
c1sc(cc1)CNC(c1ccccc1)C(OC)=O,MOSES sample,1034
CCCNC(=O)C1CCN(S(=O)(=O)Cc2ccccc2)CC1,MOSES sample,1035
c1(CSc2nnc(-c3cccs3)n2N)nc2sccn2c1,MOSES sample,1036
CC(C)NC(=O)Nc1ccccc1NC(=O)COc1ccccc1F,MOSES sample,1037
C(C(C)CC(=O)OCC)NC(=O)N1CCc2c1cccc2,MOSES sample,1038
FC(F)(F)c1ccc(OCC(O)Cn2nnc3ccccc32)nc1,MOSES sample,1039
O1COc2c1cc(CNC(=O)Nc1nn(cc1)C)cc2,MOSES sample,1040
CC(=O)N1CCCC1C(=O)Nc1ccccc1N1CC(C)OC(C)C1,MOSES sample,1041
c1c(cc2OCCCOc2c1)C(C1NCCCC1)=O,MOSES sample,1042
Cc1cccc(NC(=O)CSc2nnc(NC(=O)C3CC3)s2)c1,MOSES sample,1043
COc1cc(OC)cc(C(=O)Nc2cccc(-c3ccn[nH]3)c2)c1,MOSES sample,1044
COc1ccc(Cl)cc1CN1CC(C(N)=O)c2ccccc21,MOSES sample,1045
C(Nc1cc(on1)C)(COc1ccc(Br)cc1F)=O,MOSES sample,1046
O=S(=O)(N1CCCC1c1cc(CCC)no1)c1nc[nH]c1,MOSES sample,1047
c1(NCC)cc(C)nc(n1)CCc1cc(N)c(C)cc1,MOSES sample,1048
CC(NCCNC(=O)c1ccc(c(OCC)c1)OC)=O,MOSES sample,1049
O=C(c1c(cccc1)F)NCc1nc2scc(n2c1)C,MOSES sample,1050
s1c(ncc1)NC(c1ccc(Oc2ccccc2)o1)=O,MOSES sample,1051
N(Cc1cc(c(OC)c(OC)c1)OC)C(=O)N1CC(OC(C)C1)C,MOSES sample,1052
CCN(Cc1nc(-c2ccccc2)no1)C(=O)c1cc2ccccc2o1,MOSES sample,1053
Cc1sc(c(C(N2CCCN(S(=O)(C)=O)CC2)=O)c1)C,MOSES sample,1054
s1c(C(NCC)=O)ccc1-c1ccnc2c1ccn2C,MOSES sample,1055
C(C(N1CCC(C)CC1)=O)Sc1ccc(NC(C)=O)cc1,MOSES sample,1056
O=C(COc1cccc(C)c1)NC1C(N(CC1)c1ccccc1)=O,MOSES sample,1057
c1cccc(-n2nnc(CC(Nc3cnccc3)=O)c2C)c1,MOSES sample,1058
c1cccc2C(CCOc12)NC(=O)N(CCC#N)CCC(F)(F)F,MOSES sample,1059
C1C(NC(=O)c2c(C)c3c(o2)c(c(Cl)cc3)C)C1,MOSES sample,1060
CCC1CN(c2cc(OC)ncn2)CCC(=O)N1Cc1ccccc1,MOSES sample,1061
Cc1cc(C)n2nc(SCC(=O)Nc3cc(C)on3)nc2n1,MOSES sample,1062
CCc1nnc(NC(=O)CCC(=O)N2CCc3ccccc32)s1,MOSES sample,1063
n1cnc(n1C(C)C)C(OC1CC2CCC1C2)C,MOSES sample,1064
Cc1cnn(Cc2nc3cnccn3c2NCc2ccco2)c1,MOSES sample,1065
Oc1cc2c(ccc(CNc3sccn3)c2)cc1,MOSES sample,1066
c1(nc2ccccc2s1)CN(C)C(NCC(=O)N(CC)CC)=O,MOSES sample,1067
Cc1occc1C(=O)Nc1ccnc2c(F)cccc12,MOSES sample,1068
c1c(c(cc(-c2cc3c(o2)CCCC3)c1)Cl)C(=O)N,MOSES sample,1069
CC(c1onc(n1)CNc1cccc(Br)c1C)C,MOSES sample,1070
Fc1ccc(C(=O)Nc2nc3ccccc3[nH]2)cc1F,MOSES sample,1071
C1(c2sc(CNCc3ccccc3-n3ccnc3)cn2)CC1,MOSES sample,1072
O=C(N(C)C1CCCCC1C)CCn1ncc(=O)c2ccccc12,MOSES sample,1073
N(c1cccc(c1)NC(CC)=O)Cc1cnc(C)s1,MOSES sample,1074
N(c1c(cc(c(OC)c1)Cl)C(=O)N)C(c1ccccc1Cl)=O,MOSES sample,1075
C1(CCCCC1)NC(=O)Nc1ccc(C(OC)=O)cc1,MOSES sample,1076
C(NCCc1ccccc1)(=O)Cn1c2ccccc2nc1,MOSES sample,1077
Fc1cc(C(=O)OCC(=O)Nc2c(F)ccc(c2)F)cc(c1)F,MOSES sample,1078
O=C(N1CCN(C)C(CC1)=O)c1ccccc1Br,MOSES sample,1079
c1c(S(=O)(=O)C(F)F)ccc(C(Nc2ccc(cn2)Cl)=O)c1,MOSES sample,1080
c1cc(ccc1C(=O)N1CCN(CC1)CCn1cccn1)N(C)C,MOSES sample,1081
C1(COCCN1C(NCc1cc(ccc1)C#N)=O)CC(C)C,MOSES sample,1082
n1nc(n2nc(-c3c(C)n(nc3)C)sc12)C1CCCC1,MOSES sample,1083
C1COCCN1C(CN(C)C(=O)c1ccc(N2C(CCC2)=O)cc1)=O,MOSES sample,1084
c12c(oc(C(OCC)=O)n2)CN(C1)C(OC(C)(C)C)=O,MOSES sample,1085
c1ccc(S(=O)(=O)Cc2[nH]c(c3c(cccc3)n2)=O)cc1,MOSES sample,1086
c1ccc2CC(CNc3c(cccn3)C#N)Oc2c1,MOSES sample,1087
Nc1cc(CSc2ccccc2)nn1CCO,MOSES sample,1088
C(NC1CCN(CC1)S(CC)(=O)=O)(=O)c1c2c(cccc2)ccc1,MOSES sample,1089
n1(ncc(C(NC(Nc2cccc(C)c2)=O)C)c1)C,MOSES sample,1090
C(CCC)CN(C1CC1)C(=O)c1c(C)sc(c1)C,MOSES sample,1091
C(S(=O)(N1CCOCC1)=O)Cn1c(=O)onc1-c1ccccn1,MOSES sample,1092
N#Cc1ccc(NC(=O)CCCOc2ccccc2C#N)cc1,MOSES sample,1093
N#Cc1ccc(C(=O)NCCc2csc(-c3ccccn3)n2)cc1,MOSES sample,1094
C(Nc1c(C)cccn1)(c1nn2c(ccnc2n1)C)=O,MOSES sample,1095
c1(nc(CCC(=O)N(CC(N)=O)C)on1)Cc1ccc(cc1)F,MOSES sample,1096
C(N1CC2CCC(NC2C1=O)C(NCc1noc(C)c1)=O)C(C)C,MOSES sample,1097
COC1CCN(C(=O)Nc2cc(OC)c(OC)cc2F)CC1,MOSES sample,1098
OC(CNCc1ccccn1)c1ccc(Cl)c(Cl)c1,MOSES sample,1099
O=c1n2c(ncc1C(N1C3CCCC3OCC1)=O)cccc2,MOSES sample,1100
COc1cc(ccc1)CNC(c1c(n(-c2cc(F)ccc2)nc1)C)=O,MOSES sample,1101
C(N(C)C(=O)c1c(cccc1)NC(c1cnccc1)=O)CC,MOSES sample,1102
c1c(CNC(CCc2ccc(Cl)cc2)=O)c(-n2cncn2)ncc1,MOSES sample,1103
Cc1ccnc(NC(=O)c2ccccc2-n2cccn2)c1,MOSES sample,1104
COCc1cc(C(=O)Nc2cc(-n3nc(C)cc3C)ccc2)ccn1,MOSES sample,1105
C(=O)(N(c1sccn1)C)c1ccc(cc1)S(C(F)F)(=O)=O,MOSES sample,1106
CCCCc1nnc(NC(=O)CCn2cnc3ccccc32)s1,MOSES sample,1107
O1CCOc2cc(c(cc21)Br)S(=O)(n1ccnc1)=O,MOSES sample,1108
C1N(CCC1)C(CCNC(NC(c1ccccc1)CO)=O)=O,MOSES sample,1109
C(=O)(CC)Nc1cc2c(n(CC(NCc3ccccc3)=O)cc2)cc1,MOSES sample,1110
Clc1c(cc(NC(=O)NCCOC)c(c1)OC)C,MOSES sample,1111
Brc1cn(nc1)C(C(Nc1ccc(cc1)C#N)=O)C,MOSES sample,1112
FC(CN(C(C)C)S(=O)(c1c(nn(c1C)C)C)=O)(F)F,MOSES sample,1113
Cc1nc(C)cc(NC(=O)c2cc(Cl)c3c(c2)OCO3)n1,MOSES sample,1114
O=C(c1ccccc1)N1CCN(C(=O)c2cccs2)CC1,MOSES sample,1115
N(c1cc(ccc1)C)c1cc(nc(n1)C)N1CCN(C(=O)CC)CC1,MOSES sample,1116
C(N)(c1cnn(c1N)-c1nc(C(C)(C)C)nc(C)c1)=O,MOSES sample,1117
c12c(C(NC(=O)C3CCCc4cn[nH]c43)CCCO2)cccc1,MOSES sample,1118
c1(NC(c2scnc2C)=O)cc(c(F)cc1)F,MOSES sample,1119
C(=O)(N)c1ccc(NC(=O)COC(=O)c2c(C)c(C)cc(c2C)C)cc1,MOSES sample,1120
CCc1onc(C)c1NC(=O)C1c2ccccc2Oc2ccccc21,MOSES sample,1121
O=C(NCc1ccc(OCC2CC2)nc1)c1ccc(=O)n(CC)n1,MOSES sample,1122
COCc1cc(=O)n(CC(=O)N(C)Cc2ccccc2)c(N)n1,MOSES sample,1123
C(C)n1cc(cn1)-c1nc2c(ccc(Cl)c2)n1C,MOSES sample,1124
n1(-c2ccccc2)ncc(c1)Cn1c(c2sccc2nc1)=O,MOSES sample,1125
COc1ncccc1NC(=O)Cc1cc(ccc1Cl)Cl,MOSES sample,1126
Cc1ccccc1CCC(=O)NCCn1nc(-n2cccn2)ccc1=O,MOSES sample,1127
c1cccc(c1)CCN1CCN(C(CCNC(=O)OC)=O)CC1,MOSES sample,1128
c1(C(C(Sc2nnc(CO)n2C2CC2)C)=O)ccccc1OC,MOSES sample,1129
CCn1c(=O)c(C)nc2cc(C(=O)NCC(C)C)ccc21,MOSES sample,1130
C(OCCOc1c(cc(Br)cc1)C)C,MOSES sample,1131
OC(C)CN1CCN(C(c2c(nccc2)SC)=O)CC1,MOSES sample,1132
C(NC(C)=O)CNC(C(Oc1ccc(c(C)c1)C)C)=O,MOSES sample,1133
c1c(C)nc2sc(-c3ccncc3)nn2c1=O,MOSES sample,1134
c1(nnc(CCC(=O)N(C)C)o1)-c1cc(oc1C)C,MOSES sample,1135
COc1cc(NC(=O)NC(C)C(C)CO)c(OC)cc1Cl,MOSES sample,1136
Cc1ccc(-c2cc(CN3CCc4[nH]nc(C5CC54)c4C3)n[nH]2)o1,MOSES sample,1137
O(c1cc(ccc1C(=O)OC)S(NC(C)c1ccccc1)(=O)=O)C,MOSES sample,1138
c1c(cc(OC(=O)c2c(nn3c2nc(cc3C)C)C)cc1)OC,MOSES sample,1139
n1c(n[nH]c1COc1c(C)cccc1C)-c1cc(c(cc1)C)N,MOSES sample,1140
Cc1cccc(c1NCC(=O)N(C1CCCCC1)C)C,MOSES sample,1141
O=C(c1nc(sc1)C)NCCc1cccc2c1nccc2,MOSES sample,1142
CCCNC(=O)NCc1ccc(OCc2cccnc2)cc1,MOSES sample,1143
CC1CC1CNC(=O)C(NC(=O)c1ccco1)C(C)C,MOSES sample,1144
C(C(N1Cc2c(c(nn2-c2ccccc2)C(OC)=O)C1)=O)C(C)C,MOSES sample,1145
Cc1nc(CS(=O)(=O)c2nc(C)cs2)no1,MOSES sample,1146
C1N(c2n(nnn2)-c2ccccc2C)CCN(C1)C(=O)NC(C)C,MOSES sample,1147
O(c1cccc(C)c1)CCN(C)C(=O)C1CC(=O)N(C1)C(C)C,MOSES sample,1148
O=C(N(C(C)C)C)c1sc(nc1)Cc1ccc(cc1)F,MOSES sample,1149
c1c(cc(C2NC(NC(C)=C2C(OCCOC)=O)=O)cc1)OC,MOSES sample,1150
C(OC(=O)c1sc2ncn(C)c(=O)c2c1C)C,MOSES sample,1151
Cc1cc(Cl)c(S(=O)(=O)Cc2ccno2)cc1C,MOSES sample,1152
CC(C)c1cc(C(=O)NCCCc2nnc3ccccn23)nc(n1)C,MOSES sample,1153
C(C)(c1c(Cl)cccc1)NC(c1nccc(N)c1)=O,MOSES sample,1154
O=S(=O)(C)N1CCC(C(N2CCCCCC2)=O)CC1,MOSES sample,1155
c1ccsc1CNC(NCc1cc(OC)cc(c1)C)=O,MOSES sample,1156
Cc1ccc(N2CCC(C(=O)NCc3cscn3)C2=O)cc1C,MOSES sample,1157
CC(N1CCN(c2cc(-c3ccccc3)ncn2)CC1)C(=O)N,MOSES sample,1158
CCCOc1ccc(-c2nc(COC)c(C)c(=O)[nH]2)cc1,MOSES sample,1159
c1c(C)c2CCNC(c3c(F)cncc3)c2c(c1)F,MOSES sample,1160
c1(C(=O)Oc2ccc(cc2)Br)cc(C(=O)N)cn1C,MOSES sample,1161
c1n(ncn1)CCOc1ccc(NC(c2ccccn2)=O)cc1,MOSES sample,1162
c1c(ccc(SCCCn2ccc(=O)c3c2ccs3)c1)OC,MOSES sample,1163
C1C2(CN(Cc3c(C)onc3C)CC2)C(N(CC2CCC2)C1)=O,MOSES sample,1164
c1sc(NC(Nc2ccc(C(NCC)=O)cc2C)=O)nc1C1CC1,MOSES sample,1165
n12c(C(NC3CCCCCC3)=O)nnc2cccc1,MOSES sample,1166
c1ccoc1C(C=c1sc(=Cc2ccc(cc2)F)c([nH]1)=O)=O,MOSES sample,1167
Cn1ncc(CCNC(=O)CC23CC4CC(CC(C4)C2)C3)c1C1CC1,MOSES sample,1168
Cc1oc(C(=O)Nc2cccc(-c3cn[nH]c3)c2)cc1S(N)(=O)=O,MOSES sample,1169
CC(Oc1ccccc1)C(=O)NCC1CCN(c2ncccn2)CC1,MOSES sample,1170
c1(CC(=O)NCCCC(N)=O)c2c(cc(cc2)C)oc1,MOSES sample,1171
Cc1cc(Br)ccc1CNC(=O)NCc1cscn1,MOSES sample,1172
Cc1ccc2c(c1)C(C(=O)NCCc1ccccc1)CNC2,MOSES sample,1173
CNC(=O)Nc1ccc2nn(-c3ccc(F)cc3)nc2c1,MOSES sample,1174
O=C(CNC(=O)c1ccc(C)cc1Br)N(CC)CC,MOSES sample,1175
CCCC(=O)Nc1ccc(NC(=O)c2scnc2C2CC2)cc1,MOSES sample,1176
CC(C)N(Cc1nc2ccc(Cl)cc2c(=O)[nH]1)C(=O)C1CC=CC1,MOSES sample,1177
n1nnn(c1CN1CC=C(c2ccc(O)cc2)CC1)-c1ccccc1,MOSES sample,1178
O=C(N(CC)CC(NCC)=O)Cc1ccc(Br)cc1,MOSES sample,1179
c1c(S(=O)(=O)CC2Oc3ccccc3OC2)cc(cc1)C,MOSES sample,1180
C(Nc1[nH]nc(c1)-c1ccncc1)(=O)c1ccc(nc1)SC,MOSES sample,1181
C(=O)(NCC)NC1CCN(CC1)C(Nc1ccccc1OC)=O,MOSES sample,1182
CC1CN(CC(C)O1)Cc1cc(cc2CC(Oc21)CC)N,MOSES sample,1183
C(CCNC(NCCc1cnccc1)=O)c1nc(cs1)C,MOSES sample,1184
CC(C)NC(=O)Nc1ccc(C(=O)N2CCc3sccc3C2)cc1,MOSES sample,1185
c1c(NC(=O)C(CCOC)C)cc(C(F)(F)F)cc1C(F)(F)F,MOSES sample,1186
CN(C(=O)NCCN1CCN(C(=O)C(C)C)CC1)C1CCCCC1,MOSES sample,1187
CCS(=O)(=O)c1ccc(O)c(NC(=O)C2CC2C)c1,MOSES sample,1188
c1cc(C(Cc2ccccc2)=O)ccc1NC(=O)CC#N,MOSES sample,1189
n1(nc(cc1C)C)CCC(=O)NC(CC)c1cc(ccc1F)F,MOSES sample,1190
C=CCCC(=O)Nc1ccc(-c2csc(C)n2)cc1,MOSES sample,1191
CCC(c1ccc(F)cc1)n1nnc(-c2nc(C(C)C)cs2)c1N,MOSES sample,1192
n1c(C(N2CC(CCC2)c2[nH]ncc2)=O)cc2n1CCCO2,MOSES sample,1193
n1c(cccc1)CNC(c1cc(n(-c2ccc(cc2)F)n1)N)=O,MOSES sample,1194
CC(C)C(CNC(=O)N(C)Cc1ccccn1)c1cccnc1,MOSES sample,1195
N(C(C)C)c1c(c(nc(n1)CCC)OCCC)N,MOSES sample,1196
C1CCN(C1C(NCc1cscc1)=O)C(=O)CCC,MOSES sample,1197
c1(NCCc2nc3CCC(Cc3c(n2)C)C)ccc(cc1)C(=O)C,MOSES sample,1198
Cc1cc(C(=O)N2CCCC2)ccc1NC(=O)NCCO,MOSES sample,1199
c1cc(sc1)-c1cc(C(N2CC(C)OC(C2)C)=O)no1,MOSES sample,1200
C(OCC(F)(F)F)CCNC(=O)N1C(C)CCCC1C,MOSES sample,1201
Cc1ccc(SCC(=O)N(C)C2CC2)cc1C,MOSES sample,1202
c1c(C(=O)NC2CC2)c(N)nc(n1)COc1ccccc1,MOSES sample,1203
c1ccc(C)c(C(C)Nc2cccc(C(=O)N3CCOCC3)c2C)c1,MOSES sample,1204
c1(nc(cs1)Cn1ncc(-c2ccccc2)c1)CC,MOSES sample,1205
CC(C)c1nnc2CN(C(CCOc3ccc(C)c(C)c3)=O)CCn12,MOSES sample,1206
c1c(ccc2NC(=O)CCc21)C(NC1(CCCCC1)C#N)=O,MOSES sample,1207
CN(C(=O)CCNC(c1c(OC)cc(OC)cc1)=O)C,MOSES sample,1208
N(c1c(ccc(Cl)c1)Cl)C(N1CCCC(C(OC)=O)C1)=O,MOSES sample,1209
N(C1CCc2c1cccc2)C(=O)c1c2ccccc2[nH]n1,MOSES sample,1210
O=C(CCc1nc(Cc2ccccc2)no1)NCc1ccccn1,MOSES sample,1211
c1c(onc1-c1ccccc1)C(=O)N(C)Cc1cn(C)nc1,MOSES sample,1212
N1(CC(C#N)(C)C)CCN(C(=O)c2cc(ccc2F)C)CC1,MOSES sample,1213
N(CC)(C(=O)C1CN(C(C1)=O)C1CCCC1)CC,MOSES sample,1214
n1n(c2ccc(C(=O)NCC3OCCC3)cc2n1)CCC,MOSES sample,1215
c1c2c(nc(C(=O)Nc3cc(c(cc3)C)F)cn2)ccc1,MOSES sample,1216
c1(C)c(nc(s1)NC(=O)c1scnc1C1CC1)CC,MOSES sample,1217
O=S(=O)(C1CN(C(=O)C(C)(C)C)C1)NC1CCC(C)CC1,MOSES sample,1218
CNc1ncnc(Nc2nc3c(C)cccc3s2)c1N,MOSES sample,1219
O=C(OCC)c1c2ncn(c(=O)c2[nH]c1)C(C)Cc1ccccc1,MOSES sample,1220
COCC(C)NC(=O)C1CC(=O)N(c2ccc(F)c(Cl)c2)C1,MOSES sample,1221
c1cc(CC)sc1S(N(CCC(F)(F)F)C)(=O)=O,MOSES sample,1222
CCn1cc(NC(=O)c2cc3c(C)cc(C)cc3[nH]2)ccc1=O,MOSES sample,1223
N(C(CNC(=O)C(C)(C)C)=O)c1onc(-c2ccccc2)c1,MOSES sample,1224
c1cccc(NC(N(C)Cc2cccs2)=O)c1OCC,MOSES sample,1225
c1(C)[nH]c(c(C)c1C(OCC)=O)C(NC(CC)CC)=O,MOSES sample,1226
c1(ccc(Cl)cc1)N1CC(C(=O)N(CCCC)C)CC1=O,MOSES sample,1227
c1ccc(NC(c2c(ccs2)NC(c2sccc2)=O)=O)cc1C#N,MOSES sample,1228
CCCCOCC(Nc1ccc(C(NC)=O)cc1)=O,MOSES sample,1229
c1cccc(c1)NC(Nc1sc2C(CCCc2n1)=O)=O,MOSES sample,1230
CC(NS(=O)(=O)c1ccc2c(c1)CCC(=O)N2)c1cccs1,MOSES sample,1231
Clc1cccc(c1)CNc1cc(OCCOC)ncn1,MOSES sample,1232
n1c(c(ncc1)-n1nccc1)C1N(C(NCC(C)C)=O)CCC1,MOSES sample,1233
O=C(c1ccco1)N1CCCC1c1ccccc1Nc1ncccn1,MOSES sample,1234
O=C(C)c1c([nH]c(C(=O)NCc2ccccc2C)c1C)C,MOSES sample,1235
OC(CNC(Nc1c(OC)ccc(Br)c1)=O)C,MOSES sample,1236
C1C(C)OC(CN1CCCNC(=O)NCCOC)C,MOSES sample,1237
C1(=Nc2c(c(-c3cc(C)cc(C)c3OC)c1C#N)CCC#N)N,MOSES sample,1238
C1CC1N(c1c(N)cc(F)cc1)CCCOCC,MOSES sample,1239
c1cc(NC(=O)N(C)CCOc2ccccc2)cnc1-n1ncnc1,MOSES sample,1240
c1c(F)cc(c(C)c1)NC(C(Oc1ccccc1)C)=O,MOSES sample,1241
c1c(C(=O)N(C)C(C)C)ccc(NC(=O)c2ccccc2COC)c1,MOSES sample,1242
C(C)(c1cccc(c1)OCC(F)(F)F)NC(c1cccnc1)=O,MOSES sample,1243
Nc1n(nnc1S(=O)(CCC)=O)-c1nonc1N,MOSES sample,1244
N1C(COCC1)c1nc(SC(C(=O)OC)C)[nH]n1,MOSES sample,1245
C1N(CCCCC1)C(c1cc(OC)c(c(c1)Cl)OC(C)=O)=O,MOSES sample,1246
N(c1c(C(C)=O)cccc1)C(CCCSc1ccccc1)=O,MOSES sample,1247
CCOC(=O)c1c(NC(=O)c2cc3ccccn3n2)sc(C)c1C,MOSES sample,1248
c1(Cl)cc(C)c(OCc2c(CO)nnn2CC)cc1,MOSES sample,1249
C1(CC(CN1C)C(=O)N1CC(c2nc(no2)C)CCC1)=O,MOSES sample,1250
Cc1nc(C(C)(C)NC(COc2ccccc2OCC)=O)sc1,MOSES sample,1251
c1cc(=NC(c2c(C)nc(o2)CC)=O)n(Cc2ccccc2)cc1,MOSES sample,1252
CC1CN(CCCNC(=O)c2ccc(F)cc2Cl)CC(C)O1,MOSES sample,1253
c1cc(C(=O)N(C)C)ccc1NC(=O)c1c2cccnc2ccc1,MOSES sample,1254
N(C(Cc1c(noc1C)C)=O)C(C(=O)N)COC,MOSES sample,1255
C(=O)(CCc1ccccc1F)N(C)Cc1c(C)n(CC)nc1C,MOSES sample,1256
N(CCC)C(CN(S(c1cc(c(OC)cc1C)C)(=O)=O)C)=O,MOSES sample,1257
COc1cc(C2NCCc3c2ccc2cc[nH]c32)ccn1,MOSES sample,1258
Cn1ccc(cc1=O)C(=O)N1CCC2(CC1)C(CCCC2)=O,MOSES sample,1259
c12n(c(nn1)C)nc(-c1n(C)nc(C)c1Br)s2,MOSES sample,1260
CCN(Cc1ccccc1Cl)S(=O)(=O)N(CC)CC,MOSES sample,1261
O=C(CSc1nncn1-c1ccccc1)c1ccc2c(c1)CCCC2,MOSES sample,1262
n1(c(c2c(c3ccccc3o2)nc1)=O)-c1c(Cl)cccc1,MOSES sample,1263
Cn1c(SCCC(=O)Nc2ccc(Cl)cc2)nnc1C1CC1,MOSES sample,1264
c1ncc(cc1C)C(N1CCN(C(C)COC)CC1)=O,MOSES sample,1265
N#Cc1c(COc2c(cccc2)OC)n(-c2ccc(Cl)cc2)nn1,MOSES sample,1266
C(COC)OC(C)C(=O)N=c1sccn1Cc1ccccc1,MOSES sample,1267
c1(C(=O)Nc2sc(c(n2)C)C(OC)=O)nc(C)sc1,MOSES sample,1268
Cc1nnc(C)c2c(C)n(CC(=O)NCc3ccco3)c(C)c12,MOSES sample,1269
C(=O)(NC(C)C)c1nc(ccc1)C(NC(C)c1cnn(c1)C)=O,MOSES sample,1270
C1(c2oc(nn2)CNc2ccc(C(NC(C)C)=O)c(c2)C)CC1,MOSES sample,1271
O=S(NCC#Cc1cc(ccc1)Cl)(c1sccc1)=O,MOSES sample,1272
CN1C(=O)C(c2c1ccc(c2)C(N1CC(=O)NCC1)C)(C)C,MOSES sample,1273
O1CCN(c2cncc(c2)Br)CC1,MOSES sample,1274
CCNS(=O)(=O)c1ccc(CC(=O)OC)cc1,MOSES sample,1275
C(c1ccc(C2N(C(NC3CCCCNC3=O)=O)CCC2)cc1)#N,MOSES sample,1276
O=S(=O)(Oc1cccc(c1)C(NC)=O)c1cc(OC)ccc1,MOSES sample,1277
Brc1cc(c(cc1OC)OC)NC(C)=O,MOSES sample,1278
c1cc(ccc1Oc1ncccn1)NC(=O)c1cccc(OC)c1,MOSES sample,1279
c1(OC)cc(ccc1CCC(Nc1cn[nH]c1)=O)OC,MOSES sample,1280
COc1cccc2c1OCC(CNC(=O)CCc1ccccn1)C2,MOSES sample,1281
c1(cc(no1)C)C(=O)N1CCN(CC1)c1cccc(Cl)c1,MOSES sample,1282
CNC(=O)C1CCCN(c2nc(C(F)(F)F)cc(=O)[nH]2)C1,MOSES sample,1283
c1cccc2c1CCN(C2)C(=O)C1CCCN(C(=O)CCC)C1,MOSES sample,1284
c12ncc(c(=O)n1c(C)ccc2)C(NC1CC(CCC1)C(F)(F)F)=O,MOSES sample,1285
C(OC1CCCCC1C#N)(c1ccc(cc1)-n1ccnn1)=O,MOSES sample,1286
c12CN(C(C(C)NS(=O)(C)=O)=O)CCn1cc(n2)C(=O)N,MOSES sample,1287
n1c(NC(NCCSc2cn[nH]n2)=O)sc(n1)C,MOSES sample,1288
C1(CC1)N(C(=O)CNC(=O)c1cccs1)Cc1cscc1,MOSES sample,1289
c1c(cc(CC(C(N2CC(CCC2)(CO)O)=O)C)cc1)Cl,MOSES sample,1290
c1cc(O)cc(NC(=O)c2cccc(c2)N(C)C)c1,MOSES sample,1291
c1(CN2CCN(CC2)c2[nH]c(C)c(C)c(C)n2)n2cccnc2nc1,MOSES sample,1292
C(CC(=O)NCc1ncccc1)c1c(onc1C)C,MOSES sample,1293
n1oc(C)c(c1C)C(C#N)Cc1c(OC)cc(cc1)OC,MOSES sample,1294
c1ccsc1CC(N1CC(Cn2ncnc2)CCC1)=O,MOSES sample,1295
N(C(=O)CNC(c1sccc1)=O)CCCN1CCOCC1,MOSES sample,1296
n1n(C2CN(C2)c2ncc(c(n2)C)C(C)=O)cc(c1)C,MOSES sample,1297
C(CNC(c1ccc2c(c1)n(cc2)C)=O)n1c2ccccc2nc1,MOSES sample,1298
N(Cc1ccc(cc1)C(=O)NCCC(O)C(C)(C)C)C(=O)C,MOSES sample,1299
C1(Cc2sc3ncn4nnnc4c3c2CC1)CCC,MOSES sample,1300
c1c(OCC(=O)NCCn2nc(cc2)-c2ccccn2)cccc1,MOSES sample,1301
CC(C)(C)OC(=O)NCCNC(=O)c1ccc2ncsc2c1,MOSES sample,1302
COC(=O)c1ccc(NC(=O)CSc2nc3ccccc3o2)cc1,MOSES sample,1303
C1CN(CCC1)C(=O)C1CN(C1)S(=O)(c1nc(n(C)c1)C)=O,MOSES sample,1304
c1(nc(-c2ccc3[nH]cc(c3c2)CC)no1)-c1nc[nH]n1,MOSES sample,1305
C(=O)(Nc1ccc(C(=O)OC)cc1)C(CC(=O)c1ccccc1)C,MOSES sample,1306
c1c2c(oc(cc2CC(=O)NCc2ncc[nH]2)=O)cc(c1Cl)C,MOSES sample,1307
N(C(Nc1c2OCOc2ccc1)=O)c1cccc(C#N)c1,MOSES sample,1308
C(C(c1c(C[nH]c(c1)C)=O)=O)Sc1n(cnn1)C,MOSES sample,1309
c1cc(cc(OC)c1C(=O)NCC(C)(C)c1ccncc1)SC,MOSES sample,1310
O(c1ccc(F)cc1)CC(NCc1c(onc1CC)CC)=O,MOSES sample,1311
c1cc(C(=O)NCCCOc2cccc3c2nccc3)ccc1,MOSES sample,1312
C(NC)(CCCN(C)C(=O)c1ccc(cc1)C(F)(F)F)=O,MOSES sample,1313
FC(F)(C(N)c1cc(c(Br)cc1)OC)F,MOSES sample,1314
c1cc(-c2cc(C(N3C(CCCC3C)C)=O)on2)ccc1,MOSES sample,1315
CC(C)CCNC(=O)CNc1cc(F)c(F)cc1F,MOSES sample,1316
c1cc2OCC(NS(c3cccs3)(=O)=O)c2cc1,MOSES sample,1317
Cc1c(onc1CC)NC(N1CCC(C(c2ccccc2)O)CC1)=O,MOSES sample,1318
C1CCOC1C(NC(CSc1nnc(n1N)C(F)(F)F)=O)C,MOSES sample,1319
n1c(c(=O)[nH]c2c1cc(cc2)C(N(C1CCCCC1)CC)=O)C,MOSES sample,1320
c1c(ccc(C)c1Cl)S(N(C)C(c1ccccn1)C#N)(=O)=O,MOSES sample,1321
n1c(-c2cccc(C)c2)noc1CCC(Nc1c(c(F)ccc1)C#N)=O,MOSES sample,1322
CCNC(c1c(C)nc(N)nc1C1c2c(cccc2)CCC1)=O,MOSES sample,1323
c1(C)oc(CNC(=O)CSc2ccc(C)cc2)cc1,MOSES sample,1324
c1ccnc2c(cccc12)OCC(=O)Nc1c(F)ccc(c1)F,MOSES sample,1325
CN1CC(C(N2CCN(CC2)Cc2ccccc2)=O)CC1=O,MOSES sample,1326
COc1cccc(C(=O)OCc2cc(=O)n3cccc(C)c3n2)c1F,MOSES sample,1327
c1ccccc1CNC(=O)COc1ccc(cc1N)OC,MOSES sample,1328
c1cnc(cn1)N1CCC2C(CCCO2)(C1)COCC,MOSES sample,1329
N(C1CCCN(C1)C(=O)OC(C)(C)C)(CC#C)CC#C,MOSES sample,1330
COC(=O)C1CC(O)CN1Cc1ccc(C(F)(F)F)c(F)c1,MOSES sample,1331
C1CC(CCO1)N1C(CC(C1)C(NCCc1[nH]c2c(n1)cccc2)=O)=O,MOSES sample,1332
CC(NC(=O)CN(CC)C(=O)CSc1ccc(c(c1)F)F)(C)C,MOSES sample,1333
C(CNC(=O)C(S(=O)(c1ccc(cc1)OC)=O)C)CC,MOSES sample,1334
CC(=O)c1c(C)[nH]c(C(=O)Nc2ccnc3ccnn23)c1C,MOSES sample,1335
O=C(c1ccncc1)N1CCC(c2cnccn2)CC1,MOSES sample,1336
c1(ccc(cc1)C(=O)OCC)NCC(c1ccccc1)O,MOSES sample,1337
O(C)c1cc(-c2nn3c(nnc3CCC)s2)cc(c1OC)N,MOSES sample,1338
C1(N(c2c(cccc2)CC)CC(C(=O)N2CCc3c2cccc3)C1)=O,MOSES sample,1339
C1OCCN(C1)C(c1ccc2c([nH]c([nH]2)=O)c1)C(C)C,MOSES sample,1340
c1(-c2c3c(CCN(S(=O)(C)=O)C3)on2)ccc(CC)cc1,MOSES sample,1341
O=C(c1ccc(cc1)S(=O)(=O)N(c1c(C)cccc1C)C)N,MOSES sample,1342
c1(n(C2CC2)nnn1)SCC(=O)NC(CC)C,MOSES sample,1343
NC(=O)c1cc(Cl)ccc1NCC(=O)NC1CC1,MOSES sample,1344
c1cccc(c1CNC(=O)c1c(ccc(C)c1)O)OC,MOSES sample,1345
c1c(ccc(c1F)NC(C)=O)NC(CCCn1ncnc1)=O,MOSES sample,1346
Cc1noc(C)c1CN1CCN(C(=O)C2CC2)CC1,MOSES sample,1347
N(C1CCCc2cn(nc12)CCOC)C(c1sccc1)=O,MOSES sample,1348
c1c(cccc1NC(=O)c1ccc(N(C)C)cc1)C#C,MOSES sample,1349
N#CC(CC(=O)NCCc1ccccc1)c1ccco1,MOSES sample,1350
c1cc(ccn1)C(C)NC(=O)c1c(ccc(-n2cccc2)c1)Cl,MOSES sample,1351
O=C(c1c(cccc1F)F)NC(Cc1ccc(cc1)Cl)CO,MOSES sample,1352
Oc1ccc(S(C(C(OC)=O)c2ccccc2)=O)cc1,MOSES sample,1353
C(C)Oc1cc(ccc1)NCC(=O)Nc1c(cccc1)C(C)=O,MOSES sample,1354
c1ccc(OCC(O)CNc2nccnc2C#N)c2c1cccc2,MOSES sample,1355
C(OCc1cccc(c1)CNC(c1ccc(=O)n(c1)C)=O)C,MOSES sample,1356
c1(nc(ccc1)C)Nc1nccnc1C1CN(C(=O)C)CCC1,MOSES sample,1357
Cc1cc(=O)[nH]c(-c2ccc(NC(=O)c3cc(C)n(C4CC4)c3C)cc2)n1,MOSES sample,1358
c12c(=O)n(C)c3c(c2cc(cc1)C)oc(N)c(C(C)=O)c3=O,MOSES sample,1359
C(c1ccnn1C)NC(=O)NCCOCC(C)C,MOSES sample,1360
C1OC(CC1)C(=O)NC(Cc1c2ccccc2[nH]c1)C(=O)OC,MOSES sample,1361
FC(CC(Oc1ccc(cc1)NC(=O)C1CC1)=O)(F)F,MOSES sample,1362
c1(CNC(NC(C)c2c(C)cccc2)=O)nc(C)ccc1,MOSES sample,1363
c1c(NCC(N2CCc3c2cccc3)=O)ccc(c1)C(=O)N,MOSES sample,1364
C1CC(c2ccccc2C1)NC(=O)c1cccc(OCC(N)=O)c1,MOSES sample,1365
CCOC(c1cccc(S(NCc2cocc2)(=O)=O)c1)=O,MOSES sample,1366
CCCc1nc(NCC2CCCO2)c(N)c(OCC)n1,MOSES sample,1367
C(NC(Cn1nccc1)C)(Nc1sc(nn1)-c1ccccc1)=O,MOSES sample,1368
C(COc1c(NCc2ccc(cc2)C(N)=O)cccc1)C,MOSES sample,1369
CCOC(=O)c1cc2c(=O)n(-c3ccc(C)cc3)ccn2n1,MOSES sample,1370
N(C(C)C(NC(C)CC)=O)C(=O)Nc1cc2c(n(C)c(=O)o2)cc1,MOSES sample,1371
COc1ccc(N2CC(C(=O)NCC(F)(F)F)CC2=O)cc1OC,MOSES sample,1372
OC(c1cnccc1)CCc1ccc(OC)c(c1)C,MOSES sample,1373
c12c(ccc(c2)N)OC(C(N1Cc1cc(ccc1)OC)=O)(CC)CC,MOSES sample,1374
Cc1ccc(Cc2nc3cc(N)ccc3[nH]2)cc1C,MOSES sample,1375
c1c2c(ccc1)oc(C(=O)NCc1nnc(n1C)C(C)C)c2,MOSES sample,1376
c1(C(NCC(Nc2c(cccc2)F)=O)=O)nccnc1,MOSES sample,1377
C1(CN(C1)S(=O)(=O)CCCC)C(=O)Nc1cc(nn1C)C,MOSES sample,1378
Cc1c(C(=O)Nc2nnc(C3CC3)s2)oc2c(C)cccc12,MOSES sample,1379
O=C(OCC(N1CCCCCC1)=O)c1cccn1C,MOSES sample,1380
c1c(ncc(C(=O)NC(c2occc2)C)c1)OCC(F)F,MOSES sample,1381
CCN(C(CSc1[nH]c2ccc(cc2n1)C)=O)CC,MOSES sample,1382
c1c(ccc(c1F)F)C(NC(=O)NCCNC(=O)OC(C)(C)C)C,MOSES sample,1383
c1cc(ccc1)C(=O)C(NC(=O)NCC(=O)OC)C,MOSES sample,1384
c1(onc(CC)n1)COc1ccc2c(COC2)c1,MOSES sample,1385
C(=Cc1ccccn1)c1cc(NC(=O)c2csnc2C)ccc1,MOSES sample,1386
c12c(CCN(C1)C(c1sccc1C)=O)c(ccc2)NC(C)=O,MOSES sample,1387
CC(Oc1ccccc1)C(=O)N1CCN(c2ncccn2)CC1,MOSES sample,1388
N#Cc1cc(-c2c(OC)cc(C)c(C)c2C)[nH]c1N,MOSES sample,1389
CCOC1CN(C(=O)Nc2cc(OC)ccc2F)CCC1,MOSES sample,1390
c1(OC)cc(nn1C)C(Nc1oc(nn1)-c1csc(C)n1)=O,MOSES sample,1391
COc1ccc(Cl)cc1NC(=O)CC(C#N)c1ccccn1,MOSES sample,1392
c12c(C(=O)N3CCC(Cc4nn(C)c(=O)n4CC)CC3)[nH]nc1CCC2,MOSES sample,1393
c1cc(c(c(F)c1)F)NCc1nc(cs1)C(F)(F)F,MOSES sample,1394
C(c1nc(c(C(=O)Nc2nc(cs2)C)cn1)N)C(C)C,MOSES sample,1395
c1ccnc(n1)-c1sc(C(=O)Nc2ccc3c(c2)COC3)c(C)n1,MOSES sample,1396
FC(Oc1c(scc1)C(N1CCN(C(C)=O)CC1)=O)F,MOSES sample,1397
C(OC)(c1cc(c(NCC(CC)(O)C)c(c1)F)F)=O,MOSES sample,1398
c1ccc(cc1NC(=O)Cc1nc2c(c([nH]1)=O)c1CCCc1s2)F,MOSES sample,1399
c1(cccc(C)c1)Cc1nn(c(c2ccccc21)=O)CC(=O)NC,MOSES sample,1400
s1c(nc2c1cc(N)cc2)-c1cc(cc(c1)O)F,MOSES sample,1401
O=C(Cn1nc(N2CCOCC2)ccc1=O)Nc1ccccc1O,MOSES sample,1402
C1(NC2(CCOCC2)c2c1cc(-c1cccnc1)cc2)=O,MOSES sample,1403
Cc1cc(CN(C)C(=O)NCCCc2c(C)noc2C)no1,MOSES sample,1404
c12cc(c(=O)[nH]c1cc(C)cc2C)CNc1cc(ccc1OC)OC,MOSES sample,1405
C1CN(CC(N2C(COCC2)C)=O)C(=O)N1Cc1ccccc1,MOSES sample,1406
C1C(C2CC2)N(CCO1)C(=O)c1cccc(c1F)F,MOSES sample,1407
S(=O)(c1cc(c(F)cc1)NC(=O)C(C)OCC)(N)=O,MOSES sample,1408
c1c2c(cc(CCN(Cc3ccc(C(=O)N(C)C)[nH]3)C)o2)ccc1,MOSES sample,1409
c1n(ncc1)Cc1ccc(cc1)CNC(=O)Nc1sc(nn1)CC,MOSES sample,1410
c1ccnc(COc2ccc(NC(=O)c3nn4c(C)ccnc4n3)cc2)c1,MOSES sample,1411
C1CC(CC(N2CCC3(C(=O)NC3)CC2)=O)(C)CC1,MOSES sample,1412
N(C(=O)c1cc(Cl)c(c(Cl)c1)OC)Cc1c(C)n[nH]c1,MOSES sample,1413
COc1ccc(SCC(=O)Nc2ncc(C)s2)cc1,MOSES sample,1414
Cn1cc(-c2cncn2C(c2c(OC)cccc2)C)cn1,MOSES sample,1415
c1(ccc(F)c(c1)C#N)S(N1c2ccccc2CC1)(=O)=O,MOSES sample,1416
c1(ccc(N2CCN(C(=O)OC(C)(C)C)CC2)cn1)C#N,MOSES sample,1417
C1(c2sccn2)CN(CCO1)Cc1cccc(c1Cl)Cl,MOSES sample,1418
[nH]1cc(c(n1)-c1ccc(Cl)cc1)CNc1c[nH]nc1,MOSES sample,1419
c1(Br)ccc(nc1)NC(c1nc(oc1C)CC)=O,MOSES sample,1420
C(Nc1cc(c(OC)cc1OC)F)(=O)C(C(C)C)NC(C)=O,MOSES sample,1421
CC(C(Nc1cc(NC(=O)c2ccnnc2)ccc1)=O)CC,MOSES sample,1422
C1CN(Cc2ccncc2)CCN1C(=O)C(Oc1c(C)cccc1C)C,MOSES sample,1423
CCS(=O)(N(C(c1cc(ccc1)NC(CC)=O)=O)C)=O,MOSES sample,1424
Nc1cccc(NC(=O)CSc2ncccn2)c1,MOSES sample,1425
COC(=O)c1ccccc1Cc1cc(C(F)(F)F)[nH]n1,MOSES sample,1426
n1c2n(c(cc1C(N1CCCCC1)=O)Nc1ccccc1)ncc2C#N,MOSES sample,1427
c1nn(C)c(C)c1-c1nn2c(nnc2s1)Cc1ccc(cc1)OC,MOSES sample,1428
c1ccc(CN(CCN2CCOCC2)Cc2nccs2)cc1,MOSES sample,1429
N#Cc1cc(F)c(N2CCN(C(=O)c3ccc(O)cc3)CC2)c(F)c1,MOSES sample,1430
o1c(C(Sc2nc(-c3cccs3)n[nH]2)C)nc(C)n1,MOSES sample,1431
c1c2c(ccc1C(N1CCC(NC(=O)c3occc3)CC1)=O)cccc2,MOSES sample,1432
C(NCC(O)(C(=O)OC)CCC)(c1cc(cc(C)c1)C)=O,MOSES sample,1433
COC(=O)C(C)n1cnc2c(cnn2-c2ccc(F)cc2)c1=O,MOSES sample,1434
C(N)(=O)CN1CCN(C(C2(c3cccs3)CCCCC2)=O)CC1,MOSES sample,1435
N(c1ccc(C)c2cn[nH]c12)C(c1sccc1)=O,MOSES sample,1436
c1c(C)n[nH]c1C(=O)NCCc1c2cccnc2n(c1)CC(C)C,MOSES sample,1437
O=S(=O)(c1c(n(nc1C)C(C(NCc1ccccc1)=O)C)C)N,MOSES sample,1438
CC(C)CCn1c(S(C)(=O)=O)nc2cc(Cl)ccc21,MOSES sample,1439
c12cc(C(N(CCO)C3CCCCC3)=O)oc2c2ccccc2o1,MOSES sample,1440
N1C(COC(=O)C(C)C)=C(C(OC)=O)C(C=1C)C(=O)N(CC)CC,MOSES sample,1441
CN(CCCCNC(=O)NC1CC1)c1ccccc1,MOSES sample,1442
c1c(CC(=O)OC2CCN(CC2)C(=O)OCC)c(cc(F)c1)F,MOSES sample,1443
Cc1cc(NC(=O)c2cnc(CCC)s2)no1,MOSES sample,1444
COc1ccc(C(=O)NCCNC(=O)c2ccccc2N)cc1,MOSES sample,1445
c1cc(COC(CNC)=O)cc(C(F)(F)F)c1OC,MOSES sample,1446
C1CCCCN1C(C(Oc1ccc(C(=O)OC)cc1)C)=O,MOSES sample,1447
CN(C(c1c2ncccn2nc1)=O)CC(=O)NC1CC1,MOSES sample,1448
C(=O)(Cc1ccc(cc1)OC)Nc1ccc2c(C(=O)NCCO2)c1,MOSES sample,1449
O1c2c(OCC1)cc(cc2)CN(C(=O)c1c([nH]nc(c1C)C)=O)C,MOSES sample,1450
c1c(cc(OC(F)F)cc1)CNC(c1c(non1)C)=O,MOSES sample,1451
O(c1c(c(ccc1)C)F)C(=O)c1cn(c(cc1)=O)C,MOSES sample,1452
c1c(OC)cc(c(c1)CN1c2c(cccc2CC1)N)OC,MOSES sample,1453
O=C(Nc1ccccc1C(OC)=O)c1ccc(NC(=O)C)cc1,MOSES sample,1454
Cc1noc(C(C)OC(=O)c2cc(Cl)ccc2Cl)n1,MOSES sample,1455
COC(=O)CN(Cc1nc(-c2ccc(F)cc2)oc1)C,MOSES sample,1456
C12CN(Cc3c(-c4ccco4)n[nH]c3)CC2CCC1O,MOSES sample,1457
c1(ccc(cc1)S(NCCC(=O)NCc1ccccc1)(=O)=O)C,MOSES sample,1458
c1c(c(OC)ccc1CN(C(c1c(F)ccc(c1)F)=O)C)OC,MOSES sample,1459
COC(=O)C1CCN(C(=O)c2cc(Cl)cc(Cl)c2)CC1,MOSES sample,1460
CC1CC(C)CN(C(=O)Nc2ccc(CN3CCOC3=O)cc2)C1,MOSES sample,1461
CC(Oc1c(C)cccc1)C(=O)NCc1scc(C(C)(C)C)n1,MOSES sample,1462
N(Cc1sc(C)cc1)(C)C(Cc1c(noc1CC)CC)=O,MOSES sample,1463
c1c(c(C(N2CCN(c3ccc(F)cc3)CC2)=O)ccc1)O,MOSES sample,1464
O=C(Nc1ccc(C)cn1)C1N(CCC1)C(c1cc(C)on1)=O,MOSES sample,1465
n1c(C)c(c(n1Cc1c(Cl)ccc2cccnc12)C)N,MOSES sample,1466
c1(C(=O)OC)sccc1NC(=O)Cc1c(Cl)cccc1F,MOSES sample,1467
Cc1c2c(ncnc2N2CC(C(N(C)C)=O)CCC2)sc1C,MOSES sample,1468
O=C1CC(NC(NCc2ncc(C)c(OC)c2C)=O)CN1C1CC1,MOSES sample,1469
c1cc(C(=O)Nc2nn(cc2)C)c(c(Cl)c1Cl)F,MOSES sample,1470
C1CN(S(=O)(c2ccccc2)=O)CCC1C(NC(CO)C)=O,MOSES sample,1471
C#CC=CC(Nc1c(cccc1)Br)=O,MOSES sample,1472
c1c(S(=O)(N(C)C)=O)ccc2c1CC(=O)N2Cc1cc(F)ccc1,MOSES sample,1473
c1c(CN(C(=O)CNC(=O)NCC2(C)CCC2)C)nccc1,MOSES sample,1474
O(C)c1ccc(cc1C)S(=O)(=O)N(C1CCC(C)CC1)C,MOSES sample,1475
C(S(=O)(=O)c1ccccc1)c1nnc(o1)-c1ccccc1C,MOSES sample,1476
C(C)(Nc1c2c(nc(n1)CC)c(C)nn2C)c1ccncc1,MOSES sample,1477
O=C(Cn1ccccc1=O)NCc1ccc(OCC(F)(F)F)cc1,MOSES sample,1478
COc1nc(N(CCCC(N)=O)C(C)(C)C)ccc1N,MOSES sample,1479
c1(C(NC)=O)ccc(NCc2oc(nn2)C(C)(C)C)cc1Cl,MOSES sample,1480
c1c(-n2nnc(C(=O)N3CCC(CC3)C)c2C)cccc1Cl,MOSES sample,1481
O=C(NCc1ccc(cc1)C(=O)OC(c1sccn1)C)C(C)C,MOSES sample,1482
Cc1cc(C)ccc1CCNC(=O)c1cc(ccc1)OCC(N)=O,MOSES sample,1483
C1CN(C(c2c(F)cccc2F)=O)CCN1c1ccc(F)cc1,MOSES sample,1484
c1(ccc(c(OC)c1)OCC(=O)N1C(C)CCCC1)C(=O)OCC,MOSES sample,1485
C(NCC1(CC1)c1c(cccc1)OC)(NCCC=CC)=O,MOSES sample,1486
CC(C)Oc1cc(Cl)c(NCC2CCCO2)cc1OC,MOSES sample,1487
O(c1c(N)cc(cc1)C(C(=O)OC)c1ccccc1)C,MOSES sample,1488
c12nc(n3nnnc3c1cc(-c1ccc(cc1)Cl)s2)C,MOSES sample,1489
c1(C2OCCN(Cc3ccc(OCCC#C)cc3)C2)ccccn1,MOSES sample,1490
c1c(cccc1C)-c1ncc(C(=O)NC(C)C)c(N)n1,MOSES sample,1491
n1(CC(=O)N2CCc3ccccc3C2)c2ccccc2nc1,MOSES sample,1492
C(Nc1c(C)cc(cc1)F)(=O)Cn1c(=O)c2c(nc1)cccc2,MOSES sample,1493
O=C(c1cccc(NC(CN(c2ccccc2)C)=O)c1C)NC,MOSES sample,1494
CCc1nn(C)cc1CNC(=O)c1cc2c(s1)CCCC2,MOSES sample,1495
c1(C#N)ccc(OC(C2CCN(CC2)C(N2CCCC2)=O)=O)cc1,MOSES sample,1496
c1(C(=O)OCC(=O)N2C(C)(C)CCC2)c(CC)ccs1,MOSES sample,1497
C(C(C)C)Sc1nnc(-c2ccc(cc2)OC)n1N,MOSES sample,1498
n1cc(cn1C)CN(S(=O)(c1cn(cn1)C(C)C)=O)C,MOSES sample,1499
c1cc(C(=O)c2cccc(c2)C(=O)N2CCOCC2)cc(c1F)F,MOSES sample,1500
C(NCc1ccco1)(NC(C)c1ccc(-n2ncnc2)cc1)=O,MOSES sample,1501
c1c(occ1)COCC(=O)Nc1cc(nn1Cc1ccccn1)C,MOSES sample,1502
CC(=O)Nc1ccc2c(c1)nc1n2CCN(Cc2ccncc2)C1,MOSES sample,1503
NC(=O)c1cccc(NC(=O)c2cccc(F)c2N)c1,MOSES sample,1504
C(COC)NC(=O)c1nc(-c2cc3ccccc3s2)no1,MOSES sample,1505
C(C(=O)OC)c1nn(CC(NC(C)CC)=O)nn1,MOSES sample,1506
Cc1cc(C(=O)NCC(=O)N2CCN(c3cnccn3)CC2)c(C)o1,MOSES sample,1507
C(N(C(=O)c1nn(c(NC(C2CC2)=O)c1)-c1ccccc1)C)C,MOSES sample,1508
c1(OCC(F)F)cccc(n1)C(=O)N(c1cc(ccc1)C)C,MOSES sample,1509
N#Cc1ccc(OCCNC(=O)c2cnc(C3CCCO3)s2)cc1,MOSES sample,1510
c1(cccc(c1)OCC(=O)NC1CCOCC1)Cl,MOSES sample,1511
Cc1ccc(C(=O)Nc2cc(NC(=O)c3ccco3)ccc2C)cn1,MOSES sample,1512
c1cc(n(cc1NCc1cc(C(F)(F)F)c(F)cc1)C)=O,MOSES sample,1513
C12(C#N)C(Sc3ncccn3)C3C(CC4(OC(=O)C1)C2(C)C=CC4)C3,MOSES sample,1514
C(C1CCCCN1c1cnc2c(n1)cccc2)NS(CC)(=O)=O,MOSES sample,1515
C(C)(C)(c1nnc(NC(N2CC(OCC2)C(=O)N)=O)s1)C,MOSES sample,1516
CCN(CC)C(=O)c1cccc(NCC(=O)NC(C)C)c1,MOSES sample,1517
CNc1ncccc1S(=O)(=O)NC(C)(C)CC(C)(C)C,MOSES sample,1518
c1c(cccc1)-c1ncc(c(o1)=O)C(=O)Nc1nnc(C)s1,MOSES sample,1519
n1(ncc(NCc2cn(C(C)(C)C)nc2)c1C)-c1c(cccc1)F,MOSES sample,1520
CC(C)C(c1ccco1)NC(=O)C(NC(c1ccccc1)=O)C(C)C,MOSES sample,1521
CC(C)Oc1cccc(-c2ncc(C(N)=O)c(N)n2)c1,MOSES sample,1522
COCCNc1nc(-c2cc(-c3cccnc3)oc2C2CC2)cs1,MOSES sample,1523
O=C(NCCc1cccs1)N1CCN(C(=O)c2ccoc2)CC1,MOSES sample,1524
CCCNC(=O)Nc1ccc(C(=O)N2CCCCC2C)cc1C,MOSES sample,1525
C(=O)(COc1cccc(c1)Br)N(CC1CC1)CC1CC1,MOSES sample,1526
C=CCOc1ccc(C(=O)Nc2nccs2)cc1Br,MOSES sample,1527
O=C(CCC1NCCc2c(Cl)cc(O)cc21)c1ccccc1,MOSES sample,1528
n12c(n(nc1cccc2)CCCNC(c1ccco1)=O)=O,MOSES sample,1529
n1(CC(Nc2c(c(ccc2)Cl)OC)=O)cnc2c(ccs2)c1=O,MOSES sample,1530
CCOC(=O)NCCC(=O)Nc1cnn(C(C)(C)C)c1,MOSES sample,1531
N(Cc1cccs1)C(CCCN1c2c(cccn2)OCC1=O)=O,MOSES sample,1532
CC(C(=O)NCC(c1ccc(OC)cc1)(C)C)OCC,MOSES sample,1533
Cc1ccc(C(C)NC(=O)c2ccccc2N)s1,MOSES sample,1534
c1c2cnn(c2ccc1)CC(Nc1ccc(F)c(c1F)F)=O,MOSES sample,1535
c1cc(C(C)NC(=O)NCC(N2CCCC2)=O)cc2c1cccc2,MOSES sample,1536
O=c1ccc(C2NCCc3c2c2c(cc3)OCO2)c[nH]1,MOSES sample,1537
C(Oc1cc(CC#N)ccc1OC)c1c(C)n(CC)nc1C,MOSES sample,1538
c1(cccc(NC(c2n[nH]cc2)=O)c1)CS(=O)(c1ccccc1)=O,MOSES sample,1539
n1c(cccc1)CCC(=O)Nc1cnc(SC(C)(C)C)cc1,MOSES sample,1540
FC(F)(F)c1c(C(=O)NCCC2=CCCCC2)cn(C)n1,MOSES sample,1541
c1(ccc(cc1)S(C)(=O)=O)C(C)NS(=O)(CCCC)=O,MOSES sample,1542
c1c(nc(NCc2cccc(c2)Cl)s1)C(OC)=O,MOSES sample,1543
O=C1NCCN1CCNc1cc(Cl)ccc1Cl,MOSES sample,1544
CC(=O)c1cnc(NCCc2ccccc2)nc1-c1ccccc1,MOSES sample,1545
Cc1ccc(-c2cc(-c3cnccn3)c(C#N)c(N)n2)cc1C,MOSES sample,1546
CCN(CC)C(=O)c1cccc(NC(=O)NCc2ccnn2C)c1,MOSES sample,1547
c1c(c(NCc2oc(-c3ccc(cc3)F)nn2)c(cc1)C)C(C)C,MOSES sample,1548
CSc1nnc(N)n1CC(=O)Nc1nc2ccccc2s1,MOSES sample,1549
c1(O)ccc(cc1)-n1c(SCc2ccc(F)cc2)nnn1,MOSES sample,1550
Cc1cccc(NC(=O)C2CC2C)c1C(=O)N1CCCC1,MOSES sample,1551
c1cc(cc(O)c1)CN(C)C(=O)Nc1ccc(Cn2cccn2)cc1,MOSES sample,1552
c12c(c(nc(=O)[nH]1)SCCCCCC)scc2,MOSES sample,1553
COc1ccc(OCC(=O)NCCc2ccc(F)cc2F)cc1,MOSES sample,1554
C1N(C(=O)CNc2c(cc(cc2)F)C)CCOC1,MOSES sample,1555
c1(cc(C(OCc2ccc(cc2)C(OC)=O)=O)ccn1)F,MOSES sample,1556
N1(c2ccc(cn2)Cl)CCN(CC1)C(=O)CCC1CCCC1,MOSES sample,1557
c1cc(c(C)c(c1C)NC(=O)Cn1nc(nn1)-c1occc1)Cl,MOSES sample,1558
O=C1NCC(C(=O)Nc2ccc(-c3nc(C4CC4)n[nH]3)cc2)N1,MOSES sample,1559
C(OCc1noc(c1)-c1c(F)cccc1)(c1c2c(nccc2)[nH]c1)=O,MOSES sample,1560
C(N(C1CC1)C(=O)c1cc2cnn(c2nc1)C(C)C)(c1ccco1)C,MOSES sample,1561
c1ccc(CCC(O)(C)C)cc1C(=O)N(CCC(F)(F)F)C,MOSES sample,1562
c1c(N2C(N(CC(=O)NC3CCOCC3)CC2)=O)ccc(c1)F,MOSES sample,1563
c1c(Cl)c(ccc1NCc1cncnc1)Cl,MOSES sample,1564
C(c1ccn(C)n1)(=O)Nc1c(=O)c(c[nH]c1)Br,MOSES sample,1565
c1([nH]c(SCC(N2CCN(c3nccc(OC)n3)CC2)=O)nn1)N,MOSES sample,1566
o1c(cc(C)n1)NC(c1ccc(cc1)NC(c1sc(cc1)C)=O)=O,MOSES sample,1567
N(S(=O)(c1ccc(c(c1C)C)OC)=O)CCn1ccc(n1)C,MOSES sample,1568
Cc1sc2nc(COC(=O)c3ccccn3)nc(N)c2c1C,MOSES sample,1569
C(C#N)CSc1ccccc1NC(Cc1ccc(F)c(c1)F)=O,MOSES sample,1570
C(=O)(Nc1cc(ns1)C)c1csc2ccccc21,MOSES sample,1571
COc1ccccc1C(Nc1ccn(Cc2cccnc2)n1)C(C)C,MOSES sample,1572
CNS(=O)(=O)c1cccc(C(=O)N(C(C)C)C2CCC2)c1,MOSES sample,1573
C1(=O)NC2(Nc3ccccc31)CCN(C(=O)c1ccccc1OC)CC2,MOSES sample,1574
CC(C)CN1C(=O)CCc2cc(NS(=O)(=O)C(C)C)ccc21,MOSES sample,1575
Nc1ccc2oc(=O)n(CCCCOc3ccc(F)cc3)c2c1,MOSES sample,1576
c1(N(C)C(CC)=O)ccc(cc1)NCc1cn(-c2ccccc2)nc1,MOSES sample,1577
O=S(C)(N1CC2(CC1)C(N(CCC2)CCn1cccn1)=O)=O,MOSES sample,1578
CCc1cc(=O)[nH]c(CSc2ncc(C#N)c(N)n2)n1,MOSES sample,1579
CNC(=O)C(C)NC(=O)C(C)NC(=O)OC(C)(C)C,MOSES sample,1580
c1nc(NCc2nn(C)cn2)c(c(-n2cncn2)n1)N,MOSES sample,1581
c1ccc(cc1)OCC(=O)Nc1ccc(C(F)(F)F)cc1N,MOSES sample,1582
Cc1cccc(C(=O)Nc2ccc(OCc3cccnc3)c(Cl)c2)n1,MOSES sample,1583
c12C(N(C(CN=C2C)=O)CCC)c2c(c3c(o2)cccc3)CC1,MOSES sample,1584
C(N1CCC2(COCCN(C2)c2cccnc2)CC1)(c1oncc1)=O,MOSES sample,1585
Cn1ncc2c(N3C(CCC3)c3ccccn3)nc(C3CCCC3)nc12,MOSES sample,1586
C(NC(NC(c1nncn1C)C)=O)c1ccc(C#N)cc1,MOSES sample,1587
s1c(nnc1NC(Nc1cc(C#N)c(cc1)F)=O)CCC,MOSES sample,1588
c1sc(c(NC(=O)c2c(OC)cccc2)c1)C(OC)=O,MOSES sample,1589
N1(c2ncc(cn2)CC)CCC(CC1)Oc1c(OC)cccc1,MOSES sample,1590
CSc1ncc(C(=O)NC2CCCC2)n1-c1ccc(F)cc1,MOSES sample,1591
C1n2c(nc3c2ccc(c3)C(NCc2cccc(OC)c2)=O)CCCC1,MOSES sample,1592
CC(CCO)CNC(=O)C(N)c1ccc(O)cc1F,MOSES sample,1593
c12nc[nH]c1ccc(C(=O)NCC(C)N1CCOCC1)c2,MOSES sample,1594
O=C1CN(C(=O)CNC(=O)C2CCCCC2)c2ccccc2N1,MOSES sample,1595
S(Cc1ncc(CC)cc1)c1nnc(-c2ccccn2)n1N,MOSES sample,1596
CCSc1nc(C)cc(C(=O)Nc2ccc(F)cc2F)n1,MOSES sample,1597
COc1c(C)c(C)c(C)cc1-c1cnn(C)c(=O)c1C#N,MOSES sample,1598
O=c1nc(NCc2ccccn2)ccn1C1OC(CO)C(O)C1O,MOSES sample,1599
O=C(NCC12CC3CC(CC(C3)C1)C2)c1c[nH]c2ncccc12,MOSES sample,1600
CCc1ccccc1NC(=O)CCNC(=O)C1C(C1)C,MOSES sample,1601
[nH]1ncc2cc(ccc21)NS(=O)(c1ccc(NC(C)=O)cc1)=O,MOSES sample,1602
c1cccc(CCCc2nc(NC(=O)c3cn(C)nc3C)[nH]n2)c1,MOSES sample,1603
CC(=O)Nc1cc(NC(=O)NC(C)CCCO)ccc1F,MOSES sample,1604
c12OCCOc1c(OC)cc(c2)C(NC1CCCCCC1)=O,MOSES sample,1605
C1CN(CCC1C)C(c1c(ccc(N)c1)Cl)=O,MOSES sample,1606
c1(C(=O)Nc2ccc(S(=O)(=O)NCCC)cc2)cccs1,MOSES sample,1607
Fc1c(F)c(c(cc1F)NC(c1cnn2c1nccc2)=O)F,MOSES sample,1608
c1(OC)ccc(NC(=O)N(Cc2ccccc2)CCO)cn1,MOSES sample,1609
COc1cccc(C(N(CC)C2CCCC2)=O)c1F,MOSES sample,1610
CCOC(=O)C(N)Cc1ccc(N(C)C)c(F)c1,MOSES sample,1611
N(c1scc(n1)-c1n(c(nn1)SCC(N)=O)C1CC1)(C)C,MOSES sample,1612
n1nc(n2nc(-c3cc(nc(n3)C(C)C)N(C)C)sc12)C(F)F,MOSES sample,1613
c1(CNC(=O)c2c(F)cccc2)cc2OCOc2cc1,MOSES sample,1614
CC(NC(=O)C(C)OC(=O)c1ccc(O)cc1O)c1ccccc1,MOSES sample,1615
n1c(C)c(c2nc(cc(C)n12)C)C(=O)OC(C(NCC=C)=O)C,MOSES sample,1616
c1c(Cl)ccc(n1)N(C(=O)c1c(ncs1)C1CC1)C,MOSES sample,1617
COC(=O)c1[nH]c(C)c(CCOC(=O)c2cc(Cl)c[nH]2)c1C,MOSES sample,1618
C(C)(n1c(scc1C)=O)C(=O)NCc1c(cccc1)Cl,MOSES sample,1619
c1ccc(cc1C(=O)NCc1ccc(c(c1)Cl)Cl)NC(N)=O,MOSES sample,1620
Cn1c(C(=O)NCCN2CCOCC2)cc2oc3ccccc3c21,MOSES sample,1621
O=c1[nH]cnc2ccc(-c3csc4ccccc34)cc12,MOSES sample,1622
O=C(NCCn1nnc2ccccc21)Nc1ccc(F)cc1,MOSES sample,1623
O=C(NC(C(N1CCOCC1)=O)C)c1c(=O)n(c(cc1)C)C,MOSES sample,1624
O=C(CCc1cccc(F)c1)N1CCC(S(=O)(=O)NC2CC2)C1,MOSES sample,1625
CC(C)(OC(=O)NC(C)(C)C(=O)N1CCN(C(=O)C)CC1)C,MOSES sample,1626
C(NCCNc1cc(nc(C(C)C)n1)C)(c1scnc1C)=O,MOSES sample,1627
c1c(nnc(c1)-n1ncnc1)N1CCC(C(=O)Nc2ccccc2)CC1,MOSES sample,1628
O=C(CSc1nccc(-c2ccccc2)n1)NC1CCOCC1,MOSES sample,1629
C(=O)(C(c1ccccc1)(N)CC)NCC1CCCCC1,MOSES sample,1630
N#CCCn1nc(-c2cccc(F)c2)c2c1CCCC2=O,MOSES sample,1631
c1(CCNC(=O)c2ccc(cc2)-c2nc([nH]n2)C)cc(OC)ccc1,MOSES sample,1632
Cc1ccc(C)c(C(=O)Nc2c(C)cc(Br)cc2C)c1N,MOSES sample,1633
O(c1ccc(cc1)CN(C(CNc1ccccc1C(=O)C)=O)C)C,MOSES sample,1634
O=C(c1c(c(C)nn1CC)Br)N(Cc1cn(nc1)C)C,MOSES sample,1635
c1(F)ccc(cc1C)C(N1C2CCCC2OCC1)=O,MOSES sample,1636
CN(CCN1CCOCC1)C(=O)CCn1cnc2ccccc21,MOSES sample,1637
c12CCN(C(c3cnccn3)=O)CCc2ncnc1CC,MOSES sample,1638
CCCCNC(c1cc([nH]c2ccccc12)=O)=O,MOSES sample,1639
c12c(cc(S(=O)(N3CC(CCC3)C)=O)cc2)N(C(=O)C)CCO1,MOSES sample,1640
c1ccn(c1C(OCC1OCCCC1)=O)C1CC1,MOSES sample,1641
c1c(Cl)ccnc1C(=O)N(C(c1cccc(c1)O)C)C,MOSES sample,1642
n1c(C(OC)(C)C)noc1-c1cccn1Cc1ccc(cc1)F,MOSES sample,1643
c1c2[nH]c(nc2ccc1C#N)Nc1c(C)ccc(c1)N,MOSES sample,1644
c1c(c(CCC(=O)NC(CO)C)cc(c1)Br)F,MOSES sample,1645
c1c(c(F)ccc1NC(NCc1ccccn1)=O)C(F)(F)F,MOSES sample,1646
c1(C(F)(F)F)nc(N)c(cc1)C(OCCOC)=O,MOSES sample,1647
c1c(c(C)oc1C)C(=O)OC(C)c1nc(no1)-c1ncc(cc1)C#N,MOSES sample,1648
Cc1cc(C(=O)Nc2c(C)nn(-c3ccccc3)c2C)n(C(C)C)n1,MOSES sample,1649
c1c(C(OC)=O)ccc(c1)S(NC(C)C(=O)NC1CC1)(=O)=O,MOSES sample,1650
O=C1CC(C(=O)N2CCc3ccccc3C2)CN1C1CC1,MOSES sample,1651
c1c(C#N)ccc(c1)OC(C(Nc1ccc(cc1)C(=O)OC)=O)C,MOSES sample,1652
c1ccc(CNS(=O)(c2ccc(cc2)C(=O)NC(C)(C)C)=O)cc1,MOSES sample,1653
n1c(nn(n1)CC(=O)NCC(=O)NC(C)C)-c1c(F)cccc1,MOSES sample,1654
C(CC1(Cn2c(nnn2)C)CCCCC1)(=O)Nc1ccc(cc1)F,MOSES sample,1655
C(NC(Cc1c(=O)oc2c(ccc(c2)O)c1C)=O)C1OCCC1,MOSES sample,1656
c1cc(ccc1NC(c1ccc(cc1)F)=O)NCc1ccncc1,MOSES sample,1657
c1(C(N2CCc3c(cccc32)CNC(=O)C(C)C)=O)cc(ccc1)F,MOSES sample,1658
c1(OCC#N)cccc(c1)CC(N1C(C)c2n(ccc2)CC1)=O,MOSES sample,1659
N(C(C1(c2ccccc2)C(C1)(Cl)Cl)=O)CC1COCCO1,MOSES sample,1660
CCc1onc(C)c1NC(=O)C1CC(=O)N(CC(F)(F)F)C1,MOSES sample,1661
O=C(CCc1ccsc1)Nc1ccc(Oc2cccnc2)nc1,MOSES sample,1662
CN1CC(Sc2ccc(Br)cc2)CC1=O,MOSES sample,1663
c1(-n2cc(S(NCc3ccc(o3)C)(=O)=O)cn2)ccccc1,MOSES sample,1664
COc1cccc(C(=O)Nc2cn(nc2C)C)c1F,MOSES sample,1665
c1(C)cccc2c1oc(c2)C(NCc1n(cnn1)C1CC1)=O,MOSES sample,1666
NC(c1ccc(cc1)CSc1nnc(Oc2ccccc2)s1)=O,MOSES sample,1667
c1(cccc(c1)NCc1cc(c(cc1)O)Cl)C#N,MOSES sample,1668
c1ccc(c(c1)C(=O)NCc1cc(ncc1)OC)OC,MOSES sample,1669
c12cccc(c1N(CC(=O)NC1CCCC1)CC2)N,MOSES sample,1670
O=S(=O)(NC1CC1)c1cc(Br)cnc1N,MOSES sample,1671
c1c(F)cc2NC(=O)CC(C(=O)Nc3cc(OC)ccn3)c2c1,MOSES sample,1672
C(NC1CCCC1)(CNC(NCc1cc(-n2cncn2)ncc1)=O)=O,MOSES sample,1673
O=S(=O)(c1c2ncsc2ccc1)N1CCC(CC1)C,MOSES sample,1674
O1C2C(CC1CC2)C(=O)N(C)Cc1nc(C)sc1,MOSES sample,1675
Cc1cccc(Nc2nc(C)c(C)c3n[nH]c(=O)c23)c1,MOSES sample,1676
n1c(cncc1)C(=O)NC(C(C)C)c1cc(=O)[nH]c(n1)C,MOSES sample,1677
c1(nc(-c2ccccc2)cs1)NC(CSc1nc(N)ncn1)=O,MOSES sample,1678
c1ccc(C(F)(F)F)nc1Nc1c(cc(N)cc1)N,MOSES sample,1679
c1cc(oc1)C(N(C)C)CNC(C)c1occc1,MOSES sample,1680
c12n(c(n(c(=O)c2n(C)c(SC)n1)C)=O)CC,MOSES sample,1681
CNC(=O)Nc1ccc(NC(=O)Cc2ccc[nH]2)cc1,MOSES sample,1682
c1c(ccc(OC)c1)CCC(=O)Nc1ccc(CC(=O)N)cc1,MOSES sample,1683
O(C)c1ccc(cc1)CCNC(NC(C(=O)N)c1ccccc1)=O,MOSES sample,1684
CCCCCNS(=O)(=O)c1cnc2c(Cl)c(C)nn2c1,MOSES sample,1685
Fc1ccc(c(c1)S(=O)(N1CCCC(C)CC1)=O)OC,MOSES sample,1686
CC1=NC2(CCC3CN(C(=O)NC4CCCC4)CC32)C(=O)N1C,MOSES sample,1687
c1cc(c(N)cc1-c1[nH]c2ccccc2n1)OC(C)C,MOSES sample,1688
C1(CCCCC1)Nc1nc(nc2c1CCC2)-c1cnccc1,MOSES sample,1689
CC(C)(CNC(=O)NCCc1nc2ccccc2s1)c1ccncc1,MOSES sample,1690
Cc1cc(NC(=O)CCc2ccc3c(c2)OCO3)no1,MOSES sample,1691
Cc1ccc(Cn2cc(ccc2=O)-c2onc(CC)n2)cc1,MOSES sample,1692
n1cc(sc1NC(c1cccc(CCC(C)(C)O)c1)=O)CC,MOSES sample,1693
CC(C)CCc1nc(CS(=O)(=O)c2nccn2C)cs1,MOSES sample,1694
c1c(ccc(c1)CCNC(C1(CC1)c1ccc(F)cc1)=O)-n1cccn1,MOSES sample,1695
C1C(OCC1)C(NC(=O)Nc1cccc2c1cccc2)C,MOSES sample,1696
O=C(NCCc1c(cccc1F)F)c1cc(C)on1,MOSES sample,1697
C(C(C)=O)(C)Oc1ccc(C(NC2CCCC2)=O)cc1,MOSES sample,1698
c1c(CNC(=O)c2cc(Cl)c(cc2)O)cccc1,MOSES sample,1699
COC(=O)Cn1ccnc1-c1cc(F)c(F)c(F)c1,MOSES sample,1700
Cn1cc(NC(=O)CNC(=O)CC(C)(C)C)c(cc1=O)C,MOSES sample,1701
S(c1ccc(c(c1)NC(C)=O)C)(=O)(Oc1ccc(F)cc1)=O,MOSES sample,1702
O=C(CO)N1CCN(C(=O)COc2ccccc2-c2ccccc2)C1,MOSES sample,1703
c1cccc(CNCc2cnc(-n3nccc3)cc2)c1,MOSES sample,1704
O=C(c1cc2occc2[nH]1)N1CC=C(c2c[nH]c3ccccc23)CC1,MOSES sample,1705
CC(C)(C)OC(=O)N(Cc1cccc(F)c1)C(C(N)=O)C1CC1,MOSES sample,1706
C(c1ccc(c(F)c1)OC)(C)NC(c1cccc(C#N)c1)=O,MOSES sample,1707
O=C1Nc2c(SC1)ccc(c2)NCc1cc(OC)c(cc1)OCC,MOSES sample,1708
n1n(C)cc(CNC(=O)N(C)CCOc2ccccc2F)c1,MOSES sample,1709
COc1ccc(S(=O)(=O)c2c(Br)cc(F)cn2)cc1,MOSES sample,1710
c1(c[nH]c(n1)C(C)C)C(=O)N1CCN(CC1)c1ccccc1F,MOSES sample,1711
Clc1ccccc1-c1oc(nn1)Cn1cccc(c1=O)C(F)(F)F,MOSES sample,1712
n12c(c3c(nc1N)c(ccc3)N=C2N)NCCCOC,MOSES sample,1713
n1c(cn[nH]1)SCCNC(=O)C1(CCOCC1)c1c(F)cccc1,MOSES sample,1714
COc1c(C(=O)N2CC(C)OCC2C)ccc(c1)OC,MOSES sample,1715
C1N(CC1F)C(c1nc(c2c(c1)cccc2)Oc1ccccc1)=O,MOSES sample,1716
NC(CCn1nc(n(c1=O)-c1c(cc(Cl)cc1)Cl)C)=O,MOSES sample,1717
Cc1csc(SCC(=O)N(C)CCC#N)n1,MOSES sample,1718
N(c1cc(C#C)ccc1)CC(=O)Nc1c(cccc1C)C(C)C,MOSES sample,1719
N(C(CC)c1nc(cs1)C)C(N(C)CC(F)F)=O,MOSES sample,1720
c1(cc2OCOc2cc1)-c1nnn(-c2c(cccc2)C)c1N,MOSES sample,1721
c1c(ccc(c1)C(N)=O)OCC(NC(c1ccccc1)C(C)(C)C)=O,MOSES sample,1722
c1csc(-c2nn(CC(=O)Nc3ccccc3C#N)nn2)c1,MOSES sample,1723
O=C(NCCS(=O)(=O)c1ccccc1)c1ccoc1,MOSES sample,1724
Cc1csc(=O)n1CC(=O)NCCCSc1ccccc1,MOSES sample,1725
CCOC(=O)c1ccn(CSc2ccccc2N)n1,MOSES sample,1726
c1c(C)c(cc2c(=O)c(-c3onc(c3)C)coc12)Cl,MOSES sample,1727
c1ccc(O)cc1CNC(Nc1cc2oc(nc2cc1)C)=O,MOSES sample,1728
C(N(C)C(=O)NCc1ccnc(c1)OC(C)(C)C)COC,MOSES sample,1729
C1(CCCN(C(=O)c2cccc(C(=O)NCCC)c2)C1)C(NCC)=O,MOSES sample,1730
CC1(C(=O)NCCOc2cccnc2)Cc2ccccc2C(=O)O1,MOSES sample,1731
O(C)C(=O)c1cc(CNC(=O)c2ccccc2N2CCCC2)oc1C,MOSES sample,1732
c1(-n2c(-c3c(C)nc4n3cccc4)nc(C(C)C)n2)ncccc1,MOSES sample,1733
c12onc(c2cc(cc1)Cl)CC(=O)Nc1cnccc1,MOSES sample,1734
C(c1ccccc1)(N)c1cnc2c([nH]c([nH]c2c1)=O)=O,MOSES sample,1735
O=c1nc2ccccn2cc1C(Nc1c(F)cc(cc1)F)=O,MOSES sample,1736
C(C=C)NC(=O)c1ccc(NC(=O)C(NS(C)(=O)=O)C)cc1,MOSES sample,1737
C(c1noc(-c2ccoc2)n1)Nc1c(cc(cc1)C)OCC,MOSES sample,1738
N(C)(CCC#N)C(=O)c1c(cccc1)CCc1ccccc1,MOSES sample,1739
c1c(n(nc1C)C(c1ccc(cc1)OCCCC)=O)C,MOSES sample,1740
CCCCn1nc(C(=O)Nc2cccc(OC)c2)ccc1=O,MOSES sample,1741
O(C(C)=O)c1cc2occ(c2cc1)-c1cnccc1,MOSES sample,1742
COc1ccc(NC(=O)Nc2ccn(CC(F)F)n2)cn1,MOSES sample,1743
n1c(NC(=O)Cc2c(sc(n2)C)C)sc(n1)C(C)C,MOSES sample,1744
c1c(C)sc(c1C(=O)c1cc(C(OC)=O)n(c1)CC#N)C,MOSES sample,1745
c1(c(cccc1)COC)CNC(=O)c1c(cncc1)F,MOSES sample,1746
c1(n(ncc1-c1nc(ncc1)N)C(C)(C)C)C(F)(F)F,MOSES sample,1747
C#CCOc1cc(F)ccc1NC(=O)NC(CC)c1c(C)noc1C,MOSES sample,1748
Fc1c(c(OC)c(cc1C(N1CCN(CC1)CC1CC1)=O)F)F,MOSES sample,1749
C1N(Cc2cccc(OC(C#N)C)c2)CC(OC1)c1cn(nc1)C,MOSES sample,1750
o1c(C(NCC)=O)nc(COc2ccc(F)cc2Cl)n1,MOSES sample,1751
Cn1nc(C(F)(F)F)c(Cl)c1C(=O)Nc1cc(F)cc(F)c1,MOSES sample,1752
COc1c(OC)cc(CN(C)CC(F)(F)F)cc1Br,MOSES sample,1753
N#CC1CCN(CCOc2cccc(Cl)c2)CC1,MOSES sample,1754
c1(NC(=O)N2C(CCC2)C(=O)NC2CC2)ccccc1OCC,MOSES sample,1755
C(=O)(NCc1nc2c(cccc2)[nH]1)c1cc(ccc1OC)F,MOSES sample,1756
C(c1ccc(C)nc1)c1onc(-c2ccccn2)n1,MOSES sample,1757
n1ccn(C(F)F)c1CN(C(Nc1sc(C)cc1)=O)C,MOSES sample,1758
c12c(nccc1)cccc2N(C)C(c1nc(ccc1)OCC(F)F)=O,MOSES sample,1759
CC(Sc1ccccc1Cl)C(=O)NC(C)(C)C(N)=O,MOSES sample,1760
c1(cc(ccc1OC)CCc1sc(CO)c(n1)C)OC,MOSES sample,1761
C1N(C(Cn2c3ccccc3oc2=O)=O)C(Cc2ccccc21)C(N)=O,MOSES sample,1762
C(C)(c1ccc(cc1)N1C(CCCC1C(OC)=O)=O)C,MOSES sample,1763
COc1ccc(S(=O)(=O)Oc2ccc3c(c2)OCO3)cc1F,MOSES sample,1764
N1(c2c(ccc(c2)N2CCOCC2)CCC1)S(=O)(=O)C,MOSES sample,1765
O=C(NCCC(O)C1CCCC1)c1cccc(-c2ccoc2)c1,MOSES sample,1766
c1c(C)sc(NC(=O)CNc2c(cccc2C)C(C)C)n1,MOSES sample,1767
C(C(C)NC(=O)N1C(c2nc(C)cs2)CCC1)OC,MOSES sample,1768
c1csc(c1)CNC(C(Sc1ccc(cn1)C)C)=O,MOSES sample,1769
CC(=O)c1ccc(NC(=O)NCCNS(C)(=O)=O)cc1C,MOSES sample,1770
Cc1cc(C)cc(C(=O)Nc2cc(N3CCCC3)ncn2)c1,MOSES sample,1771
N(C(COC)C)C(c1c(N)c(ns1)-c1ccccn1)=O,MOSES sample,1772
C(NC(=O)c1cc(-c2ccc(cc2)Cl)no1)C(=O)OC,MOSES sample,1773
N(Cc1ccco1)C(=O)NCC(=O)NCc1ccccn1,MOSES sample,1774
O=S(N(c1ccc(OC)cc1)CC(NCCC)=O)(=O)C,MOSES sample,1775
C=CCN(Cc1cccnc1)C(=O)c1cnc(C2CC2)nc1,MOSES sample,1776
Cc1nc(SCC(=O)N(CC)CC)nc(c1C)C,MOSES sample,1777
o1nc(nc1C(NC(c1ccc2OCOc2c1)=O)c1ccccc1)C,MOSES sample,1778
O=C(c1cc(C2CC2)nn1C)Nc1nc2c(cccc2)s1,MOSES sample,1779
c1(CCC)nc(N2CCOCC2)c(C#N)c(C)c1C,MOSES sample,1780
o1c(C)cc(c1C)-c1oc(NC(c2n(nc(C)c2)CC)=O)nn1,MOSES sample,1781
c1(ncccc1)CCNC(c1c2OCCCn2nc1)=O,MOSES sample,1782
C(=O)(c1cc(C)ccc1)NCCC(NCc1occc1)=O,MOSES sample,1783
N1C(CCc2cc(ccc21)NC(=O)c1ccc(cc1)Br)=O,MOSES sample,1784
c1c(c(-c2[nH]c3CC(CnC=C)CC(=O)c3n2)cc(c1)Cl)OC,MOSES sample,1785
c1(c(F)cc(cc1)C(=O)Nc1cc(c(cc1)OC)F)-n1cccn1,MOSES sample,1786
C1CC(C#N)(C(NCc2cc(OC)ccc2)=O)CC1,MOSES sample,1787
C1OCCN(C(=O)CCCOc2c(C)cc(C)cc2)C1C1CC1,MOSES sample,1788
COc1ccccc1C1CN(c2ccc(C#N)cn2)CCO1,MOSES sample,1789
c1c(C)c(C(NCCc2oc(cc2)C)=O)cc(F)c1,MOSES sample,1790
C1CCCN(C(=O)COC(c2c(oc3nc[nH]c(c23)=O)C)=O)CC1,MOSES sample,1791
n1c(cccc1F)N1CCN(CC(=O)N2C(CCCC2C)C)CC1,MOSES sample,1792
c1c(Cl)ccc(NC(=O)N2CCC3(CC2)CCNC(=O)CC3)c1,MOSES sample,1793
O=S(=O)(c1cc(C)ccc1C)Nc1ccc(cc1)CNC(N)=O,MOSES sample,1794
N(c1nccc(C2CCCC2)n1)(Cc1nncn1C(C)C)C,MOSES sample,1795
C(CCC(=O)Nc1c(O)cccc1)n1nc(cc1)C,MOSES sample,1796
C(=O)(N1CCn2c(nn(C)c2=O)C1)Nc1ccc(C(F)(F)F)cc1,MOSES sample,1797
CC(C)C(=O)NCCNC(=O)c1cccc2nscc12,MOSES sample,1798
n1n(C)c(C)c(C(NS(=O)(=O)c2sccc2)C)c1C,MOSES sample,1799
C(=O)(c1ncoc1-c1sccc1)NCC(Nc1ccc(F)cc1)=O,MOSES sample,1800
N(c1cc(ccc1)NC(N(C)C(C)c1ccncc1)=O)C(C)=O,MOSES sample,1801
COc1cccc(CNC(=O)c2ccc(-c3nc(C)no3)cc2)c1,MOSES sample,1802
C1(OCC2CCCCN2C1)CNC(NCC(C)c1ccsc1)=O,MOSES sample,1803
C(c1c(OCC)nccc1)NC(NC(C)CC)=O,MOSES sample,1804
Cc1cnc(CNc2ccc(S(=O)(=O)N(C)C)cc2)o1,MOSES sample,1805
c1(N)c(ccc(c1)Cl)NC(c1ccc(cc1)C)=O,MOSES sample,1806
c1ccc2c(CC(C(=O)NCC(NCCc3ccco3)=O)OC2=O)c1,MOSES sample,1807
CCC(NC(=O)c1ccc(F)c(c1)NC(C)=O)CO,MOSES sample,1808
c1c(F)ccc(C(=O)NCC(=O)C(C#N)c2n(C)c3ccccc3n2)c1,MOSES sample,1809
c1(ccccc1Br)C#CCNC(=O)c1cn(nc1)CC,MOSES sample,1810
c1(NC(=O)N2CCOCC2)ccc(OC2CCCC2)cc1,MOSES sample,1811
C(=O)(C1CCCN(C1)c1cnn(-c2ccc(cc2)F)c(=O)c1Cl)N,MOSES sample,1812
c1c(C#N)c(n(CCCOc2ccccc2)n1)C#N,MOSES sample,1813
N#Cc1c(F)cccc1NCc1cccc(C#N)c1,MOSES sample,1814
CC(OC1CCCN(C(=O)OC(C)(C)C)CC1)n1ccnc1,MOSES sample,1815
C1CN(C(C2NC(CC2)=O)=O)C(C)Cc2ccccc21,MOSES sample,1816
c1c(C(C)(C)O)n(c2ccccc2c1=O)CC(N1CCCCC1)=O,MOSES sample,1817
CCn1c(C2CCN(C(=O)C3CCOC3)CC2)nc2cccnc21,MOSES sample,1818
CN(C(=O)c1ccc(Cl)c(Cl)c1)C1CCCCC1O,MOSES sample,1819
COC(=O)CCC(O)c1ccc2c(c1)ncn2C1CC1,MOSES sample,1820
C(=O)(N1c2ccccc2CCC1)Cn1c(c(c(cc1C)C)C#N)=O,MOSES sample,1821
CCCNC(=O)N1CCN(CC(=O)NC2CC2)CC1,MOSES sample,1822
C1CCC(CN(C(=O)NCc2cc(ccc2)OCC(=O)NC)C)O1,MOSES sample,1823
C(CNC(CCn1cnc2c(c1=O)c(C)c(C)s2)=O)C,MOSES sample,1824
c1(c(C(N2CCOCC2)=O)cccc1)NCC(N(C)c1ccccc1)=O,MOSES sample,1825
Cc1ccc(OCC2CN(C(=O)c3ccc(C)s3)CCO2)cc1,MOSES sample,1826
n1cc(c2c(c1)c(n(c(=O)n2C)C)=O)OCCOc1ccccc1,MOSES sample,1827
COc1ccc(NC(=O)C(C)Oc2cccc(c2)Cl)cn1,MOSES sample,1828
CC(CC(N(C(Cn1ccccc1=O)=O)C1CC1)C)C,MOSES sample,1829
c1c(C2c3c(C)n[nH]c3NC(C2)=O)ccc(c1OC)OC(F)F,MOSES sample,1830
c1c(ccc(c1)C(=O)NCc1ccc(cc1)-c1ccn[nH]1)COC,MOSES sample,1831
c1c(OC(F)F)ccc(c1)CC(=O)N(CC)CCO,MOSES sample,1832
c1c(Br)ccc(C(NCC(=O)N2CCCC(C2)O)=O)c1,MOSES sample,1833
O=C(Nc1scc(n1)-c1cc(c(cc1)Cl)N)CCC,MOSES sample,1834
C1CC(CCO1)(NC(c1oc2c(cccc2)c1C)=O)C(=O)OCC,MOSES sample,1835
N(c1scnn1)C(NCCc1cc(cc(c1)C)C)=O,MOSES sample,1836
O=C(CCNC(=O)c1csnn1)Nc1ccccc1,MOSES sample,1837
C(Sc1nc2sccc2c(n1C)=O)Cn1c(csc1=O)C,MOSES sample,1838
c1(ccc(C2OCc3ccccc3C2NC(=O)COC)cc1)F,MOSES sample,1839
c1ccc2c(c1)n(CC(=O)NC(C(OCC)=O)C)cc2,MOSES sample,1840
C1N(CCN(CC)C1)S(=O)(=O)c1c(noc1C)C,MOSES sample,1841
C(C)C(CC)n1c(C2CCC2)c(nn1)COCl,MOSES sample,1842
c1(C(NCC(Nc2ccc(cc2)C)=O)=O)cc(cc(c1)F)F,MOSES sample,1843
C(c1ccccc1)(=O)CC1CCCN1Cc1c(C#N)cccc1,MOSES sample,1844
C(OCC1CN(C(=O)CC1)Cc1ccccc1)(C)=O,MOSES sample,1845
c1(Cl)c(C)ccc(NC(C(C)OC(=O)c2[nH]cc(C(=O)N)c2)=O)c1,MOSES sample,1846
c1sc2c(c1)CN(C(=O)c1cnn(c1-n1cccc1)C)CC2,MOSES sample,1847
c1(c(C(Nc2cc(cc(F)c2)F)=O)cn(n1)CCC#N)C(F)(F)F,MOSES sample,1848
c1(ccc(OCc2occc2C(=O)OC)cc1)CC,MOSES sample,1849
O=C(COC(=O)c1cccs1)NCc1ccc(Cl)cc1Cl,MOSES sample,1850
CC(C)OCC(O)Cn1cnc2scc(-c3ccco3)c2c1=O,MOSES sample,1851
CC(C)(CNC(=O)Nc1ccccc1-n1cccn1)c1ccncc1,MOSES sample,1852
CC1CN(C2CCN(C(=O)C(C)(C)C)CC2)CC(C)O1,MOSES sample,1853
Cc1noc(COC(=O)c2sc3ccccc3c2Cl)n1,MOSES sample,1854
COc1ccccc1CC1(c2ccco2)C(=O)N=C(N1)N,MOSES sample,1855
N1(CCCC1)C(=O)C1N(C(CNC(CCC)=O)=O)CCC1,MOSES sample,1856
C(Oc1c(cccc1)OC(C)C)C(=O)Nc1ccccc1,MOSES sample,1857
COCCCCCNC(=O)c1ccc(F)c(F)c1,MOSES sample,1858
c1c(CC(=O)NCCS(NCC)(=O)=O)cc(C)cc1,MOSES sample,1859
s1c(NC(=O)c2sccc2OC)nc(c1C)C,MOSES sample,1860
O=c1[nH]c(cc(c1CNC(N(C(CC)C)C)=O)C)C,MOSES sample,1861
N(CCNC(=O)c1cc2scnc2[nH]1)C(c1ccccc1O)=O,MOSES sample,1862
c1c(N2C(CC(C2)c2noc(C3CC3)n2)=O)ccnc1,MOSES sample,1863
C1(C(=O)Nc2ccc(C(=O)NCCO)cc2)(c2ccc(F)cc2)CC1,MOSES sample,1864
C(C)(C(=O)NC(CO)C)NC(=O)C(C)(C)Cc1c(ccc(C)c1)C,MOSES sample,1865
S1(=O)(N(C(c2c1cccc2)=O)CCC(OC)=O)=O,MOSES sample,1866
N(C(CNC(=O)C1(c2ccccc2F)CC1)=O)Cc1ccccc1,MOSES sample,1867
O=C(Cc1cccc(F)c1F)NCc1noc(C2CCCO2)n1,MOSES sample,1868
c1(C)cc(NC(=O)CSc2nnc(C3CC3)n2CC)ccc1C,MOSES sample,1869
COC(=O)c1cccc(Cn2cnc3ccccc32)c1,MOSES sample,1870
c1cc(NC(C(C)NC(C)=O)=O)c2c(c1)scc2,MOSES sample,1871
c1cc(-c2ccccc2)ccc1OC(C)C(N(CC(N)=O)C)=O,MOSES sample,1872
C(c1ccccc1)CC(=O)NC(c1ccc(OC)c(c1)F)C,MOSES sample,1873
CN(C(=O)CCc1ccc(S(N)(=O)=O)cc1)Cc1c(C)noc1C,MOSES sample,1874
COc1cccc2c1CCN(Cc1cc(=O)n3cccc(C)c3n1)C2,MOSES sample,1875
C(c1ccc(C)cc1)(=O)NCCc1ccc(c(OC)c1)OC,MOSES sample,1876
COc1ccc2c(c1)oc(cc2CCC(NCc1ccco1)=O)=O,MOSES sample,1877
c1c(nccc1C(Nc1sc(cn1)C)=O)OC1CCC1,MOSES sample,1878
FC(F)(c1ccc(cc1)Cn1c(cc(nc1)C1CCC1)=O)F,MOSES sample,1879
C(C)C1CCCN(C(NCc2cc(-n3nccc3)ncc2)=O)C1,MOSES sample,1880
CCC(NC(=O)c1scnc1C1CC1)c1ccc(OC)cc1,MOSES sample,1881
CCCCNC(=O)c1ccc(F)c(NC(C)=O)c1,MOSES sample,1882
c1cc2n3c(nnc3n(Cc3ccccc3)c(c2cc1)=O)SC,MOSES sample,1883
Cn1nc(C)c(NC(=O)c2ccccc2)c1C(N(C)C)=O,MOSES sample,1884
c1cc(CNC(c2ccc(N3CCCS3(=O)=O)cc2)=O)sc1,MOSES sample,1885
O=C(NCC1CC(=O)N(C2CCCC2)C1)Nc1ccc2[nH]ccc2c1,MOSES sample,1886
CC1COCC(C)N1C(=O)c1cn(-c2cccc(Cl)c2)nn1,MOSES sample,1887
c1cc(COC)oc1C(OCc1nc(N(C)C)nc(N)n1)=O,MOSES sample,1888
COc1cccc(C)c1-c1cnnc(NC(C)C)n1,MOSES sample,1889
CCOC(C1C(NC(C)=O)C(C)=C(C=1N)C(=O)NC)=O,MOSES sample,1890
c1(OC)c(CNC(=O)Cc2c([nH]c3c(c2)cccc3)=O)cccc1,MOSES sample,1891
n1cnn(C2CCCN(C2)C(=O)CCn2ccccc2=O)c1,MOSES sample,1892
c1ccsc1CN(C)Cc1[nH]c(=O)c2c(n1)cccc2,MOSES sample,1893
N(C(CO)(C)C)(Cc1ccccc1)C(=O)c1ccc(nc1)OC,MOSES sample,1894
C(c1nc(NC(=O)c2cc(-c3ccoc3)ccc2)sc1)(C)=O,MOSES sample,1895
C1CC(C)CCN1c1nc(N2CCCC2)nc(-n2cnc(n2)C#N)n1,MOSES sample,1896
Cc1ccc(C(O)CNC(=O)c2ccc(=O)[nH]c2)c(C)c1,MOSES sample,1897
c1cc(ccc1C(CNC(c1cc(C(=O)N)c[nH]1)=O)OC)Cl,MOSES sample,1898
COc1ccc(SCC(=O)NCCCO)cc1,MOSES sample,1899
CN(S(=O)(N1CCC(CC1)Nc1cccc(OC)c1)=O)C,MOSES sample,1900
COc1cc(NC(=O)Cc2ccc(C)cc2)ccc1N1CCCC1=O,MOSES sample,1901
O=C(NC(C)c1ccc(cc1)OC)CN1Cc2n(CC1)c(nn2)C,MOSES sample,1902
C1Cc2c(CC1)c(C(N1CCCC1)=O)cs2,MOSES sample,1903
O=C(N1CC(CN(C)C(=O)C)CCC1)Nc1cccc(c1)OCC=C,MOSES sample,1904
C(N1CCC(Oc2ccccc2Cl)CC1)C(=O)OC,MOSES sample,1905
c1c(nn(-c2ccc(F)cc2)c1O)-c1ccc2c(CCN2C(C)=O)c1,MOSES sample,1906
c1c(OCC)ccc(C(=O)Nc2ccc(cc2)N2CCOCC2)c1,MOSES sample,1907
O=C(C(OCC1CC1)C)NC(c1cccc(N2CCCC2)c1)C,MOSES sample,1908
CN(C)C(=O)Sc1cccc(NC(=O)CSc2ccccc2)c1,MOSES sample,1909
c12c(=O)n(nc(c1cccc2)C(N1CCCC1C(N)=O)=O)C,MOSES sample,1910
n1c(C(=O)Nc2cccc(c2C)C)nc2c(c1)cccc2,MOSES sample,1911
Cn1cc(CN2CC(c3nc(Cc4ccccc4)no3)C2)cn1,MOSES sample,1912
Cc1ccc(-c2cc(NCCO)nc3[nH]ccc23)nc1,MOSES sample,1913
CC(C)C(NC(c1ccccc1)=O)C(Nn1cnnc1)=O,MOSES sample,1914
COc1cc2oc3c(c(=O)c2cc1Cl)CCC3,MOSES sample,1915
o1c(nc2cc(ccc12)N)-c1c(cc(c(OC)c1)OC)OC,MOSES sample,1916
n1c(NC(=O)c2nn(cc2Cl)CC)c(no1)C,MOSES sample,1917
CCN(C(=O)c1cc(-c2cccs2)[nH]n1)CC1CCOC1,MOSES sample,1918
O=C(CCc1nncn1C)c1ccc(Br)cc1,MOSES sample,1919
Cc1cc(CNC(=O)Nc2cc(F)ccc2C)on1,MOSES sample,1920
S(=O)(=O)(C)c1ccc(NCc2cc([nH]c(n2)C)=O)cc1,MOSES sample,1921
N#Cc1c(NCCCCn2ccccc2=O)nc2ccccn12,MOSES sample,1922
N(c1cnn(Cc2ccccc2)c1)C(C1CCN(C(=O)C)CC1)=O,MOSES sample,1923
CC(C)(c1ccccc1F)CNC(=O)Cc1cccs1,MOSES sample,1924
COc1ccc(OC)c2c1CN(C(=O)C1CC1)CC2O,MOSES sample,1925
C(N(C)c1nccc(C2CCCC2)n1)c1cc(-c2ncccc2)no1,MOSES sample,1926
C(#C)c1cc(ccc1)NC(=O)c1cn(C)nc1C(F)(F)F,MOSES sample,1927
[nH]1c2cc(F)ccc2cc1C(=O)N1CCCC(C1)O,MOSES sample,1928
C(CCNS(=O)(=O)c1cc(N)ccc1C)OCC,MOSES sample,1929
c12ccccc1cc(CN1CC(c3onc(-c4cccnn4)n3)C1)o2,MOSES sample,1930
CC(NC(=O)Nc1ccnn1C(C)C)c1cccc(Br)c1,MOSES sample,1931
COC(=O)c1ccc2c(c1)CCN2C(=O)CN(C)CCC#N,MOSES sample,1932
n1(C)ncc(c1)C(Nc1ccccc1C)C(OCC)=O,MOSES sample,1933
Cc1c(c(ccc1)CNc1c(cc(cc1)C)OC)OC,MOSES sample,1934
c1c2cc([nH]c2ccc1)CNC(c1ccc(=O)n(n1)CCOC)=O,MOSES sample,1935
CCOc1ccc(N2CCN(CC(=O)NC(C)C)C2=O)cc1,MOSES sample,1936
c1(CC(C)NC(c2cccs2)=O)[nH]c2c(cc(cc2)F)n1,MOSES sample,1937
Cc1cc(OS(=O)(=O)c2cccc3cnccc23)ccc1,MOSES sample,1938
COc1ccc(CCCCC(=O)N2CCCC(O)C2)cc1,MOSES sample,1939
c1c(C)sc(c1S(N(C1CCCC1C#N)C)(=O)=O)C,MOSES sample,1940
c1c(ccc(c1)C)NC(=O)Cn1nnc2c(c(no2)-c2ccccc2)c1=O,MOSES sample,1941
O=C(Nc1ccc(F)cc1)c1ccccc1S(=O)(CCC)=O,MOSES sample,1942
C1(NC(c2ccc(cc2)NC(C)=O)Oc2c1ccc(c2C)C)=O,MOSES sample,1943
c1c(cc(CN(C)C(NCCOCC)=O)cc1)Cl,MOSES sample,1944
O=C1C(CCCN1)NC(c1cc(c(OCC)c(c1)OCC)Cl)=O,MOSES sample,1945
Cc1c(cccc1C(N)=O)NC(=O)CC1CCCC1,MOSES sample,1946
C(C1COCCC1)NC(=O)Nc1ccc(C#N)cc1,MOSES sample,1947
c1(Cl)ccc(cc1C(NC(C(NCCC)=O)C)=O)N,MOSES sample,1948
C(C)C(N(Cc1c(C)n(C)c(c1)C#N)CCCC)=O,MOSES sample,1949
C1CCC(CN1C(=O)c1cc(ccc1)-c1ccoc1)c1nncn1CC,MOSES sample,1950
O=C(Oc1ccc(-c2cc[nH]n2)cc1)c1ccccc1,MOSES sample,1951
C1C(COCCCNC(NCC(F)(F)F)=O)CCO1,MOSES sample,1952
C1(CC1)c1ncsc1C(NC(c1c(C)nn(C)c1C)C)=O,MOSES sample,1953
c1ccc(NC(C(C)Oc2cc(ccc2)Cl)=O)c(=O)n1C,MOSES sample,1954
C(=O)(OC(C(N1CCOCC1)=O)c1ccccc1)c1c(C)occ1,MOSES sample,1955
C(Sc1n2c(cn1)cccc2)CC(Nc1ccc(C#N)cc1)=O,MOSES sample,1956
c12ccccc2ccc(c1)NC(c1cnccn1)=O,MOSES sample,1957
N(Cc1cscc1)C(CNC(C1CCCCC1)=O)=O,MOSES sample,1958
O=C1Nc2ccccc2NC(C)(c2c(O)cc(C)cc2)C1,MOSES sample,1959
C1(C2CCCN2C(Cc2c(nc(C)[nH]c2=O)C)=O)CCCCC1,MOSES sample,1960
C(CC)(C(=O)OC)Sc1nnc(-c2occc2)c(-c2ccco2)n1,MOSES sample,1961
Fc1ccc(cc1C(N)=O)NC(=O)c1c(CC)n(nc1)-c1ccccc1,MOSES sample,1962
c1cc(ccc1C)S(=O)(=O)Nc1cc(NC(=O)CC)ccc1C,MOSES sample,1963
N(C(=O)c1cc(n(C)n1)OCC(N1CCCCC1)=O)c1ncccc1,MOSES sample,1964
Cc1noc(CCC(=O)N(C)Cc2cn(-c3ccccc3)nc2C)n1,MOSES sample,1965
C(n1c2c(nc1NCc1cc(c(-n3cncc3)cc1)F)cccc2)C,MOSES sample,1966
C(CNc1ccc(cn1)-c1onc(n1)COC)(N1CCOCC1)C,MOSES sample,1967
CCN(CC)C(=O)Cn1ccsc1=NC(=O)c1ccsc1,MOSES sample,1968
n1c(NC(c2n(ncc2Br)C)=O)ccn1C,MOSES sample,1969
O=C(NCc1cccs1)c1csc(-c2ccsc2)n1,MOSES sample,1970
O=C(Oc1ccc(OCC2CC2)cc1)C1CCOCC1,MOSES sample,1971
c1c(ccc(C)c1C)-n1cc2c(n(CC(N)=O)c(n(C)c2c1)=O)=O,MOSES sample,1972
c1oc(c(c1)C(=O)NCC(N(Cc1ccccc1C)CCC)=O)C,MOSES sample,1973
CCN1c2c(c(C(C)=O)cc(c2)Cl)Oc2c1ccc(N)c2,MOSES sample,1974
C(=O)(c1ccc(OC)c(c1)F)c1cccc(NC(=O)C)c1,MOSES sample,1975
O=S(c1ccc(F)cc1)(=O)Cc1cc(ccc1)C(=O)NC,MOSES sample,1976
C(C(NCC1CCCCC1)=O)Cc1ccc(S(N)(=O)=O)cc1,MOSES sample,1977
c1(c(c(c([nH]1)C(NCc1sccc1)=O)CC)C)C(C)=O,MOSES sample,1978
c1c(OC(F)(F)F)ccc(S(N2CC(CC2)O)(=O)=O)c1,MOSES sample,1979
O=C(c1c(N)[nH]c(=O)n(CC2CCCO2)c1=O)C,MOSES sample,1980
C1(c2c(CN1C(CO)C)cc(cc2)Br)=O,MOSES sample,1981
c1c(scc1)C(C)CNC(=O)c1cn(nc1C)C,MOSES sample,1982
c1n(c(cc1Br)C(=O)Nc1c(Cl)cc(F)cc1)C,MOSES sample,1983
c1cccc(Oc2c(cccc2NCc2noc(C)c2)Cl)c1CO,MOSES sample,1984
CC(NC(NCC(C(N)=O)(C)C)=O)c1ccccn1,MOSES sample,1985
c1ccc(cc1C#N)-c1sc2nnc(-c3ccco3)n2n1,MOSES sample,1986
c1c(c(F)cc(c1)CN(CC(c1ccc(cc1)F)O)C)S(C)=O,MOSES sample,1987
N1(CCC)CC(CC1=O)C(Nc1cc(ncn1)OC)=O,MOSES sample,1988
c1(C)ccc(s1)C(=O)NCc1cc2ccccn2n1,MOSES sample,1989
CC(c1ncc(cn1)N1CCN(c2ncnc3oncc32)CC1)C,MOSES sample,1990
O=S(CC)(=O)NCC(c1cc(F)c(cc1)F)=O,MOSES sample,1991
C(Nc1ccc(OC)c(OCC(F)(F)F)c1)(c1ccncc1)=O,MOSES sample,1992
C1CCC(OC(CCC(c2ccccc2)=O)=O)C(O1)=O,MOSES sample,1993
CCOC(=O)C1=C(CN2CCCCC2)NC(=O)NC1,MOSES sample,1994
C(=O)(C)NCC1NCCc2c(F)cc(OC)c(F)c12,MOSES sample,1995
c1(cc(cc(CN2C3C(C(C2)OC)OCC3)c1)F)F,MOSES sample,1996
CC(=C)COc1c(cc(cc1)C(=O)N(C)C)OC,MOSES sample,1997
C(c1ccc(cc1)N(C(c1nnn(c1)CC(=O)N(C)C)=O)C)(C)C,MOSES sample,1998
c1c(C(NCc2ccc(cc2)C(=O)NC2CC2)=O)c(ccc1)O,MOSES sample,1999
c1(-n2nccc2)ccc(CCNC(CNC(=O)c2cocc2)=O)cc1,MOSES sample,2000
N(C(=O)C)CCNCc1c(cccc1Br)F,MOSES sample,2001
c1(C)[nH]c(ccc1C(N(C1CCCCCC1)C)=O)=O,MOSES sample,2002
c12cc(OC)c(cc1ncnc2N1CCC(CC1)=O)OC,MOSES sample,2003
c12c(=O)[nH]c(N)nc2nc(c(c1)-c1ccccc1)N,MOSES sample,2004
O(C1CCN(C(=O)c2cc(C(F)(F)F)ccc2)CC1)CC(C)C,MOSES sample,2005
c1(CCC(Nc2cnc(nc2)OC)=O)ncncc1,MOSES sample,2006
c1(NS(=O)(=O)C)ccc(C)c(c1)NC(=O)Cc1ccc(C)cc1,MOSES sample,2007
C(=O)(c1ccc(cc1)CNC(=O)N)N(C)CCOC,MOSES sample,2008
N(C(NCCCOCC1CCOC1)=O)c1cc2CCCc2cc1,MOSES sample,2009
COC(=O)c1c(NC(=O)C2CCCO2)sc(C)c1C,MOSES sample,2010
CCOc1ccc(c(c1F)C(=O)NC(C)(CC)C)F,MOSES sample,2011
O=C(Nc1ccccc1C(=O)N1CCOCC1)c1cc[nH]n1,MOSES sample,2012
C(c1ccccc1)N(Cc1ncc(C)cc1)C(c1occc1)=O,MOSES sample,2013
CC(N1CCC(CC1)c1n2CC(C)CCc2nn1)=O,MOSES sample,2014
c12c(nc(s1)C(C#N)C(c1ccc(CC)s1)=O)cccc2,MOSES sample,2015
CCC(CO)NC(=O)c1sccc1Br,MOSES sample,2016
C(N(C)S(c1cccc2c1ccnc2)(=O)=O)C(F)(F)F,MOSES sample,2017
S(=O)(c1cccc(c1)C(NC(CN1CCOCC1)C)=O)(C)=O,MOSES sample,2018
FC(F)(COCCn1c2cc(ccc2nc1C(O)C)F)F,MOSES sample,2019
c1c(cncc1)CCC(=O)N1CCc2ccccc2C1,MOSES sample,2020
O=C(Cc1c2c(c(C)c(cc2)C)oc1)NC(C)C(=O)NCC,MOSES sample,2021
[nH]1nc(c(C(N(C)C(c2cccc(c2)O)C)=O)c1)-c1ccc(cc1)F,MOSES sample,2022
N1C(CCc2ccccc21)C(N1CCN(CC1)c1nc(OC)ccn1)=O,MOSES sample,2023
c1cc2c(C(C(CO2)N2CCN(c3ncccn3)CC2)O)cc1,MOSES sample,2024
n1(C2CCCC=C2)ncc(c1)NC(c1ccc2c(OCO2)c1)=O,MOSES sample,2025
CCc1nc2n(n1)CCCC2NC(=O)CCC1CCCC1,MOSES sample,2026
Cc1ccc(C2CC2C)o1C(=O)N(CCC#N)CCC(F)(F)F,MOSES sample,2027
c1(cc(C)cc(C)c1-n1ccc2n3ncnc3ncc2c1=O)C,MOSES sample,2028
Cc1cc(C)n(-c2ccc(CNC(=O)c3ccc(F)nc3)cn2)n1,MOSES sample,2029
Nn1c(SCc2ccccn2)nnc1-n1c(C)cc(C)n1,MOSES sample,2030
Cc1cccc(C)c1NC(=O)c1onc(C(=O)OC(C)C)c1N,MOSES sample,2031
C1c2c(cccc2)N(C1)C(=O)c1cc2c(cc(cc2)OC)oc1=O,MOSES sample,2032
CCNC(=O)CNC(=O)NCc1ccc(CN2CCCC2=O)cc1,MOSES sample,2033
C1(C(N(c2ccc(cc2N1)F)Cc1ccc(cc1)N)=O)C,MOSES sample,2034
CCC(NC(=O)N(C)Cc1ccncc1)c1cccs1,MOSES sample,2035
C1CN(CCN1Cc1cnc(cc1)OCCC)C(=O)C1CCCC1,MOSES sample,2036
c1(Cl)cc(c(cc1)SCC(N(CC(NC(C)C)=O)C)=O)C,MOSES sample,2037
c1cc(CSc2ccc(F)cc2)c(cc1)C(N)=O,MOSES sample,2038
CC(c1n[nH]c(C(NCc2cccnc2OC2CCCC2)=O)c1)C,MOSES sample,2039
c1(ccc(cc1)SC(C)C(=O)Nc1c(ccc(F)c1)OC)O,MOSES sample,2040
COc1cc(C(=O)Nc2ccnc(C)c2)ccc1OCc1ccncc1,MOSES sample,2041
Clc1ccccc1-c1nnc(CSc2nncs2)o1,MOSES sample,2042
N#Cc1c([nH]c(c(C)c1C)C)=NS(c1ccccc1)(=O)=O,MOSES sample,2043
C1CC1N(C(=O)c1cc2ccccc2cc1)CCC#N,MOSES sample,2044
c1ccc(c(Cl)c1)S(=O)(CC(Nc1cc(F)ccc1F)=O)=O,MOSES sample,2045
C1CCCN1C(=O)c1c(nc(-c2ccccc2)s1)C,MOSES sample,2046
C12CN(CC2CCN(CC2OCCC2)C1=O)C(=O)c1ccoc1,MOSES sample,2047
O=C(NCc1ncc(-c2ccccc2)o1)C1CCC1,MOSES sample,2048
O(C(C)C)C(c1c(cc(C)s1)OC(F)F)=O,MOSES sample,2049
COc1ccccc1CNC(=O)c1ccnc(-n2cncn2)c1,MOSES sample,2050
C(CC(=O)N1CCC(Cn2c(cc(n2)C)C)CC1)OCC#C,MOSES sample,2051
c1cc(C(=O)N(C)Cc2nc(-c3ccccn3)no2)sc1,MOSES sample,2052
O=C(NCCc1c(cccc1)C)Nc1cccc(NC(=O)CC)c1,MOSES sample,2053
C(c1ccc(cc1)C1C(C1)C(Nc1cnc(OC)cc1)=O)(F)(F)F,MOSES sample,2054
c1ccc2c(cnc(c2c1)N1CCC(C(=O)N(CC)CC)CC1)N,MOSES sample,2055
O=C(N1CCN(CCOC)C(C1)=O)C(C)(C)c1cc(ccc1)Cl,MOSES sample,2056
c1(F)cc(S(=O)(=O)N2CC3CN(C(=O)C)CCC3C2)ccc1C,MOSES sample,2057
CN(CC(N)=O)C(=O)c1ccc(NC(=O)c2ccco2)cc1,MOSES sample,2058
CN(C)c1nc(N)nc(CN(CCC#N)CCC#N)n1,MOSES sample,2059
c1(F)ccc2c(c1)sc(C(=O)NCC(NCc1sccc1)=O)c2,MOSES sample,2060
N(S(=O)(=O)c1c(OC)ccc(NC(C)=O)c1)C(C)C,MOSES sample,2061
CN(CCCOc1ccccc1)C(=O)C1CC(N(C)C1)=O,MOSES sample,2062
Cc1n[nH]c(-c2cccc(CNC(=O)c3ccc(CC(C)C)cc3)c2)n1,MOSES sample,2063
c12cc(ccc2OCC(=O)N1)S(NCc1ccc(C)s1)(=O)=O,MOSES sample,2064
C(c1ccoc1C)(=O)NCC(c1ccc2OCCOc2c1)O,MOSES sample,2065
COCCOC(=O)Nc1ccc2scnc2c1,MOSES sample,2066
Cc1ccccc1OCCn1cnc2sccc2c1=O,MOSES sample,2067
O=C(NC1CC1)c1ccccc1NC(=O)Cc1cccs1,MOSES sample,2068
CCCCc1nnc(NC(=O)CC(C)c2ccccc2)s1,MOSES sample,2069
COC(=O)NCCCC(=O)N1C(C)CC(C)CC1,MOSES sample,2070
c1(ccc(NC(c2cc3cc(F)ccc3o2)=O)cc1)CC(NC)=O,MOSES sample,2071
C(NCCOc1ccccc1)(=O)N(C)C(C)c1ncccc1,MOSES sample,2072
CN(c1c(cccc1)C)S(=O)(=O)c1cc(C(N)=O)c(O)cc1,MOSES sample,2073
Cc1ccc(C#N)cc1NC(=O)NCc1ccccn1,MOSES sample,2074
Nc1c(CC)cc(S(=O)(=O)N(C)CCOC)cc1,MOSES sample,2075
O=S(N(C)CCc1ccc(F)cc1)(=O)c1cccc(c1)N,MOSES sample,2076
Nc1ncc2C(=O)CCc2n1,MOSES sample,2077
O=C(CNS(=O)(=O)c1cccs1)OCc1ccc(F)cc1,MOSES sample,2078
c1(-c2ccc(c(c2)C)C)[nH]ncc1CN(C(COCC1CC1)=O)C,MOSES sample,2079
CCCNC(=O)Nc1nc(C)c(-c2nccn2Cc2ccccn2)s1,MOSES sample,2080
c1cc(F)c(F)cc1CCC(N1CCCC(n2ncc(c2)C)C1)=O,MOSES sample,2081
N(C(c1cnc(cc1)C)=O)c1ccc2nc(NC(=O)C)sc2c1,MOSES sample,2082
O=C(C#Cc1ccccc1)N(CC1CCCO1)c1ccncc1,MOSES sample,2083
c1ccc(C#N)c(OC(C)C(C(c2ccccn2)C#N)=O)c1,MOSES sample,2084
c1(NS(c2c(cc(OC)c(OC)c2)C)(=O)=O)cc(C)ccc1O,MOSES sample,2085
COC(=O)c1c(C)nn2c3c(cnc12)C(=O)CC(c1ccccc1)C3,MOSES sample,2086
O=C(c1cc(ccc1OC)C)CNC(=O)c1c(cccc1)OC,MOSES sample,2087
c1ccc(CNC(=O)c2nnnn2-c2cc(c(cc2)F)C)nc1,MOSES sample,2088
c1(OC)c(cnc(n1)OC)CNCc1cccc2c1cccc2,MOSES sample,2089
c1(c2c(cccc2)ncn1CC(Nc1c(OC)cc(C)cc1)=O)=O,MOSES sample,2090
c1c(cccc1)C1CCC(CC1)NC(CCC(=O)OC)=O,MOSES sample,2091
Cc1cnc(o1)CCNC(=O)c1cc2c(cccc2)n1C,MOSES sample,2092
c1(nc(nc(c1)C)C(C)C)Nc1ccc(S(=O)(N)=O)cc1,MOSES sample,2093
C1N(C(=O)c2c(cncc2)F)C(c2n(CC)ncc2)COC1,MOSES sample,2094
c1c(S(NCCC(C)C)(=O)=O)c(=O)n(C)c(n1C)=O,MOSES sample,2095
c1(C(=O)NC(CS(=O)(c2ccc(cc2)F)=O)CC)c(C)cccc1,MOSES sample,2096
c12c(n(nc2)CC(=O)Nc2c(C)cc(C)cc2)ccc(c1)F,MOSES sample,2097
c1(F)ccc(cc1F)S(Nc1cc(NC(C)=O)ccc1)(=O)=O,MOSES sample,2098
O1C2C(C(N3CC(OCC3)CCC)=O)CC1CC2,MOSES sample,2099
COc1ccc(OC)c(NCc2cnn(C(C)(C)C)c2)c1,MOSES sample,2100
C1=CCN(C(c2c(sc(n2)-c2ccccc2)C)=O)CC1,MOSES sample,2101
c1nc2sccc2c(N2CCC(CC2)C(=O)NCCO)n1,MOSES sample,2102
c1(-c2cc(C(=O)NCc3ccccc3)n[nH]2)ccncc1,MOSES sample,2103
C(CNC(=O)c1ccc(cc1)N1C(N(CC1)CC)=O)COC,MOSES sample,2104
C1(CN(CCC1)C(NCCc1nnc2CCCCCn21)=O)CC,MOSES sample,2105
CC(C(c1ccccc1F)NC(=O)c1c[nH]c2c1c(ccc2)F)C,MOSES sample,2106
O1c2c(OC1)cc(OC(C)=O)c(c2)OC(C)=O,MOSES sample,2107
c1(C)c(CCOC(=O)Cn2c(=O)c3cnn(c3nc2)C)c(C)n[nH]1,MOSES sample,2108
Cc1cnn(Cc2cccc(F)c2)c1NC(=O)C1CCC(=O)NC1,MOSES sample,2109
c12nc(-c3ccc(cc3)F)c(CO)n2cc(Cl)cc1,MOSES sample,2110
c1(ccc(F)cc1)S(NC(C1CCCO1)C)(=O)=O,MOSES sample,2111
C1COCCN1C(COc1cc(ccc1)NC(C(C)C)=O)=O,MOSES sample,2112
c1cc(C(NCC2c3ccccc3N(C)CC2)=O)c(c(n1C)=O)Cl,MOSES sample,2113
Clc1ccc(NC(=O)NCCNC(=O)c2ccco2)c(c1)F,MOSES sample,2114
Cc1nc2cc(-c3cc[nH]n3)cc(Br)c2o1,MOSES sample,2115
C(NC(C)C)(CCc1ccc(c(N)c1O)OC)=O,MOSES sample,2116
C1CN(CCN1CCSc1ccc(cc1)F)CCC#N,MOSES sample,2117
Cn1c(Cc2ccc(cc2)F)nc2c1cccc2N,MOSES sample,2118
c1c(F)c(C)ccc1NC(c1c(N)nc(nc1)C1CC1)=O,MOSES sample,2119
CC(Oc1ccccc1)C(=O)N(c1ccccc1)C,MOSES sample,2120
FC(F)(c1ccc2nnc(SCC(N3CCCC3)=O)n2c1)F,MOSES sample,2121
Fc1ccccc1S(NCCCOC1CCCC1)(=O)=O,MOSES sample,2122
c1ccccc1C(C(=O)Nc1c(n(C)nc1C(N(C)C)=O)C)CC,MOSES sample,2123
Cc1nc(CC(=O)NCC(C)N2CCc3ccccc32)cs1,MOSES sample,2124
c1c(ccc(c1)C)C(N(C)C(c1c(ocn1)C)=O)CO,MOSES sample,2125
COC(=O)Nc1ccc(S(=O)(=O)NCc2ccccc2C)cc1,MOSES sample,2126
Cc1ccc(-c2nnn(-c3ccc(C(=O)NC(C#N)C(C)(C)C)cc3)c2)o1,MOSES sample,2127
c1cc(cc(c1)C(N(CC)CC1CC1)=O)OC(F)F,MOSES sample,2128
c1c(c(C)c(cc1)OCC(=O)NC1CCN(CC1)C(=O)C)C,MOSES sample,2129
CSc1cccc(-c2ccc(N)c(=O)n2C2CC2)c1,MOSES sample,2130
CSc1ccc(-c2ccc(CN3CCNC(=O)C3)cc2)cc1,MOSES sample,2131
n1n(C)c(c2ncn(CC(Nc3c(C(C)C)cccc3C)=O)c21)C,MOSES sample,2132
C1C(CCN(C(=O)Cc2onc(C)c2)C1)CNC(=O)c1oncc1,MOSES sample,2133
FC(F)(F)c1cccc(C(C)CC(=O)NCc2cnc(s2)C)c1,MOSES sample,2134
C(=O)(NCc1c(cccc1)Cl)N(C)CCc1c(C)n(CC)nc1C,MOSES sample,2135
COc1c2cc(ccc2ccc1)OC(C1CCCN1C(CCC)=O)=O,MOSES sample,2136
C(NCC(C)c1nc(no1)-c1ccccc1)(NC(C1CCCO1)C)=O,MOSES sample,2137
c1csc(c1)CNC(CSc1oc(nn1)-c1ccncc1)=O,MOSES sample,2138
C(C(C)NC(=O)Nc1ccccc1)(=O)Nc1ccccc1,MOSES sample,2139
c1cc(S(Nc2ccncc2)(=O)=O)cc(c1OCCC)Cl,MOSES sample,2140
COc1c(C)cc(C)c(C(O)C(=O)NC2CC2)c1C,MOSES sample,2141
CCCNC(=O)c1cc(=O)c2cc(N)cc(C)c2o1,MOSES sample,2142
c1nnn(-c2ccc(cc2)C(Nc2c(Br)cccn2)=O)c1,MOSES sample,2143
c1(S(=O)(=O)Oc2cccc3cccnc23)c(F)cccc1F,MOSES sample,2144
C(n1c2c(cccc2)nc1)CC(=O)NCc1nc(-c2ccccc2)on1,MOSES sample,2145
c1cc2c(c(cc(n2)-c2c(n(C(C)C)nc2)C)C(=O)NCC(O)C)cc1,MOSES sample,2146
O(C1CCC1)c1nccc(C(Nc2cnc(SC)cc2)=O)c1,MOSES sample,2147
C(C)(=O)c1ccc(cc1)C(=O)NCC1CCCCO1,MOSES sample,2148
Clc1ccc(NS(=O)(=O)c2c(N)n[nH]c2)c(C)c1,MOSES sample,2149
c1(OCCC(=O)N2CCN(Cc3ccncc3)CC2)ccc(cc1)F,MOSES sample,2150
CN1CCN(C(c2coc(=O)c(Br)c2)=O)CC1,MOSES sample,2151
O=C(C(C)NC(c1noc(c1)-c1ccccc1)=O)NC(C)(C)C,MOSES sample,2152
C1C(CC)N(CCN1C)C(C(c1c(onc1C)C)CC)=O,MOSES sample,2153
C(C1CC1)(NC(Nc1cn(nc1)Cc1ccc(F)cc1)=O)C,MOSES sample,2154
C=CC=c1sc(=CC(=O)C(C)(C)C)n(C)c1=O,MOSES sample,2155
O=C(c1ccc2OCOc2c1)Nc1ccc2nncn2c1,MOSES sample,2156
c1(sc2c(n1)c(cc(c2)C)NC(=O)C1OCCC1)C,MOSES sample,2157
c1(cc(C#N)ccc1F)CN1CCN(CC1)CC(=O)NC,MOSES sample,2158
O=C(N1CC(C(=O)NCc2ccccc2F)CCC1)C1CC1,MOSES sample,2159
CCC(CC)CNC(=O)Nc1ccc2nc(C)sc2c1,MOSES sample,2160
Fc1ccc(NC(c2sc(C)c(S(=O)(=O)N)c2)=O)c(F)c1,MOSES sample,2161
C(C)(=CC(Oc1cc2c(C(CC(C)(C)O2)=O)cc1)=O)C,MOSES sample,2162
c1(F)c(cccc1)NS(=O)(=O)c1cc(Cl)cc(Cl)c1N,MOSES sample,2163
Cc1nn(c2sc(cc12)C(Nc1c(F)cc(F)cc1)=O)C(C)C,MOSES sample,2164
N1(CCN(CC1)C(=O)C)C(c1ccc(cc1)F)=O,MOSES sample,2165
c1n(c(=O)c2c(ccc(c2)-c2ccccc2)n1)CCO,MOSES sample,2166
c1(ccc(C(=O)OC)cc1)C1CC(c2ccccc2)Nc2n1nc(n2)C,MOSES sample,2167
O=C(NCCc1ccccc1)c1n[nH]c2c(Cl)cccc12,MOSES sample,2168
CCC(c1nc(cs1)C)(NC(=O)Cc1cccc(c1F)F)C,MOSES sample,2169
c12ccccc2c(n(cn1)CC(=O)Nc1cc(C)ccc1)=O,MOSES sample,2170
c1(C(=O)COC(Cn2nc3ccccn3c2=O)=O)ccc(Cl)cc1,MOSES sample,2171
N#Cc1c(C#N)nc2n1nc(-c1ccccc1)cc2-c1ccccc1,MOSES sample,2172
c1ccc(o1)C(N1CCN(C(=O)c2nnc(OC)cc2)CC1)=O,MOSES sample,2173
C(OC(c1occc1)=O)C(=O)Nc1c(OC)ccc(c1)OC,MOSES sample,2174
C1(C(CN(C(=O)C(NC(N)=O)C(C)C)C1)N1CCOCC1)CC,MOSES sample,2175
c1(C(N(Cc2ccc(O)cc2)C)C)cnccc1Cl,MOSES sample,2176
n1cc(CN(C2CCCCC2)S(c2sccc2)(=O)=O)ccc1,MOSES sample,2177
n1ccc(C(=O)Nc2ccc(N3CCCC3)nc2)n1C,MOSES sample,2178
CN(CCN(C)C(=O)c1ccsc1)C(=O)OC(C)(C)C,MOSES sample,2179
O=C(c1sc2c(n1)cccc2)NC1CCC2(OCCO2)CC1,MOSES sample,2180
c1(ncc(cn1)CN(C(=O)CCOC)C)-c1ccccc1,MOSES sample,2181
CCn1nc(-c2ccc(OC(C)C)cc2)ccc1=O,MOSES sample,2182
CC(N(CC1CCCO1)Cc1cnn(-c2ccccc2)c1)C,MOSES sample,2183
CCC1CCCC([nH]C(=O)CN2CC(C)OC(C)C2)C1,MOSES sample,2184
C(NC(=O)c1ccc(cc1)OCC1CCCO1)Cc1ncc(C)s1,MOSES sample,2185
c1(C(=O)NCC#Cc2c(cccc2)C(NC)=O)ccc(C(=O)OC)cc1,MOSES sample,2186
c1c(-c2nc(NC3CC3)ncc2)cc2OCOc2c1,MOSES sample,2187
c1c(nc(C(c2ccc(F)cc2)N)s1)-c1cccs1,MOSES sample,2188
O=C(NCCCn1cnc2ccccc21)c1ccccc1Cl,MOSES sample,2189
CN(C)C(=O)CSc1nc(O)c(N)c(=O)n1Cc1ccccc1,MOSES sample,2190
Cc1ccc(-n2cnnc2)cc1NC(=O)c1cnns1,MOSES sample,2191
c12CCNC(c1cc(OC)cc2O)c1n(C)cnc1,MOSES sample,2192
C(#N)c1ccc(F)c(Cn2nc(C(F)(F)F)ccc2=O)c1,MOSES sample,2193
n1c(NC(CN2CCNC2=O)=O)oc(n1)-c1ccsc1,MOSES sample,2194
C(C(NCC(NC(C)(C)C)=O)=O)c1noc2c1cccc2,MOSES sample,2195
O=C(c1cc(ccc1)O)NCCNC(NC(C)Cc1ccc(C)s1)=O,MOSES sample,2196
O=C(C(C)C)Nc1cc(OC)c(Cl)cc1OC,MOSES sample,2197
c1(noc(n1)C)CN(C)C(=O)c1cc(-c2ccc(cc2)OC)no1,MOSES sample,2198
Cc1cc(C)c(NCC(=O)NCCOc2ccc(F)cc2)c(C)c1,MOSES sample,2199
C(c1cc(NC(=O)NCC#Cc2ccccc2C(=O)NC)ccc1)#C,MOSES sample,2200
CC1COCCN1CCC(c1c(F)ccc(F)c1)=O,MOSES sample,2201
c1(cc(C(N)=O)ccc1)NC(=O)Nc1cc(ccc1)F,MOSES sample,2202
O=c1[nH]c2ccc(-c3ccc(Br)cc3)cc2[nH]1,MOSES sample,2203
O=C(Nc1nc2ccc(-n3cccn3)cc2s1)c1ccc(F)cc1,MOSES sample,2204
C12(CCCC(C2)O)CCN(c2nc(ccn2)C2CCCC2)CC31,MOSES sample,2205
c1(-n2[nH]c(C)c(C(=O)OC)c2=O)ccc(Cl)cc1,MOSES sample,2206
O=C(c1ccc(NC(=O)C(CC)CC)cc1Cl)N(C)C,MOSES sample,2207
c1(C(NC2CCC(C(=O)OC)CC2)=O)cccc(-n2cccn2)c1,MOSES sample,2208
C(C1COCCN1C(=O)c1cnn(c1C)-c1ccc(cc1)F)C,MOSES sample,2209
CC(C)CCC(=O)Nc1cccc(S(=O)(=O)Nc2ccccc2)c1,MOSES sample,2210
C1COCCN1CC(=O)NCCCOC1CCCCC1,MOSES sample,2211
c1(ccc(C(F)(F)F)cc1)CCC(NC(C#N)C(C)(C)C)=O,MOSES sample,2212
c1c(CN(C(c2ccc(F)c(F)c2)=O)CC(F)F)ccnc1,MOSES sample,2213
Cc1ccccc1C1CC1C(=O)N1CCC(C(=O)N2CCCC2)CC1,MOSES sample,2214
O(C(C(=O)NCCc1cc(C)ccc1OC)C)CC,MOSES sample,2215
Cn1c(=O)n(C)c2n(C)c(c(nc2c1=O)C(=O)C)=O,MOSES sample,2216
COCCc1nccc(-c2nc3ccccc3[nH]2)n1,MOSES sample,2217
c1c(CN(C(=O)c2ccnc(N)c2)C)ccc(Cl)c1,MOSES sample,2218
c1(OC)c(cccc1)COC(=O)c1ccc(C)c(NC(C)=O)c1,MOSES sample,2219
c1(C)cccc(c1OCCNC(=O)c1c(C)noc1C)C,MOSES sample,2220
CC(Oc1ccccc1)C(Nc1c(ccc(C(C)=O)c1)OCC)=O,MOSES sample,2221
N(C(c1[nH]c(=O)c2c(c1)cccc2)=O)c1sc2c(CCN(C2)C)n1,MOSES sample,2222
Nc1nonc1-c1noc(CCCOc2ccccc2)n1,MOSES sample,2223
CCNC(=O)CN(CC)C(=O)CSc1ccc(C)cc1,MOSES sample,2224
c12ccc(N)cc1N(C(c1cccs1)=O)CC(C)(O2)C,MOSES sample,2225
C1Oc2ccc(cc2O1)-c1c(C2c3ccccc3NC2=O)c[nH]n1,MOSES sample,2226
Cc1c(cnn1-c1ccccc1C)-c1csc(C)n1,MOSES sample,2227
Cn1c(N2CCN(C(=O)c3ccncc3)CC2)cc(=O)n(C)c1=O,MOSES sample,2228
CN(C)c1cccc(C(=O)NCc2cc(F)cc(F)c2)c1,MOSES sample,2229
CC(Cc1ccc(O)cc1)N(C)Cc1cnc(-c2cccnc2)s1,MOSES sample,2230
c1(N)cc(Cl)ccc1C(NCC1OCCC1)=O,MOSES sample,2231
COC(=O)c1ccc(C(=O)Nc2c(C(=O)OC)oc3ccccc23C)o1,MOSES sample,2232
C(C)(=O)Nc1ccc(c(c1)C(=O)OCC1CN(C2CC2)C(=O)C1)F,MOSES sample,2233
Cc1cccc2c(NC(=O)NCCc3nccn3C(F)F)ccnc12,MOSES sample,2234
S(=O)(=O)(N)c1c(cccc1)NC1CCC(C)CC1,MOSES sample,2235
COC(=O)CN(C(=O)c1c(O)ccc(C)c1)C(C)C,MOSES sample,2236
c1(cc(C(=O)N2CC(OC(C2)C)C)ccc1O)Cl,MOSES sample,2237
c1c(OC)cc(cc1)C(Nc1oc(nn1)Cc1sccc1)=O,MOSES sample,2238
Cc1ccc(C)c2c(C)c(C(=O)N(C)CC(=O)N3CCOCC3)oc12,MOSES sample,2239
c1(ccc(F)cc1)-c1noc(c1)C(=O)NCc1sc(C)nc1,MOSES sample,2240
c1c2c(ccc1)c(=O)c(c[nH]2)C(Nc1sc(-c2ccccc2)cn1)=O,MOSES sample,2241
c1(ccccn1)-c1c(N)[nH]nc1-c1ccc(OC)cc1,MOSES sample,2242
Cc1cc(NC(=O)c2cc(S(N)(=O)=O)ccc2F)n(C)n1,MOSES sample,2243
C(NC1CCCN(C1)CC(=O)N1CCN(CC1)CC#C)(N)=O,MOSES sample,2244
COCCNS(=O)(=O)c1c(C(OC)=O)scc1,MOSES sample,2245
C(=O)(C(C)CN(C(Nc1ccccc1OC)=O)C)OC,MOSES sample,2246
O(c1ccc(cc1)NC(C)=O)C(=O)c1ccc(nn1)OC,MOSES sample,2247
C1(CC(=O)N)CCN(C(NC2CC2c2c(cccc2Cl)F)=O)CC1,MOSES sample,2248
C(C(=O)NCCc1sccc1)Nc1ccc(C(N(C)C)=O)c(C)c1,MOSES sample,2249
c1(C(F)(F)F)c(cccc1)OCc1oc(C)nn1,MOSES sample,2250
c1(ccc[nH]1)C(N1C(Cc2ccccc2C1)C(=O)N)=O,MOSES sample,2251
CN(Cc1ncc[nH]1)C(=O)CNC(=O)N1CCOCC1,MOSES sample,2252
CC(C)CCN(C)C(=O)CNC(=O)c1ccsc1,MOSES sample,2253
C(NC(C)=O)c1nc(no1)-c1ccccc1Br,MOSES sample,2254
c1(NS(c2ccccc2)(=O)=O)ccc(cc1)OC(=O)C1CC1,MOSES sample,2255
O=C(Nc1cnc(N(C)C)cc1)c1c(F)c(ccc1F)OCC,MOSES sample,2256
o1nc(cc1CNC(C(n1cccn1)CC)=O)C(C)C,MOSES sample,2257
n1cc(sc1C)CNC(=O)N1CCC(Oc2ccccc2)CC1,MOSES sample,2258
c1c2CNCC(c2ccc1CC)NC(Cc1cccs1)=O,MOSES sample,2259
c1cc(N)cc(CC(C)N(c2ccc(C#N)cc2)C)c1,MOSES sample,2260
N1(C(c2sc(nc2)Cc2ccc(F)cc2)=O)CC(=O)NCC1,MOSES sample,2261
C1(NC(CCCC(N(C)c2ccc(c(c2)F)F)=O)=O)CCCCC1,MOSES sample,2262
N#CCSc1nc2ncccc2c(=O)n1-c1cccc(Cl)c1,MOSES sample,2263
c1c(onc1CN1CCN(C(C(C)C)=O)CC1)-c1ccc(cc1)OC,MOSES sample,2264
c1cc(c(F)cc1C(NC1CCCCNC1=O)=O)C,MOSES sample,2265
NS(=O)(=O)c1ccc(OCC(O)COc2ccccc2)cc1,MOSES sample,2266
C(F)(Oc1ccc(cc1)NC(=O)c1ccc(cc1)OC(=O)C)F,MOSES sample,2267
Cc1ccc(CNC(=O)NCc2cnn(C)c2)cn1,MOSES sample,2268
c1ncn(c1CN(Cc1n[nH]cc1)CC1CCCCO1)C,MOSES sample,2269
Cc1ncc(CN(C)Cc2cccc3cnccc23)s1,MOSES sample,2270
c1cccc2c1C(C(=O)NCCOC1CCCC1)CC(N2)=O,MOSES sample,2271
c1ccc(F)c(CC(Nc2cc3c(nc(C)s3)cc2)=O)c1,MOSES sample,2272
c12c(ncn1CCCOc1ccc(S(C)(=O)=O)cc1)ccs2,MOSES sample,2273
n1oc(cc1-c1cc2c(o1)cc(OC)cc2)C(NCc1ccncc1)=O,MOSES sample,2274
O=C(CSc1nc(N)cc(N)n1)NCCC1=CCCCC1,MOSES sample,2275
O=C(Nc1ccccn1)c1cc2ccc(cc2[nH]1)OCC,MOSES sample,2276
CCOCCC(=O)Nc1c(Sc2ccc(cc2)C)cccc1,MOSES sample,2277
C1OCCC(c2ccccc2)(CNc2c3nc[nH]c3ncn2)C1,MOSES sample,2278
Cc1c(C(=O)CN2CCN(CCO)CC2)nc2c(cccc2)c1C,MOSES sample,2279
C1N(C(=O)Cc2c(C)onc2C)c2c(C1)c(C)ccc2,MOSES sample,2280
COc1ccc(CCCn2cc(N)cn2)cc1C(C)(C)C,MOSES sample,2281
O=C(c1ccccc1-c1ncc[nH]1)Nc1cc(c(cc1F)F)F,MOSES sample,2282
c1c(CCC(O)(C)C)cc(C(=O)NC2c3nc(CC)nn3CCC2)cc1,MOSES sample,2283
c1(c(C)nn2c1nc(C)c(c2NC(C(C)CC)C)C)C,MOSES sample,2284
COc1ccc(C(=O)C2CC2)cc1S(=O)(=O)N1CCCC1,MOSES sample,2285
c1(ccccc1)-c1csc(NC(c2cc(=O)[nH]c3c2cccc3)=O)n1,MOSES sample,2286
Fc1c(CNC(c2c(C)noc2C)=O)cccc1OC,MOSES sample,2287
n1nnc(SC(C)c2nnc(o2)C)n1-c1ccc(O)cc1,MOSES sample,2288
Fc1cc(F)ccc1-n1cc(-c2cnccn2)cn1,MOSES sample,2289
c1cc(cc(OC)c1)-c1cnnc(NCc2c3c(ncc2)cccc3)n1,MOSES sample,2290
c1cccc(c1)-c1nn(c2sccc2c1=O)OCC(OC)=O,MOSES sample,2291
c1cc(ccc1)C(n1c(=O)n(CC=C)c2c(scc2)c1=O)C(N)=O,MOSES sample,2292
CCN(CCC(=O)OC)C(=O)c1c(Cl)cccc1Cl,MOSES sample,2293
CCOc1ccc(Cc2cn3cccc(N)c3n2)cc1,MOSES sample,2294
c1c(C)cccc1CN(C(=O)CCNC(=O)c1ccccc1)C,MOSES sample,2295
O=C(c1ccc(cc1)OC)N1CCC(CC1)CNC(=O)OCC,MOSES sample,2296
c1ccc(NC(C(c2ccccc2)OC(C)=O)=O)c(c1)C#N,MOSES sample,2297
c1(CNC(=O)CSc2ccccc2)cc2OCOc2cc1,MOSES sample,2298
c1c2[nH]ncc2c(C)c(c1)NC(=O)Cc1cccc(c1)OC,MOSES sample,2299
c1ccccc1C(NC(N)=O)CC(=O)Nc1ccc(F)cc1F,MOSES sample,2300
c1ccc2OCC(N(C(=O)c3cccc(c3)-n3ccnc3)Cc2c1)C,MOSES sample,2301
CC(COc1cccc(c1)C)NC(Nc1cnn(CC(=O)N)c1)=O,MOSES sample,2302
C(=O)(NC(c1ccccc1)C)c1ccc(cc1)NC(C)=O,MOSES sample,2303
O=C(Nc1nccs1)NC(CC(F)(F)F)c1ccc(F)cc1,MOSES sample,2304
Cc1cc2CCCN(c2c(F)c1)C(NCc1nc(C)ccc1)=O,MOSES sample,2305
C(Oc1cc(ccc1)F)CNC(=O)N1CCOCC1CC(C)O,MOSES sample,2306
c1(C)ccc(cc1)-n1c(c(cn1)C(NC(C(=O)N)COC)=O)CC,MOSES sample,2307
O=c1c(ccc([nH]1)C)C(N(CC(=O)Nc1cc(OC)ccc1)C)=O,MOSES sample,2308
OCC(C(OC)=O)Oc1cc(ccc1)Br,MOSES sample,2309
CCCN1CCCC2(CCN(C(=O)Cc3ccc(Cl)cc3)C2)C1=O,MOSES sample,2310
COc1ccc(-c2n[nH]cc2C(=O)NCc2ccc(F)c(C)c2)cc1,MOSES sample,2311
CC(CCc1ccccc1)NC(=O)CN(C)c1ncccn1,MOSES sample,2312
COc1cc(OC)ccc1CNC(=O)c1cn(nn1)CC(N)=O,MOSES sample,2313
Fc1ccc(C(=O)Cn2c(nc3ccccc32)CC)cc1,MOSES sample,2314
C(CC(C)C)(=O)NCCCn1c2c(nc1C)cccc2,MOSES sample,2315
COCCCN1CC23CN(C(=O)c4ccccc4)CC(C2S1(=O)=O)C3,MOSES sample,2316
C(Cn1c(ncc1)-c1ccncc1)c1[nH]c(=O)cc(C(F)(F)F)n1,MOSES sample,2317
COC(=O)c1c(CSc2ncn[nH]2)cc(C)s1,MOSES sample,2318
O(CC(Nc1cccc(C(=O)NCc2cccc(c2)Cl)c1)=O)CC,MOSES sample,2319
C1CC1NC(=O)CN(C)c1nnc(cc1)Nc1ccccn1,MOSES sample,2320
C1C(=CCCC1)CCNc1cc(nc(C(C)C)n1)OC,MOSES sample,2321
CSc1nc(=O)n(CC(=O)NCc2ccc3c(c2)OCO3)cc1,MOSES sample,2322
C(OC(c1c2sc(nc2ccc1)-n1nc(C)cc1N)=O)C,MOSES sample,2323
C(NC(c1ccc(C(N(C)C)=O)cc1)=O)c1ccc2c(c1)OCO2,MOSES sample,2324
Cc1cc(C)n2nc(C(=O)Nc3ccc4c(c3)NC(=O)CO4)nc2n1,MOSES sample,2325
C(NC(c1cocc1)=O)C12CCCC1N(C(CC2)=O)C,MOSES sample,2326
N(C1CC1)C(Nc1cc(ccc1)NC(=O)C1CC1)=O,MOSES sample,2327
c1(C2CCN(CC2)C(NC2CC2)=O)nc(-c2ccc(cn2)C#N)no1,MOSES sample,2328
CCc1ccc(C(=O)Nc2sccc2C#N)s1,MOSES sample,2329
CC(C(N)=O)N1C(=O)C(C)Nc2cc3c(cc21)CCCC3,MOSES sample,2330
c1c(C)c(C(=O)C)ccc1NC(Cc1c[nH]c2cc(F)ccc12)=O,MOSES sample,2331
c1cc2cccnc2c(NC(NC2CCCCCC2)=O)c1,MOSES sample,2332
C1OCCN(C(C(N2CCN(CC2)c2ccccc2)C)=O)C1,MOSES sample,2333
c1c(nc(s1)-c1ccco1)C(=O)NCCNc1cccnc1,MOSES sample,2334
n1(c(C)nc2c1cccc2)C1CCN(C(=O)NCC2OCCC2)CC1,MOSES sample,2335
o1cccc1C(=O)N(CC(OCC)=O)C1CCCC1,MOSES sample,2336
C(N1c2c(OC(CC)C1=O)ccc(c2)N)C(=O)NC(C)CC,MOSES sample,2337
N(C(NC1CC1)=O)CCc1nc(C)nc(c1)N1CCOCC1,MOSES sample,2338
O=C(C1=C(C)Nc2nnnn2C1c1ccc(cc1)OC)OCC,MOSES sample,2339
Fc1c(F)c(C(=O)NCCc2ccsc2)ccc1F,MOSES sample,2340
O(C)C(c1cccc2c1oc(-c1cnccc1)cc2=O)=O,MOSES sample,2341
C(C)C1CCCCN1C(c1ccc(cc1)-n1nc(C)c(Cl)c1C)=O,MOSES sample,2342
COc1ccccc1Cc1nc(C2CCOC2)no1,MOSES sample,2343
NC(=O)C1CCCCC1Nc1ccc(C(F)(F)F)cn1,MOSES sample,2344
c1(ccccn1)OCC(Nc1c(cccc1F)F)=O,MOSES sample,2345
c1(c(c(nc(n1C)=O)C)CCC(Nc1cc(OC)ccc1F)=O)C,MOSES sample,2346
c1c(NC(=O)NCC(NCCC)=O)ccc2c1oc(=O)n2C,MOSES sample,2347
c1cc(ccc1)-c1nc(C(NCC(C)(C)c2ccncc2)=O)co1,MOSES sample,2348
n1n2c(ccc1NC(c1ccc(C(N)=O)nc1)=O)nnc2C(C)C,MOSES sample,2349
N(C(c1cc2c(o1)c(c(C)cc2C)C)=O)(Cc1occc1)CCC#N,MOSES sample,2350
C(NC(=O)c1cc2c(c(OC)ccc2)o1)c1cccc(OC)c1,MOSES sample,2351
c1cnc(cc1)CNC(=O)C1CC2OC1CN(C2)S(=O)(CC)=O,MOSES sample,2352
Cc1cccc(-c2c(NCC(=O)N3CCOCC3)c(=O)c2=O)c1,MOSES sample,2353
C(C(Nn1cnnc1)=O)CSc1ccc(Cl)cc1,MOSES sample,2354
n1nnn(c1C(C)C)CC(=O)NCc1cc(C)ccc1,MOSES sample,2355
O=C(c1ccc(cc1)S(C)(=O)=O)C1CCCCC1,MOSES sample,2356
c1(Cc2c(C)cccc2)oc(nn1)C(NCC=C)=O,MOSES sample,2357
C(OC)(=O)c1ccc2c(n3c(nnc3-c3ccncc3)n2C)c1,MOSES sample,2358
c1cc(C(NCCC)=O)ccc1NC(NC(C)c1ccccc1)=O,MOSES sample,2359
Cc1ncncc1NCc1ccc(-n2cccn2)c(F)c1,MOSES sample,2360
c1(cc2c(cc1)[nH]cc2CC(Nc1nn(cc1)C)=O)OC,MOSES sample,2361
C1CCCC(N1)C(c1ccc(F)c(Br)c1)=O,MOSES sample,2362
c1(ccc(C)nc1)CC(N1CCC(c2nc(CCC)no2)CC1)=O,MOSES sample,2363
n1c(CCC(=O)Nc2cc(ccc2OCCC)Cl)oc(n1)C,MOSES sample,2364
C1C(C(CN(C1)C(c1ccoc1)=O)Cc1cccc(C)c1)O,MOSES sample,2365
n12cncc2CN(Cc2c(noc2C)C)C(C)C1C,MOSES sample,2366
CC(CNC(=O)c1c2c(ccc(N)c2ccn1)Cl)C,MOSES sample,2367
S(N1C(CCC1)C(Nc1cccc(c1)OCC)=O)(=O)(=O)CCC,MOSES sample,2368
C(NC(c1cccnc1SC(F)F)=O)CCN1CCOCC1,MOSES sample,2369
c1cc(C(=O)Nc2cccc(NC(=O)OC)c2)ccc1C(=O)C,MOSES sample,2370
CCN(CCC#N)C(C)C(=O)c1ccc2c(c1)NC(=O)C(C)O2,MOSES sample,2371
CN(C)C(=O)C(Cc1ccccc1)Nc1ccccc1,MOSES sample,2372
O=C(Nc1ccccc1)N1CCN(c2ccc(O)cc2)CC1,MOSES sample,2373
Fc1cccc(c1)NCC(Nc1ccc(C)c(c1)S(=O)(N)=O)=O,MOSES sample,2374
n1c(n(CC)cc1)CN1CCN(CC1)C(=O)CCC1CCCO1,MOSES sample,2375
O=C(c1c(S(=O)(C(C)C)=O)cccc1)N(CC=C)CC=C,MOSES sample,2376
c1(n(ccn1)C)CN(C1COCCC1)C(=O)c1cc(C)n(n1)C(C)C,MOSES sample,2377
Cc1cc(C(F)(F)F)c2c(N3CCOCC3)n[nH]c2n1,MOSES sample,2378
C(#N)CC(N1CCN(C(=O)NC(c2ccc(cc2)C)CC)CC1)C,MOSES sample,2379
C(CCC(c1cc(Cl)ccc1)=O)(=O)NCC(F)(F)F,MOSES sample,2380
c1(C(=O)N2CCCC2)ccc(o1)-n1c(c(CO)nn1)CCC,MOSES sample,2381
c1(c(cccc1)C(=O)NC(C(C)C)C)NS(=O)(=O)C,MOSES sample,2382
CCC(C)NC(=O)Nc1ccc(Oc2cccnc2)nc1,MOSES sample,2383
c1c2c(ncnc2NCCc2scc(C3CC3)n2)sc1C,MOSES sample,2384
c1c(cccc1)-c1nc(on1)C(CNC(=O)C1CCCCC1C)C,MOSES sample,2385
C(=O)(NC1CCCC1)N(CCO)C1CCCCC1,MOSES sample,2386
C(C)(C)C1C(C(OC(C)CC)=O)C(C2(CC1CC2)C(=O)OC)=O,MOSES sample,2387
C(COc1ccccc1)n1ccc(NS(=O)(c2ccccc2)=O)n1,MOSES sample,2388
n1csc(c1C)C(=O)N(C1CC1)C1CCCCC1,MOSES sample,2389
O=C(c1csnc1C)NCCc1sc2c(n1)cccc2,MOSES sample,2390
C(c1c(onc1C)C)N(C)c1cc(ncn1)N(Cc1ncccc1)C,MOSES sample,2391
Cc1c(NC(C(C)Oc2ccccc2)=O)ccc(N)c1,MOSES sample,2392
CC(C)(C)C(NC(=O)c1c(nc(s1)C)C)CO,MOSES sample,2393
C(#N)CCC(CSc1nnc(C)s1)(C)CC,MOSES sample,2394
CN(C(=O)CSc1nnc(-c2ccccc2F)n1C)C1CC1,MOSES sample,2395
c1nccc(-c2nc(cc(n2)C2CC2)NCCN2CCCCC2=O)c1,MOSES sample,2396
CC(Cn1c(ccn1)NC(=O)c1c[nH]c2c1c(ccc2)F)C,MOSES sample,2397
C1CN(CCN1C(=O)C)CC(=O)c1ccc(c(c1)F)F,MOSES sample,2398
Cc1c(C(=O)N2CCC(C)(O)C(C)C2)cnn1-c1cccc(Cl)c1,MOSES sample,2399
C1(N(C(=O)CCC(N(CC)CC)=O)Cc2cccs2)CC1,MOSES sample,2400
Fc1cccc(c1NC(NCCc1c(n(nc1C)C)C)=O)F,MOSES sample,2401
O=C(NCC(N1CCOCC1)C)COc1c(cccc1)CC,MOSES sample,2402
C(C)Cn1ccnc1CN1C(CN(CC1)C(=O)OC(C)(C)C)C,MOSES sample,2403
COc1cc(NC(=O)c2ccncc2)cc(OC)c1OC,MOSES sample,2404
c1cn(c(c(n1)NC(=O)c1c2c(C)nn(c2nc(c1)C)C)=O)C,MOSES sample,2405
c1c(occ(c1=O)OCCC)C=Cc1ccccc1,MOSES sample,2406
c1cc(c(cc1C)O)-c1cc([nH]n1)S(=O)(NCCC(C)C)=O,MOSES sample,2407
c1ccc(C(=O)CSc2n(C3CCCC3)nnn2)cc1OC,MOSES sample,2408
C1CC(=O)N(c2c1cc(cc2)C(OC1CCCC1)=O)C,MOSES sample,2409
C(NC(=O)c1ccc(cc1)C)CNc1ncccn1,MOSES sample,2410
O=S(NCCc1ccc(Cl)cc1)(=O)CC(=O)OC,MOSES sample,2411
C(C(N1CCN(C(C)=O)CC1)C)(Nc1cc2OC(F)(F)Oc2cc1)=O,MOSES sample,2412
Cc1nc(COc2ccccc2C(=O)Nc2cccnc2)no1,MOSES sample,2413
CCCCN(Cc1ccco1)C(=O)NCc1nnc2n1CCC2,MOSES sample,2414
COCc1nnc(NC(=O)Cn2c(=O)oc3ccccc32)s1,MOSES sample,2415
O=C(NCc1ccccc1)N1CC(OC(C)C1)C(=O)OC,MOSES sample,2416
Cc1ccc(c2c1C(c1c(OC)cccc1)NCC2)OC,MOSES sample,2417
C=CCN1CCN(C(=O)c2ccc(OCC)cc2)CC1,MOSES sample,2418
C(CC)(Oc1ccc(cc1)Cl)C(Nc1noc(C)c1)=O,MOSES sample,2419
c1ccc2-c3c(Cc2c1)c(no3)C(=O)NCc1c(cccc1)OC,MOSES sample,2420
c1(OC)ccc(Br)c(c1)COC(=O)C1CCCO1,MOSES sample,2421
Cc1cc(C(=O)NCCn2nc(C(F)(F)F)n(C)c2=O)on1,MOSES sample,2422
c1(C)ccc(cc1)CCC(=O)NCc1ccc(S(N)(=O)=O)cc1,MOSES sample,2423
c12sc(-c3n(c(SCC(=O)C(C)(C)C)nn3)N)cc1cccc2,MOSES sample,2424
CC(C)(c1noc(n1)CCNC(Nc1ccc2CCCc2c1)=O)C,MOSES sample,2425
c1(Cn2c(CNC(Nc3ccncc3)=O)nnc2)ccccc1,MOSES sample,2426
C(OC(c1nn(-c2ccc(Cl)cc2)cc1OC)=O)C,MOSES sample,2427
c12CC(c3ccccc3)(C(Cc2oc(c(c1)C(=O)OC)=O)OC(=O)C)C,MOSES sample,2428
c12CCCCc2cccc1NC(c1cccc2c1cn[nH]2)=O,MOSES sample,2429
O(CCC)C(=O)c1cc(OC)c(OCC)c(Br)c1,MOSES sample,2430
COc1ccc2oc(CNCCc3c(C)noc3C)cc2c1,MOSES sample,2431
c1(ccncc1)C(NC(=O)NCCc1ccc(-n2nccc2)cc1)C,MOSES sample,2432
c1(cc(sc1C)C)C(C)NC(N(C)C(C)c1ccccn1)=O,MOSES sample,2433
c1cccc(CN(C(=O)Cn2cnnc2C#N)C(C)(C)C)c1,MOSES sample,2434
O=C(Nc1c(cccc1C)C)c1n2cc(ccc2nc1)C,MOSES sample,2435
c1(cccc(c1)CC(=O)Nc1ccc(cc1)C(NCC(C)C)=O)OC,MOSES sample,2436
Cc1[nH]nc(-c2ccc(cc2)NC(c2nccc(c2)Cl)=O)c1,MOSES sample,2437
CN(S(=O)(=O)c1ccc(c(C(F)(F)F)c1)Br)C,MOSES sample,2438
CNc1cnc(C(C)C)nc1C(=O)NCc1ccccn1,MOSES sample,2439
c1(OC)ccc(cc1CC(=O)Nc1ncccc1O)OC,MOSES sample,2440
Cc1sc(C(=O)Nc2ncccc2C)cc1S(=O)(=O)N(C)C,MOSES sample,2441
Cc1cccc(C(N)=O)c1NCc1cccc(F)c1,MOSES sample,2442
c1(NC2C(=O)N(c3c(cccc3F)F)CC2)cnn(c(=O)c1Cl)C,MOSES sample,2443
c12nc(CNC(C3CN(CCC3)C(=O)C3CC3)=O)[nH]c1cccc2,MOSES sample,2444
C(NCC(C)C)(=O)C1CCCN(S(CCCC)(=O)=O)C1,MOSES sample,2445
Cn1cc(NC(=O)c2cccc(Cl)c2F)ccc1=O,MOSES sample,2446
c1cncc(NC(=O)CCC(c2cccs2)O)c1,MOSES sample,2447
CCC1CN(C(=O)Cn2ccc3ccn(C)c3c2=O)CCO1,MOSES sample,2448
CC(C)Nc1ccc(C(=O)NC(C)(CO)CO)cc1,MOSES sample,2449
O=C(COCc1nc(-c2ccncc2)no1)N1CCc2ccccc21,MOSES sample,2450
c1cc2n(c(SC)nc2C(=O)Nc2cc(ccc2)C)cc1,MOSES sample,2451
c1(C)oc(nc1C(NC(=O)C(C)Sc1nc(CC)n[nH]1)C)C,MOSES sample,2452
O=C(Nc1c(F)ccc(c1)F)CNc1cc(C(N)=O)c(F)cc1,MOSES sample,2453
O=C(Nc1cccc(Cn2ccnc2)c1)c1ccccc1-c1cccnc1,MOSES sample,2454
c1c(-n2nncc2)ccc(C(Nc2c3[nH]ncc3ccc2)=O)c1,MOSES sample,2455
COC(c1ccc(cc1)CN(C)Cc1sccn1)=O,MOSES sample,2456
Cc1cc(C)nc(NC(=O)NCCC(=O)N2CCCC2)c1,MOSES sample,2457
n1nc(O)n(c1SC)C(C)C(=O)NCc1ccc(OC)cc1,MOSES sample,2458
O=C1CCCc2c1c(nn2-c1ccccc1)C(Nc1ccncc1)=O,MOSES sample,2459
O=C(c1ccn(c(=O)c1)C)Nc1c(c(Cl)ccc1)C,MOSES sample,2460
CC(n1ncc(-c2n(ccn2)CCC(=O)N2CCCCC2)c1)(C)C,MOSES sample,2461
CC(Oc1cccc(N)c1)C(=O)NC1CCCCCC1,MOSES sample,2462
CS(=O)(=O)N(Cc1cccs1)c1ccc(F)cc1,MOSES sample,2463
c1(noc(n1)C(C(C)C)NC(c1oc(COC)cc1)=O)C,MOSES sample,2464
c12c(c(ccc13c(cccc3)C(=O)N2C)OC)CCCN,MOSES sample,2465
Cc1ccc(C(=O)Nc2cccc(C(=O)N(C)C)c2)cc1C,MOSES sample,2466
c1cc(ccc1CCNC(=O)Cc1nc2nc(cc(C)n2n1)C)F,MOSES sample,2467
c1c(c(cc(c1)C1c2c(C)nn(C)c2NC(C1)=O)F)-n1cncn1,MOSES sample,2468
CC(C)c1nnc2n1CCN(C(=O)c1c[nH]nc1C1CCCCC1)C2,MOSES sample,2469
N12c3c(CN(CC1)C(=O)c1cnc4n1cc(C)cc4)cccc3CCC2=O,MOSES sample,2470
Cn1cnnc1-c1ccc(NC(=O)c2cc3ccccc3o2)cc1,MOSES sample,2471
N#Cc1csc(CN2CCC(C(=O)c3ccc(O)cc3)CC2)c1,MOSES sample,2472
s1cc(CN(C(COc2ncc(cc2)NC(=O)C)=O)C)cc1,MOSES sample,2473
N(CC(NCC)=O)C(=O)c1c(OC)cc2ccccc2c1,MOSES sample,2474
c1(CCCNC(c2nc(CC)no2)=O)ccccc1,MOSES sample,2475
N1(C(CCC(C#N)c2c(cc(OC)cc2)OC)=O)CCOCC1,MOSES sample,2476
Clc1ccc(NC(=O)CCC(c2c(cccc2)OC)=O)cc1,MOSES sample,2477
CC(Oc1ccc(F)cc1)C(=O)NCCc1nc2ccccc2[nH]1,MOSES sample,2478
c1cccc(OC(C)C(NCC(c2ccncc2)(C)C)=O)c1C#N,MOSES sample,2479
COc1ccc2[nH]cc(CC(=O)NCc3ccc4c(c3)OCO4)c2c1,MOSES sample,2480
c1nncn1-c1ccc(cc1)C(=O)Nc1ccc2c(c1)oc(C)n2,MOSES sample,2481
CC(Nc1nccn(C)c1=O)c1cccc2ccccc12,MOSES sample,2482
c1c(ccc(-n2ncnc2)c1)OCC(N(C1CCCC1)C(C)C)=O,MOSES sample,2483
CCOCC(=O)Nc1cccc(NC(=O)OCC)c1C,MOSES sample,2484
C1C(CN(C(C2CCN(C(=O)C)CC2)=O)CC1)COCC,MOSES sample,2485
n1c(CNc2c(cc(C)cc2)OCc2nccn2C(F)F)csc1,MOSES sample,2486
c1c2ccc(n(CC)c2ccc1C(NCCNC(=O)C1CC1)=O)=O,MOSES sample,2487
C(=O)(NCC(NC1CC1)=O)CCc1onc(n1)C,MOSES sample,2488
COc1ccc(-c2cc(C(C)=O)c(=O)n(C)n2)cc1C(C)C,MOSES sample,2489
Cn1ccc(n1)NC(C(Sc1ncccn1)C)=O,MOSES sample,2490
C(=O)(NCC(=O)Nc1cc(Cl)ccc1O)C(C)(C)C,MOSES sample,2491
C(COCC(=O)N1CCN(CC1)C(CO)=O)OC,MOSES sample,2492
CC1COCC(C)N1Cc1ccccc1OCC#C,MOSES sample,2493
c1ccc2cc(C(NCC3OCCC3)=O)c(=O)[nH]c2c1,MOSES sample,2494
OCC1(CCC1)NC(c1ccc(-n2ccnn2)cc1)=O,MOSES sample,2495
c1c2C(=NS(c2ccc1)(=O)=O)NCCC(=O)OCCCC,MOSES sample,2496
c1cc(C(N2CCOCC2)CNC(N)=O)c(OC)cc1F,MOSES sample,2497
C(c1ccncc1)NC(c1oc(-c2nc3c(cccc3)s2)cc1)=O,MOSES sample,2498
c1cnccc1CNc1scc(n1)CC(=O)OC,MOSES sample,2499
n1(-c2ccccc2)nnc(c1C)C(=O)Nn1c2c(cccc2)nc1,MOSES sample,2500
C(CN(C)C(c1nc(C)ns1)=O)c1c(cccc1)OC,MOSES sample,2501
Fc1cccc(Br)c1OCC(C)(C)O,MOSES sample,2502
CC(Cc1ccccc1F)C(=O)Nc1ccc(=O)n(C)c1,MOSES sample,2503
c1(ccc(cc1)C(N)=O)NC(=O)Cn1c2c(cc1)c(OC)ccc2,MOSES sample,2504
c1ccc(-c2cc(n(cn2)CC(NCc2ccc(OC)cc2)=O)=O)cc1,MOSES sample,2505
n1n2CCCC(c2nc1CC)NC(NC(c1c(OC)cccc1)C)=O,MOSES sample,2506
C1CCN2C(COC(CNC(=O)N3CC(C)(C)OCC3)C2)C1,MOSES sample,2507
c1ncccc1Oc1c2c(n(-c3ccccc3)nc2)ncn1,MOSES sample,2508
O=C(NCCCS(=O)(=O)c1ccc(F)cc1)c1ccccc1F,MOSES sample,2509
N1(C)C(C2(CN(CC2)C(c2ocnc2)=O)c2ccccc21)=O,MOSES sample,2510
c1cc2c(cc1C)oc(-c1nc(nc(NC)n1)-c1ccccc1)c(c2)=O,MOSES sample,2511
C1N(C(=O)C2COc3c(cccc3)C2)CC(CC1)NC(C)=O,MOSES sample,2512
Fc1c(c(ccc1)F)C(=O)NCc1ccc2c(c1)OCCCO2,MOSES sample,2513
C(Oc1cc(F)ccc1-c1noc(C)c1C(NCC)=O)(C)C,MOSES sample,2514
C(S(=O)(=O)NC1CCCC1)c1c(cccc1)Cl,MOSES sample,2515
Fc1ccc(cc1)C(CNC(=O)c1ccco1)OC,MOSES sample,2516
c1(ccc(c(n1)OCC)S(=O)(N)=O)N(C)CCN1CCOCC1,MOSES sample,2517
COc1cccc(OCCc2nc(N)cc(C)n2)c1OC,MOSES sample,2518
C1CCN(C1=O)CCN(C)C(=O)c1oc2ccccc2c1C,MOSES sample,2519
c1cc(S(=O)(NCC2CCOC2)=O)ccc1NC,MOSES sample,2520
C(NC1CC1)(c1cc(NCC(=O)N2CCCCCC2)ccc1)=O,MOSES sample,2521
C1c2c(CCC1)ccc(CC(=O)Nc1cc(-n3cnnn3)ccc1F)c2,MOSES sample,2522
c1c(n(C2CCCCC2)nc1)NC(CCn1c(cccc1)=O)=O,MOSES sample,2523
O=c1c2[nH]c3cccc(Cl)c3c2ncn1Cc1ccncc1,MOSES sample,2524
Clc1c(sc(C)c1)C(=O)NCc1ccco1,MOSES sample,2525
c1c2c(n(C3CCCCC3)c(CNC(c3cccs3)=O)n2)ccc1,MOSES sample,2526
CSc1nn2c(COc3ccc(Cl)cc3)nnc2cc1OC,MOSES sample,2527
O=C(c1occc1)NC(C(C)C)C(=O)Nc1ccc(C)c(C)c1,MOSES sample,2528
Cn1cccc1C(=O)Nc1cc(Br)ccc1N,MOSES sample,2529
c1ccc(cc1)COC(c1c(c(ccc1)OC)F)=O,MOSES sample,2530
O=C(NCc1ccnc(OC2CCC2)c1)Nc1ccc(F)c(Cl)c1,MOSES sample,2531
C1CCN(C(CCc2c(C)n(nc2)C)=O)CC1CC(=O)N,MOSES sample,2532
NC(=O)N1CCC(NC(=O)c2cc(C3CC3)on2)CC1,MOSES sample,2533
Nc1ccc(Cl)c(NC(=O)Cn2cc(Br)ccc2=O)c1,MOSES sample,2534
Nc1nc(SCC(=O)c2ccc3c(c2)NC(=O)CO3)n[nH]1,MOSES sample,2535
c1(nc(no1)C1CCN(C(COc2ccc(C)cc2C)=O)CC1)C,MOSES sample,2536
c1(C)noc(n1)C(C)NC(=O)C1C(c2cc(F)ccc2)C1,MOSES sample,2537
CCCCn1nccc1NC(=O)c1ccc(-n2cncn2)cc1C,MOSES sample,2538
c1(-n2c3c(CNCC3)c(-c3ccc(cc3)OC)n2)ccccc1,MOSES sample,2539
c1cc(Cn2c3nc(n(CC=C)c3c(=O)[nH]c2=O)-c2cccnc2)oc1,MOSES sample,2540
C(COC(=O)N1CCN(CC1)C(=O)c1c2ccccc2[nH]n1)OC,MOSES sample,2541
O=C(NCc1ccc(nc1)OC)C1C(c2cc(c(cc2)C)C)C1,MOSES sample,2542
c1(F)cc2c(coc2cc1)CC(NCCS(N)(=O)=O)=O,MOSES sample,2543
c1cnc(CN(CC2OCCC2)Cc2scnc2)cc1,MOSES sample,2544
N(CCc1ccccc1)C(CS(=O)(c1ccc(C)cc1)=O)=O,MOSES sample,2545
Cc1nn(-c2ccccc2)c(C)c1C(=O)NCCOc1ccccc1,MOSES sample,2546
O=S(Nc1c(F)cc(C)cc1)(=O)c1ccc(C(OC)=O)cc1,MOSES sample,2547
C1(C)CN(CC(C)O1)CCNC(=O)Cc1ccccc1,MOSES sample,2548
C(#N)C1(N(C)C(=O)CCCOc2ccccc2C)CCC1,MOSES sample,2549
COc1ccc(Cl)cc1NC(=O)c1nnn(-c2ccccc2)n1,MOSES sample,2550
CN(CC1CCCC1)C(=O)Nc1ccc(-c2nnnn2C2CC2)cc1,MOSES sample,2551
O=C(CCn1nnc2ccccc2c1=O)NCc1cccnc1,MOSES sample,2552
C(c1sc(nc1)C)OC(CN(C(=O)c1sccc1)C)=O,MOSES sample,2553
c1c([nH]c(cc1)=O)C(=O)NC(Cn1cccn1)CC,MOSES sample,2554
CC(CNCCS(c1cccc(c1)Br)(=O)=O)O,MOSES sample,2555
c12cc(OCC)ccc1c(cc(o2)=O)C(NCCCOC)=O,MOSES sample,2556
N(C1CCC(C)CC1)C(=O)CSc1nc(C)c(C(C)=O)cc1C#N,MOSES sample,2557
CC(n1c(c(cc1C)C(=O)CSc1ncc(c(n1)N)C#N)C)C,MOSES sample,2558
Cc1oncc1C(=O)Nc1cc(C(C)C)c(O)cc1C,MOSES sample,2559
C(=O)(N1CCN(Cc2oc(c(C)n2)C)CC1)c1cc2ccccc2o1,MOSES sample,2560
NC(=O)Cn1ccc2c(C(=O)NC3CCCC3)cccc21,MOSES sample,2561
n12cnnc1[nH]c(c(Cc1nc(-c3ccc(F)cc3)n[nH]1)c2=O)C,MOSES sample,2562
Cc1n[nH]c(C)c1C1CCCN1C(=O)Nc1cc(F)c(F)cc1Cl,MOSES sample,2563
CCc1ccc(C(=O)Cn2nnc(-c3ccccc3C)n2)cc1,MOSES sample,2564
c1(C(=O)Nc2nc(-c3ccccc3)cs2)c(OC)nccc1,MOSES sample,2565
c1ccc2CN(CCn12)C(c1nc2ccc(cc2c(n1C)=O)C)=O,MOSES sample,2566
C(c1sc(C)nc1)NC(N1CCCC1c1c(Cl)cccc1)=O,MOSES sample,2567
Cc1ccc(C(O)(CNC(=O)c2ccc3[nH]cnc3c2)C(C)C)o1,MOSES sample,2568
c1cccc(c1Cl)CS(=O)(c1ccc(F)cc1)=O,MOSES sample,2569
C(OC)CN1C(CN(C(=O)NCC=C)CC1)CC,MOSES sample,2570
CC(C)(C)c1ccc(NC(=O)Cn2[nH]c(=O)ccc2=O)cc1,MOSES sample,2571
C(NC(c1c(c(no1)C(OC)=O)N)=O)c1ccc(C)cc1,MOSES sample,2572
n1c(CNC(=O)c2cccc(C)c2)n(CC)c(C2CC2)n1,MOSES sample,2573
CN(C)c1ccc(NC(=O)c2ccc(OCC(F)F)nc2)nc1,MOSES sample,2574
C(c1cccs1)N(C(Nc1c(F)ccc(F)c1)=O)C,MOSES sample,2575
Clc1cccc(Cc2nnc(NC(C3OCCC3)=O)o2)c1,MOSES sample,2576
c1cccc2SCC(N(CC(=O)OCCc3ccccc3)c21)=O,MOSES sample,2577
O=C(NCC(=O)NCc1ccoc1)c1cccs1,MOSES sample,2578
C1(CC(Nc2nc(no2)C)=O)Cn2c(SC1)nc(C)c(C)c2=O,MOSES sample,2579
O=C(C(n1nnc(n1)-c1ccc(Br)cc1)C)NC(C)(C)C,MOSES sample,2580
C1NC(=O)CN(C1)C(C1(CCCCC1)c1sc2ccccc2n1)=O,MOSES sample,2581
c1(-n2cnnn2)cccc(c1)C(=O)Nc1ccc(OCC)cc1Cl,MOSES sample,2582
Nc1ccc(cc1C(=O)NCC1CCOCC1)Cl,MOSES sample,2583
Cc1ccccc1-c1nc(CS(=O)(=O)c2nncn2C2CC2)no1,MOSES sample,2584
c1ccc(c(NC(=O)c2nc(oc2C)C)c1)C(N)=O,MOSES sample,2585
c1cc(c(cc1)CNC(Nc1nnc(s1)CCC)=O)F,MOSES sample,2586
C1CCc2c(cccc2)C1N(C)C(=O)CCn1c2c(cccn2)cc1,MOSES sample,2587
C(C)(CO)(NC(c1csc(n1)Cc1ccc(cc1)OC)=O)C,MOSES sample,2588
N(C(=O)C1CCN(C(=O)C2CC2)CC1)c1nnc(s1)C(F)(F)F,MOSES sample,2589
c12cc(OC)ccc2oc(C(=O)NCCCOC)c1C,MOSES sample,2590
O(c1ccc(cc1)OCC(=O)Nc1cc(nn1CCC)C)C,MOSES sample,2591
Cc1ccccc1OCCCC(=O)N(C)CC1CCCO1,MOSES sample,2592
O=C(Nc1ccc(n(CCC)c1)=O)c1cccn1Cc1ccncc1,MOSES sample,2593
CC(C)(NS(=O)(c1ccc(cc1)NC(C(C)C)=O)=O)C,MOSES sample,2594
c1c(ccc(-n2cncc2)c1)C(NC(=O)c1cnc[nH]1)C,MOSES sample,2595
O=C(NCc1ccccn1)Nc1cccc(CSc2ccccn2)c1,MOSES sample,2596
o1ccc2C(CCCc12)NC(c1c(OCCOC)cccc1)=O,MOSES sample,2597
c1(OC)ccc(OC)c(c1)-c1nc2n(cc(cc2)CO)c1,MOSES sample,2598
O=C(NCc1cnccc1)NC1CCc2c1ccc(Cl)c2Cl,MOSES sample,2599
CCN(CC)C(=O)CCNS(=O)(=O)c1ccc(F)cc1F,MOSES sample,2600
c1cc(cc(c1)S(=O)(NCc1ccncc1)=O)C(NCC(C)C)=O,MOSES sample,2601
C(C(C(C)(C)C)=O)Sc1[nH]c(=O)cc(CCC)n1,MOSES sample,2602
c1(ccco1)CNC(c1c2c(n(C)[nH]c2=O)nc(C2CC2)c1)=O,MOSES sample,2603
C(C)(=O)NCc1ccc(-c2csc(n2)-c2ccccc2F)cc1,MOSES sample,2604
c1(cccc(c1)C(OCCCNC(N)=O)=O)NC(C)=O,MOSES sample,2605
C(C)(=O)N1CCN(C(=O)c2cc(c(cc2)C)C)CC1,MOSES sample,2606
C=CCCC1NCCc2c(O)ccc(C(F)(F)F)c21,MOSES sample,2607
N1(c2c(cccc2)CCC1=O)CCC(=O)N1C(COCC1)C1CC1,MOSES sample,2608
c1(ccc(cc1)Cl)-c1csc2c1c([nH]c(=O)[nH]2)=O,MOSES sample,2609
Cc1nn2nc3c(c(-c4ccccc4)c2n1)CCC3,MOSES sample,2610
O=S(c1c(C)oc(c1)C(=O)N(C)c1c(cc(C)cc1)C)(=O)NC,MOSES sample,2611
c1sc(nc1Cn1c(c(C)n(CC)c1=O)C)N1CCOCC1,MOSES sample,2612
c1(ccc(cc1)COCC1CCCO1)CNC(=O)c1c(ncnc1)C,MOSES sample,2613
c1[nH]c(C(OC)=O)cc1CN1CC(CC1)n1nc(cc1C)C,MOSES sample,2614
n1n(cnc1CNC(NCCc1ccccc1OC)=O)C,MOSES sample,2615
C1(CC(NC(C)=O)CNC(c2c(cc(cc2)C)O)=O)CCCCC1,MOSES sample,2616
CNC(=O)COC(c1ccccc1)c1cccc(OC)c1,MOSES sample,2617
C(S(=O)(=O)N)CNC(=O)c1ccc(cc1)Oc1ncccn1,MOSES sample,2618
CC(c1[nH]ncc1S(=O)(=O)NCCc1[nH]ncn1)(C)C,MOSES sample,2619
c1(C(N)=O)ccc(Oc2ccc(cc2)C(=O)N)cc1,MOSES sample,2620
C(F)(F)(CN1CCN(C(=O)c2cn[nH]c2C)CC1)F,MOSES sample,2621
c1(C)ccc(Nc2nc3nonc3nc2N2CCOCC2)cc1,MOSES sample,2622
CCCCS(=O)(=O)NC(c1ccc(CC)cc1)C#N,MOSES sample,2623
Cc1cc(C)cc(CC2Oc3ccc(O)cc3N(CCO)C2=O)c1,MOSES sample,2624
n1c(nc(n1-c1ccc(cc1)C)-c1cscc1)C,MOSES sample,2625
N(Cc1c2OCOCc2cc(Cl)c1)C(=O)NC1CC1,MOSES sample,2626
c1ccccc1CCC(=O)OC1CCOCC1OC,MOSES sample,2627
c1cc(=O)n(CCOc2cc(Cl)ccc2)nc1C(=O)N,MOSES sample,2628
c12CCC(NC(=O)CC3CC3)(C(=O)N)Cc3c2c(ccc3)ccc1,MOSES sample,2629
c12sc(C)nn1c(C#N)c(n2)-c1ccc(CCC)cc1,MOSES sample,2630
c1c(C)sc(-c2c(N)n(nn2)-c2ccccc2F)c1,MOSES sample,2631
c1c(F)cc(F)c(c1)C(N(C)C(NCc1nnc2n1CCC2)=O)C,MOSES sample,2632
O=C(N)c1nc2c(CN(CC2)C(=O)CCc2ccco2)s1,MOSES sample,2633
c1(N)cc(nc(n1)SCC(NC1(C(OC)=O)CCCC1)=O)N,MOSES sample,2634
C(=O)(Nc1c(C(N2CCOCC2)=O)cccc1)C(CC)CC,MOSES sample,2635
N(C)(C(=O)c1ccc(cc1)NCC(Nc1c(cccc1C)C)=O)C,MOSES sample,2636
O=c1c(-c2nc(-c3ccc(C)cc3)no2)c[nH]c2ccccc21,MOSES sample,2637
c1c(Br)cc(Br)c(C(NCC#C)=O)c1,MOSES sample,2638
C(Cn1ncc(NC(=O)COc2c(cccc2C)C)c1)(F)(F)F,MOSES sample,2639
C(C)(c1nc(-c2ccc(CNC(=O)N)cc2)on1)C,MOSES sample,2640
C(CNc1cc(ccc1F)Cl)(N(C)C1CCC(CC1)C)=O,MOSES sample,2641
O=C(c1cn[nH]c1)N1CCN(CC(O)c2ccccc2)CC1,MOSES sample,2642
Brc1ccc(c(c1)-c1n(ccn1)Cc1n(C)ccn1)OC,MOSES sample,2643
CN(C)c1cccc(C(=O)NCC#Cc2ccc(C(=O)N)cc2)c1,MOSES sample,2644
Cc1nc2cccnc2n1-c1cccc(C(=O)NC2CCCC2)c1,MOSES sample,2645
n1nsc(C(Nc2ccc(CC(=O)NC(C)C)cc2)=O)c1C,MOSES sample,2646
Cc1cc(c(cc1-n1nc(c(n1)C)C(OCC)=O)Cl)Cl,MOSES sample,2647
Cc1ccc(C(=O)Nc2ccc(OC(F)F)cc2)o1,MOSES sample,2648
c1cocc1C(NC(C)C(N(C(C)CC)C(CC)C)=O)=O,MOSES sample,2649
C1(CCN(C(Nc2c(ccnc2)C)=O)CC1)n1cccn1,MOSES sample,2650
Nc1nc(-c2ccccc2)nn1C(=O)c1c(F)cccc1F,MOSES sample,2651
O=C(NC1CCN(C(=O)c2ccoc2)C1)c1ccsc1,MOSES sample,2652
N(C(=O)c1cc(ccc1)Br)c1ccc(O)cc1N,MOSES sample,2653
O=C(Nc1ccccc1O)c1ccc(-c2ncon2)cc1,MOSES sample,2654
C(=O)(c1c(ccc(C)c1)F)Nc1ccc(CNC(=O)N)cc1,MOSES sample,2655
O=C(NCc1cscc1)Nc1ccc(SCC)nc1,MOSES sample,2656
O=C(Cc1ccon1)N1CCOC(c2ccc(Cl)c(Cl)c2)C1,MOSES sample,2657
C(NC(c1cc2cc(Cl)ccc2o1)=O)CCn1cncc1,MOSES sample,2658
CCc1c(C(=O)Nc2cc(S(C)(=O)=O)ccc2F)cnn1C,MOSES sample,2659
c1c(SC)nc(C(C)C)nc1C(NC(C)c1cnccc1)=O,MOSES sample,2660
c1(ccc(C)c(NC(=O)CS(c2nccs2)(=O)=O)c1)Cl,MOSES sample,2661
c1(OC)c(sc(c1)C)C(=O)N1CCN(CC1)c1ccc(cc1)O,MOSES sample,2662
c1cc(S(=O)(N2CCN(CC2)C(C(CC)CC)=O)=O)ccc1,MOSES sample,2663
c1ccc(CNC(CNc2c(OC(C)C)ccc(C#N)c2)=O)o1,MOSES sample,2664
O=C(CSc1nc(-c2cccs2)n[nH]1)Nc1nccs1,MOSES sample,2665
n1ccn(Cc2cccc(c2)NC(C2CC2)=O)c1C(C)C,MOSES sample,2666
N#CCCN(Cc1ccccn1)C(=O)Nc1ccccc1-n1cccn1,MOSES sample,2667
Clc1cnc(c(C#N)c1)NCCNc1nc(C)nc(c1)NCC,MOSES sample,2668
O=C(c1sc(nc1C)-c1ccccn1)NCC(O)c1cccs1,MOSES sample,2669
C(Oc1c(N)cc(OC(C)C)cc1)C(=O)NCC(C)C,MOSES sample,2670
Cc1ccc(CN(C)C(=O)Cc2coc3cc(O)ccc23)o1,MOSES sample,2671
c1(cc(nn1CC)C(C)C)C(=O)NC(c1ccccc1)CC,MOSES sample,2672
c1cc(-c2n(c(nn2)SCC(NCCC)=O)CC)sc1,MOSES sample,2673
c1(ccc(NC(=O)N(C)CCCOC)c(c1)C)C,MOSES sample,2674
C1C(NC(C2(NCc3n(c(c4ccccc4n3)=O)C)CCCC2)=O)C1,MOSES sample,2675
CN(C)c1cccc(C(N(C2CC2)CC(OCC)=O)=O)c1,MOSES sample,2676
O(C)c1cc(ncc1)NC(c1sc(C2CCCO2)nc1)=O,MOSES sample,2677
N(CC(C)C)(CCOC)c1c(C(C)=O)c(F)ccc1,MOSES sample,2678
c1(C(=O)OCc2cc(C(=O)C)ccc2OC)cc2c(CCC2)[nH]c1=O,MOSES sample,2679
N(C(c1cc(cc2[nH]cnc12)F)=O)c1ccccc1OCCOCC,MOSES sample,2680
OCCN(CCC)S(=O)(c1cnn(C)c1)=O,MOSES sample,2681
c12CN(C(=O)C)CCN(Cc2c(-c2ccccn2)ncn1)C(=O)C,MOSES sample,2682
c1cc(CNC(CN2CCOCC2)=O)c(OCC)cc1,MOSES sample,2683
c1(cc2c(cc1)NC(CC2)=O)C(NC(c1ccc(C)o1)C)=O,MOSES sample,2684
COc1ccc2c3c(c(=O)oc2c1)CCC3C(C)(C)O,MOSES sample,2685
c1c(csc1)C(=O)NCC(c1c(OC)ccc(c1)OC)O,MOSES sample,2686
S(c1sc2cccc(c2n1)F)CC(N1CC(CCC1)C(=O)N)=O,MOSES sample,2687
c12ccccc2N(C)CCN1C(=O)C1CC(N(C(C)(C)C)C1)=O,MOSES sample,2688
c1ccc(C(NCc2cc(C)oc2C)=O)c(n1)OCCOC,MOSES sample,2689
Cc1ccc(C(=O)C(N)CC(=O)c2ccccc2)cc1,MOSES sample,2690
n1(nc(c(c1C)C(=O)N1CCC(Sc2ccccc21)C)C)C,MOSES sample,2691
c1(CO)c2ccccc2nc(SCc2nc3c(cccc3)[nH]2)c1,MOSES sample,2692
CC(CNC(CNS(c1sccc1)(=O)=O)=O)(CC(C)O)C,MOSES sample,2693
c1(C(=O)N2CCN(c3ccc(F)cc3)CC2)nc(OC)ccc1,MOSES sample,2694
C1(C(=O)N2CCOCC2)C2CN(CCC2OCC1)Cc1cn(C)nc1,MOSES sample,2695
C(c1ccc(cc1)NC(=O)C1CCC1)N1C(CCC1)=O,MOSES sample,2696
c1c(S(=O)(N(CCC(C)C)C)=O)cc(C#N)c(F)c1,MOSES sample,2697
Cc1cccc(NC(=O)CCn2ccc3ccccc32)c1,MOSES sample,2698
N1(C(=O)c2ccc(F)cc2)CCN(C(=O)c2ccco2)CC1,MOSES sample,2699
C1C(CCO1)N(C(C)C)C(c1ccc(cc1)CN1C(=O)CCC1)=O,MOSES sample,2700
Fc1ccc2c(c1)c(c(C(=O)N(Cc1snnc1C)C)s2)C,MOSES sample,2701
c1(CCNC(=O)Nc2cccc(C(NC)=O)c2C)cccc(c1)F,MOSES sample,2702
C1CC(Nc2ncc3c(n2)COCC32CCN(C(C)=O)C2)C1,MOSES sample,2703
CC(C)Cn1cnnc1C1CCCN(C(=O)c2ccc(Cl)cc2)C1,MOSES sample,2704
n1cc2c(N3CCC3)ncnc2n1-c1cccc(c1)C,MOSES sample,2705
N1(CCC2(C1)C(=O)N(Cc1c(Cl)cccc1)CCC2)C(C)=O,MOSES sample,2706
O1CCOc2cc(ccc12)CNc1n(C)c2c(cccc2)n1,MOSES sample,2707
C(NC(=O)C1CC(=O)N(C(C)c2ccccc2)C1)CNC(=O)C,MOSES sample,2708
[nH]1nc(C(=O)N)c2cc(NCc3cc(ccc3OC)Cl)ccc12,MOSES sample,2709
Nc1nonc1-c1scc(-c2ccc(OC)cc2)n1,MOSES sample,2710
c1cc(=O)n(CC(Nc2c(cccc2)SC)=O)cc1,MOSES sample,2711
c1c(NC(=O)c2oc(cc2)Cn2cccn2)cc(F)cc1OC,MOSES sample,2712
N1(CCN(Cc2sccc2Br)CC1)C(C1CC1)=O,MOSES sample,2713
c1(ccc(C(N(CC)c2c(N)n(CCCC)c(=O)[nH]c2=O)=O)cc1)C,MOSES sample,2714
O=c1c(cc(-c2ccccc2)nn1CC)C(C)(C)O,MOSES sample,2715
Cc1ccc2c(Nc3cccc(C)c3C)c(C(N)=O)cnc2n1,MOSES sample,2716
CCCOc1cccc(NC(=O)c2ccc(C(=O)N(C)C)cc2)c1,MOSES sample,2717
Cc1ccncc1NC(=O)NC(C)c1ccc(OC(F)F)cc1,MOSES sample,2718
O=C(OCCOc1ccc(cc1)C#N)C1CC(=O)Nc2c1cccc2,MOSES sample,2719
C(CC(OC)=O)N(C(=O)c1ccc(Cl)cc1Cl)C(C)C,MOSES sample,2720
CCN(CC)C(=O)COc1ccc(C(C)O)cc1Cl,MOSES sample,2721
c1cc(Cl)ccc1CNC(=O)c1ccccc1-n1ccnc1,MOSES sample,2722
c1(-c2onc(COC(=O)c3cnoc3C)c2)ccc(cc1)C,MOSES sample,2723
CCOc1ccc(N)cc1S(=O)(=O)NCc1cccnc1,MOSES sample,2724
Cc1[nH]ncc1S(=O)(=O)Nc1cc(F)ccc1Cl,MOSES sample,2725
c1(cc(cc(c1)C)C)N1CCN(CC1=O)C(CCn1cnnn1)=O,MOSES sample,2726
Cc1cccc2c(=O)n(CC(=O)Oc3ccc(C#N)cc3)cnc12,MOSES sample,2727
c1nc(C)sc1CNC(NCc1cc(OC)ncc1)=O,MOSES sample,2728
N(CC)(C1CCCCC1)c1nc(ccc1C#N)-c1ccncc1,MOSES sample,2729
O(C)c1ccccc1CNC(=O)Cn1cnc2c(c(c(C)s2)C)c1=O,MOSES sample,2730
CN1CCN(C(=O)C2CCN(C(=O)c3ccco3)CC2)CC1,MOSES sample,2731
COc1ccc(Cc2cn3c(n2)SCC3CNc2ncccn2)cc1,MOSES sample,2732
N1(c2c(C)c(C)nc3ncnn32)CCCC(C1)C(=O)N1CCCC1,MOSES sample,2733
c1(n[nH]c(c1C(=O)C)C)CCc1ccc(OC)c(Cl)c1,MOSES sample,2734
c1c(C(NCCNC(C2CCC=CC2)=O)=O)ccc(F)c1,MOSES sample,2735
C1Cc2c(ncnc2CCN1C(c1c(CC)nns1)=O)C,MOSES sample,2736
C1C(NC(=O)CNC(NC(CCc2ccccc2)C)=O)CCC1,MOSES sample,2737
c12c(C(NC(COCc3ccccc3)=O)CCS1)cc(F)cc2,MOSES sample,2738
O=C(Nc1nn(Cc2cccnc2)cn1)C1(C(C1)(Cl)Cl)C,MOSES sample,2739
C1CC(CCN1C(c1ccc(c(F)c1)C)=O)OCc1c(F)cccc1,MOSES sample,2740
c1cc(cc(c1)C)C(c1n(-c2ccccc2)nnn1)O,MOSES sample,2741
c1(C)nn(c(=O)c(C(=O)Nc2cccc(CO)c2)c1C)C,MOSES sample,2742
n1c(ccc(c1)N1CCN(C(=O)c2cscc2)CC1)S(C)(=O)=O,MOSES sample,2743
n1c([nH]c(cc1N)=O)SCCC(=O)Nc1c(C)ccc(c1)Cl,MOSES sample,2744
COC(=O)c1cc(-c2cnn(CCC(C)C)c2C)nn1C,MOSES sample,2745
c1(C(N2CC(c3[nH]c(=O)cc(n3)C(C)C)CCC2)=O)[nH]nc(c1)CC,MOSES sample,2746
c1c(NC(Nc2cccc(OC)c2)=O)c(C)cc(S(=O)(C)=O)c1,MOSES sample,2747
CC(NC(=O)CS(=O)(c1cccc(c1)OC)=O)(C)C,MOSES sample,2748
c1(nn(cn1)CC(NCc1ccccc1)=O)NC(c1occc1C)=O,MOSES sample,2749
C1N(CC#C)CCN(C1)CCS(=O)(=O)c1cccc(OC)c1,MOSES sample,2750
C(CNC(CCn1ncc2cc(ccc21)C)=O)c1ccc(cc1)F,MOSES sample,2751
c1c(SC)ccc(c1)OC(C(NCc1cscn1)=O)C,MOSES sample,2752
C1CN(CC1)C(C(NC(=O)Nc1c(N(C)C)nccc1)C)=O,MOSES sample,2753
O=C(Cc1c2cc(C)c(C)cc2oc1)NC(C)c1cccnc1,MOSES sample,2754
N1S(=O)(=O)c2c(cccc2)C=1NCCC(Nc1ccc(C)cc1)=O,MOSES sample,2755
c1(cc(C)c(C)cc1)C(Nc1cccc(N2CCCS2(=O)=O)c1)=O,MOSES sample,2756
n1cc2c(cccc2)nc1C(=O)NCc1ccc(cc1)F,MOSES sample,2757
c12c(nc(nc2SCC(=O)Nc2cccc(c2)C)C)cccc1,MOSES sample,2758
c1cncnc1N1CCN(C(=O)C2(CC2(Cl)Cl)C)CC1,MOSES sample,2759
O(c1cc(N)ccc1)Cc1cnc2ccccn12,MOSES sample,2760
CC(C)(C)OC(=O)N1C(C)CN(C(F)(F)F)CC1,MOSES sample,2761
c1(cccs1)S(=O)(N1CC(O)CC1CO)=O,MOSES sample,2762
C1C(NS(c2cccc(c2)C(N2CCCCCC2)=O)(=O)=O)CC1,MOSES sample,2763
c1(CNC(=O)C2CN(C(Cn3cccn3)=O)CCC2)ccc(C)cc1,MOSES sample,2764
N(c1c([nH]ccc1)=O)C(=O)c1nn(-c2ccccc2)c2CCCc21,MOSES sample,2765
CCOc1ccc(C(=O)NCC(F)(F)F)cc1N,MOSES sample,2766
Cc1[nH]c(SCC(=O)NCCc2ccccc2C)nc1C,MOSES sample,2767
CC(c1cccc(c1)Cl)N(C(=O)C1N(C(=O)C2CC2)CCC1)C,MOSES sample,2768
c1(F)c(NC(Cc2oc(-c3cscc3)nn2)=O)ccc(c1)Cl,MOSES sample,2769
O=C(Nc1ccnn1Cc1cccs1)C1CC12CCOCC2,MOSES sample,2770
COC(=O)CCNC(=O)c1nc(-c2cn(C)cn2)n2ccccc12,MOSES sample,2771
C(c1cc2ccsc2cc1)NC(c1cccnc1-n1ncnc1)=O,MOSES sample,2772
COc1ccc2[nH]cc(CCNC(=O)N3CCCC3)c2c1,MOSES sample,2773
C(c1cc2ccccc2cc1)C(=O)NCc1nc(C)ncc1,MOSES sample,2774
C1CCCCCN1c1cccc(NC(=O)C2CC2)c1,MOSES sample,2775
n1(nc(-c2c3cc[nH]c3ccc2)cc1C(=O)OCC)C,MOSES sample,2776
O=C(N(C(C1CC1)C)C)NCCCS(c1ccccc1)(=O)=O,MOSES sample,2777
c1cc(NC(C(C)n2c(C)ccc(c2=O)N)=O)cc(C)c1,MOSES sample,2778
O=C(NCCN1CCOCC1)NCC1COc2ccccc2O1,MOSES sample,2779
N(C(c1cn(nc1C(C)(C)C)C)=O)Cc1cccnc1,MOSES sample,2780
C1N(C(c2ccccc2O)=O)CCN(C1)CC(NCC1CC1)=O,MOSES sample,2781
c1(c(C)n(-c2ccccn2)nn1)C(=O)NCc1ccccc1Cl,MOSES sample,2782
COc1ccc(C(=O)Nc2nc3c(s2)C(=O)CCC3)nn1,MOSES sample,2783
n1(C)ncc(c1C(Nc1nnc(C2CCC2)o1)=O)C,MOSES sample,2784
c1c(cc(OC)cc1)C(N(CC)C(=O)COc1ccccc1F)C,MOSES sample,2785
CCc1noc(CC)c1CC(=O)Nc1cccc(-c2nc(C)co2)c1,MOSES sample,2786
c1(ccccc1)COC1CCN(CC1)C(=O)NC1CCC(CC1)O,MOSES sample,2787
Cc1ccc(S(=O)(=O)NCc2cc(F)ccc2F)cc1C,MOSES sample,2788
C1(C(NC(Cc2ccc(cc2)O)C)=O)CCCCC1,MOSES sample,2789
c1c(OC)ccc(CNC(c2c(cccc2O)O)=O)c1,MOSES sample,2790
S(CC(=O)Nc1c(cccc1C)C)c1nnc(-c2ccncc2)o1,MOSES sample,2791
CCOC(=O)Cc1csc(NC(=O)c2ccco2)n1,MOSES sample,2792
O=C(Nc1ccnn1Cc1ccco1)C1CC1c1cccc(Cl)c1,MOSES sample,2793
c1(C)ccc(S(=O)(Nc2nn(CC)cc2)=O)cc1C,MOSES sample,2794
c1c(c(cc(Cl)c1)Cl)OC(=O)CCNC(=O)c1cocc1,MOSES sample,2795
c1c(S(C(C)C(Nc2cc(ccc2)C)=O)(=O)=O)ccc(c1)C,MOSES sample,2796
c1(nc(N2CCCCC2)c2c(CCN(CC2)C(=O)C(C)C)n1)C,MOSES sample,2797
N(c1ccc(NC(=O)NC2CCCCCC2)cc1)C(C)=O,MOSES sample,2798
N1(c2nn3c(nnn3)cc2)CCN(CC1)C(COc1c(cccc1)C)=O,MOSES sample,2799
NC(=O)c1cccc(OCc2cccc(OC(F)F)c2)c1,MOSES sample,2800
c12cc(ccc1oc(SCCCCCO)n2)Cl,MOSES sample,2801
CN(C(=O)CCCc1ccc(-c2ccccc2)o1)c1nccs1,MOSES sample,2802
c1c(cc(c(N(C)C(=O)C(C)NS(=O)(=O)C)c1)C)Cl,MOSES sample,2803
c1(C(F)(F)F)cc(ccc1)OCCN1CCN(C(C)=O)CC1,MOSES sample,2804
CCc1cc(C(=O)NC(C)C)nc(CC(=O)Nc2cccc(C)c2)n1,MOSES sample,2805
Cc1ccccc1-c1noc(=O)n1Cc1nc2ccccc2n1C,MOSES sample,2806
NC(=O)C1CN(c2nccc(C(F)(F)F)n2)CC12CCCC2,MOSES sample,2807
n12c(C)cccc2nc(c1C(NCC(F)(F)F)=O)C,MOSES sample,2808
CCN(Cc1ccc(OC)c(F)c1)C(=O)Nc1cccc(C(C)=O)c1,MOSES sample,2809
c1c(ccc(OC)c1NC(=O)N1C(C)COCC1)C,MOSES sample,2810
c12ccccc2CC(C(Nc2c(OC)ccc(F)c2)=O)OC1=O,MOSES sample,2811
C(CN(C(=O)Cn1nnc(-c2c(cccc2)N)n1)CC=C)=C,MOSES sample,2812
C=C(C)CN(CC)C(=O)C1CC(=O)N(c2ccc3c(c2)CCC3)C1,MOSES sample,2813
C(Nc1nc2ccccc2s1)(=O)C(Sc1n[nH]c(=O)n1CC)C,MOSES sample,2814
O(c1ccccc1C)C(C(C)OCC1OCCC1)=O,MOSES sample,2815
C1N(C(=O)CNC(=O)OC)C(C(C1)c1ccc(cc1)C(F)(F)F)C,MOSES sample,2816
C(=O)(Nc1c(ccc(c1)-c1ncco1)C)CCC(=O)c1cccs1,MOSES sample,2817
C(=O)(CC(C)C)N1CC(CCC1)C(=O)N1C(C)CCCC1C,MOSES sample,2818
C(Nc1c(C#N)cccc1)(=O)COc1c(C(C)=O)cc(cc1)OC,MOSES sample,2819
CC(Nc1n(c(SC(C(=O)c2ccccc2)C)nn1)C1CC1)C,MOSES sample,2820
N1(c2c(cc(NC(=O)Cc3c4ccccc4ccc3)cc2)OCC1=O)C,MOSES sample,2821
COc1cc(C)c(Cl)c(C)c1-c1cc(N)nc(C)n1,MOSES sample,2822
C1(CCCCC1)NC(COC(C1CCC=CC1)=O)=O,MOSES sample,2823
[nH]1nc(-c2ccccc2)c(c1)CNc1ncn[nH]1,MOSES sample,2824
c1cc(ccc1F)OC(=O)C1OC(c2ccccc2C1)=O,MOSES sample,2825
CCOCC(=O)Nc1cc(Cl)ccc1OCC(F)(F)F,MOSES sample,2826
N(C(CC(C)C)C(=O)NC(C)c1ccc(c(F)c1)C)C(N)=O,MOSES sample,2827
Cc1nnc2n1CC(NC(=O)c1ccccc1Oc1ccccc1)CC2,MOSES sample,2828
Clc1cc(NC(NC(C(=O)N2CCCCC2C)C)=O)ccc1,MOSES sample,2829
c1c(c(OCC)ccc1C#N)NC(=O)CSc1ccc(O)cc1,MOSES sample,2830
o1c(nnc1C(C)(C)C)CNc1ccccc1N1C(=O)CCC1,MOSES sample,2831
c1c(sc(n1)Cc1ccc(F)cc1)C(N(CCC)CC(NC)=O)=O,MOSES sample,2832
c1c2nn(Cc3ccccc3)c(=O)n2cc(S(=O)(=O)N(C)C)c1,MOSES sample,2833
CCc1ccc(Nc2nc(C)c(CCO)c(=O)[nH]2)cc1,MOSES sample,2834
CCCC1CCC(CNC(=O)NCc2ncn(C)n2)CC1,MOSES sample,2835
CC(=O)Nc1cccc(C(=O)OCCSc2ccc(cc2)C#N)c1,MOSES sample,2836
C(NC(c1ccoc1)=O)CCNC(c1cc2c(C)noc2nc1)=O,MOSES sample,2837
Cc1cc(OCC(=O)Nc2ncccn2)cc(C)c1Cl,MOSES sample,2838
C(Cc1cccs1)(Nc1ccc(NC(=O)COC)cc1)=O,MOSES sample,2839
O=C(CNS(=O)(=O)c1cc(N)c(C)c(Cl)c1)NCC,MOSES sample,2840
N(C(NC1C2CCOC2C1(C)C)=O)c1ccccc1OCC,MOSES sample,2841
c1cc(Cl)c(-c2nc(on2)COC(c2c(C)oc(c2)C)=O)cc1,MOSES sample,2842
C(CC(c1c(OC)ccc(C(C)(C)C)c1)=O)N1CCOCC1,MOSES sample,2843
c1cc2nc(NCC(=O)NCC)sc2c(c1)OC,MOSES sample,2844
O=C(NCCc1cc(Cl)cc(Cl)c1)c1ccnnc1,MOSES sample,2845
CCN(Cc1cnn(C)c1)C(=O)c1cc(NC(C)=O)ccc1F,MOSES sample,2846
CC(C)C(NC(=O)c1cc2ccoc2s1)C(=O)NC1CCCC1,MOSES sample,2847
Cc1nc(c(-c2nn3c(nnc3s2)-c2nccnc2)s1)C,MOSES sample,2848
COc1ccc(C)cc1CNC(=O)c1cccc(C#N)c1,MOSES sample,2849
c1cc(c(C(N2CCN(C(C)=O)CCC2)=O)cc1Cl)-n1cnnn1,MOSES sample,2850
O=C(Nc1nc(-c2ccccc2)cs1)c1cc2c([nH]c1=O)CCC2,MOSES sample,2851
CCc1cc(N)cc(C)c1NC(=O)c1ccc(NC(C)=O)cc1,MOSES sample,2852
c1cc(C(Nc2cccc(c2)Cn2nc(cc2C)C)=O)cc2OCOc21,MOSES sample,2853
Fc1ccc(c(c1)C(Nc1snc(-c2ccccc2)n1)=O)F,MOSES sample,2854
CN(C)C(=O)c1ncnc2c1CCN(Cc1ccco1)CC2,MOSES sample,2855
C1N(CCOC1c1cccc(c1)OC(F)F)C(Cc1[nH]ccc1)=O,MOSES sample,2856
C(C)C(C)C(C(N)=O)NC(c1c(O)cc(Br)cc1)=O,MOSES sample,2857
FC(F)(F)c1c(nccc1)NCCC(=O)Nc1ccc(cc1)OC,MOSES sample,2858
Nn1c(COc2cccc(Cl)c2)nnc1SCC1CCCO1,MOSES sample,2859
c1(C(N(Cc2ccncc2)CCCOC)=O)c(cccc1)Cl,MOSES sample,2860
C(C)(CC(NCCCn1c2c(cccc2)cn1)=O)C,MOSES sample,2861
Cn1cc(C(=O)OCc2ccccc2C#N)c2ccccc2c1=O,MOSES sample,2862
c1cc(SC)c(nc1)NS(=O)(c1ccccc1)=O,MOSES sample,2863
Cc1cc(=O)[nH]c2cc(NC(=O)c3cccs3)ccc12,MOSES sample,2864
Nc1cccc2ccnc(C(=O)Nc3ncccc3F)c12,MOSES sample,2865
Cc1cc(C)n(-c2ccc(CNC(=O)NCC3CCCO3)cn2)n1,MOSES sample,2866
Cc1n(CCC)c(nn1)SC1C(=O)N(c2c(cccc2)F)CC1,MOSES sample,2867
O=C(OC)c1cccc2sc(nc12)NCCN1CCOCC1,MOSES sample,2868
C1CCN(C(CC(C#N)c2ccccn2)=O)CC1C,MOSES sample,2869
Cn1cc(NC(=O)C2CCN(C(=O)C3CC3)CC2)cn1,MOSES sample,2870
O=C(NCCc1ccc(Cl)cc1)C1CC(=O)N(C2CCOCC2)C1,MOSES sample,2871
C(c1cn2c(n1)nccc2)(Nc1cc2c(cc1)nc(SCC)s2)=O,MOSES sample,2872
CCOC1CC(Nc2nc(N)nc3c2nc(C)n3C)C12CCCC2,MOSES sample,2873
c1ccc(F)c(S(NCCC(c2ccccc2)O)(=O)=O)c1,MOSES sample,2874
CN(C)c1ccccc1C#CCNC(=O)Nc1ccccc1,MOSES sample,2875
CC(NC(CCc1ccco1)=O)c1cccc(C(F)(F)F)c1,MOSES sample,2876
s1cc(C)n2c1nc(-c1ccc(cc1)NC(C1CC1)=O)c2,MOSES sample,2877
C1C(NS(=O)(c2cc(ccc2)Cl)=O)c2n(C1)ncn2,MOSES sample,2878
s1c2c(c3c(C)c4c(ncnn4c13)N)CCC2,MOSES sample,2879
c1[nH]c2cc(F)ccc2c1CC(=O)Nc1cnc(N2CCCC2)cc1,MOSES sample,2880
N1CCN(c2ccc(S(N3CC(CCC3)C)(=O)=O)cc12)CC,MOSES sample,2881
O=C(Nc1ccsc1-c1onc(-c2ccccc2)n1)C,MOSES sample,2882
C(c1nc2c(CCC2NC(c2cn(c(=O)cc2)C)=O)cn1)(C)(C)C,MOSES sample,2883
C1CC1(NS(CC)(=O)=O)c1cc(Cl)c(cc1)Cl,MOSES sample,2884
c1(-c2cc(c(cc2)Cl)Cl)nccn1CC(NC)=O,MOSES sample,2885
N#CC(CC(=O)NCC1CCCO1)c1c[nH]c2ccccc12,MOSES sample,2886
n1(c(n(C)c2c(c1=O)n1c(n2)oc(C)c1C)=O)CC(=O)c1ccccc1,MOSES sample,2887
CC1CNC(=O)c2sc(NCc3ccccn3)nc2C1,MOSES sample,2888
C(NC(=O)COC(C)=O)c1cnn2ccccc12,MOSES sample,2889
N#CC(c1cccs1)CC(=O)NCc1occc1,MOSES sample,2890
O=S(=O)(N(CC)CC)C1CCCN(C(=O)c2cc(C#N)c[nH]2)C1,MOSES sample,2891
c1(oc(nn1)CN1CCN(c2nc(N(C)C)ncc2)CC1)C1CC1,MOSES sample,2892
c1(-c2cc(n(CCO)n2)NC(c2ccco2)=O)ccc(s1)C,MOSES sample,2893
c1(-c2c(C)nc(s2)N2CCCC2)nnc(NC)s1,MOSES sample,2894
Cc1csc2c1c(ncn2)Nc1cc(ccc1)OCCO,MOSES sample,2895
O=C(NCC1(N2CCOCC2)CCCCC1)c1ccccc1Cl,MOSES sample,2896
c1(cc(-c2nnc3n2nc(C)s3)n(CC)c1)Br,MOSES sample,2897
O(C)C(NCC(NC1CCCC1c1ccc(Cl)cc1)=O)=O,MOSES sample,2898
CC1CCCCN1S(Nc1c[nH]nc1C)(=O)=O,MOSES sample,2899
CCC(Sc1nc(N)cc(N)n1)C(=O)Nc1ccc(C)cc1,MOSES sample,2900
O=C(NCc1ncsc1)N1CCN(CC1)CC#C,MOSES sample,2901
C1C(CN(C(CNc2cc(c(C)cc2)F)=O)CC1)C,MOSES sample,2902
O=C(C1C(C(N2CCCCCC2)=O)C1(C)C)COc1ccc(C)nc1,MOSES sample,2903
Cc1nn(C)c(C)c1OS(=O)(=O)c1cccc2cnccc12,MOSES sample,2904
c1c(ccc(c1OCC)NC(=O)N(C(C)CC#N)C)OCC,MOSES sample,2905
c1(scc(C(=O)N)c1)C(NCc1scnc1C)=O,MOSES sample,2906
C(c1ccccc1)(C(NC(C(C)Sc1nc(c(C)o1)C)=O)C)OC,MOSES sample,2907
n1(cc(CNc2c(cc(cc2)Br)C)cn1)C(C)C,MOSES sample,2908
O=S1(N(C(=O)CC1)c1ccc(cc1)NC(=O)CC(C)(C)C)=O,MOSES sample,2909
C(N(C(c1c(cccc1)C)C#N)C)(c1ccc(F)cc1)=O,MOSES sample,2910
O=C(C)c1ccc(cc1)NC1=NS(=O)(c2ccccc12)=O,MOSES sample,2911
c1ccc(cc1)C(NCC(OCCNC(NC)=O)=O)=O,MOSES sample,2912
n1(nc(C)c(c1)-c1n(nnc1C#N)-c1ccc(OC)cc1)CCC,MOSES sample,2913
Cn1c2c(cc1)cc(cc2)C(Nc1ccccc1C(=O)C)=O,MOSES sample,2914
COC(=O)c1cc(S(=O)(NCC2CCCC2)=O)c[nH]1,MOSES sample,2915
C1C(CCN(C(C2CCC2)=O)C1)NC(NC(C1CCC1)C)=O,MOSES sample,2916
c1(nc(-c2ccc(OC)cc2)cs1)C(NC1CC1)=O,MOSES sample,2917
CC(=O)N1C=Cc2ccccc2C1CC(=O)Nc1ccc(Cl)cc1,MOSES sample,2918
c1ccc(c(c1)NC(Nc1ncc(s1)C#N)=O)Cl,MOSES sample,2919
C(NCC1CCOCC1)(N1CCCC1c1cc(C)ccc1)=O,MOSES sample,2920
O=C(NCC1CCC1)NC(CN1CCOCC1)c1ccccc1,MOSES sample,2921
c1cccc(c1)OCCNC(c1c(OC)cc(-c2ccccc2)nc1)=O,MOSES sample,2922
O(CC=C)C1CC2(CN(C(c3cscn3)=O)CCN2CC)C1,MOSES sample,2923
c1(ccc(cc1)CNc1cc(F)ccc1F)C(N)=O,MOSES sample,2924
N1(C(=O)C)CCN(CC1)Cc1csc(n1)NC(c1ccccc1)=O,MOSES sample,2925
N1(C(CSc2[nH]cc(n2)-c2ccccc2)=O)CCOCC1,MOSES sample,2926
O=C(NCc1ccc2c(c1)CCN2C(=O)c1ccc(F)cc1)C1CC1,MOSES sample,2927
Cc1cc(NC(=O)C2CC(=O)N(c3ccccc3F)C2)no1,MOSES sample,2928
CC(C)(C)OCC(O)CN1CCN(c2ccc(F)cc2)CC1,MOSES sample,2929
C1(CC1C)CNC(=O)NCC1(c2ccc(cc2)F)CC1,MOSES sample,2930
c1coc(c1)CC(C(N1CC(CCC1)c1noc(C(C)C)n1)=O)C,MOSES sample,2931
c1c(N2S(=O)(CCC2=O)=O)ccc(C(NCCO)=O)c1,MOSES sample,2932
Cc1noc(C)c1CN(C)C(=O)c1cnc(-c2ccccc2)nc1,MOSES sample,2933
Cc1cccc(C(=O)N2CCOC(c3nn(C)c4c3CCCC4)C2)c1,MOSES sample,2934
C(C)OC(C(C(C)C)n1nnc2ccccc2c1=O)=O,MOSES sample,2935
Cc1ccc(C(=O)N(C)C(C)c2ccco2)cc1S(N)(=O)=O,MOSES sample,2936
N(C)(C(=O)NCC(COc1cccc(c1)C)O)Cc1ccccc1,MOSES sample,2937
O1C23C(Cc4c(C2O)cccc4)OCC3COC1(C)C,MOSES sample,2938
c1(cccc(-n2c(cc(n2)C(F)(F)F)C)n1)F,MOSES sample,2939
C1COC(C)(c2noc(Cc3[nH]nc(-c4ncccc4)n3)n2)C1,MOSES sample,2940
CC(Oc1nccc(CNC(=O)C2(c3ccccc3)CCOCC2)c1)C,MOSES sample,2941
C1CCN(C(C2CCCC2)=O)CC1c1cc([nH]c(C)n1)=O,MOSES sample,2942
O(C)C(=O)C1CN(CCO1)Cc1noc(n1)-c1ccccc1,MOSES sample,2943
CN(Cc1cnn(C)c1)C(=O)NCc1ccccc1OCC(=O)NC,MOSES sample,2944
C1CC1n1nnnc1-c1ccc(NCC(N(c2ccccc2)C)=O)cc1,MOSES sample,2945
c1(OC)c2c(ccc1OC)CCNC2c1ncc(nc1)C,MOSES sample,2946
N1(CC#C)CCN(C(=O)NCc2cc(cc(OC)c2)C)CC1,MOSES sample,2947
N(C)(C(C(=O)N1CCOCC1)C)c1ccc(c(C)c1)C,MOSES sample,2948
c1(cc(NC(CCC(=O)Nc2cc3COCc3cc2)=O)ccc1)Sc1(C)3))))C),MOSES sample,2949
c1(cccc(c1)NC(=O)c1c(cccc1)NCC(N(C)C)=O)Cl,MOSES sample,2950
CC(C)(CNC(=O)CCC)n1ccc(C(F)(F)F)n1,MOSES sample,2951
C(C)(C)(CC)C(Oc1ccc(NC(=O)OC)cc1)=O,MOSES sample,2952
c12COCc1cc(cc2)NC(CCC(C)(C)c1ccccc1)=O,MOSES sample,2953
c1(CN2CCOCC2c2oc(CC)cc2)cc(c(F)cc1)F,MOSES sample,2954
c1cc(cc2c1c(=O)c(c[nH]2)C(NC(CCCO)C)=O)F,MOSES sample,2955
C1(C(NC(C)C2CCCO2)=O)CCN(CC1)C(C)=O,MOSES sample,2956
CCCC(=O)N1CC(CCC1)C(=O)Oc1c(OC)cc(cc1)C#N,MOSES sample,2957
c1ncc(cc1F)-c1[nH]c(=O)c2c3CCCc3sc2n1,MOSES sample,2958
N(c1cc(c(cc1)OC)C#N)C(=O)C1C(=O)CCC1,MOSES sample,2959
C(c1c(cc(C(=O)C)cc1)C)#CCN1CCOCC1,MOSES sample,2960
c1ccc(cc1CCNC(=O)CCC1C(=NC(=NC1=O)C)C)OC,MOSES sample,2961
CC(=O)Nc1ccc(NC(=O)C(C)CC(N)=O)cc1,MOSES sample,2962
CNC(=O)COc1ccc(C(=O)N2CCCC(CC(N)=O)C2)cc1,MOSES sample,2963
c1(=O)ccc(nn1CC(=O)NC)-c1ccc(Cl)cc1,MOSES sample,2964
c12c(n(Cc3ccc(F)cc3)c3n(c1=O)c(nn3)C)cccc2CC,MOSES sample,2965
c1c(N2CCCC2=O)cccc1C(NC(c1ccncc1)=O)C,MOSES sample,2966
O=C(CCC(=O)N1CCOCC1)N=c1[nH]nc2ccccn12,MOSES sample,2967
c1(nc(C)ncc1S(C)(=O)=O)-c1c2cc[nH]c2ccc1,MOSES sample,2968
COc1ccccc1C(C)NC(=O)NCC1CN2CCCCC2CO1,MOSES sample,2969
CCC(NCC(=O)NC)c1cc(F)ccc1F,MOSES sample,2970
c1c(F)c(C(N2CCC3(NC(c4c(O3)cccc4)=O)CC2)=O)ccn1,MOSES sample,2971
c1cc(cc(SC)c1)NC(c1c(=O)n2c(csc2nc1)C)=O,MOSES sample,2972
COc1ccc(F)cc1NC(=O)N(C)C(C)CC#N,MOSES sample,2973
O=S(=O)(N1CCN(CC1c1ccccc1)C)CCCC,MOSES sample,2974
O=C1CCCc2[nH]c(=O)c(C(=O)NCCc3ccc(F)cc3F)cc21,MOSES sample,2975
CC(c1ccc(F)cc1)N(C)C(=O)c1cnn(-c2ccccc2)n1,MOSES sample,2976
CCOCC1CCCN(C(=O)Nc2ccc(C)cc2C)C1,MOSES sample,2977
c1(c(C)nn(c1C)C(C)C(N1CC(C)CC(C)C1)=O)Br,MOSES sample,2978
CC(c1cccc(S(=O)(=O)N2CCOCC2)c1)C(C)(C)C,MOSES sample,2979
s1c(cc(c1)C(=O)C)C(Nc1scc(n1)CN1CCOCC1)=O,MOSES sample,2980
CC(Oc1ccccc1Cl)C(=O)Nc1sccc1C(N)=O,MOSES sample,2981
CCn1cc(C(=O)N2CCC(C(=O)NCc3ccoc3)CC2)cn1,MOSES sample,2982
Cc1ccc(OCC(=O)Nc2ccc3c(c2)CCC(=O)N3)cc1,MOSES sample,2983
CCCNC(=O)c1cccc(C(=O)NC(CC)c2noc(C)n2)c1,MOSES sample,2984
c1(C(F)(F)F)cc(NC(NC2(C(OC)=O)CC2)=O)c(Cl)cc1,MOSES sample,2985
CCOc1ccc(-c2nnc(N3CCCC3)o2)cc1N,MOSES sample,2986
C=CCNC(=O)CSc1nn2cnnc2c2ccccc12,MOSES sample,2987
c1cc(ccc1OCC(NCC)=O)SC(C)C,MOSES sample,2988
CC(C)(CNC(=O)C(N)Cc1c[nH]c2ccccc12)c1ccncc1,MOSES sample,2989
C1(C(=O)N(C)Cc2cccnc2)N(CCC1)C(C)=O,MOSES sample,2990
c1nc2sccc2c(n1)OCC(=O)OC(C)(C)C,MOSES sample,2991
c1cc(C(=O)NCCc2cn3c(cccc3)n2)c(F)cc1,MOSES sample,2992
C(#CCOCCC#N)c1ccc(S(=O)(=O)N)cc1,MOSES sample,2993
c1(OC)ccc(C)cc1S(=O)(Nc1cc2c(COC2)cc1)=O,MOSES sample,2994
O=C1NCCCCC1NC(NC(COC)C)=O,MOSES sample,2995
COc1ccccc1C(C)NC(=O)Nc1cnccc1C,MOSES sample,2996
c1(N(C)C)ccc(cn1)NC(=O)c1n(cc(C(N)=O)c1)C,MOSES sample,2997
c1(n(C(C)C)c(c(c(c1)=O)O)CN1CCC(=O)CC1)C,MOSES sample,2998
c1cn(-c2ccccc2NC(C(OC)c2ccccc2)=O)nc1,MOSES sample,2999
c1(C)oc(c(C(=O)N2CCC3N(C4CCCC4)C(CCC23)=O)c1)C,MOSES sample,3000
O1CCN(C(=O)Cn2c(=O)n(c(C(F)(F)F)n2)-c2ccccc2)C1,MOSES sample,3001
c1(OC)c2c(ccc1OC)CCNC2c1cc(F)ccc1C,MOSES sample,3002
CCC1COCCN1C(=O)Nc1ccc(F)c(C#N)c1,MOSES sample,3003
O=C(N(CC=C)CC=C)C1CN(C(c2ccc(cc2)Cl)=O)CCC1,MOSES sample,3004
c1(-c2nonc2N)nc(C#N)c(C(=O)OCC)s1,MOSES sample,3005
C(CCn1nccc1)NC(C(C)NC(N)=O)=O,MOSES sample,3006
CCNC(=O)CN(CC)C(=O)c1cnn(-c2ccccc2Cl)c1,MOSES sample,3007
s1cnc(c1)CCNC(=O)Nc1ccc(O)cc1C,MOSES sample,3008
CC(NC(=O)c1ccc(Cl)cc1)C(=O)NCc1ccccc1,MOSES sample,3009
O=c1[nH]c(-c2cocc2)ccc1C(NC(CCC)(C)C)=O,MOSES sample,3010
O(CCCCSc1nncn1C(C)C)C1CCCCC1C,MOSES sample,3011
c1(C)c(cc(o1)C)C(=O)Nc1ccccc1N1CCCC1,MOSES sample,3012
c1(c(cccc1)NC(CCC(=O)c1sccc1)=O)O,MOSES sample,3013
c1(N2S(=O)(CCCC2)=O)ccc(cc1OCC)Br,MOSES sample,3014
CCn1cnnc1CNC(c1nc(OCC)ccc1Cl)=O,MOSES sample,3015
[nH]1c2c(nc1-c1c(nccc1)-n1ncc(c1)C)n(nc2C)C,MOSES sample,3016
c1(O)ccc(-n2c3c(cccn3)nc2C(=O)C)cc1,MOSES sample,3017
c1c(ccc(c1)C)-c1c2c(SC(C)C(=O)N2)ncc1,MOSES sample,3018
CC(C)N1CCN(C(=O)c2cn(C)c3ccccc23)CC1,MOSES sample,3019
c12c(OCO1)ccc(CNC(c1c(C3CC3)ncs1)=O)c2,MOSES sample,3020
c1ccccc1-c1noc(c1)CN(C)C(=O)c1[nH]nc(-c2ccco2)c1,MOSES sample,3021
O1CCC(C(=O)Nc2c(cc(c(c2)C(C)C)O)C)CC1,MOSES sample,3022
N(C(N(C)C(C)c1ccccc1OC)=O)CC1OCCC1,MOSES sample,3023
Cc1ccc(CNC(=O)c2ccc3[nH]cnc3c2)cc1F,MOSES sample,3024
Cc1c(c(C)[nH]c1C(=O)Nc1ccc(OCC)cc1)C(OC)=O,MOSES sample,3025
c1(c(c(C)c(c(c1)C)C(=O)C)CN1CC(C1)n1c(cc(C)n1)C)C,MOSES sample,3026
C(CC(C)NC(=O)CSc1nc2ccccc2[nH]1)c1ccco1,MOSES sample,3027
n1c(-c2ccc(c3c2cccc3)NC(C2COCCO2)=O)noc1C,MOSES sample,3028
O=C(N1CCN(CC(c2c(ccc(C)c2)C)O)CC1)NCC,MOSES sample,3029
c1ccc2c(c1)c1c(c(oc(C(N(C)CC3CC3)=O)c1)=O)o2,MOSES sample,3030
CCn1c(C)nnc1COc1ccccc1C(C)O,MOSES sample,3031
n1ccnc(-c2nc(CNC(=O)Nc3nn(c(c3)C)C)cs2)c1,MOSES sample,3032
C(CNC(=O)NCC12CC3CC(C2)CC(C3)C1)(NCCC)=O,MOSES sample,3033
O=S(N1CCCCC1)(c1cc(C)c(cc1)Br)=O,MOSES sample,3034
OCCSc1nnnn1-c1ccc(cc1)OCCC,MOSES sample,3035
CCc1noc(COc2cc(Br)ccc2)n1,MOSES sample,3036
Cc1cncc(C(=O)N2CCN3CC(OCC4CC4)CC3C2)c1,MOSES sample,3037
c1(ccc2c(nc(N)n2CC(=O)N(C(C)C)C(C)C)c1)F,MOSES sample,3038
c1cc(ccc1C(CCNc1ccccc1)=O)OC(C)C,MOSES sample,3039
o1c(CCC(N(CC(F)(F)F)C2CCCC2)=O)ccc1,MOSES sample,3040
Cc1onc(c1)NC(C(Nc1cccc(Cn2nccc2)c1)C)=O,MOSES sample,3041
Cc1ccc(NC(=O)CN2CCOc3ccc(N)cc32)c(C)c1,MOSES sample,3042
C1CN2CCNC(=O)C2CN1C(c1c(C)c2c(o1)cc(C)c(C)c2)=O,MOSES sample,3043
c12ncc(c(=O)n2CCS1)C(=O)N1CC(C)CCC1,MOSES sample,3044
C1CC(CN1C(=O)OC(C)(C)C)CS(=O)c1ccncc1,MOSES sample,3045
COc1ccc(C)cc1CCNC(=O)c1ccc(C(=O)N(C)C)cc1,MOSES sample,3046
O=C(NCC(O)c1ccc(F)cc1)c1ccccc1F,MOSES sample,3047
N(c1cccc(Cl)c1)(S(=O)(C)=O)CC(N(CC)CC)=O,MOSES sample,3048
c1cccc(c1)C(Oc1ccc2c(c1)ncs2)=O,MOSES sample,3049
CCN(C)S(=O)(=O)c1cccc(C(=O)OCC(F)F)c1,MOSES sample,3050
O=C(NCc1ccccc1)C1Cc2ccccc2C(=O)O1,MOSES sample,3051
CN(Cc1ccc(-n2cccn2)cc1)C(=O)C1COc2ccccc2O1,MOSES sample,3052
COc1cc2nc([nH]c2cc1OC)-c1cc(F)ccc1OC,MOSES sample,3053
Fc1c(ccc(F)c1F)NC(c1ccc(cc1)F)=O,MOSES sample,3054
CCOc1ccc(C(=O)NC(C)c2sccc2)cc1OCC,MOSES sample,3055
CC1CCC(CN1C(=O)C1(c2cccc(OC)c2)CCOCC1)C,MOSES sample,3056
NC(=O)c1ccc(NCC2(c3ccc(F)cc3)CCOCC2)cc1,MOSES sample,3057
c1cc(Br)cc(OCCC(=O)Nc2cn(nn2)C)c1,MOSES sample,3058
c1sc(cc1)NC(=O)NC1c2n(nc(n2)COC)CCC1,MOSES sample,3059
CCn1nc(C)c(NCc2cnc(N3CCOCC3)nc2)c1C,MOSES sample,3060
COc1cccc(C(=O)NC(C)CO)c1OC(F)F,MOSES sample,3061
c1cc(ccc1-n1nccc1)CC(Nc1n(nc(C(C)C)c1)C)=O,MOSES sample,3062
c1(oc(c(c1)C(Nc1ccc(C)cc1OC)=O)C)S(N)(=O)=O,MOSES sample,3063
c1(NC(=O)c2cccs2)n(nc2c1CCC2)-c1ccccc1,MOSES sample,3064
S(C(F)F)c1ncccc1C(OCC1(C)COC1)=O,MOSES sample,3065
c1c2c(nc(CSc3nnnn3-c3ccccc3)o2)ccc1,MOSES sample,3066
c1(OC)cc2nc(N(C)C(=O)CCc3c(c(C)[nH]n3)C)sc2cc1,MOSES sample,3067
N#Cc1ccc(CSc2nnc(C3CC3)n2C2CC2)cc1,MOSES sample,3068
c1ccccc1-c1nnn(CC(=O)Nc2c3CCCCc3ccc2)n1,MOSES sample,3069
N(C(C1CCN(CC1)C(=O)CCC)=O)Cc1cccs1,MOSES sample,3070
COc1ccc(CN(C)C(=O)c2cc(F)cc(F)c2)cc1,MOSES sample,3071
O=S(c1ccc(NC2CC2)nc1)(=O)N(C)C(C)C,MOSES sample,3072
c1c2c(c(C(=O)NC(CC)CO)cc(-c3sccc3)n2)cc(c1)F,MOSES sample,3073
O=C(Nc1nocc1)CCNC(c1cnc2c(ncn2C)c1)=O,MOSES sample,3074
c1c2[nH]cc(-c3cccc(C(N(C)C)=O)n3)c2ccc1,MOSES sample,3075
C(Oc1ccccc1C(=O)N1CC2(CC1CC(C2)(C)C)C)(F)F,MOSES sample,3076
c1ccsc1NC(NCC1CCN(S(C)(=O)=O)CC1)=O,MOSES sample,3077
n1c(NS(c2ccc(cc2)C(C)C)(=O)=O)c(n[nH]1)C,MOSES sample,3078
C(C(=O)NCC(OCC)=O)(CC)S(=O)(=O)c1ccc(c(C)c1)C,MOSES sample,3079
C(C(NCCc1scc(n1)C)=O)CCc1ccccc1,MOSES sample,3080
Nc1n(c([nH]c(=O)c1N(C)Cc1c(ccs1)C)=O)C1CC1,MOSES sample,3081
CCC(C)NC(=O)c1cc2sccc2n1C1CCCC1,MOSES sample,3082
Cc1ccc(CNc2nc(-c3ccsc3)nn2C(C)=O)cc1,MOSES sample,3083
O=C(NCc1cn2ccsc2n1)c1cc(F)ccc1Cl,MOSES sample,3084
C(c1ccccc1)Nc1ncc(cn1)-c1nccn1CCCOC,MOSES sample,3085
CCN(CC)S(=O)(=O)c1cccc(C(=O)NC2CCCCC2)c1,MOSES sample,3086
C(Sc1c2ccccc2nc(n1)C)c1nc2n(c(=O)c1)ccs2,MOSES sample,3087
Cc1cnc(NC(=O)c2coc(NC(=O)c3ccccc3)n2)s1,MOSES sample,3088
Cc1c(Br)cnc2nc(N)nn12,MOSES sample,3089
O=C(C)c1cc(CC(NCc2c(C)nc3cc(=O)[nH]n3c2C)=O)ccc1,MOSES sample,3090
C(C1CN(C(C1)=O)CC1CC1)(=O)Nc1ccc(F)c(C(F)(F)F)c1,MOSES sample,3091
C(c1c(-c2ccc(F)c(c2)F)n[nH]c1)(NCc1cc(ncc1)OC)=O,MOSES sample,3092
N#Cc1cccc(NC(=O)c2cccc(C(F)(F)F)c2)c1,MOSES sample,3093
c1(C(N2CCC3(CC2)c2c(C(O3)CC(C)(CC)O3)cccc2)=O)cCCN1,MOSES sample,3094
c1c(ccc(c1)CNC(OC)=O)C(=O)N=c1[nH]nc2ccccn21,MOSES sample,3095
c1(-n2ncc(NC(=O)CCCc3sccc3)c2)ncccn1,MOSES sample,3096
c1c(cccc1)CCN(CC(NCc1sc(nc1)C)=O)C(C)=O,MOSES sample,3097
C(C#C)Nc1ncnc2c1sc1nc3c(cc12)CC(C)CC3,MOSES sample,3098
c1cc(ccc1)CNC(CC(c1ccccc1)C#N)=O,MOSES sample,3099
c1(sc(cn1)C(Nc1cnccc1)=O)C1OCCC1,MOSES sample,3100
O=C(N1CCc2c(C1)cccc2)c1c(cccc1)OCC(=O)N(C)C,MOSES sample,3101
COc1ccccc1C(=O)Nc1c(C)n(C)n(-c2ccccc2)c1=O,MOSES sample,3102
c1(c(sc(C)c1)C)-c1nc(N)c(C(NC)=O)cc1,MOSES sample,3103
C(c1oc(C)cc1)(Nc1oc(-c2ccccc2)nn1)=O,MOSES sample,3104
c1nc(N2CCCC2)c(c(Nc2c(F)c(F)c(F)cc2)n1)N,MOSES sample,3105
COc1ccccc1-c1nnc(SCCC#N)n1C,MOSES sample,3106
c1(ccncc1)C(CNCc1coc(n1)-c1cccs1)(C)C,MOSES sample,3107
O=C(NCCCc1c(C)[nH]nc1)C1CN(C(=O)C1)CC1CC1,MOSES sample,3108
C1(Nc2ccccc2N(C1)C(C)=O)CCCCCC,MOSES sample,3109
Cc1nn(C)cc1NC(=O)c1nnsc1-c1ccc(Cl)cc1,MOSES sample,3110
N(c1cc(ccc1)Cl)C(Nc1nn(C)cc1C(N)=O)=O,MOSES sample,3111
c1c(cccc1C(Nc1ccc(c(c1)C)C(=O)C)=O)-c1ccoc1,MOSES sample,3112
c1n(CC(Nc2c3ncccc3ccc2)=O)c(=O)sc1,MOSES sample,3113
FC1(F)N=C(c2cccnc2)N=C(c2ccsc2)O1,MOSES sample,3114
O=C(NCC1(CCCC1)c1c(cccc1)OC)CCNC(=O)N,MOSES sample,3115
c12c(NCC(O1)CC(C)C)cc(Br)cc2,MOSES sample,3116
COc1ccc2c(c1)c(=O)c(C(=O)NCc1cccnc1)cn2C,MOSES sample,3117
c1c(NC(=O)Cn2nnc3ccccc23)c(OCC)ccc1,MOSES sample,3118
C(C)(C(=O)OCC)NC(=O)c1c2ccc(cc2oc(=O)c1)OCC,MOSES sample,3119
O=C(NCc1cccc(Cn2ccnc2)c1)c1cc2ccccc2[nH]1,MOSES sample,3120
c1cn(-c2ccc(cc2)Nc2nc(COC)cc([nH]2)=O)nc1,MOSES sample,3121
CC(C)(N1CCOCC1)CNC(c1cc(-n2nnnc2)ccc1)=O,MOSES sample,3122
C(NCC1(CCC1)C)(=O)Cc1ccc(cc1)-n1cccn1,MOSES sample,3123
CC(=O)N(C)c1cccc(NC(=O)c2cccc(Cl)c2)c1,MOSES sample,3124
c1c(C(=O)N2CCOCC2C)ccc2N(CCc21)C(C)=O,MOSES sample,3125
O=C(NC1Cc2ccccc2C1)c1ccnc(OC2CCC2)c1,MOSES sample,3126
O=C(Cc1c(cccc1F)F)Nc1ccn(n1)-c1ncccc1Cl,MOSES sample,3127
c1nc(ccc1N1CCCCC1)NC(=O)Cc1c(nn(C)c1C)C,MOSES sample,3128
O=C1NCCN1c1cccc(CNC(C2=C(C)OCCC2)=O)c1,MOSES sample,3129
N#Cc1ccc(NCC(=O)Nc2ccccc2Br)cc1,MOSES sample,3130
COc1ccc(cn1)C(NC(C(C)C)C(=O)Nc1cc(C)ncc1)=O,MOSES sample,3131
CC1CCN(c2ncnc(NCc3cccnc3)c2N)CC1,MOSES sample,3132
NC(c1ccccc1NC(c1cnn(Cc2ccccc2)c1C)=O)=O,MOSES sample,3133
C(CN1CCN(c2ccccc21)C(c1csc(CCC)n1)=O)=C,MOSES sample,3134
c1n2c(nnc2sc1)SC(C)c1onc(n1)C1CC1,MOSES sample,3135
C1COCC(N1C(c1ccc(F)nc1)=O)c1nc(C)sc1,MOSES sample,3136
CC(Sc1nnc(NC2CC2)s1)C(=O)c1ccc2c(c1)CCC2,MOSES sample,3137
n1cccc(c1OC1CCCC1)CNC(=O)Nc1ccncc1,MOSES sample,3138
C(NC(C1OCCC1)C)(=O)c1ccc(-n2cnnc2)cc1,MOSES sample,3139
C(CC)N1C(=O)C(N(C(CC)=O)CC1)Cc1cccs1,MOSES sample,3140
CC(C)NC(=O)c1ccc(CN2CCOCC2)cc1,MOSES sample,3141
CCC(CC(=O)N1CCN(C(=O)c2ccco2)CC1)c1ccccc1,MOSES sample,3142
CCn1nnnc1NCc1ccc(-c2ccc(OC(C)C)cc2)o1,MOSES sample,3143
C1N(CCC1)C(=O)CN(C)C(=O)Cc1ccc(c(C)c1)OC,MOSES sample,3144
c1(cc2c(cc1)ccn(c2=O)CC(=O)N1c2c(cccc2)CC1)F,MOSES sample,3145
C(NC(N(Cc1ccc(C#N)cc1)C)=O)(c1ccncc1)C,MOSES sample,3146
c1ccc(o1)C(Nc1c(OCCC(=O)N)cccc1)=O,MOSES sample,3147
O=C(NCc1cc(-c2ccccc2)on1)c1ccccc1,MOSES sample,3148
S(c1n(C)ccn1)CC(c1ccc(cc1)F)OC,MOSES sample,3149
CN(CCO)C(=O)Nc1cccc2ncccc12,MOSES sample,3150
O=C(C1C2CCCCC21)N(S(CC)(=O)=O)CC,MOSES sample,3151
CNC(=O)c1ccc(Cl)cc1NC(=O)Cc1ccccc1Cl,MOSES sample,3152
C1CCN(C1c1cc(F)ccc1)C(C1CCCN1S(C)(=O)=O)=O,MOSES sample,3153
c1c(cccc1Cl)C(c1cccs1)NC(NCC(O)COC)=O,MOSES sample,3154
C(CN(CC)c1ccc(cc1)F)(=O)N1CC(OC(C1)C)C,MOSES sample,3155
c1cc(S(=O)(=O)N2CCCC(OCc3cscn3)C2)ccc1,MOSES sample,3156
COc1cc(C)ccc1NC(=O)c1cccc(NC(=O)C2CC2)c1,MOSES sample,3157
c12c(onc2C)nc(cc1-n1nc(nc1)C#N)-c1ccccc1F,MOSES sample,3158
c1ccc(C(N2C(c3noc(CC)n3)CCC2)=O)c(F)c1,MOSES sample,3159
C1Oc2c(O1)cc(cc2)CNC(=O)c1c(N)ccc(c1)OC,MOSES sample,3160
N(c1cc(c(cc1)O)-c1onc(n1)-c1ccncc1)C(C)=O,MOSES sample,3161
C(N(CC=C)Cc1ccccc1)(=O)c1c(F)cccc1,MOSES sample,3162
c1cc(cc2c1CCNC2CCOC)OC(F)(F)F,MOSES sample,3163
C1CN(C)Cc2c(nn(c(=O)c21)C)-c1cc(F)ccc1,MOSES sample,3164
c1(C)c(c2c(N3CCN(c4ccccc4)CC3)ncnc2s1)C,MOSES sample,3165
c1cc(ccc1)CC(CNC(c1nn(c(c1)OC)C)=O)O,MOSES sample,3166
O=S(=O)(NCCc1cccc(Cl)c1Cl)N1CCCC1,MOSES sample,3167
C(c1ccccc1NC(=O)c1cnn(C)c1-n1cccc1)(F)(F)F,MOSES sample,3168
FC(F)(F)COCC(=O)NCC1(CC(C)C)CCCC1,MOSES sample,3169
Oc1c(OC)cc(cc1)-c1[nH]c2cc3OCCOc3cc2n1,MOSES sample,3170
COCc1cccc(CNC(=O)CC2C=CCC2)c1,MOSES sample,3171
CCCC1CN(C(=O)C2CC=CC2)CC1NS(=O)(=O)N(C)C,MOSES sample,3172
C1COc2ccc(cc2O1)N1C(=O)CC(C(N(C)C2CCCC2)=O)C1,MOSES sample,3173
COCC(=O)N1CCC2(CC1)CN(C(=O)c1ccc(C)o1)C2,MOSES sample,3174
N#CC(C(=O)C1CC2C=CC1C2)c1nc(-c2ccc(Cl)cc2)cs1,MOSES sample,3175
c1ccc(cc1)COC(NC(C(=O)NC1CCCC1)C)=O,MOSES sample,3176
c1cc(c(cc1N)OC)N1CCN(CC(OC)=O)CC1,MOSES sample,3177
c1cc(OC)c(C2C(C(=O)N3CCC(CC3)c3onc(n3)C)C2)cc1,MOSES sample,3178
C=CCOCCCC(=O)Nc1ccc(Cl)c(N)c1,MOSES sample,3179
C(Oc1ccc(cc1)CC(Nc1n(CCC)ncc1)=O)C,MOSES sample,3180
Nc1c(C#N)cc(cc1-c1sccc1)-c1ccc(cc1)N,MOSES sample,3181
s1c2cc(NC(=O)N(C(C)C)CCO)ccc2nc1C,MOSES sample,3182
O=C(N(C)c1cccc2c1cccn2)c1nc2cnccn2c1,MOSES sample,3183
C(N(C(C)C)C(=O)Nc1ccc(-c2scc(n2)C)cc1)CO,MOSES sample,3184
COc1cc(CNC(=O)c2cc(F)ccc2-n2cnnn2)ccc1C,MOSES sample,3185
c1c(CN2CCCN(Cc3c(n[nH]c3)C)CC2)nc(C)s1,MOSES sample,3186
c1ncc(C(N2CCCC(C2)Nc2c(C)cccc2)=O)nc1,MOSES sample,3187
CCOc1ccc(CNC(=O)Nc2cccc(C(C)=O)c2)cc1OC,MOSES sample,3188
Cn1cc(S(=O)(=O)Oc2cc(ccc2)Cl)c([nH]1)=O,MOSES sample,3189
c1(ccc(OC)cc1NC(=O)C(n1c(c2c(cccc2)nn1)=O)C)F,MOSES sample,3190
Cc1c(C(=O)Nc2cccc3nonc23)cnn1-c1ccncc1,MOSES sample,3191
N1(CCN(c2cncc(n2)CNC(=O)C2CCC2)CC1)C(=O)C,MOSES sample,3192
O=C(C(c1n2CCCCCc2nn1)C#N)CCOc1ccccc1,MOSES sample,3193
c1(NC(=O)NC2CCCCC2)ccc(cc1)C(=O)C,MOSES sample,3194
c1(C(Nc2ccc3c(c2)nc(o3)C)=O)c(cccc1)N1CCOCC1,MOSES sample,3195
O=C(Nc1cnc(-n2ccnc2)nc1)Nc1ccc(F)cc1Cl,MOSES sample,3196
CCN(Cc1cccc(Cl)c1)C(=O)Nc1nc(C)cs1,MOSES sample,3197
N1(c2c(C)ccc(C(CCC(=O)NC3CCCCC3)O)c2)CCCC1,MOSES sample,3198
c1(C(C)C)nc2n(nc3c2CN(Cc2sccc2C)CC3)c(C)c1,MOSES sample,3199
C(N(C(C(C)(C)C)=O)C)C(=O)Nc1c(cccc1C)C,MOSES sample,3200
CC(C)C(Cc1ccc(F)cc1F)NC(=O)CNS(C)(=O)=O,MOSES sample,3201
c1(-n2nc(c(=O)cc2C)C(Nc2noc(c2)C)=O)c(cccc1)F,MOSES sample,3202
COC(c1cc(Cl)ccc1)C(C)NS(=O)(C)=O,MOSES sample,3203
O=S(c1ccc(cc1)C)(=O)CCC(=O)Nc1c(F)cccc1,MOSES sample,3204
c12c(cccc1)NC(=O)CC2C(Oc1ccc2c([nH]nc2)c1)=O,MOSES sample,3205
C1Cc2ccccc2N1C1CCN(C2CCOC2=O)CC1,MOSES sample,3206
c1c(cc(-c2nnnn2C2CCCCC2)cc1)NC(c1cccnc1)=O,MOSES sample,3207
c1(NS(=O)(C)=O)ccc(NC(c2c(c(OC)ccc2)F)=O)cc1,MOSES sample,3208
c1c2C(N3C(CN(C)C(=O)C3)c2ccc1)c1ccccc1F,MOSES sample,3209
n1(cc(c(C(C)(C)C)n1)C(NCc1ccc(CNC(=O)N)cc1)=O)C,MOSES sample,3210
c1sccc1-c1nnn(n1)CC(COCc1ccco1)O,MOSES sample,3211
CC1CC(=O)c2cnc(NC(=O)c3snnc3C(C)C)nc2C1,MOSES sample,3212
n1nc(SCC(N(CC)CC(=C)C)=O)n(c(c1)=O)N,MOSES sample,3213
c1(OC)c2c(c(c(c1OC)OC)OC)ccc(C#N)c2,MOSES sample,3214
C(CC1OCCN(C1)Cc1sc(CC(C)C)nc1)C,MOSES sample,3215
C1(CNC(C(C)Sc2nncs2)=O)Oc2ccccc2C1,MOSES sample,3216
c1(CCc2nc3n(c2C#N)nc(C)s3)cc(OC)ccc1,MOSES sample,3217
c12onc(c2c(C(NCc2c3ccccc3ccc2)=O)cc(C)n1)C,MOSES sample,3218
C(=O)(NC)c1cccc(c1)NC1CCN(c2ccc(F)cc2)CC1,MOSES sample,3219
O=c1[nH]c(C)ccc1C(N(Cc1cccc(c1)OC(F)F)C)=O,MOSES sample,3220
C(COc1ccc2c(C(=O)NCC2)c1)(Nc1c(cc(cc1)Cl)F)=O,MOSES sample,3221
C(c1nc2c(c(=O)[nH]1)cccc2)N(S(=O)(=O)c1cnccc1)C,MOSES sample,3222
c12cc(C)ccc1nc(s2)NCCCNC(=O)C1CC1,MOSES sample,3223
c1c(C(NCc2c(cc(cc2)F)F)=O)c[nH]n1,MOSES sample,3224
C(C(N(Cc1occc1)CC(N)=O)=O)c1cccc2c1cccc2,MOSES sample,3225
C(=O)(C)c1cc(nc(n1)N)-c1cc(ccc1Cl)C,MOSES sample,3226
C(NCC(c1ccc(OC)c(c1)C)O)c1ccncc1,MOSES sample,3227
CC1N(CCn2c1ccc2)C(=O)C(C)Sc1ncccn1,MOSES sample,3228
C1OCCC(C1)N(CC(F)(F)F)S(=O)(=O)N(C)C,MOSES sample,3229
O(C)C(C(C)NS(=O)(c1c(C)cc(cc1)N)=O)=O,MOSES sample,3230
c1ccccc1C(CCO)NC(=O)Nc1c(cccc1)OC,MOSES sample,3231
C(c1c(F)cccc1)C(NS(c1c(cc(C)cc1C)C)(=O)=O)CO,MOSES sample,3232
O=C(Nc1ccccc1Cl)N1CC(c2cccnc2)C1,MOSES sample,3233
CCN(CC(=O)OC)C(=O)Cc1cn2ccsc2n1,MOSES sample,3234
c1cn(c2c1cc(Cl)cc2)CCCC(=O)OC,MOSES sample,3235
N1(CC(Nc2nnc(s2)CC)=O)C(CSc2ccccc21)=O,MOSES sample,3236
c1nc(n[nH]1)-c1ccc(C(N2CCOCC2CC(C)C)=O)cc1,MOSES sample,3237
c1c(ccc(NC(=O)C2CC2)c1)NC(CNc1ccc(C#N)cc1)=O,MOSES sample,3238
CN(C)c1ccc(NC(=O)Cc2c[nH]c3ccccc23)cn1,MOSES sample,3239
CC(C)C(=O)N1CCC(NC(=O)N2CCCC2c2cccs2)CC1,MOSES sample,3240
CC(Oc1ccc(cc1)S(CCO)(=O)=O)C,MOSES sample,3241
c1cc(ccc1)CN(C(CNc1ccccc1)=O)C,MOSES sample,3242
C1N(CCC(C1)(O)c1ccccc1)C(=O)c1c(Cl)c(C)oc1C,MOSES sample,3243
Clc1cccc(NC(=O)c2c(C)nc([nH]c2=O)C(C)(C)C)c1,MOSES sample,3244
C1CN(CCN1CCC(=O)Nc1cccc(c1)F)C(OCC)=O,MOSES sample,3245
c1(cc(SCC)ncc1)C(NCCOc1ccc(cc1)F)=O,MOSES sample,3246
c1(cc(OC)ccc1OC)C(NC(C)(C)c1sc(C)c(n1)C)=O,MOSES sample,3247
C1C(C)N(CCC1)C(=O)c1cc(c(OC)c(c1)OC)OC,MOSES sample,3248
c1(C)nc(NC2CCCc3c2cnc(n3)N(C)C)c2nc(C)oc2n1,MOSES sample,3249
O=C(NCC(F)(F)F)c1cc2cccc(Br)c2o1,MOSES sample,3250
CC(C)CNC(C(OC(c1nn(-c2ccc(cc2)F)cc1)=O)C)=O,MOSES sample,3251
CCOC(C)c1noc(CNc2ccc(-n3cccn3)cc2)n1,MOSES sample,3252
c1c(ccc(OCc2ccccc2)c1)C(NC(=O)c1cnn(c1)C)C,MOSES sample,3253
c1c(CCNc2c(c(n(nc2)CC)=O)CO)ccc(c1)OC,MOSES sample,3254
Cc1cccc(C(=O)NC2CCN(c3ccc(C#N)cn3)CC2)n1,MOSES sample,3255
C(N(CC)C(=O)CNC(C1c2c(cccc2)CCN1)=O)C,MOSES sample,3256
N(CC1CC1)S(=O)(=O)c1ccc(C(NC2CCCC(C)C2)=O)cc1,MOSES sample,3257
n1ccnc2c1ccc(Cl)c2C(=O)N1CCOC(C)C1,MOSES sample,3258
N(C(COc1ccccc1OC)=O)(c1ccccc1)CCC#N,MOSES sample,3259
n12c3c(cnc1nc(C)n2)C(CC(C)(C3)C)=Cc1cscc1,MOSES sample,3260
CCC(CC)C(=O)Nc1cc(-n2cnnn2)ccc1Cl,MOSES sample,3261
N#CCOc1ccc(NS(=O)(=O)c2cccs2)cc1,MOSES sample,3262
FC(F)(F)Oc1ccc2c(c1)C(c1ccncc1)NCC2,MOSES sample,3263
c12ccccc2ncn(NC(c2ccc(cc2)Cl)=O)c1=O,MOSES sample,3264
C(#N)c1c(nccn1)Sc1n(c(C(F)(F)F)nn1)-c1ccccc1,MOSES sample,3265
n1c(n2CCCc2n1)C(NC(=O)CSc1cc(c(F)cc1)F)C,MOSES sample,3266
n1c(cc([nH]c1Nc1ccc(NC(=O)C)cc1)=O)C,MOSES sample,3267
CCc1nnc(NC(=O)NC(CC)c2ccc(OC)cc2)s1,MOSES sample,3268
Cc1nn(c(c1)C(NC1CCOCC1)=O)-c1ccc(F)cc1,MOSES sample,3269
O=C(N)C(NC(c1snnc1CC)=O)C(CC)C,MOSES sample,3270
COc1ccc(Cl)cc1NC(=O)CN(C)S(C)(=O)=O,MOSES sample,3271
c1oc(c(C(NCCC(N(C)CCC(F)(F)F)=O)=O)c1)C,MOSES sample,3272
Cc1nsc(NC(=O)C2CCCN(C(=O)C3CC3)C2)n1,MOSES sample,3273
C(N(C)C(=O)C#Cc1ccccc1)c1cccs1,MOSES sample,3274
c1c(F)c(cc(c1)S(=O)(CC(=O)NCCC)=O)F,MOSES sample,3275
n1c(-n2c(NC(=O)c3ccc(cc3)NC(=O)N)cc(C)n2)cccc1,MOSES sample,3276
COc1ccc(CN(C)C(=O)NCC2CC2)cc1O,MOSES sample,3277
N(c1c(cccc1)SC(F)F)Cc1nnc(-c2ccccc2)o1,MOSES sample,3278
N(C)C(c1ccc(CS(=O)(c2ccc(cc2)Cl)=O)cc1)=O,MOSES sample,3279
c1c(cccc1C(F)(F)F)Cc1sc(NC(COC)=O)nn1,MOSES sample,3280
O=C(N1C(c2cc(CO)[nH]n2)CCC1)Nc1ccccc1,MOSES sample,3281
c1(cnc(s1)C1OCCC1)C(=O)OCC(NC1CCCCC1C)=O,MOSES sample,3282
C1(O)C(C(OCC)=O)C(n2c(N)nnc2C1)c1ccccc1C(OC)=O,MOSES sample,3283
c1ccc(cc1C(CNC(=O)Cc1cccs1)OC)C(F)(F)F,MOSES sample,3284
c1(SCc2oc(nn2)-c2ccccc2)nc2ncccn2n1,MOSES sample,3285
Clc1ccc(cc1)CCNS(CCCC)(=O)=O,MOSES sample,3286
c1(NS(=O)(C(C)C)=O)cccc(c1C)C(NC(C)C1CC1)=O,MOSES sample,3287
C(C(=O)Nc1cnccn1)NC(=O)c1ccc(cc1)F,MOSES sample,3288
Cc1ccc(NC(=O)C(C)n2nc3ccccc3n2)c(O)c1,MOSES sample,3289
O=C1CC(c2cc3c(cc2)OCO3)Oc2c1ccc(c2OC)OC,MOSES sample,3290
c1cccc(c1)C(c1c(nc(C)[nH]1)N)c1ccccc1,MOSES sample,3291
C(C)CCCNC(CC(c1c(F)cccc1F)C#N)=O,MOSES sample,3292
N(c1ncc(cn1)C)CCCOCC1CCCO1,MOSES sample,3293
CC(C)(C)c1cc(C(=O)NCC2(N3CCOCC3)CCCCC2)[nH]n1,MOSES sample,3294
n1c(N2CCC(CC2)NC(=O)CCc2ccncc2)nccc1,MOSES sample,3295
C(c1cccc(c1)F)C(=O)NCCOc1ccc(OC)cc1,MOSES sample,3296
c1(C(NC(C#N)c2ccc(cc2)F)=O)cc(c(C)cc1)NC(=O)CC,MOSES sample,3297
c1cc(cc2CC(COc21)C(NCc1c(C)oc(c1)C)=O)OC,MOSES sample,3298
c1cc(ccc1)S(N(CC(OCC1CC=CCC1C)=O)C)(=O)=O,MOSES sample,3299
O=C(c1cn[nH]c1-c1cccs1)N1CCN(CC(F)F)CC1,MOSES sample,3300
Cc1cc(C)cc(OCCN(C)Cc2nnc(C3CC3)n2C)c1,MOSES sample,3301
Cc1ccc(-c2nc(NC(=O)Cc3cccs3)no2)o1,MOSES sample,3302
O=C(Nc1ccc(cc1O)C)C1CCCN(C1)C(=O)C(C)(C)C,MOSES sample,3303
C1CCC(C2OCCO2)N(C(=O)c2c(O)cc(Cl)cc2)C1,MOSES sample,3304
O=C(NCc1nc(-c2cccs2)no1)c1cccnc1,MOSES sample,3305
c1ccc(NC(C(Sc2nccn2C)C)=O)c(c1)C#N,MOSES sample,3306
CC(C)CC1COCCN1C(=O)CNC(=O)NCc1ccco1,MOSES sample,3307
CCCC(=O)Nc1c(C)nn(Cc2ccccc2)c1C,MOSES sample,3308
C(C)Oc1c(OC)cc(cc1)CNC(=O)c1cc2c(cc1)OCC2,MOSES sample,3309
c1(-c2ccc(cc2OC(C)C)F)c(c(=O)n(nc1)C)C#N,MOSES sample,3310
O=C(NCC(O)c1cnn(-c2ccccc2)c1)c1ccccc1,MOSES sample,3311
n1c2c(cc(C(NC)=O)c(n2Cc2ccc(C)cc2)=O)n2c1cccc2,MOSES sample,3312
N(C(=O)NCc1cccc(S(=O)(=O)NC)c1)C(c1ccncc1)C,MOSES sample,3313
n1c(N2CCN(C(=O)c3cnc(C)s3)CC2)[nH]nc1-c1ccco1,MOSES sample,3314
CCC(C)NC(=O)CSc1nc2ccccc2n1C,MOSES sample,3315
c1ccc(CC(=O)NC)cc1-c1n(Cc2ccc(cc2)C)nc(n1)C,MOSES sample,3316
Cc1nccn1S(=O)(=O)c1c(OC)cc(cc1)C,MOSES sample,3317
CC(c1sc(C(=O)Oc2c(cc(C#N)cc2)OC)cn1)C,MOSES sample,3318
CCN(CC(=O)NC(C)C)C(=O)CCc1ccccc1F,MOSES sample,3319
C1N(CC(CC1)C(Nc1c(onc1C)CC)=O)C(=O)NCC(C)C,MOSES sample,3320
C(C(Nc1c2ncccc2ccc1)=O)n1cnc2ccccc2c1=O,MOSES sample,3321
n1(c(=O)c2c(nc(C)cc2C(=O)N2CCN(CC2)C)n(C)c1=O)C,MOSES sample,3322
CC(C)CC(CNC(=O)c1cc(F)cc2[nH]cnc12)N1CCOCC1,MOSES sample,3323
c1(c[nH]c2c1cccc2)CCNC(c1c2ccccc2[nH]c(=O)c1)=O,MOSES sample,3324
O=C(CNc1cc(F)c(F)c(F)c1)NCc1ccc2c(c1)OCO2,MOSES sample,3325
C1(CCc2cc(ccc2N1)OCCc1c(C(N)=O)c(ccc1)OC)=O,MOSES sample,3326
COCCNc1nccc2c(N)c(Br)ccc12,MOSES sample,3327
C12CCC(N2S(=O)(Cc2c(F)cccc2)=O)COC1,MOSES sample,3328
O=C(c1c(ncs1)C1CC1)N(c1ccccc1F)C,MOSES sample,3329
FC(F)(c1cc(C(Nc2ccc(F)c(c2)C#N)=O)ccc1)F,MOSES sample,3330
CCC(C)(NC(=O)c1cc2ccc(OC)cc2oc1=O)C(=O)OC,MOSES sample,3331
n1(C)nc(ccc1=O)Oc1ccc(cc1)NC(=O)c1ccco1,MOSES sample,3332
CNc1cc(-c2ccc(Cl)cc2)nc(C(C)C)n1,MOSES sample,3333
s1cnc(C2CCN(C(=O)CCOC)CC2)c1C(N(C)C)=O,MOSES sample,3334
O(c1cc(CNc2nc(-c3ccncc3)c(cn2)F)ccc1)C,MOSES sample,3335
C1COc2cc(C(NCC3(c4ccccc4)CCC3)=O)ccc2O1,MOSES sample,3336
N(C(=O)CCc1c(C)nn(c1C)C)c1ccc(C(=O)NCC=C)cc1,MOSES sample,3337
CC(NC(=O)OCc1ccccc1)C(=O)N(C)CC(N)=O,MOSES sample,3338
c1(C2c3cc(ccc3CCN2)OC(F)F)nc(C)ccc1,MOSES sample,3339
CN(C)c1c(F)cc(cc1)C(NC1c2c(OCCC1)cccc2)=O,MOSES sample,3340
c1cc(ccc1C(CNc1c(cccc1)C)=O)OC,MOSES sample,3341
C(n1c2CCCCc2sc1=O)C(Nc1ccc(c(OC)c1)OC)=O,MOSES sample,3342
c12cc(c(NC(=O)c3ccc(cc3)OC)cc1CCC(N2)=O)F,MOSES sample,3343
N#CCC(=O)Nc1nnc(-c2ccccc2Br)s1,MOSES sample,3344
c12N(CCC(=O)Nc3c(C)cccc3C)C(=O)COc2cccc1,MOSES sample,3345
c1(n[nH]c(NC(CSc2nncs2)=O)c1)CC,MOSES sample,3346
CC1(C)CC(=O)c2cnc3nc(Nc4cccc(F)c4)[nH]c(=O)c3c2C1,MOSES sample,3347
c1cc2c(cc1)c(=O)n(nn2)CC(NC(C)c1ccc(C)o1)=O,MOSES sample,3348
C(Nc1cc2c(cc1)COC2)c1cc2OCCOc2cc1,MOSES sample,3349
c12ccc(S(NC(C)(C)C)(=O)=O)cc1C(C)(C(N2C)=O)C,MOSES sample,3350
CC(Oc1ccccc1)C(=O)N1CCN(CCc2ccncc2)CC1,MOSES sample,3351
c1cc(-n2ccnc2C(C(F)(F)F)C(F)(F)F)cc(c1)C#N,MOSES sample,3352
c1cccnc1-c1nc(-c2cc(F)ccc2)nc(c1)NC,MOSES sample,3353
N(C(c1ccccc1C)=O)CC(N1CCOCC1)C(C)C,MOSES sample,3354
c1(ccccc1)-c1n[nH]c(c1)CCCN(C)C(C(CO)N)=O,MOSES sample,3355
O=C(c1ccccc1)N1CCCC(C(=O)N2CCOCC2)C1,MOSES sample,3356
CC(=O)Nc1ccc(S(=O)(=O)Nc2ccccc2C)cc1,MOSES sample,3357
CN(C(=O)c1cccc(Oc2cnccn2)c1)C1CCCC1,MOSES sample,3358
Cc1nc(N(C)C)sc1CN(CC(N)=O)C(C)C,MOSES sample,3359
COc1cc(C(=O)NC(C)c2ccc(C)o2)ccc1C,MOSES sample,3360
S(C1CN(C1)C(OC(C)(C)C)=O)(c1nnc(s1)SC)=O,MOSES sample,3361
O(C(=O)c1cccc(S(NCc2occc2)(=O)=O)c1)C,MOSES sample,3362
N12c3ccc(C)cc3NC2c2c(ccc(OC)c2)C(C1(O)NC#C)(C)C,MOSES sample,3363
c1(cc(OC(C(Nc2ccc(cn2)Cl)=O)C)ccc1)C,MOSES sample,3364
C(n1c(=O)c(C#N)c(c(C)n1)C)C(=O)N(CC)c1ccccc1,MOSES sample,3365
N1(C(c2cccs2)=O)CCN(C(C2(CCC2)COC)=O)CC1,MOSES sample,3366
n1n(C)c(C(=O)Nc2ccc(C(OC)=O)cc2)c(Br)c1,MOSES sample,3367
C(NC(=O)NCCc1ccc(-n2nccc2)cc1)(C)c1oc(C)cc1,MOSES sample,3368
O(c1cc2c(oc(c(C(N)=O)c2)=O)cc1Cl)C,MOSES sample,3369
Cc1ccccc1C(NC(=O)c1ccccn1)C(C)C,MOSES sample,3370
c1ccc(C#CC(Nc2cc3COCc3cc2)=O)c(c1)F,MOSES sample,3371
COc1c(Cl)cccc1NC(N(C(CC)C)C)=O,MOSES sample,3372
Nc1n(c(SCC(=O)NC(C)(C)C)nn1)C1CC1,MOSES sample,3373
c1cnc(-c2cn[nH]c2C2CCN(c3cnccn3)CC2)cn1,MOSES sample,3374
c1c2c(ccc1)cc(C(=O)OC)c(n2Cc1ccccc1F)=O,MOSES sample,3375
c1n(CCN2CCOCC2)c2c(n(C(C)C)c(=O)n(C)c2=O)n1,MOSES sample,3376
O(c1c(N)cccc1)c1c(cccc1)C(OCC)=O,MOSES sample,3377
Fc1ccccc1-c1oc(nc1)CCC(N(C(C)C)CC(=O)N)=O,MOSES sample,3378
C(=O)(N(CCOc1cc(Cl)ccc1)C)CSc1ccncc1,MOSES sample,3379
c12ccccc2N(CC1)CC(c1ncccc1)OC(c1cnccc1)=O,MOSES sample,3380
c1(C)noc(NC(=O)c2cc(-c3ccc(Cl)cc3)on2)n1,MOSES sample,3381
CCOC(=O)CCC(C)NC(=O)c1cc(C)on1,MOSES sample,3382
C1C(NC(OC(C)(C)C)=O)CCN(C1)C(c1cc(c[nH]1)Cl)=O,MOSES sample,3383
c1(C)cc(ccc1)C1(C(N2CCCN(CC2)C(=O)CC)=O)CCCC1,MOSES sample,3384
O(C(C)(C)C)C(NCCCN(C(=O)Nc1cc(cc(c1)C)C)C)=O,MOSES sample,3385
Cn1cc(cn1)COc1ccc(-c2noc(C)n2)cc1,MOSES sample,3386
C1COC(O1)c1ccc(NC(c2cnc(C)cc2)=O)cc1,MOSES sample,3387
Cc1nc(sc1)SCC(c1c(=O)oc2c(ccc(O)c2C)c1)=O,MOSES sample,3388
c1[nH]c(c(c(c1N)=O)C)COc1ccc(F)cc1,MOSES sample,3389
Cc1c(c(C)cc(C)c1)C(CCC(=O)NCc1ccccn1)=O,MOSES sample,3390
C(CN1CCN(S(CCC)(=O)=O)CC1)=Cc1ccccc1,MOSES sample,3391
c1c(-c2n(C)c3cc(N)ccc3n2)cc2[nH]c(=O)[nH]c2c1,MOSES sample,3392
N=c1[nH]c2ccc(S(=O)(=O)NC3CCCC3)cc2s1,MOSES sample,3393
C(c1cnc(C(F)(F)F)cc1Oc1ccccc1)NC(=O)CCO,MOSES sample,3394
Cc1ccccc1C(=O)N1CCN(c2ccc(O)cc2)CC1,MOSES sample,3395
N(C1(CCCCC1)C(OC)=O)S(c1cn(nc1)C)(=O)=O,MOSES sample,3396
O=C(c1ccccc1)N(CCn1cnnc1)CC1CCOC1,MOSES sample,3397
c1cc(ccc1NCc1n(CCC)c2c(n1)cccc2)CO,MOSES sample,3398
c1cc(c(cc1)NC(=O)c1ccc(N2CCOCC2)cc1)-n1cccn1,MOSES sample,3399
C1C(NC(=O)c2sccc2Br)CCOC1,MOSES sample,3400
c1(c2oc(=O)cc(c2ccc1)C)OC(=O)COc1ccccc1,MOSES sample,3401
c1(NCc2ccc(nc2)-n2cccn2)cc(F)cc(F)c1F,MOSES sample,3402
C1CC(CCN1C(c1scnc1C1CC1)=O)c1ccnn1CCO,MOSES sample,3403
O=C(N(Cc1ccccc1)C)CSc1c(cccc1)OC,MOSES sample,3404
c1(C)onc(n1)CNC(=O)NCC(c1ccccc1Cl)(C)C,MOSES sample,3405
COc1ccc(F)cc1NC(=O)c1cccnc1N1CCCC1,MOSES sample,3406
Cn1nc(C(=O)NC2CCCC2)cc1NC(=O)C1CCCCC1,MOSES sample,3407
Fc1ccc(Cn2c(NC(=O)c3c4cc[nH]c4ccc3)ccn2)cc1,MOSES sample,3408
C(c1cc(ccc1)OC)(CSc1ncccn1)=O,MOSES sample,3409
COC(=O)c1ccc(CN(C)Cc2ccc(F)cc2F)cc1F,MOSES sample,3410
C(Nc1c(N)cc2nc(sc2c1)C)(C(CC)CC)=O,MOSES sample,3411
C1(OCCC1)C(=O)NCC(N1CCc2ccccc2C1)=O,MOSES sample,3412
C(OCC)(NC1CCN(CC1)S(=O)(=O)c1cccc(C)c1)=O,MOSES sample,3413
c1cc(cc(c1)Cl)C(Nc1scc(n1)CN1CCOCC1)=O,MOSES sample,3414
c1cccc(c1)CS(=O)(N(C)Cc1noc(c1)C)=O,MOSES sample,3415
Cc1nn(C)c(C)c1C(=O)Nc1ccc(OCC(N)=O)cc1,MOSES sample,3416
c1cc(cc(c1CN1CC(CCC1)c1noc(n1)C)Cl)F,MOSES sample,3417
C(C(=O)NC1CC1)N(CC)c1c(cccc1N)Cl,MOSES sample,3418
O=S(c1ccccc1)(=O)NCC#Cc1ccccc1C(NC)=O,MOSES sample,3419
c1(CCNC(C2CCOCC2)=O)c2ccc(C)cc2[nH]c1,MOSES sample,3420
c1cn(-c2ccc(CNC(=O)NCCC3CCCCC=3)cn2)nc1,MOSES sample,3421
Fc1c(cccc1)-n1c2ncn3c(nc(n3)-c3ccco3)c2cn1,MOSES sample,3422
O=C(Nc1ccncc1)c1cccc(COc2cccc(F)c2)c1,MOSES sample,3423
C(C(=O)N1CCCC(c2onc(n2)C)C1)CC1CCCC1,MOSES sample,3424
Fc1ccc(-c2nc(co2)CC(N(C)C(C)C)=O)cc1C,MOSES sample,3425
C1c2sccc2CN(C(c2ccc3c(CCC(=O)N3)c2)=O)C1,MOSES sample,3426
c1c(CCC(=O)NC2CC(N(CC)C2)=O)cc(cc1)F,MOSES sample,3427
Cc1ccc2c(c(C(=O)NCc3nncn3C)cs2)c1,MOSES sample,3428
CN(C)C(=O)Nc1ccc(cc1)CNC(=O)Nc1ccc(F)c(c1)C,MOSES sample,3429
c1cn(-c2c(NC(c3ccc4c(OCO4)c3)=O)cccc2)nc1,MOSES sample,3430
Cc1ccc(-c2nc(sc2)CCNC(c2cccs2)=O)s1,MOSES sample,3431
CN(C(=O)Cn1c(=O)n(C)c2ccccc21)Cc1cccnc1,MOSES sample,3432
CCCn1nnnc1NCc1ccc(OC)c(OC)c1,MOSES sample,3433
COc1ccc(CNC(=O)c2cccc(F)c2)cc1,MOSES sample,3434
O=C(Nc1nc(C(F)(F)F)cs1)C1CCOC1,MOSES sample,3435
c1(NC(=O)COCCC(C)C)ccc(-c2coc(C)n2)cc1,MOSES sample,3436
c1ccn(n1)-c1ccc(cc1)CC(=O)Nc1c(C(=O)N)ccc(Cl)c1,MOSES sample,3437
CN1CC2(CCN(C(=O)c3cc4c(nc3O)CCC4)CC2)OC1=O,MOSES sample,3438
NC(=O)c1ccccc1NC(=O)c1ccc(Cl)cc1N,MOSES sample,3439
CCCC(C)CNc1cn[nH]c(=O)c1Cl,MOSES sample,3440
O=C(CN1C(=O)CSc2ncccc21)NC1CC1,MOSES sample,3441
CC(O)C1NC(=O)C(Cc2ccc(F)cc2)NC1=O,MOSES sample,3442
O=C(Nc1scc(c1)C(OC(c1ccc(cc1)F)CC)=O)N,MOSES sample,3443
c1c2nnc(n2cc(-c2noc(n2)-c2occc2)c1)CC,MOSES sample,3444
c1c(NC(CCOCC2OCCC2)=O)cc(c(-n2nnnc2)c1)C,MOSES sample,3445
O(c1cccnc1)c1ccc(NC(NCCC(C)(C)C)=O)cn1,MOSES sample,3446
c1(ccc(cc1)-c1nc(on1)C)NC(=O)NC(C)C,MOSES sample,3447
N(Cc1ccc(C)cc1C)C(=O)c1cc(C)n(c1C)C1CC1,MOSES sample,3448
COCc1ccccc1Cn1cc(-c2nccs2)nn1,MOSES sample,3449
Cc1cc(C(=O)N2CCN(c3ccc(F)cc3)CC2)no1,MOSES sample,3450
Cc1c(-c2cnc(N3CCCC3)nc2)c(O)nn1C,MOSES sample,3451
C1CC(N(C(COCCOC)=O)C2CCc3c2cccc3)CC1,MOSES sample,3452
n1c(cc(C(=O)N(c2ccccc2)CCC(N)=O)cc1)SCC,MOSES sample,3453
S(=O)(=O)(NC(C)C)c1ccc(OCC(NC(C)C)=O)cc1,MOSES sample,3454
Cn1c(n(c(c2c1n1c(n(c(C)c1C)-c1ccccc1C)n2)=O)C)=O,MOSES sample,3455
CCc1nnc(NC(=O)CSc2ccc3c(c2)OCCCO3)s1,MOSES sample,3456
[nH]1ncc2c1c(C(NCCCOCC1OCCC1)=O)ccc2,MOSES sample,3457
c1ncoc1-c1cccc(NC(=O)CC(NC(N)=O)c2ccccc2)c1,MOSES sample,3458
C1N(C2C(CC1)CCC2)C(=O)c1c(nncc1)N,MOSES sample,3459
C1CN(CCN1C(c1sccc1)=O)C(=O)c1ccc(cc1)OCC,MOSES sample,3460
c1ccc(c(n1)OC)C(=O)N1C(CC1)c1onc(-c2sccc2)n1,MOSES sample,3461
c1cc2C(CCc2cc1)CNC(=O)C1COCCO1,MOSES sample,3462
CCOC(=O)N1CCC(NC(=O)NCCC(=O)N(C)C)CC1,MOSES sample,3463
O=C(NC1CCCNC1=O)c1oc2ccc(Br)cc2c1,MOSES sample,3464
O=S(=O)(c1cc(ccc1)C(=O)OCC=CC)N1CCCCC1,MOSES sample,3465
c1cc(cc(c1)CC(N1CCC(OCc2c(C)cccc2)CC1)=O)C,MOSES sample,3466
CC(C(F)(F)F)(NC(=O)Nc1cc(c(cc1)F)F)O,MOSES sample,3467
C(N(C)C(C1N(Cc2c(cccc2)C1)C(C)=O)=O)CC(F)(F)F,MOSES sample,3468
n1(C(C)(C)C)c2c(c(NCCN3CCOCC3)ncn2)cn1,MOSES sample,3469
c1(C)c(c(C)c([nH]1)C(NCCCC)=O)C(=O)OC,MOSES sample,3470
n12c(nc(n2)N)c(C#N)c2CCN(CC)Cc2c1-c1ccccc1F,MOSES sample,3471
c1c(c(nn1C)C(C)(C)C)C(N1CCN(C(CC)=O)CCC1)=O,MOSES sample,3472
c1cc(F)ccc1-n1c(cc(C(=O)OCC(N2CCCC2)=O)n1)C,MOSES sample,3473
c1(NC(COc2ccc3c(CCC(=O)N3)c2)=O)cccn(c1=O)C,MOSES sample,3474
c1ccccc1C(NC(NCc1onc(c1)C)=O)C(CC)CC,MOSES sample,3475
c1(CNC(=O)NC2c3c(c4CCCCc4cc3)OCC2)cscn1,MOSES sample,3476
N(CCCNC(=O)c1cc(ccc1)OC)C(c1cncc(c1)C)=O,MOSES sample,3477
C(c1ccc(c(c1)NC(N1CC(CC)CCC1)=O)OC)(N(C)C)=O,MOSES sample,3478
C(c1ncc(C(NC2CCC(O)CC2)=O)s1)C,MOSES sample,3479
c1cc(S(N(c2cccc(F)c2)CC)(=O)=O)ccc1C(NCC)=O,MOSES sample,3480
c1ccc(Cc2nc(C(C)(C)C)no2)cc1S(CC)(=O)=O,MOSES sample,3481
CCOC(=O)Cn1c(C(C)(C)C)nc2c(N)cccc21,MOSES sample,3482
Cc1c2c(oc(c2C)C(=O)NC(C)CCCO)c(Cl)cc1,MOSES sample,3483
C1Cc2c3c(sc2C1)nc(SCCC#N)n(CCC)c3=O,MOSES sample,3484
N#CCCc1nc(C2CC2)nn1-c1ccc(F)cc1,MOSES sample,3485
COc1ccc(OC)c(-c2nnc(SCC(=O)OC)o2)c1,MOSES sample,3486
c1cc(-n2ncc(c2)CC(=O)NCc2cnn(C)c2)ccc1,MOSES sample,3487
c1ccoc1C1N(CCCCC1)C(c1cccc(n1)-n1cnnc1)=O,MOSES sample,3488
CC(NC(N)=O)C(=O)N(C)CC(=O)Nc1ccc(Cl)c(Cl)c1,MOSES sample,3489
c1(NC(=O)C2CCN(C(C)=O)CC2)sc(nn1)-c1occc1,MOSES sample,3490
n1c(Cc2cccs2)oc(SCC(NCC)=O)n1,MOSES sample,3491
c1c(sc2ccccc21)C(NCc1cccc(Cn2nccc2)c1)=O,MOSES sample,3492
Cc1cc(C)n2nc(NC(=O)C3CC3C)nc2n1,MOSES sample,3493
c1[nH]ncc1S(=O)(=O)N1CC(CC1c1ccc(cc1)OC)O,MOSES sample,3494
C(N1CCOCC1)c1csc(NC(=O)NCCc2ccccc2)n1,MOSES sample,3495
n1oc(cc1C(N(Cc1cc2cc[nH]c2cc1)C)=O)C,MOSES sample,3496
O=S(CCNC(c1c(cc(o1)C)C)=O)(N1CCOCC1)=O,MOSES sample,3497
c1cccc(N(C)c2ccccc2)c1NC(=O)Nc1nn(cc1)C,MOSES sample,3498
C1CN(Cc2c(C)ccs2)CCN1C(=O)NCc1ccnn1C,MOSES sample,3499
N(C)(c1sc2c(cccc2)n1)Cc1cc(-c2cn(C)nc2)c(cc1)C,MOSES sample,3500
O=C(NCCc1c2c(cccc2)[nH]c1)CNC(CNC(=O)C)=O,MOSES sample,3501
Cn1c(SCCNc2ncnc3[nH]cnc23)nc2ccccc21,MOSES sample,3502
c1cc(ccc1N1C(CCC1)=O)C(=O)N(CCC(=O)OC)CC,MOSES sample,3503
C1CC(CN(C(C(Sc2ccccn2)C)=O)C1)C(F)(F)F,MOSES sample,3504
c1c[nH]nc1CNC(=O)NC1c2cc(F)ccc2SCC1,MOSES sample,3505
c1(OCC)c(Cn2nnc(C#N)c2C2CC2)cccc1,MOSES sample,3506
c1(nc(N(CCO)CC)ncc1)-c1c(C)nn(c1)C,MOSES sample,3507
N1(C)c2c(cc(C(=O)NCCOCC)cc2)C2C1(O)CCCC2,MOSES sample,3508
c1(c(c(nn1C)C)NC(=O)C1CN(C(C)=O)CCO1)C,MOSES sample,3509
C(CN(C)c1ccc(C#N)cn1)(=O)NC(COC)CC,MOSES sample,3510
c1(C(C)C)ncc(Br)c(n1)C(C)C,MOSES sample,3511
o1c2c(c(C(OCC)=O)n1)c(ncn2)N1CCCCC1,MOSES sample,3512
c1(ccc(C)cc1)Oc1c(c(NCCc2ccccc2)ncn1)N,MOSES sample,3513
CC(C)(C)OC(=O)NCC1CCCN(C(=O)c2ccoc2)C1,MOSES sample,3514
O=C(NCc1ncc(-c2ccccc2)[nH]1)c1ccc2c(c1)OCCO2,MOSES sample,3515
Cc1ccc(NC(=O)c2csc(S(N)(=O)=O)c2)nc1,MOSES sample,3516
Cc1c(cc(cc1)S(=O)(NCc1nc2n(cccc2)c1)=O)F,MOSES sample,3517
C(CNC(c1cnn(c1)-c1cc(C)ncn1)=O)C1CCCCCC1,MOSES sample,3518
c1(C)ccccc1C(=O)Nc1c(C)sc(C)c1-c1[nH]nc(n1)C,MOSES sample,3519
CC(C)N(C)C(=O)c1cc(-c2ccc(Br)cc2)no1,MOSES sample,3520
O1CCN(C(=O)C2CCN(C(=O)c3ccc(O)c(c3)Cl)CC2)CC1,MOSES sample,3521
COC(C)(C)c1noc(-c2ccc(NC(=O)NC(C)C)cc2)n1,MOSES sample,3522
O=C(CCNC(c1ccccc1OC)=O)NCc1ccccn1,MOSES sample,3523
c1c(NC(c2cc(F)ccc2)=O)cc(Cl)c(c1)NC(=O)C,MOSES sample,3524
c1(C)nc(sc1)-n1c(C)c(C(C)=O)c(n1)C(OCC)=O,MOSES sample,3525
c1cc(cc(c1C)NC(C(C)(C)C)=O)NC(=O)C(NC(=O)C)C,MOSES sample,3526
c1(C(=O)N2C=CC=CC2=O)nn(nc1)-c1ccc(F)cc1,MOSES sample,3527
Clc1c(cc(cc1)S(=O)(=O)NC(C)(C)C)N,MOSES sample,3528
c1([nH]nc(C)c1)C(=O)Nc1ccccc1N1CC(OC(C1)C)C,MOSES sample,3529
C(C)Oc1c(cccn1)C(=O)Nc1cccc(c1)C(C)=O,MOSES sample,3530
c1sc(C2(CCC2)NC(=O)Nc2sc(nn2)CC)cc1,MOSES sample,3531
C(=O)(CN1c2ccc(N)cc2OC(C(C)C)C1=O)OC,MOSES sample,3532
O=C(Nc1ccccc1)N1CCN(C(=O)C2CCCCC2)CC1,MOSES sample,3533
CC1CCCC(NC(=O)Nc2ccc3c(c2)COC3)C1,MOSES sample,3534
CCCCNC(=O)C(N)C(c1ccc(C#N)cc1)c1ccccc1,MOSES sample,3535
c1(F)c2c(ccc1)[nH]cc2C(NCc1ccnn1C)=O,MOSES sample,3536
CC(C)CNC(=O)CCS(=O)(=O)c1ccc(F)cc1,MOSES sample,3537
O=C(CCn1nc(oc1=O)-c1ccc(cc1)F)NC(CC)C,MOSES sample,3538
c1(N2CC3COCC3(C2)COCC(=O)N(C)C)ncc(F)cn1,MOSES sample,3539
Cc1cc(NC(=O)C(C)N2CCCN(C(=O)OC(C)(C)C)CC2)on1,MOSES sample,3540
O=C(NCCc1nc[nH]n1)c1ccc(-n2cncn2)c(F)c1,MOSES sample,3541
c1nc(cc(N2CCN(C(=O)NCC3CCOC3)CC2)c1)C(=O)N,MOSES sample,3542
O=C(CSc1n[nH]c(=O)n1C1CC1)NCc1ccco1,MOSES sample,3543
COCC(C)NS(=O)(=O)c1ccc2c(c1)CCCN2,MOSES sample,3544
n1cn(CC(=O)Nc2cccc(c2)F)c(=O)c2c(Cl)cccc12,MOSES sample,3545
OCCn1c(Cc2cccs2)nc2cc(Cl)cnc21,MOSES sample,3546
CN1CC(C(NCCc2c(Cl)cccc2)=O)OCC1,MOSES sample,3547
c1(-c2ccco2)cc(NC(=O)N2CC(OCC2)C(N)=O)c(s1)C#N,MOSES sample,3548
n1nc(nn1CC(=O)N(C(C)CC(C)C)C)-c1ccc(C(N)=O)cc1,MOSES sample,3549
C1OCCN(C1)CC(Nc1ccc(c(Cl)c1)OC)=O,MOSES sample,3550
N(c1cc(ccc1OC)F)C(=O)c1cc(Br)c[nH]1,MOSES sample,3551
Cc1ccccc1S(=O)(=O)C(C)c1nc2ccccc2s1,MOSES sample,3552
c1nc2cc(NC(=O)c3ccc(NC4CC4)nc3)ccc2o1,MOSES sample,3553
c1(nc(nc(C)c1)SCC(NC1C(NCCC1)=O)=O)N,MOSES sample,3554
CNC(=O)C(C)NC(=O)c1cc(S(C)(=O)=O)ccc1C,MOSES sample,3555
N(C(=O)c1cc(C)on1)c1nc2c(s1)cc(C)cc2,MOSES sample,3556
C1CCN(C1c1cc(on1)C)C(NCCCOC1CCCC1)=O,MOSES sample,3557
C(=O)(c1nc(NC(=O)C2COCCO2)sc1)C,MOSES sample,3558
c1cccc(c1)OCCCNC(c1c(C)ccs1)=O,MOSES sample,3559
C1(CCCO1)C(Nc1ccc(cc1C(F)(F)F)OC(C)C)=O,MOSES sample,3560
c1ccc2c(nc3c(CNCC3)c2C(=O)NCc2ccco2)c1,MOSES sample,3561
C(c1ccc(cc1)C(N)=O)N(c1ccncc1)C(=O)c1ccccc1,MOSES sample,3562
c1ccc(C(C)C)cc1NCc1nc(nc(n1)N(C)C)N,MOSES sample,3563
c1c(NC(C2CC2)=O)c(OCC(F)(F)F)ccc1,MOSES sample,3564
c1(nc([nH]n1)N)SCc1onc(-c2ccc(OC)cc2)n1,MOSES sample,3565
c1ccc(NC(CSc2ccccc2O)=O)c(c1)OCC,MOSES sample,3566
N1(CCN(c2ccccc2)CCC1)C(=O)NCCOC,MOSES sample,3567
C(c1c(cc(F)cc1)F)(=O)COC(c1[nH]cc(c1)C(=O)C)=O,MOSES sample,3568
c12cc(F)ccc1nc(C(F)(F)F)n2CC(=O)N(C1CCC1)C,MOSES sample,3569
CC(C(C)NS(=O)(=O)c1ccc(cc1)C)CC,MOSES sample,3570
c1(CC(=O)Nc2c3c(OCCO3)ccc2)cc(ccc1)OC,MOSES sample,3571
N(C1C(CN(C(=O)c2cc(c(C)cc2)C)C1)CCC)S(C)(=O)=O,MOSES sample,3572
C(C(=O)Nc1cccc(CN(CC)C(=O)C)c1)Oc1cc(C)ccc1,MOSES sample,3573
O=C(C1N(C(OC(C)(C)C)=O)CCN(C1)CCC(F)C)N,MOSES sample,3574
C1(CC1)NC(c1cc2ccsc2cc1NC(c1occc1)=O)=O,MOSES sample,3575
C(Nc1cn[nH]c(n1)=O)c1cc(ccc1)C(F)(F)F,MOSES sample,3576
n1cnc(N2CCC(NC(=O)CC(CCC)C)CC2)c2ccsc21,MOSES sample,3577
O=S(N1CCN(CC1)S(C)(=O)=O)(=O)c1c(noc1C)C,MOSES sample,3578
c1cc(-c2ccn[nH]2)ccc1NC(c1c(nc(cc1)-c1ccccc1)C)=O,MOSES sample,3579
COc1cc2c(cc1OC)CN(C(=O)c1ccc(C)c(C)c1)CC2,MOSES sample,3580
c1nc(N2CCOCC2)cc(N2CCN(CC2)C(=O)Cn2cccn2)n1,MOSES sample,3581
C1C(c2n[nH]cc2C)CCCN1C(=O)CCCCc1ccccc1,MOSES sample,3582
c1(ccncc1)-c1cc(nc(n1)-c1ccncc1)NCc1cccnc1,MOSES sample,3583
COCC(C)N(C)C(=O)c1cc(F)c(Cl)cc1Cl,MOSES sample,3584
Cc1ccc[nH]c1=NS(=O)(=O)c1cc(Cl)cnc1N,MOSES sample,3585
c1cc(c(cc1F)C1CC1C(OCc1ncccc1)=O)F,MOSES sample,3586
C(c1[nH]ccc1)(N1CCN(CC(N2CCCCCC2)=O)CC1)=O,MOSES sample,3587
COCCN1C(=O)c2ccccc2NC1C1CCC(C)CC1,MOSES sample,3588
N1(C(C(=O)c2ccc(cc2)Cl)CCC1)C(C)=O,MOSES sample,3589
N(C(=O)CCNC(NC1CC(CC)CCC1)=O)C,MOSES sample,3590
Cc1ccc(S(=O)(=O)N(C)c2ccc(N)c(C)c2)cc1,MOSES sample,3591
c1(C(=O)Nc2nnc(s2)C)cc(OC(C)C)ccc1,MOSES sample,3592
C(c1ccccc1)(C)(CC)CNC(=O)Cc1[nH]ccc1,MOSES sample,3593
N(C(C)c1cc(C)sc1C)C(=O)c1c(cccc1)COC,MOSES sample,3594
C(N1CCN(C(c2n3cc(ccc3nc2)C)=O)CC1)c1cc(no1)C,MOSES sample,3595
c1(C)onc(CN2CCN(C(=O)NCC(c3ccncc3)(C)C)CC2)c1,MOSES sample,3596
C(Nc1cnn(c1)CC1CCCO1)c1c[nH]nc1C(C)(C)C,MOSES sample,3597
c1(c(cccc1)NC(CCNC(=O)c1ccco1)=O)C,MOSES sample,3598
c1(c(C)cn(-c2c(Cl)cc(cn2)C(F)(F)F)n1)C,MOSES sample,3599
O=C(c1ccoc1C)NCC(NCc1cnn(c1)-c1ccccc1)=O,MOSES sample,3600
O=C(Nc1ccc(c(c1)Cl)F)CCc1c(nc([nH]c1=O)C)C,MOSES sample,3601
CC(=O)Nc1ccc(C(=O)Nc2ccc(C)cc2)cc1,MOSES sample,3602
c1(ccc(cc1)-c1nn(nn1)CC(Nc1ccccc1C(C)C)=O)C,MOSES sample,3603
n1nsc(c1C)C(N1CC2(C3CC3)C(C1)COC2)=O,MOSES sample,3604
N#CCCNC(=O)CN1CCCSc2ccccc21,MOSES sample,3605
N#CC(c1c(ccc(F)c1)F)Cc1[nH]c(=O)c2c(n1)cccc2,MOSES sample,3606
c12c(c(cc(C)n2)NC(=O)C(C)(C)c2ccccc2)cccn1,MOSES sample,3607
Clc1ccc(OCc2n[nH]c(-c3ccncc3)n2)cc1,MOSES sample,3608
c1cc(ccc1C(NC)=O)CN(c1ncnc2c1cnn2C)C,MOSES sample,3609
C=CCCC(=O)Nc1ccc2c(c1)oc(=O)n2C1CCCCC1,MOSES sample,3610
O=C(COc1c(cc([nH]c1)CO)=O)Nc1ccc2OCCOc2c1,MOSES sample,3611
c1cc2C(N(C(=O)c3nn(nc3)-c3ccccc3)C)CCc2cc1,MOSES sample,3612
Cc1cccc(-n2nnc(-c3nc(-c4ccccn4)no3)c2N)c1C,MOSES sample,3613
COc1ccc(Cl)cc1C(=O)OCCc1scnc1C,MOSES sample,3614
c1cc(ccc1Br)-n1c(c(N)c(n1)C)C,MOSES sample,3615
C(CN1CCOC1=O)c1nc(CCCc2ccccc2)on1,MOSES sample,3616
Clc1ccc(C#CCNC(=O)CCCCNC(=O)N)cc1,MOSES sample,3617
c1(NC(NCc2cc(OC(F)F)ccc2)=O)c(C)cccn1,MOSES sample,3618
CCCN(Cc1cc2cc(OC)ccc2[nH]c1=O)C(=O)C1CC1,MOSES sample,3619
c1c(N(C)C)ccc(c1)C(Nc1nc(cs1)C)=O,MOSES sample,3620
c1c(-n2cc(cn2)S(=O)(=O)N(Cc2sccc2)C)cccc1,MOSES sample,3621
CC(C)(CNC(=O)Cc1noc2ccccc12)c1ccncc1,MOSES sample,3622
O=c1n(C)c(cc(n1C)CN1CCN(CC1)C(c1sccc1)=O)=O,MOSES sample,3623
C(C)(CCc1ccccc1)NC(Nc1cc2sc(nc2cc1)C)=O,MOSES sample,3624
Cc1ccccc1Cn1nc(C(=O)NCc2ccco2)ccc1=O,MOSES sample,3625
c1cn2ncc(c2nc1)C(N(CC)c1ccccc1)=O,MOSES sample,3626
c12ccc(OCCNC(=O)N3C(CC)CCC3)cc1CCC2,MOSES sample,3627
c1(cc(c(C)s1)CCCC(NCC(C1CC1)O)=O)Br,MOSES sample,3628
O=c1[nH]c2ccccc2nc1Cc1nc(-c2cccnc2)no1,MOSES sample,3629
c1(ccon1)CN1CCN(S(=O)(c2ccc(C#N)cc2)=O)CC1,MOSES sample,3630
CC(NC(=O)CN1CCN(C(=O)c2ccccc2F)CC1)C1CC1,MOSES sample,3631
c1(c(ccc(N)c1)N(C)C1CCCCC1)C(=O)OC,MOSES sample,3632
CCc1cc(=O)n(CC(=O)NCCOC)c(-c2ccccc2)n1,MOSES sample,3633
Cc1cc(n(n1)-c1ccc(C(=O)NCc2c([nH]c(C)cc2C)=O)cn1)C,MOSES sample,3634
CCOc1cc(ccc1OCC)C(=O)NCC(C)C,MOSES sample,3635
c1cncn1-c1cccc(n1)C1CCCN1C(c1cccn1C)=O,MOSES sample,3636
C(CC(N1CCC(CC1)CC(=O)N)=O)c1ccc(cc1F)F,MOSES sample,3637
c12nc(cn2ccn(c1=O)CC)Cc1ccccc1,MOSES sample,3638
CCOC(=O)c1n(ccc1)-c1c(cccc1)C(F)(F)F,MOSES sample,3639
c12ccc(cc2CCC(N1)=O)OC(c1cc(C)nc2n(C)nc(c21)C)=O,MOSES sample,3640
CCn1ccc2ccc(NC(=O)C3CCCO3)cc21,MOSES sample,3641
c1(cccc(c1)Cn1c(ccc1)C(Nc1ccc(cc1)OC)=O)F,MOSES sample,3642
CC(C)(C)C(=O)N1CCN(CC1)c1ncnc(Nc2ncccc2)c1,MOSES sample,3643
c1cc(ccc1)N(C(=O)CSc1ccc(N)cc1)C,MOSES sample,3644
C1(CC1)NC(=O)c1c(NC(=O)c2c3ccccc3[nH]c2C)cccc1,MOSES sample,3645
C1Cc2sc(c(C#N)c2CC1)NC(=O)c1cc(OC)c(cc1)OC,MOSES sample,3646
C(C)(C)(c1nn(cc1C(=O)N=c1[nH]ccn1Cc1ccccc1)C)C,MOSES sample,3647
COc1cccc(CNC(=O)c2ccc(=O)n(C)n2)c1OC,MOSES sample,3648
C(COc1cc(C)ccc1)(CNC1c2c(S(N=1)(=O)=O)cccc2)O,MOSES sample,3649
N1C(C(Sc2c1cccc2)CC(NCCCC)=O)=O,MOSES sample,3650
O=C(c1[nH]c2c(c1)ccc(c2)C)NCCCn1cnc2c1cccc2,MOSES sample,3651
CCCCN(C)C(=O)Nc1ccccc1OCCOC,MOSES sample,3652
Cc1ccc2cc(C(=O)NCC3CCCO3)[nH]c2c1,MOSES sample,3653
c1(OC)c(cc(S(N(C)C)(=O)=O)cc1)C(=O)NCc1ccco1,MOSES sample,3654
c1cc(CNC(c2ccc(NS(=O)(C)=O)cc2)=O)cnc1OC,MOSES sample,3655
c1cc(NC(c2cc(cn2C)-c2csc(C)n2)=O)ccc1SC,MOSES sample,3656
O(C)c1ccc2c(c1OC)C(c1ncc(nc1)C)NCC2,MOSES sample,3657
C1N(C(C)COC1C)Cc1c(cccc1)OCC(N)=O,MOSES sample,3658
NC(=O)NCCCOC(=O)c1ccccc1Oc1ccccc1,MOSES sample,3659
c1c(cc(N2CCC3(C2)C(=O)N(Cc2csc(C)n2)CCC3)cc1)C,MOSES sample,3660
COCCCNC(=O)C(C)N1CCc2cc(F)ccc2C1,MOSES sample,3661
C(CN(C(COc1cc2nc(C3CC3)n(C)c2cc1)=O)C)(COC)O,MOSES sample,3662
c12c(n(CC#N)c(=O)c(n2)C(F)(F)F)cccc1,MOSES sample,3663
c1(OC)cc(ccc1)CCNC(c1cn[nH]c1-c1ccc(cc1)CC)=O,MOSES sample,3664
CCc1sc(C(=O)N2CCC(c3n[nH]c(C4CC4)n3)CC2)cc1C,MOSES sample,3665
c1cccc(c1)-c1cc(no1)CC(=O)NCc1nc2c([nH]1)cccc2,MOSES sample,3666
CCN(CCO)C(=O)Cc1csc(NC(=O)C(C)(C)C)n1,MOSES sample,3667
o1c(ccc1)CN(CC1CCCO1)C(=O)NCc1ccoc1,MOSES sample,3668
Cn1c(C(=O)NC(C(N)=O)c2ccccc2)cc2c(F)cccc21,MOSES sample,3669
COc1ccc(CC(=O)Nc2cccc(C)n2)cc1C,MOSES sample,3670
C(CC(OC)c1c(ccc(c1)C(C)C)OC)(OC)=O,MOSES sample,3671
C(=O)(NC(C(C)C)C(=O)Nc1c(n[nH]c1C)C)c1sccc1,MOSES sample,3672
COc1cc2c(cc1O)CCNC2c1ccncc1C,MOSES sample,3673
O=C(Nc1nc(C2CC2)c(s1)C(OC)=O)c1noc(c1)C,MOSES sample,3674
c1c(N)ccc(c1)C(CCN1CCOCC1)NC(=O)C,MOSES sample,3675
NS(=O)(c1cc(c(C)c(c1)C)NCc1nc2c(cccc2)c(n1)N)=O,MOSES sample,3676
c1c(cc2c(c1)n(CC)c(c2)C(Nc1sc(C2CC2)nn1)=O)OC,MOSES sample,3677
CCCS(=O)(=O)NC1CCN(C(=O)c2ccoc2)CC1,MOSES sample,3678
c1cc(c(c(c1)OC(C(=O)N1CCC(NCC1)=O)C)C)C,MOSES sample,3679
c1(ccc(C(NC2CCCC2)=O)cc1)NC(NCc1ccccn1)=O,MOSES sample,3680
CN(Cc1cccs1)S(=O)(=O)c1ccccc1C#N,MOSES sample,3681
c1cc2c(c(C)nn(CC(NCc3ccccc3OC)=O)c2=O)cc1,MOSES sample,3682
COc1cc(-c2cnn(CC(=O)Nc3cc(C)on3)c2)ccc1F,MOSES sample,3683
n1(-c2c(cccc2Cl)Cl)ncc(C(=O)NC(C)C)n1,MOSES sample,3684
c1ccc(cc1OC)NC(NCc1c(OCC)nccc1)=O,MOSES sample,3685
O=C(C1CCCO1)Nc1cc2c(cc(nc2cc1)C)C(=O)NC1CC1,MOSES sample,3686
N#Cc1ccc(COC(c2cc(sc2)C(=O)C)=O)cc1,MOSES sample,3687
C=CCOc1ccc(C2NC(=O)c3ccccc3O2)cc1OC,MOSES sample,3688
Fc1c(OC)cc2CCNC(c2c1)c1cccnc1,MOSES sample,3689
c12ccncc2N(C)CCN1C(=O)Nc1c(C(C)C)cccc1,MOSES sample,3690
N(S(=O)(=O)CC)CCS(=O)(=O)N1CCCC(C1)CC,MOSES sample,3691
C1C(c2ccccc2N(C(C2CC(N(CC4CC4)C2)=O)=O)C1)C,MOSES sample,3692
O=C(C(CC)CC)Nc1cnc(-n2c(C)ncc2)cc1,MOSES sample,3693
CS(=O)(=O)N1CCC(CNC(=O)c2scnc2C2CC2)CC1,MOSES sample,3694
n12nc(-c3c(cn(n3)C)Cl)nc1c1c(sc1nc2)nc(cc1C)C,MOSES sample,3695
CCc1ccccc1NC(=O)CN(C)C(=O)c1cc(C)no1,MOSES sample,3696
CCN(CC)C(=O)COc1ccc(NC(=O)c2ccccc2O)cc1,MOSES sample,3697
c12cc(ccn2c(CC#N)c(-c2cc(ccc2)OC)n1)Cl,MOSES sample,3698
C(c1c(=O)[nH]c(nc1C)SC)CC(=O)NCCC(C)C,MOSES sample,3699
c1csc(n1)NC(C(CCc1ccccc1)n1cccc1)=O,MOSES sample,3700
Cc1nc(C(=O)N(C)Cc2ccc(Cl)cc2)cs1,MOSES sample,3701
C(=O)(Cn1c(Cc2ccccc2)nc2c1cccc2)NCCC,MOSES sample,3702
O=C(c1ccc(F)cc1F)N1CC(c2ncc(C(F)(F)F)cc2)CC1,MOSES sample,3703
c1(ccc(cc1)OCC1CCCO1)S(=O)(NCc1cnccc1)=O,MOSES sample,3704
c12cnc(C(N3CCOCC3)=O)cc1n(c(=O)n2C)C,MOSES sample,3705
CN(C)S(=O)(=O)c1ccc(NC(=O)Cc2ccc(Cl)cc2)cc1,MOSES sample,3706
C12=C(C(c3ccc(s3)C)CC(=O)N2CC)C(=O)OC1(C)C,MOSES sample,3707
C1CN(c2ccccc2OC)CCN1S(=O)(=O)C,MOSES sample,3708
C(=O)(OC)Nc1ccc(cc1)OC(c1cc(ncc1)F)=O,MOSES sample,3709
CCC(C)C(=O)NC(C)C(=O)N1CCCCC1C,MOSES sample,3710
C(NC1CCCCC1)(=O)Cn1c(=O)scc1C,MOSES sample,3711
n1n(C)c2c(n1)cc(cc2)C(NC(C)c1ccc(C)cc1)=O,MOSES sample,3712
Cc1ccc(C2(Cc3ccccc3)NC(N)=NC2=O)o1,MOSES sample,3713
c1cc(ccc1Cl)CNC(Cn1nc(ccc1=O)-c1ccccc1)=O,MOSES sample,3714
n1(c(ncn1)SCc1ccc(cc1)OC(F)F)C,MOSES sample,3715
c1(CCc2nc(CNC(c3cccnc3)=O)on2)ccccc1,MOSES sample,3716
CCCCC(=O)Nc1ccccc1-n1nc(C)cc1C,MOSES sample,3717
CC(OC(=O)c1cnccn1)c1ncc(C(C)(C)C)o1,MOSES sample,3718
CC(=O)c1ccc(S(=O)(=O)Nc2cc(C)on2)cc1,MOSES sample,3719
c1(Cl)cccc(c1Cn1nc(oc1=O)CCC)Cl,MOSES sample,3720
N1C(COc2ccc(S(NCc3ccncc3)(=O)=O)cc12)=O,MOSES sample,3721
C(CCn1cc(c(n1)-c1cccc(c1)Cl)CO)C,MOSES sample,3722
C(c1cnccn1)(NC(C)c1cccc(c1)OC(F)F)=O,MOSES sample,3723
Cc1nsc(c1C(NCc1c(cccc1)OC1CCCC1)=O)NC,MOSES sample,3724
O=C(Cn1cnc2ccccc2c1=O)N1CCCC(C(F)(F)F)C1,MOSES sample,3725
Cc1nc2c(NC(=O)CCCNC(=O)c3ccncc3)cccn2n1,MOSES sample,3726
C(C)C(OC)C(=O)N(Cc1ccc(cc1)OCC)C,MOSES sample,3727
C1NC(c2ccccc2)C(N2Cc3ccccc3C(C(=O)N)C12)=O,MOSES sample,3728
c1cc(ccc1)C(CNCc1ccccc1)N(C)C,MOSES sample,3729
CN(CCc1ccc(cc1)OC)S(=O)(=O)CC(N(C)C)=O,MOSES sample,3730
O=C(NCc1cc2OCOc2cc1)C(CC)CC,MOSES sample,3731
c1c(-c2n[nH]c(NC(=O)C3CCN(CC3)C(=O)OC)n2)cc(F)cc1,MOSES sample,3732
Cc1ccc(S(=O)(=O)N(CC(C)O)CC(C)O)cc1,MOSES sample,3733
c1(sccn1)NC(CCC(=O)Oc1c(C)c(C)ccc1)=O,MOSES sample,3734
c1(C(C)=O)sc2COc3ncccc3-c2n1,MOSES sample,3735
c1(C2CCCCC2)ccc(CN2CCOC(C(=O)N)C2)cc1,MOSES sample,3736
c1(ccc(C(Nc2c3ncccc3cc(c2)C)=O)cc1)OC,MOSES sample,3737
O=C(NCC1CCCCO1)Nc1ccccc1C(F)(F)F,MOSES sample,3738
C(NC(=O)NCCC)CCN(C)c1ccccc1,MOSES sample,3739
c1(scc(n1)CC(N1CC2CC1CC2)=O)-c1ccc(OC)c(c1)O,MOSES sample,3740
O=C(Nc1c(cccn1)O)c1ccc(C(C)C)cc1,MOSES sample,3741
Fc1ccc(cc1N)C(N1CCC(C)(C)CC1)=O,MOSES sample,3742
COc1c(OC)cc(NC(=O)c2cc(ncc2)NC)c(F)c1,MOSES sample,3743
c1c(NC(CCc2ccccc2)=O)c(ccc1)-n1ccnc1,MOSES sample,3744
c1(CNC(COC)=O)ccc(OC)c(c1)Br,MOSES sample,3745
O1CC(C2CC2)N(CC1)C(NCc1cc(ccc1)-n1c(C)ncc1)=O,MOSES sample,3746
Cn1cccc1C(=O)Cn1cc(C(F)(F)F)cc(Cl)c1=O,MOSES sample,3747
CNC(=O)C1(NCc2nnnn2-c2ccccc2)CCCCC1,MOSES sample,3748
C1CC(Nc2cccnc2)CCN1Cc1cnc(nc1)N1CCOCC1,MOSES sample,3749
C(NC(C)(C)C)(c1c(cccc1)NCC(Nc1c(cccc1C)C)=O)=O,MOSES sample,3750
COc1cc(-n2cnnn2)c(Cl)cc1C(=O)NCc1ccccn1,MOSES sample,3751
OC(c1cc(c(OC)cc1)C)CCC(=O)NCC(C)C,MOSES sample,3752
C(C)n1c2c(nc1CNC(=O)c1ccc(cc1)OC)cccc2,MOSES sample,3753
CC(C(C)CO)NC(=O)Nc1c(ccc(c1)C(=O)NCC(C)C)F,MOSES sample,3754
C(C#N)(N(C)C(=O)c1c(F)cccc1)c1ccccc1C,MOSES sample,3755
CC(NC(=O)NCC(C)(C)C(N)=O)c1ccc2c(c1)CCCC2,MOSES sample,3756
N1(C)C(C(C)(C(=O)c2c1c(C)cc(c2)C)C(=O)OC)=O,MOSES sample,3757
c1(c2ccccc2n(c1)C)-c1c2c(ncn1)n(nc2C)C,MOSES sample,3758
n1(c(=O)c2cc(OCC)ccc2[nH]c1=O)NC(c1ccc(F)cc1)=O,MOSES sample,3759
O=C(NCc1nncn1C1CC1)Nc1nn(-c2ccccc2)cc1C,MOSES sample,3760
O=C(COC1CCCCC1)NC1CCC(=O)NC1,MOSES sample,3761
O(Cc1c(noc1C)C)C(c1cc(on1)-c1ccccc1)=O,MOSES sample,3762
Cc1cc2c(cc1C(O)c1ccc(F)cc1)n(C)c(=O)n2C,MOSES sample,3763
C(=O)(Nc1c(C)cccc1C)CN(c1ccc(cc1)C#N)C,MOSES sample,3764
CCCn1nc(C(=O)NC(C)c2nncn2C)ccc1=O,MOSES sample,3765
c1(c(cc(CN2CCOCC2)cc1)OCC)OCC(C)C,MOSES sample,3766
COc1ccc(C(=O)NC2CCCc3ccccc32)cc1OC,MOSES sample,3767
NC(=O)c1ccc(Cl)cc1OCc1cccc(C(N)=O)c1,MOSES sample,3768
Cn1nc(C(=O)NC2CCCCCC2)cc1NC(=O)C1CCCC1,MOSES sample,3769
c1ccc(C(NC(=O)c2ccc(OC)c(F)c2)c2ccncc2)cc1,MOSES sample,3770
CC(C)(OC(N1c2c(c(cc(c2)CCO)N)OC1)=O)C,MOSES sample,3771
n1c(C(C)(C)C)ncc2CN(C(c3ccc(NC(C)=O)s3)=O)Cc21,MOSES sample,3772
COC1(C(C)(C)C(CC1)(C#N)c1ccc(OC)cc1)OC,MOSES sample,3773
CC(Nc1cccc(c1)NCCOc1ccc(Cl)cc1)=O,MOSES sample,3774
COCc1cccc(NC(=O)COc2cccc(Cl)c2)c1,MOSES sample,3775
c1c(cc(N)cn1)S(=O)(NC1CCCCC1)=O,MOSES sample,3776
n1(ccc(n1)C(C)(C)C)CC(Nc1nncs1)=O,MOSES sample,3777
O=C(Cn1nc(-c2cccs2)oc1=O)c1cccs1,MOSES sample,3778
n1c(oc(C)c1C)COC(CCSc1ccc(cc1)C)=O,MOSES sample,3779
COc1cccc(CNC(=O)c2cccc3cccnc23)c1,MOSES sample,3780
Fc1cc(F)c(CN(C)Cc2scc(C(=O)N)c2)c(c1)F,MOSES sample,3781
n12c(nc(-c3ccccc3)c2NC(=O)COCC2OCCC2)cccc1,MOSES sample,3782
CNC(=O)CCC(O)c1ccc(OC)c(C(C)(C)C)c1,MOSES sample,3783
C(c1ccc(cc1)F)(=O)N1CCN(C(c2ccc(OC)cc2)=O)CC1,MOSES sample,3784
C1(NC(CSc2nc(N)cc([nH]2)=O)=O)CCCCC1,MOSES sample,3785
CC(C)Oc1ccccc1-c1ncc(CN2CC3(CC2)OCCO3)o1,MOSES sample,3786
Cc1ncc(CN2CCN(c3cnn(C)c(=O)c3Cl)CC2)s1,MOSES sample,3787
O=C(c1cc(OC)c(cc1C)OC)OCC(=O)N,MOSES sample,3788
O=C(NCCCO)Nc1cc(ccc1)N1CCCC1=O,MOSES sample,3789
Oc1cccc(c1)CC(NCCNc1nccc(-c2ccccc2)n1)=O,MOSES sample,3790
c1(c(=O)c2c(ccc(c2)F)n(C)n1)C(=O)NC1CC1,MOSES sample,3791
O=c1cc(CSc2ccc3ccccc3n2)nc2sccn12,MOSES sample,3792
C(c1ccc(n(C)c1)=O)CC(N1CCN(CC1)c1cnccn1)=O,MOSES sample,3793
c1cnc(n1C)C(CC)(CC)NC(c1c(OC)cccc1)=O,MOSES sample,3794
CC1COCCN1C(=O)NCc1ccc(C(F)(F)F)cc1,MOSES sample,3795
C(NC(NC(c1cc(Cl)cc(Cl)c1)C)=O)C(=O)OC(C)C,MOSES sample,3796
CC(c1ccccc1Cl)N(C)C(=O)c1ccc(-n2ccnn2)cc1,MOSES sample,3797
c1cc[nH]c1C(=O)COC(=O)c1cnn(-c2ccccc2)n1,MOSES sample,3798
Cc1cc(C(=O)CSc2nnc(-c3ccccc3F)n2C)c(C)[nH]1,MOSES sample,3799
n1(C2C(C)OCC2)cc(cn1)NC(=O)c1c(Cl)cccc1,MOSES sample,3800
O(c1c(OC2CCN(C(c3cn4ccsc4c3)=O)CC2)cccc1)C,MOSES sample,3801
c1cc(c(Cn2nnc(C(=O)Nc3ccccc3OC)c2)cc1)Cl,MOSES sample,3802
CC(C)C(Sc1nnc(-c2ccccc2Cl)o1)C(=O)N(C)C,MOSES sample,3803
c1sc(CCOC(C(N)c2ccccc2)=O)cc1,MOSES sample,3804
CC(Oc1ccccc1)C(=O)Nc1c(F)cccc1F,MOSES sample,3805
CSc1c2c(ncnc2NC(c2ccccn2)=O)n(C)n1,MOSES sample,3806
c1(NC(CSc2nnc(n2-n2cccc2)C)=O)nnc(CC)s1,MOSES sample,3807
CCOc1ccccc1NC(C)C(=O)Nc1ccc(C(N)=O)cc1,MOSES sample,3808
c1c2c(OCC(=O)N(C)Cc3ccco3)nc(nc2ccc1)C,MOSES sample,3809
CCOC(=O)c1ccc(CSc2nc(C(F)(F)F)n[nH]2)o1,MOSES sample,3810
c1cc(OCC(=O)NC2CCCCC2C)ccc1C(=O)N,MOSES sample,3811
CC(C)c1ccc(N2CC(C(=O)N(C)CC(O)C3CC3)CC2=O)cc1,MOSES sample,3812
c1(c(F)c(ccc1)OC)C(Nc1cc2c(cc1)COC2)=O,MOSES sample,3813
C(=O)(NC)c1cc(CCNC(=O)C2CN(CCOC)C(C2)=O)ccc1,MOSES sample,3814
c1cccc(c1C(F)(F)F)NC(N(CCC(=O)NC)C)=O,MOSES sample,3815
C1COCCC1(c1ccccc1)CNC(=O)NCC,MOSES sample,3816
c1c(C(NCCCOCC)=O)n[nH]c1C1CC1,MOSES sample,3817
CC(C)c1n[nH]c(C2CN(C(=O)Cc3ccccn3)CCO2)n1,MOSES sample,3818
C(c1cc(Br)cc2c1OCCO2)(=O)CN,MOSES sample,3819
COCCCNC(=O)CN1CNc2ccccc2C1=O,MOSES sample,3820
c1cc(-n2ncc(c2N)C(Nc2cnc3c(c2)cccc3)=O)ccc1,MOSES sample,3821
Cn1c(=O)[nH]c(=O)c2c3c(c(=O)n(-c4ccccc4F)c21)CCC3,MOSES sample,3822
c1cc(C)sc1CC(=O)NCCCn1nccc1,MOSES sample,3823
c1(F)ccc(C(=O)NCc2ccc(COCC)cc2)cc1F,MOSES sample,3824
OC(CCC(N1CCC(C)CC1)=O)c1cc(c(cc1)OC)C,MOSES sample,3825
O=C(c1ccc(o1)C(=O)OC)Nc1c(cccc1C)C,MOSES sample,3826
O=C(OC1CCCCC1)c1ccc([nH]c1)=NS(C)(=O)=O,MOSES sample,3827
n1c(N)nc(-c2cccc(c2)S(=O)(=O)N2c3ccccc3CC2)cn1,MOSES sample,3828
COc1c(C)cnc(CNC(=O)c2ccc(OC)c(F)c2)c1C,MOSES sample,3829
C(c1ccc(o1)CO)(=O)N1CCC2(COCCN2C)CC1,MOSES sample,3830
C(c1nnsc1)(Nc1cc(Cl)ccc1NCC)=O,MOSES sample,3831
C12CC(CC2)CN1C(=O)c1ccc(cc1)-n1nncc1,MOSES sample,3832
O=C(OCC)c1c(NC(=O)C(C)NC(N)=O)sc2CCCc21,MOSES sample,3833
CCCC(N1CCC(CC1)c1nn(C)c2c1nccn2)=O,MOSES sample,3834
n1c(cnc(c1)C(Nc1ccc(Oc2cnccc2)nc1)=O)C,MOSES sample,3835
N#CC1(NC(=O)c2ccc(Oc3ccccc3)cc2)CCOCC1,MOSES sample,3836
c1sc(nc1)NC(C1N(C(=O)c2c3nc[nH]c3cc(F)c2)CCC1)=O,MOSES sample,3837
C1CC1c1nc(sc1C(OC)=O)NC(c1cccc(OC)c1F)=O,MOSES sample,3838
O=C(N1C2CC(C(C2)NC(=O)C2CCC2)C1)NC(C)C,MOSES sample,3839
C(C1CCCCC1)N(C)C(=O)CCc1ccc2c(OCO2)c1,MOSES sample,3840
Cc1onc(CNc2cccc(c2C)C(NC)=O)n1,MOSES sample,3841
C(CNS(=O)(=O)c1ccc(s1)C)C(=O)OCC,MOSES sample,3842
n1ccn(Cc2nc(sc2)-c2cnn(-c3ccccc3)c2)c1C,MOSES sample,3843
c1sc(nn1)NC(=O)CNC(c1cccc(-c2ccoc2)c1)=O,MOSES sample,3844
Cc1cc(C)nc(NC(=O)NC(C)c2ccc3c(c2)OCCO3)c1,MOSES sample,3845
C(CNC(=O)N1C(CCC1)c1occc1)c1c[nH]c2ccccc12,MOSES sample,3846
CC(=O)N1CCCC(c2cnc(-c3ccncc3)cn2)C1,MOSES sample,3847
O=C(NC(CC(F)(F)F)c1ccc(F)cc1)c1cscn1,MOSES sample,3848
C1CN(CCO1)Cc1cc(=O)n2c(n1)c(cc(c2)Br)C,MOSES sample,3849
n1c(C(C)C)cc(C(=O)N(CC(NC(C)(C)C)=O)C)n1C(C)(C)C,MOSES sample,3850
c1(C)ccc(NC(N2CCC(OCC)CC2)=O)cc1,MOSES sample,3851
c1c(ccc(N)c1C(F)(F)F)OC(C(OCC)=O)CC,MOSES sample,3852
n1(ncc(C(NCC(O)C)=O)c1C(F)(F)F)CC(C)C,MOSES sample,3853
C(Nc1ccc(CCC(NC)=O)cc1)(=O)NCC1CCC(CC1)(C)C,MOSES sample,3854
c1(cn2c(ncc(n2)NC2CCC(CC2)C(NC)=O)n1)C,MOSES sample,3855
Cc1cc(C)c(C)c(OCCn2c(=O)oc3ccc(N)cc32)c1,MOSES sample,3856
Cc1ccc(S(=O)(=O)NC(C)Cn2ccnc2)cc1C,MOSES sample,3857
Cc1cc(ccc1NC(=O)NCCO)C(NCC)=O,MOSES sample,3858
CN(CC(=O)NCC1Cc2ccccc2O1)c1ncnc2[nH]cnc12,MOSES sample,3859
COC(=O)CCNC(=O)CNC(=O)c1ccncc1,MOSES sample,3860
COc1ccc(C(O)C(C)NC(=O)c2cc3c(C)nn(C)c3s2)cc1,MOSES sample,3861
O=C(c1cnccn1)N1CCOC2C(OCc3ccccn3)CCC21,MOSES sample,3862
CN(CCCC(=O)OC(C)(C)C)C(=O)c1c(F)cccc1F,MOSES sample,3863
CSc1n(c(COc2ccc(cc2)Oc2ccccn2)nn1)C,MOSES sample,3864
C1(CCCCN1C(c1nc2nccc(n2n1)C)=O)C,MOSES sample,3865
N1(C(CC)=O)CCN(CC1)c1nc2ccccc2s1,MOSES sample,3866
c1cc(cnc1)C(=O)N1CCN(C(=O)Nc2scc(C)n2)CC1,MOSES sample,3867
c12CN(CCn2c(Cn2cncn2)cn1)Cc1nccs1,MOSES sample,3868
C1=CCCC2C3C4c4c(C)[nH]n3C(CC4OC21)(O)O,MOSES sample,3869
C(=O)(c1n(C)ncc1)Nc1nnc(o1)-c1ccc(c(c1)Cl)Cl,MOSES sample,3870
Cc1ccsc1CN(C)C(=O)c1cc(Cl)ccc1-n1cnnn1,MOSES sample,3871
Cn1cc(S(=O)(=O)N2CCCCC2c2ccccn2)cn1,MOSES sample,3872
c1(cc(ccc1)OCC(=O)NCc1cc2ccccc2o1)C,MOSES sample,3873
n1cccn1Cc1cccc(c1)CNC(Nc1scnn1)=O,MOSES sample,3874
c1(c(C)cccc1)C(=O)NC(C)C(=O)Nc1ccc(c(c1)Cl)C#N,MOSES sample,3875
C(c1occc1)N(C)c1nn2c(nnc2cc1)-c1ccccc1,MOSES sample,3876
CC1CN(CC(=O)c2ccccc2Br)CC(C)O1,MOSES sample,3877
C1N(CC1c1nc(no1)-c1ccncc1)C(c1occc1)=O,MOSES sample,3878
FC(F)(c1ccc(c(C(N2C(COCC2)CC(C)C)=O)c1)F)F,MOSES sample,3879
O=S(=O)(N1CC(C)CC(C1)C)N1c2c(cc(cc2)N)CC1,MOSES sample,3880
c1c2c(ccc1OCc1ccc(cc1)Cl)c(=O)n(cc2)CCC#N,MOSES sample,3881
O=C(CO)N1CCN(CC1)Cc1nc2c(c(n1)C)cccc2,MOSES sample,3882
n1nc(SCC(=O)Nc2sccc2C#N)n(C)c1CC,MOSES sample,3883
n1cc(CNC(=O)C(C)C)ccc1OCC(F)(F)F,MOSES sample,3884
C(c1n(ncc1)C)(=O)Nc1nc2ccc(cc2s1)OCC,MOSES sample,3885
n1(CC)cc(c(n(c1=O)C)=O)C#CCNC(=O)Cc1ccc(F)cc1,MOSES sample,3886
CCCCNC(=O)N1CCN(c2nccs2)CC1,MOSES sample,3887
CC(NC(=O)c1ccoc1)C(=O)NCc1cccc2ccccc12,MOSES sample,3888
c1(C(O)Cn2c(=O)c3c(n(c2=O)C)ncn2nc(nc23)CC)occc1,MOSES sample,3889
c1(csc(NC(=O)CSc2nc(CCC)cc(=O)[nH]2)n1)C,MOSES sample,3890
Cc1ccc(S(=O)(=O)N(CCC#N)C(C)C)cc1C,MOSES sample,3891
c1(n(cc(C(CN(CC=C)Cc2sccc2)=O)c(n1C)=O)C)=O,MOSES sample,3892
c1c(-c2nc(CC3CCN(CC3)c3nccnc3)cnc2)cc(nc1)C,MOSES sample,3893
CN(Cc1ccco1)C(=O)CN1CCN(c2ccccc2F)CC1,MOSES sample,3894
CSc1ccc(C(C)NC(=O)c2ccc[nH]c2=O)cc1,MOSES sample,3895
s1cccc1C1N(CCC1)C(Cn1ncc(c1)Br)=O,MOSES sample,3896
c1cccc(c1Cl)Cn1c([nH]c2c1cc(c(OC)c2)OC)=O,MOSES sample,3897
C(NC(CN(S(c1sccc1)(=O)=O)C)=O)c1cc(ccc1)C,MOSES sample,3898
C(C)(c1noc(n1)C(C)N(CCOc1ccccc1)C)OC,MOSES sample,3899
Cc1n[nH]cc1CNC(=O)COc1ccc(CC#N)cc1,MOSES sample,3900
o1c(nnc1C1CCCCC1)NCc1c(cnn1C)C(C)C,MOSES sample,3901
CC(=O)N(C)C1CCN(C(=O)c2c[nH]c3cccc(F)c23)CC1,MOSES sample,3902
c1c(oc(C)c1C(NCc1cnccc1)=O)-c1c(F)cccc1,MOSES sample,3903
C(C(=O)NCC(=O)NC1C(=O)NCCC1)C(C)(C)C,MOSES sample,3904
c1(C(=O)N(C(COC)C)C)cn(nc1)Cc1ccccc1Cl,MOSES sample,3905
c1ccsc1-c1nn2c(c1)nc(c(C#N)c2N)-c1cccs1,MOSES sample,3906
CS(=O)(c1nc(C(=O)NCc2c(COC)cccc2)cnc1)=O,MOSES sample,3907
CCCCn1c(SCC(=O)c2ccccc2Cl)n[nH]c1=O,MOSES sample,3908
c1c(ccnc1)CCC(=O)N1CCC(CC1)Sc1c(cccc1)C,MOSES sample,3909
C1(=O)CN(CCN1c1ccccc1C)Cc1nc(C)sc1,MOSES sample,3910
c1c(cccc1)C(OC(CCC(c1ccc(cc1)F)=O)=O)C,MOSES sample,3911
O=C(c1occ(C(=O)OC)c1)Nc1c(cccc1)C(N)=O,MOSES sample,3912
O=c1cc(n(CC(=O)Nc2ccn(n2)CC)cc1)OC,MOSES sample,3913
FC(CN(C)C(C)c1nc2ccccc2c(=O)[nH]1)F,MOSES sample,3914
c1c(C(Nc2c(c(C)c(C)s2)C#N)=O)ccnc1OC1CCC1,MOSES sample,3915
O=C(c1cc2c(cc1)OCO2)OCC(c1[nH]ccc1)=O,MOSES sample,3916
C1N(CCC1)C(=O)CCNC(=O)Nc1ccccc1N1CCCCC1,MOSES sample,3917
c12n(c3c(=O)n(c(n(c3n1)C)=O)C)c1ccccc1c(c2C)O,MOSES sample,3918
c1c(-c2csc(CN3CCOCC3)c2Cl)ccc(c1)O,MOSES sample,3919
CCc1onc(C)c1NC(=O)c1cc2c(cc1Cl)OCCCO2,MOSES sample,3920
CC(=O)c1cccc(NC(=O)NCc2cc(C)oc2C)c1,MOSES sample,3921
CN1C(C(Oc2ccc(S(NCCO)(=O)=O)cc12)(CC)CC)=O,MOSES sample,3922
C1N(c2ccccc2F)CCC(C1)NC(NC1CCC(O)CC1)=O,MOSES sample,3923
CC(CO)(NC(Nc1cc(F)c(OC)cc1OC)=O)C1CC1,MOSES sample,3924
C1CN(CCC1C)C(=O)COc1cc(C(C)=O)ccc1,MOSES sample,3925
c1ccccc1CC1CCN(c2c(cc(Cl)cn2)N)CC1,MOSES sample,3926
FC(c1ccc(cc1)CNCC(=O)N1CC(CC(C1)C)C)(F)F,MOSES sample,3927
n1c2ccccc2[nH]c1NC(=O)c1c(OCCOC)cccc1,MOSES sample,3928
c1(S(C)(=O)=O)c[nH]c(c1)C(=O)CCCCC,MOSES sample,3929
CC(=O)Nc1ccc(O)c(C(=O)Nc2ccc3c(c2)n(C)c(=O)n3C)c1,MOSES sample,3930
O=c1c2c(nc(NCc3c(cccc3F)Cl)n1C)scc2,MOSES sample,3931
s1c(CC)nc(c1)CC(NC(C)C(=O)NC(C)(C)C)=O,MOSES sample,3932
COCCn1c(c2c(sc(c2)-c2ccccc2)nc1)=O,MOSES sample,3933
CC(C)(OC(N1CCC(C(Nc2cc(cc(F)c2)F)=O)CC1)=O)C,MOSES sample,3934
c1(c(CC(=O)NCCNC(=O)C(C)(C)C)c(C)on1)C,MOSES sample,3935
C(#N)c1cccc(c1)OC(C)C(N1C(CCC1)(C)C)=O,MOSES sample,3936
S(Cc1csc(n1)CC(=O)N(C)C)c1nccc(C#N)c1,MOSES sample,3937
O=C(NCc1ccc(C)cc1)CNC(=O)C(c1ccccc1)OC,MOSES sample,3938
O=C(NCC1CN2CCCCC2CO1)c1ccccc1,MOSES sample,3939
O=C(CCC(=O)c1ccc(Cl)cc1)Nc1ccc2[nH]ccc2c1,MOSES sample,3940
FC(F)(CNC(C(C)NC(c1ccncc1F)=O)=O)F,MOSES sample,3941
c1(ccsc1C(NCC(NCc1occc1)=O)=O)CC,MOSES sample,3942
C(N(Cc1nn(CC)cc1Cl)C)c1n2CCCCCc2nn1,MOSES sample,3943
O=C(c1nocc1)NCC(O)COc1ccc(F)cc1,MOSES sample,3944
C(c1csc(n1)C)Nc1ccc(cc1)S(=O)(=O)CC,MOSES sample,3945
C1Cc2c(CC1)scc2C(=O)N1CCC(CC1)NS(C)(=O)=O,MOSES sample,3946
O=C(CNC(=O)C1CC1)NCc1nnc2n1CCCCC2,MOSES sample,3947
c1nc(n(c1C(Nc1cccc(c1)Cn1nccc1)=O)-c1ccccc1)C,MOSES sample,3948
C(c1ccc(F)cc1S(N)(=O)=O)N(Cc1onc(CC)n1)C,MOSES sample,3949
Fc1ccccc1OCCN(C)C(CCn1ncc(C)c1)=O,MOSES sample,3950
c1(-c2noc(C3CCN(C(=O)C4CCCC4)C3)n2)ccccn1,MOSES sample,3951
c12c(CCCC2)nc(CCNC(CCc2c(cccc2)OC)=O)s1,MOSES sample,3952
O=S(c1ccc(NC(=O)N)cc1)(=O)N(C(C)C)CC(F)F,MOSES sample,3953
c1nccc(CCNC(=O)Nc2cc(F)c(c(c2)F)OC)c1,MOSES sample,3954
c1(noc(n1)-c1[nH]ccc1)CC(Nc1cc(ccc1)C)=O,MOSES sample,3955
n1n(ccc1)CC(=O)Nc1scc(n1)-c1cccnc1,MOSES sample,3956
c1(OC2CC3(OC2)CCN(C(=O)COC)CC3)ccccc1,MOSES sample,3957
COc1ccc(Cc2cn3c(n2)SCC3CC(=O)NC2CC2)cc1,MOSES sample,3958
CNC(=O)c1cccc(CNC(=O)NCC2CC=CCC2)c1,MOSES sample,3959
c1cc(ncc1CNC(=O)N1CCc2ccccc2C1)-n1cccn1,MOSES sample,3960
C(c1nc2ccccc2n1CF)N1CCN(CC1)c1sccn1,MOSES sample,3961
c1(S(=O)(=O)Nc2c(cccc2)C(OCC)=O)ccc(O)cc1,MOSES sample,3962
N(c1cc(c(cc1)OC)F)C(c1c(n[nH]c1C)C)=O,MOSES sample,3963
c1(=O)c(C(NC2CCCCC2)=O)cc2ccc(cc2o1)OC,MOSES sample,3964
COc1ncccc1C(=O)N=c1[nH]c2ccccc2[nH]1,MOSES sample,3965
O=c1c(ccc(C)[nH]1)C(=O)NCCCc1nc(-c2ccccn2)cs1,MOSES sample,3966
CCCCCNC(=O)CSc1nnc(C)n1N,MOSES sample,3967
n1(c(c2c(nc1SCC(N1CCCCC1C)=O)CCS2)=O)C,MOSES sample,3968
C1=CCCCN(C1)C(=O)c1[nH]cc(c1)Br,MOSES sample,3969
FC(CNC(CN1CCN(c2ccc(O)cc2)CC1)=O)(F)F,MOSES sample,3970
c1cccc2c(onc21)CC(=O)N(Cc1c(cccc1)OC)C,MOSES sample,3971
Cc1n[nH]cc1NC(=O)C1CCN(c2nc3c(cc2C#N)CCC3)CC1,MOSES sample,3972
COc1cc(C)c(C(C)NC(=O)c2ccco2)cc1OC,MOSES sample,3973
C1CCCCN(C1)C(=O)CN1C(=O)CNc2cc(c(cc12)C)C,MOSES sample,3974
c1ncn(n1)C(C(=O)NC1CC(N(Cc2c(cccc2)F)C1)=O)C,MOSES sample,3975
CN(Cc1ccccc1Br)C(=O)C1CCCCO1,MOSES sample,3976
n1n(C)cc(CN(C(Nc2ccc(C)nc2)=O)CC)c1,MOSES sample,3977
Cc1ccc(NC(=O)CN2CCOc3cccc(N)c32)cc1Cl,MOSES sample,3978
Cc1cc(N2CCN(CCNC(Nc3cn(nc3)C)=O)CC2)ccc1,MOSES sample,3979
c1(ccc(cc1)-c1nc(Cn2c(C)c(C)sc2=O)no1)F,MOSES sample,3980
CCOC(CCC(C)NC(NC1(c2cc(ccc2)Cl)CC1)=O)=O,MOSES sample,3981
c1c(F)cc(cc1-c1noc(n1)-c1cc2c(n[nH]c2nc1)C)F,MOSES sample,3982
C(C)(c1ccccc1)OC(c1cc(cs1)C(N)=O)=O,MOSES sample,3983
c1ccc(C(C)=O)c(OCCn2nc(-c3sccc3)oc2=O)c1,MOSES sample,3984
COc1ccc(C(=O)N2CC3CNC(=O)C(C)C3C2)nn1,MOSES sample,3985
n1c(-c2cc3n(ccc3cc2)CC(N)=O)nn(n1)CC(=O)OC,MOSES sample,3986
c12OCOc2ccc(CN(C(Nc2ccc(cc2)C(C)=O)=O)C)c1,MOSES sample,3987
CN1C(C(CC1C(NC(c1cccs1)C)=O)c1cccnc1)=O,MOSES sample,3988
COc1nccnc1N1CCC(NC(=O)C2CC2)C1,MOSES sample,3989
C1C(N2CCOCC2)C(Oc2ncc(N)c(c12)N)CC,MOSES sample,3990
C(=O)(COc1ccc(C(N)=O)cc1)N(Cc1ccco1)C,MOSES sample,3991
C1N(C(c2cc(ccc2)NC(=O)OC)=O)CCC(C1)C,MOSES sample,3992
c1c(OC)cc(OC)cc1NC(=O)c1c(c(C(=O)C)c([nH]1)C)C,MOSES sample,3993
Cc1nc(CN2CCN(C(=O)c3ccccc3C)CC2)no1,MOSES sample,3994
Cc1cc(NC(=O)c2cccc(Nc3cnccn3)c2)no1,MOSES sample,3995
COc1cccc(C(=O)NCc2ccc(NC(=O)CC(C)C)cc2)c1,MOSES sample,3996
C1CCN(CCN1S(=O)(N1CCCC(C)C1)=O)c1nnccc1,MOSES sample,3997
Cc1nsc(N2CCCN(C(=O)NCCC(C)C)CC2)n1,MOSES sample,3998
Cc1cccc(C(=O)NCc2ccc(C(=O)N3CCCC3)cc2)c1C,MOSES sample,3999
c1(=O)n(C)c2nc(sc2c(n1C)=O)SCc1nc(CC)no1,MOSES sample,4000
COC(=O)c1cc(C(=O)Nc2cccc3cn[nH]c23)ccn1,MOSES sample,4001
CCNC(=O)c1cccc(NC(=O)c2ccc3ncsc3c2)c1,MOSES sample,4002
O=C(c1oc(NC(c2ccc(cc2-n2cnnn2)F)=O)cc1)OC,MOSES sample,4003
CN(CCOCC1CC1)C(=O)c1ccc(C#N)cc1,MOSES sample,4004
c1cc(OCC(=O)NCC(O)c2cn(c3ccccc32)C)ccc1,MOSES sample,4005
COC(=O)c1ccc(NC(=O)c2ccc(N3CCCC3)cc2)cc1,MOSES sample,4006
c12ccccc1cccc2CNCC(=O)NC1CC1,MOSES sample,4007
O=S(=O)(N(C(C)C)C)c1ccc(cc1)C(=O)N(CC1CC1)C,MOSES sample,4008
c1c(cc(cc1OCC(=O)NC(C(NC)=O)CC(C)C)C)C,MOSES sample,4009
c1cccc(c1OC)CNC(Nc1ccccc1SC(F)F)=O,MOSES sample,4010
c1(C(C)C)oc(NCc2cnn(n2)-c2ccccc2)nn1,MOSES sample,4011
O=C(Nc1onc(C)c1)CN1Cc2c(CC1)ccc(c2)Cl,MOSES sample,4012
CC(=O)Nc1ccc(S(=O)(=O)NCc2c(C)nn(C)c2C)cc1C,MOSES sample,4013
n1n(Cc2ccc(cc2)CNC(c2[nH]ccn2)=O)c(C)cc1C,MOSES sample,4014
c1[nH]ncc1NC(c1cc(OC)c(cc1C)OC)=O,MOSES sample,4015
C1CC(C(N(C(C)C)Cc2ccccc2)=O)CCN1C(=O)C1CC1,MOSES sample,4016
c1c(cc(cc1)NCc1cccn1C)C(N1C(C)CCCC1)=O,MOSES sample,4017
C(CCNc1nc(nc(c1)OC)C1CCCCC1)O,MOSES sample,4018
C1(NC(Nc2cn(Cc3c(cccc3)C)nc2)=O)CC(OCC)C12CCC2,MOSES sample,4019
C(c1ccccc1)n1c(C)nnc1SCc1ccc(cc1)C#N,MOSES sample,4020
O(c1onc(C)n1)C(C(=O)N1CCCC1)c1ccccc1,MOSES sample,4021
COC(=O)c1cccc(CC(=O)NCc2c(C)c3ccccc3o2)c1,MOSES sample,4022
c12C(=O)NC(c2c(ccc1)C)(N1CCCC1)C(=O)C,MOSES sample,4023
O=S(c1cccc(Br)c1)(=O)N(CC)CC(OC)=O,MOSES sample,4024
C1COCCC1(CNS(=O)(c1cccs1)=O)c1c(cccc1)C,MOSES sample,4025
CC(C)c1nc2cc(CCCCn3cc(N)cn3)ccc2o1,MOSES sample,4026
c1nc2c3c(cc([nH]3)C(NCc3occc3)=O)ccc2cc1,MOSES sample,4027
N(C(CSc1ccccc1C)=O)c1nonc1NC(=O)CC,MOSES sample,4028
c1c(cccc1)-n1cnnc1SCC(c1cn(C)nc1)=O,MOSES sample,4029
c12CCN(C(=O)c3ccccc3)Cc2sc(n1)NC(=O)C1CCC1,MOSES sample,4030
C1N(CCN(CC1)Cc1n(ccn1)CC)c1sccn1,MOSES sample,4031
C(OC)(=O)c1c(C)[nH]c(c1C)C(OCC(=O)c1ccc(cc1)F)=O,MOSES sample,4032
c1(C(NC2c3c(c(ccc3)Cl)CC2)=O)cnn(C)c1C1CC1,MOSES sample,4033
CC1=C(C(=O)N)C(C)N=C1C(=O)NCC1OCCC1,MOSES sample,4034
c1c(ccc(c1)F)CC(=O)Nc1c(F)cc(F)cc1,MOSES sample,4035
COCc1ccccc1C(=O)Nc1ccc(OC(F)F)c(F)c1,MOSES sample,4036
c1c2c(cc(c1C)C)N(C(C(N2CCC#N)(C)C)=O)C,MOSES sample,4037
c1cccc(n1)C(CC)NC(=O)C1(CCOCC1)c1ccccc1,MOSES sample,4038
CCN(CCC(=O)OC)S(=O)(=O)c1cc(Cl)ccc1C,MOSES sample,4039
c1cccc2n(CC(Nc3scc(n3)C(C)C)=O)nnc12,MOSES sample,4040
O=C(N1CC2CC1C(N(C2)Cc1nc(sc1)C)=O)CC1CC1,MOSES sample,4041
O(CC(F)F)c1cccc(C(=O)Nc2ccc(cc2)C#N)n1,MOSES sample,4042
c1cc(CC2C(=O)N(C)c3cc(N)ccc3O2)cc(Cl)c1,MOSES sample,4043
S(c1ccc(nn1)NC(=O)Nc1cc(C)n[nH]1)CC,MOSES sample,4044
N(c1ccc(NC(C)=O)cc1)C(=O)c1cccc(C)c1,MOSES sample,4045
c1ccc2c(c1)cccc2NC(=O)CSc1c2c(n(nc2)C)ncn1,MOSES sample,4046
Cc1c2c(ncnc2SCC(c2ccc(cc2)F)=O)on1,MOSES sample,4047
C(Nc1c(C)cc(F)cc1)(c1nnn(c1COC)-c1ccccc1)=O,MOSES sample,4048
C(CS(c1ccccc1)(=O)=O)c1ccccc1,MOSES sample,4049
C(C(=O)Nc1c(C)cccc1C)Sc1nc(c(nn1)C)C,MOSES sample,4050
O1CC(N(C(=O)c2cc(C)nc3onc(C)c23)CC1)c1n(C)ccc1,MOSES sample,4051
s1c(nc(C(=O)NC(c2cc(c(cc2F)OC)OC)C)c1C)C,MOSES sample,4052
COCC(=O)Nc1sc(-c2cccc(c2)N)nn1,MOSES sample,4053
O1CCC(C(=O)NC(C)c2cccc(c2)OC(C)C)CC1,MOSES sample,4054
C(c1ccccc1)(C(=O)c1cc(oc1C)C)n1nnc2c1cccc2,MOSES sample,4055
c1c2c(c(C(NCc3nc(-c4ccncc4)no3)=O)cn1)cccc2,MOSES sample,4056
c1(c(cc(S(Cc2ccccc2)(=O)=O)cc1)Cl)C#N,MOSES sample,4057
c12[nH]ccc2c(ccc1)C(=O)N(CCC(F)(F)F)C,MOSES sample,4058
O=C1CC(c2nc(C3CC3)nn2-c2ccncc2)CN1,MOSES sample,4059
Cc1ccc(NC(=O)c2cc(C)c(C)c(S(=O)(=O)N(C)C)c2)cc1,MOSES sample,4060
C1C(C)=CCC2CN(C(=O)Cc3c(F)cccc3F)CC12,MOSES sample,4061
C=CCOc1ccccc1C(=O)NCc1ccccc1,MOSES sample,4062
CCC(=O)N(CC)CCc1nc2ccccc2c(=O)[nH]1,MOSES sample,4063
c1(C(=O)N(CCC)CCC)csc(c1)S(N)(=O)=O,MOSES sample,4064
C(Cn1c(nnc1)C(Nc1ccc2oc(nc2c1)C)C)OC,MOSES sample,4065
C1CN(CCN1Cc1n(C)c2c(cccc2)n1)c1nc(ns1)C,MOSES sample,4066
C(C(=O)NC(C)C)NC(c1oc2c(C(CCC2)=O)c1C)=O,MOSES sample,4067
O1CCC(NC(=O)CCc2cn(C)nc2)c2cccc(c12)Cl,MOSES sample,4068
NS(=O)(=O)Cc1cccc(CNC(=O)c2ccc3[nH]cnc3c2)c1,MOSES sample,4069
O(CC(=O)N(C)CC(N)=O)c1cc(C(C)(C)C)ccc1C,MOSES sample,4070
CCN(CCC(=O)OC)C(=O)c1cc(OC)cc(O)c1,MOSES sample,4071
c1(cc(-c2onc(CCN(C(c3ccc(cc3)F)=O)C)n2)ccc1)C,MOSES sample,4072
c1(cc(NC(C)=O)c(cc1)C)NCC(=O)Nc1cc(ccc1)Cl,MOSES sample,4073
Cc1ccc(cc1)CN1C(C(c2cc(Br)ccc21)=O)=O,MOSES sample,4074
Cc1c(cccn1)CN1CCN(C(=O)c2nc(COC)sc2)CC1,MOSES sample,4075
Cn1ncc(C#N)c1NCc1cc(F)cc(Cl)c1,MOSES sample,4076
CN(C(=O)Nc1nnc(s1)C)Cc1ccc(cc1)OCC,MOSES sample,4077
Clc1c(SC)sc(C(N(C)CC(N)=O)=O)c1,MOSES sample,4078
Cc1ccccc1CC(C)(C)NC(=O)CCn1cc(C)cn1,MOSES sample,4079
c1(ccc(NC(c2cccc(c2)Cl)=O)cc1)C(=O)NC1CC1,MOSES sample,4080
c1c(C)nc(NC(=O)Nc2ccc3c(oc(n3C)=O)c2)s1,MOSES sample,4081
c1(C)c(NC(COc2c(O)cccc2)=O)c(C)ccc1,MOSES sample,4082
c1(n(nc2c1CCCC2)CCNC(=O)Nc1cc(cc(c1)F)F)=O,MOSES sample,4083
Cc1ccc(NC(=O)C2CC2)cc1NC(=O)c1nc(C(C)C)cs1,MOSES sample,4084
N1(C(CC)=O)CCc2sc(nc2C1)NC(=O)c1ccc[nH]c1=O,MOSES sample,4085
COc1cc2c3nc4cccc(OC)n4c(=O)c3ccc2c1OC,MOSES sample,4086
c1c2cc[nH]c2cc(-c2nc(C3CCOCC3)on2)c1,MOSES sample,4087
Cc1cccc(OCCSc2nnnn2C)c1,MOSES sample,4088
C1C(CNC(=O)C(C)n2ncc(c2)Cl)CCC=C1,MOSES sample,4089
C(N(C)C(Cn1cc(ccc1=O)C(NC1CCCCC1)=O)=O)(C)C,MOSES sample,4090
Nc1nonc1-c1noc(-c2ccc(Br)cc2F)n1,MOSES sample,4091
N1(C(c2nc(C)nc(N(C)C)n2)CCC1)CC(OC)C,MOSES sample,4092
C1(CC1)c1cc(n(CC(Nc2ccc(cc2)C)=O)cn1)=O,MOSES sample,4093
N(C(=O)CNC(c1cccc(OC)c1O)=O)c1cccnc1,MOSES sample,4094
Cc1nnc(COc2ccc(C(=O)Nc3cc(F)ccc3F)cc2)o1,MOSES sample,4095
O=C(N1CCCC1)Nc1c(cc(cc1)OC)OC,MOSES sample,4096
N(c1cc2OCCCOc2cc1Cl)C(CSc1[nH]ncn1)=O,MOSES sample,4097
c1csc(-c2nnc(COc3ccc(Cn4cncn4)cc3)o2)c1,MOSES sample,4098
COCCN1CCN(c2nc(=O)[nH]nc2C)CC1,MOSES sample,4099
N1(CCCCCC1)C(c1cc(ccc1)-n1nnc2cccnc12)=O,MOSES sample,4100
o1nc(C(C#N)C(=O)c2c(cccc2F)F)c2c1cccc2,MOSES sample,4101
COc1ccc(NC(=O)Cc2c(C)[nH]c(=O)[nH]c2=O)c(OC)c1,MOSES sample,4102
CCS(=O)(N1Cc2c(CC1)scc2)=NC(=O)OC(C)(C)C,MOSES sample,4103
C1N(S(C(C)C)(=O)=O)CCN(C(=O)C2CCC(N2)=O)C1,MOSES sample,4104
COc1ccc(OC)c2sc(NC(=O)C3CCCO3)nc12,MOSES sample,4105
Brc1ccc2CCNC(CC(C)C)c2c1,MOSES sample,4106
N1(Cc2ccccc2)C(CC(C(Nc2ccc(cc2)F)=O)C1)=O,MOSES sample,4107
O=C(C1N(S(=O)(=O)Cc2cc(F)ccc2)CCCC1)N,MOSES sample,4108
c1(nnnn1Cc1ccccc1)NCc1cccs1,MOSES sample,4109
c1cc2c(n(CCOC)c(nc2cc1)SCCc1ccccc1)=O,MOSES sample,4110
c1(ccc2n(n1)c(nn2)CC)N1CCN(CC1)c1ccccc1,MOSES sample,4111
S(NCCCc1cn(nc1)C)(=O)(Cc1ccon1)=O,MOSES sample,4112
C(N(C(=O)Nc1ccc(cc1)OCC#C)CC1CCCCO1)C,MOSES sample,4113
c1(C)n(C)c(=O)c(cc1-c1c(OC(C)C)ccc(F)c1)C#N,MOSES sample,4114
Oc1ccc(Cl)c2c1CCNC2c1cccs1,MOSES sample,4115
CCc1ncc2c(n1)CN(C(=O)c1ccc3[nH]ccc3c1)C2,MOSES sample,4116
c1(nc2c(c(SCC(=O)c3ccc(F)cc3)n1)cccc2)C,MOSES sample,4117
c1ccn2c(c(C#N)c(n2)CCc2ccccc2)n1,MOSES sample,4118
c1([nH]c2c(c1)cc(cc2)C)C(=O)N1CCN(CC1)C(c1ncccc1)=O,MOSES sample,4119
CC(C)CCNC(=O)NCC1CN2CCCCC2CO1,MOSES sample,4120
CC(O)CN1CCN(CC(=O)Nc2ncccn2)CC1,MOSES sample,4121
COc1ccc(-c2cc(C(=O)N3CCCC3)no2)c(OC)c1,MOSES sample,4122
Cc1cc(C)cc(NC(=O)Cc2nc3ccc(C(=O)N)cc3c([nH]2)=O)c1,MOSES sample,4123
Cc1nn(C)c(C)c1S(=O)(=O)N(C)C1CCCCCC1,MOSES sample,4124
CCCC(NC(=O)C(C)Nc1cnn(C(C)(C)C)c1)c1ccccc1,MOSES sample,4125
c1(c(NC(C)c2oc(C)nn2)c(Cl)ccc1)OC(F)F,MOSES sample,4126
CC(C)(NC(=O)c1ccc(nc1N)C(C)(C)C)C,MOSES sample,4127
C(n1cncn1)C(=O)NC1CCCCN(C1)C(=O)OC(C)(C)C,MOSES sample,4128
n1(CC)c(nc2c(c1=O)cccc2)SCC(Nc1ccccc1)=O,MOSES sample,4129
Clc1ccccc1CNC(CNc1cccc(c1)C(NC)=O)=O,MOSES sample,4130
COCCN1CC2(CCC1=O)CCN(C(=O)Cc1cccnc1)CC2,MOSES sample,4131
C(NCCn1nccc1)(=O)c1cc(-c2c(Cl)cccc2)[nH]n1,MOSES sample,4132
C1C(n2cccn2)CCCN1C(C1(CCCC1)c1ccc(cc1)F)=O,MOSES sample,4133
CCOC(=O)Nc1ccc2c(c1)N(C)C(=O)C(C)O2,MOSES sample,4134
C(Nc1c(N2CC(OC(C2)C)C)cccc1)(=O)NC(C(C)C)C,MOSES sample,4135
c1ccc2c(c1C(=O)N(C(c1ccc(OC)cc1)C)C)cc[nH]2,MOSES sample,4136
O=C(C1CCCO1)N1CC(c2nc(-c3ccccc3)no2)C1,MOSES sample,4137
n1n(CCC)c(C)c(c1)CNc1cnn(-c2ncccn2)c1,MOSES sample,4138
c12ncn(C(c3ccco3)=O)c(=O)c2n(c2ccccc21)CC,MOSES sample,4139
c1(ccc(cc1)C)CNC(C#N)c1ccc(cc1)F,MOSES sample,4140
O=C(Nc1ccc(-n2cncn2)nc1)c1ccco1,MOSES sample,4141
O=C(c1ccc(cc1)OC(C)(C)C)Nc1c(Cl)cc(cc1)N,MOSES sample,4142
c1(c(CO)ccc(n1C(C)C)-c1c(C)ccc(c1)C)=O,MOSES sample,4143
COC(=O)c1c(NS(=O)(=O)c2cc3c(cc2)CCC3)cccc1,MOSES sample,4144
c1(CSc2c(NC(NCCO)=O)cccc2)ccccc1,MOSES sample,4145
c1c(F)ccc(C(C)Sc2nc(c(C(=O)C)cc2C#N)C)c1,MOSES sample,4146
n1(cc(c2c1cccc2)C(=O)NCCS(=O)(=O)c1ccccc1)C,MOSES sample,4147
N(C(c1cc(ccc1NCC#C)C(F)(F)F)=O)(C)C,MOSES sample,4148
c1(cc(cc(c1)F)F)C(=O)N1CCN(CC1)C(C(C)OCCC)=O,MOSES sample,4149
C(Nc1c(c(ccc1)Cl)C)(=O)C1sc(C)nc1C,MOSES sample,4150
C#Cc1cccc(NC(=O)C(C)Oc2ccccc2OCC)c1,MOSES sample,4151
c1cc(c2c(c1)cc(o2)C(N1CCN(CC1)C)=O)Cl,MOSES sample,4152
CC(=O)N1CCc2cc(NCc3cccn3C)ccc21,MOSES sample,4153
Cc1c(C(=O)N(C)C)sc(NC(=O)c2cccc(Cl)c2)c1C#N,MOSES sample,4154
c1c(ccc(c1)C(COC(=O)c1ncc(cc1)C(=O)N)C)F,MOSES sample,4155
C(=O)(NCc1cnccc1)C(Sc1scc(n1)C)C,MOSES sample,4156
c1cc(ncc1CC(=O)Oc1cc(Oc2ccccn2)ccc1)C,MOSES sample,4157
n1c(NC(CN2CCOCC2CC(C)C)=O)scc1,MOSES sample,4158
CCn1cc(C(=O)NC2(c3ccccc3)CC2)c(C(F)(F)F)n1,MOSES sample,4159
C(NC(C)(C)C)(=O)CN(C(c1[nH]nc(CCC)c1)=O)C1CC1,MOSES sample,4160
c1cccc2c1cc(cc2)NC(c1cnc2n(ncc2c1)CCC)=O,MOSES sample,4161
C(C1CCCCC1)NC(COc1ccc(cc1)F)=O,MOSES sample,4162
C(OCC)(=O)C1(NC(CNC(=O)c2ccccc2Cl)=O)CCCC1,MOSES sample,4163
N(Cc1cscc1)C(c1cc(C)c(s1)CC)=O,MOSES sample,4164
Cc1ccc(Cn2c(CN(C(=O)c3cccn3C)C)scc2)cc1,MOSES sample,4165
c1cccn1-c1scc(CC(Nc2c(Cl)cccc2)=O)n1,MOSES sample,4166
NS(=O)(=O)c1ccc(CNC(=O)c2cc(Cl)ccn2)cc1,MOSES sample,4167
c1ccc(cc1)-c1c(n2c(n1)SCC2)CSc1nncn1C,MOSES sample,4168
c1(c(cc(F)c(Cl)c1)Cl)C(NCCS(=O)(N)=O)=O,MOSES sample,4169
c1c(NC(=O)COc2ccc(Cl)cc2)ccc(c1)C(NC)=O,MOSES sample,4170
C(CCO)NC(=O)COc1cc(ccc1)Cl,MOSES sample,4171
c1(C(Nc2ccccc2)=O)cc(ccc1)NC(=O)c1ccc(n(n1)C)=O,MOSES sample,4172
O=C(Cn1ccnc1)NC1CCCCNC1=O,MOSES sample,4173
Cc1ccc(S(=O)(=O)Nc2c(-c3ccc(F)cc3)ncn2C)cc1,MOSES sample,4174
O=C(N(C)CC(Nc1cccc(c1)Cl)=O)NCc1ncsc1,MOSES sample,4175
CCOC(=O)C(C)NC(=O)c1c(C)c2cc(O)ccc2oc1=O,MOSES sample,4176
N(C(=O)CN1c2c(OC(C1=O)C)cccc2)Cc1nc(C)sc1C,MOSES sample,4177
c12c(cccc2)nc([nH]c1=O)C(=O)NCc1cccs1,MOSES sample,4178
O=c1c(C(F)(F)F)cccn1Cc1c(cccc1F)F,MOSES sample,4179
Cc1cc2c(N)cccc2c(C(=O)Nc2ccccc2C)n1,MOSES sample,4180
n1nc(oc1Cc1ccc(cc1)C)SCC(C)C(=O)C,MOSES sample,4181
C(Oc1cccc(c1)NC(=O)Cc1ccc(F)cc1F)COC,MOSES sample,4182
c1c(ccc(-c2noc(n2)-c2cnc(cc2)OCC)c1)N1CCCCC1,MOSES sample,4183
CC(NS(=O)(=O)c1ccc(F)cc1F)c1ccccc1,MOSES sample,4184
c1c(ccc(c1)Cn1ncc(NC(=O)Cc2cccs2)c1)C,MOSES sample,4185
c1cc(ncc1)CNC(c1nn(CCCC)c(=O)c2ccccc21)=O,MOSES sample,4186
COCCOc1ncccc1C(=O)NC(C)c1cnc(C)s1,MOSES sample,4187
c1(ccc(cc1)C(=O)C)NC(=O)CCCSc1scc(n1)C,MOSES sample,4188
C(C(=O)NC1(C#N)CCCC1)Nc1c(C)cccc1C,MOSES sample,4189
N1C(CCC1C(=O)n1c(-c2sccc2)ccn1)=O,MOSES sample,4190
Cc1cc(-c2nnc(NC(=O)c3ccc4c(c3)OCO4)o2)c(C)o1,MOSES sample,4191
CN(C)C(=O)C1CCCN(C(=O)C2CCCCC2)C1,MOSES sample,4192
S(=O)(=O)(c1c(C(F)(F)F)cccc1)NCC(=O)OCC,MOSES sample,4193
N(C(=O)CCCOC)c1ccc(Cn2ccccc2=O)cc1,MOSES sample,4194
Cn1cccc1C(O)CNC(=O)c1ccc(Cl)cc1,MOSES sample,4195
c1c(-c2ccccc2)onc1NC(=O)NC1CCOC(C2CC2)C1,MOSES sample,4196
C(c1c(cccc1)Br)n1nc(oc1=O)CO,MOSES sample,4197
n1(-c2ccc(F)c(F)c2)nnc(c1N)-c1cccc(c1)OC,MOSES sample,4198
COc1c(OC)cc(cc1OC)CCC(=O)N1CC(OC(C)C1)C,MOSES sample,4199
CCCN(Cc1cc2ccccc2[nH]c1=O)C(=O)CC(C)C,MOSES sample,4200
c1(ccc(cc1)NC(c1scc(c1)C(=O)N)=O)OC,MOSES sample,4201
CC1CCN(C(=O)C2CC(=O)N(C)C2c2cccnc2)CC1,MOSES sample,4202
o1cccc1CNC(CCC(O)c1cccs1)=O,MOSES sample,4203
CCC(CC)N(CCO)C(=O)c1ccc(CC)cc1,MOSES sample,4204
c12c(C(NC)=O)cc(nc2ncnc1Nc1ccccc1OC)C,MOSES sample,4205
c1(C)c(cccc1)C(=O)Nc1sc2CN(C(C(C)C)=O)CCc2n1,MOSES sample,4206
o1cccc1CN1CC(NS(=O)(=O)C)C2OCCCC21,MOSES sample,4207
CN(C(=O)Cn1c(=O)cnc2ccccc21)c1nc2ccccc2s1,MOSES sample,4208
C(c1ccccc1)N(C)C(=O)NCc1cccs1,MOSES sample,4209
CCc1cc(NC(=O)c2sc(NCC)nc2C)[nH]n1,MOSES sample,4210
CC(C)NC(=O)c1ccc(NC(=O)c2ccncc2)cc1,MOSES sample,4211
CNc1snc(C)c1C(=O)NCC(=O)Nc1ccc(Cl)cc1,MOSES sample,4212
N(C(=O)NCc1nn(cn1)C)(Cc1ccco1)Cc1sccc1,MOSES sample,4213
O=S(=O)(c1c(cc(Br)cc1)Cl)N,MOSES sample,4214
c1c(c(ccc1C)NC(=O)COC(=O)c1ccc(n(n1)C)=O)Cl,MOSES sample,4215
CCN(CCC#N)c1ccc(Br)cc1C,MOSES sample,4216
CCCn1c(=O)c2ccccc2n(CC(=O)N2CCCCCC2)c1=O,MOSES sample,4217
O=C(CNC(=O)c1cccs1)c1ccc(Cl)cc1,MOSES sample,4218
S(=O)(NCCCC(NC1CCC(CC1)O)=O)(C)=O,MOSES sample,4219
O=C(CCn1ccccc1=O)Cc1ccc(cc1)O,MOSES sample,4220
C1COC(C(OCC(Nc2cccc(c2)F)=O)=O)C1,MOSES sample,4221
C(c1ccc(cc1)C)CC(N(CC)CC(C#N)C)=O,MOSES sample,4222
c1cc(C(=O)N2CCN(CCOc3ccc(cc3)C#N)CC2)oc1C,MOSES sample,4223
c1cc(-c2ncc(-c3ccccc3)o2)cc(c1C)-n1nnnc1,MOSES sample,4224
CCCC1CN(C(=O)c2cnc3ccc(C)cn23)CCO1,MOSES sample,4225
O=C1NCCCCC1Nc1cccc2cccnc12,MOSES sample,4226
c1cc(C)c(NC(=O)Cc2noc3c2cccc3)c(c1)CC,MOSES sample,4227
C(Sc1oc(Cc2ccccc2)nn1)(C(NC1CC1)=O)C,MOSES sample,4228
CCCn1cc(NC(=O)NC(C)c2c(C)noc2C)nn1,MOSES sample,4229
c1c(c(Cl)ccc1)C(C)N(C)C(=O)Cn1nnnc1C(C)(C)C,MOSES sample,4230
O1c2c(OCC1)ccc(c2)Cc1ccc(c(c1)C(C)=O)OC,MOSES sample,4231
CC(C)CN1CC(C(=O)N2CCOC(C(N)=O)C2)CC1=O,MOSES sample,4232
C1CC(C(=O)N)CN(C(CSc2ccc(c3c2cccc3)C)=O)C1,MOSES sample,4233
c1(c(cc(cc1)C(=O)CCN(Cc1ccccc1)C(=O)C)C)OC,MOSES sample,4234
N(C(NC1CCC2(CC1)OCCO2)=O)c1cc(Cl)c(cc1)C,MOSES sample,4235
n1(CC(=O)N2CC(c3c(Cl)cc(OC)cc3)OCC2)nccc1,MOSES sample,4236
n1c(N(C2CC2)C(C)c2oc3c(cccc3)c2)c2c(nc1)n(C)nc2,MOSES sample,4237
c1(cc(N2CCCC2)c(CNC(COCC)=O)cc1)Br,MOSES sample,4238
Cc1nnc(s1)SCc1ccc(C(NCC#C)=O)cc1,MOSES sample,4239
C(NC(=O)c1coc(-c2ccccc2)n1)c1c[nH]nc1C,MOSES sample,4240
n1cc(cnc1-c1ccccn1)C(N1CC(n2cncn2)CCC1)=O,MOSES sample,4241
Cn1cc(CNS(=O)(=O)c2ccc(N3CCCC3=O)cc2)nn1,MOSES sample,4242
c1(F)c(cc(OC2CCN(CC2)C(=O)COCCC)cc1)F,MOSES sample,4243
CNC(=O)CN(C(=O)C1CC(=O)N(C2CCCCC2)C1)C,MOSES sample,4244
Cc1cccc(C(=O)Nc2sc(C)c(C)c2C(=O)N2CCCC2)c1,MOSES sample,4245
c1c(C2CCCN2C(=O)NCc2ccc(nc2)OC)ccnc1,MOSES sample,4246
c1cc(ccc1S(CC)=O)C(=O)N1C(C)COCC1C,MOSES sample,4247
CN(C(c1cc2NC(CSc2cc1)=O)=O)CC1CC1,MOSES sample,4248
Cn1nc2cc(N3CCCC(C(=O)c4nccn4C)C3)cnc2c1CC,MOSES sample,4249
n1c(C(=O)NCC=C)coc1NC(=O)c1ccco1,MOSES sample,4250
C(c1cnccc1)CNC(=O)N1CCC(CS(=O)(=O)N)CC1,MOSES sample,4251
c1(noc(CNC(=O)N(CC)CC2CCOC2)c1)C(CC)C,MOSES sample,4252
n1c2c(c(=O)n(c1)CC1CC1(Cl)Cl)cccc2,MOSES sample,4253
O(CC)C(=O)CC1c2cc(Br)c(C)cc2CCN1,MOSES sample,4254
c1cc(c(cc1)NC(=O)C1CC2OC1CC2)N1CC(C)OC(C)C1,MOSES sample,4255
Cc1cc2c(cc1C)N(CC(=O)Nc1ccccc1)C(=O)CN2,MOSES sample,4256
c1ccc(C(N2CCN3C(c4c(cccc4)C3=O)C2)=O)s1,MOSES sample,4257
Cc1cccc(S(=O)(=O)n2cc3c4c(cccc42)C(=O)C3(C)C)c1,MOSES sample,4258
c12c(cccn2)c(n(CCOCC(C)C)cn1)=O,MOSES sample,4259
CC1CC(C)CN(C1)S(NCCC(O)c1occc1)(=O)=O,MOSES sample,4260
N(C(c1cc(c(cc1)C)C)=O)c1ccc(F)c(c1)N,MOSES sample,4261
CC1CN(C(=O)NC2CCN(c3ccccc3)CC2)CCO1,MOSES sample,4262
C(N1CCCC(NC(C)=O)C1)(Nc1c(Cl)ccc(c1)NC(=O)C)=O,MOSES sample,4263
CCC(C)NC(=O)C(C)NC(=O)NCc1csc(C)n1,MOSES sample,4264
C(N)(=O)c1ccc(NC(=O)CNc2c(ccc(c2)C#N)Cl)cc1,MOSES sample,4265
c1(OCCC(=O)N2CCNC(=O)CC2)cc(Cl)ccc1,MOSES sample,4266
CCN(CCC(=O)OC)S(=O)(=O)C(C)(C)C,MOSES sample,4267
Cc1cc(C(=O)NCC=C)nc(N2CCOCC2)n1,MOSES sample,4268
c1(F)cc(C(N(CC(C)O)Cc2ccccc2)=O)ccc1F,MOSES sample,4269
CC(NC(=O)CCCOc1ccc(F)cc1)C(N)=O,MOSES sample,4270
O=C(COc1ccc2ccc(=O)oc2c1)NCc1ccc(Cl)cc1,MOSES sample,4271
CC(C)(C)C(=O)CNC(=O)C1CC(=O)N(Cc2ccccn2)C1,MOSES sample,4272
c1(ccc(cc1Cl)NC(=O)NCC(OC(C)C)=O)F,MOSES sample,4273
C(NCC=C)(=O)c1c(nn(-c2ccccc2)c1C(C)C)C,MOSES sample,4274
c1(ncc(C(=O)Nc2ccc(C(=O)NC(C)C)cc2)cc1)C,MOSES sample,4275
CC(C(NC(C)(C)C)=O)NC(=O)Nc1sccn1,MOSES sample,4276
O=C(NCc1cccc(Cl)c1)c1cnn2cc[nH]c12,MOSES sample,4277
c1oc(CNC(CN2c3c(CCC2=O)cccc3)=O)cc1,MOSES sample,4278
Cc1cccc(-n2ncc(C(=O)NCCC(N)=O)c2-n2cccc2)c1,MOSES sample,4279
CN1CC(C(=O)OCc2sc3ccccc3c2Cl)CC1=O,MOSES sample,4280
N1CCCn2c1nc1c2ccc(c1)Br,MOSES sample,4281
CC(C)(C)Oc1c(ccc(c1)F)NC(Cc1ccc[nH]1)=O,MOSES sample,4282
O=S(CCCC)(N1Cc2c(cnc(n2)N(C)C)C1)=O,MOSES sample,4283
c1c(NC(CSc2c3[nH]cnc3ncn2)=O)cc(cc1OC)OC,MOSES sample,4284
C(NC(CNc1c(cccc1)Oc1ccccc1)=O)C(F)(F)F,MOSES sample,4285
N1c2c(cccc2)C(N(C2CC2)C1c1ccc(C)cc1)=O,MOSES sample,4286
CC(NCc1ccc(C(N)=O)cc1)c1ccc(S(N)(=O)=O)cc1,MOSES sample,4287
CC(C#N)CN(C)CC(=O)NCCc1ccccc1,MOSES sample,4288
N(CCCn1c(ccn1)C1CC1)C(=O)c1c(cccc1)OC,MOSES sample,4289
COc1cc(C)ccc1NCc1cnc(C)s1,MOSES sample,4290
N1(CC(C(Nc2cc(ncn2)N2CCCC2)=O)CC1=O)C1CC1,MOSES sample,4291
c1c(c(cc(C)c1)C)N1CCCS1(=O)=O,MOSES sample,4292
C(n1c(=O)cnc2c1cccc2)C(NCc1ccc(OC)nc1)=O,MOSES sample,4293
CCC1(CC)Oc2ccc(C)cc2N(Cc2ccccc2C#N)C1=O,MOSES sample,4294
Cc1n(C)nc(c1NC(=O)c1c(n[nH]c1)-c1ccccc1F)C,MOSES sample,4295
c1(Cl)c(cccc1)CN1CCN(C(=O)c2cc(cs2)C)CC1,MOSES sample,4296
c1cc(CC)c(NC(CSc2nccn2Cc2occc2)=O)cc1,MOSES sample,4297
O=C(c1ccc(OC)c(c1)-c1ccccc1)Nc1ccc(C)n(C)c1=O,MOSES sample,4298
c1cc(C)c(cc1NC(=O)Cc1ccc(cc1)F)-n1cnnn1,MOSES sample,4299
C(c1cc(=O)oc2c1ccc(OC)c2)(N1CCN(CC)CC1)=O,MOSES sample,4300
n1n(c(nn1)-c1cc(ccc1)NC(c1ccc(OCC)cc1)=O)C,MOSES sample,4301
N#CCc1c(c(C)sc1S(=O)(=O)C)-c1occc1,MOSES sample,4302
C(n1c2c(cn1)cc(-c1cnn(CC)c1)cc2)CO,MOSES sample,4303
C1(CC)c2c(csc2CCN1C(COC)=O)C,MOSES sample,4304
CC(C)(c1ccc(C(=O)NCc2cn(C)nc2)cc1)C,MOSES sample,4305
c1(cc(ccc1)N1CCN(CC1)c1cccc(F)c1)N,MOSES sample,4306
C(c1ccc(O)cc1Cl)(=O)NCCc1n2ccccc2nn1,MOSES sample,4307
c1(NC(=O)Cn2ccnc2)ccc2c(c1)nc(-c1ccccn1)s2,MOSES sample,4308
COCCN(C)C(=O)c1ccn(-c2cccc(c2)F)n1,MOSES sample,4309
Cc1cc(Nc2cccc(Oc3ccccc3)c2)n2ncnc2n1,MOSES sample,4310
c12nc(sc2CCCC1)NC(=O)Cc1nc(sc1)C,MOSES sample,4311
c1c(O)cccc1NC(c1cc2c([nH]1)cccc2F)=O,MOSES sample,4312
COC(=O)c1ccccc1NC(=O)N1CCCC1c1c(C)n[nH]c1C,MOSES sample,4313
C1OCCN(C1)C(c1c(N)nc(-c2cccnc2)cc1)=O,MOSES sample,4314
c1([nH]ccc1)CC(NC1CCCN(C1)C(=O)OC(C)(C)C)=O,MOSES sample,4315
O=S(=O)(c1ccccc1F)Nc1ccc(cc1N)C,MOSES sample,4316
CCN(CC(=O)NC(C)(C)C)C(=O)C1CC1c1ccccc1,MOSES sample,4317
n1(C)nc(CNC(=O)Nc2c(cc(Cl)cc2)F)nc1,MOSES sample,4318
O=C(Nc1ccccc1S(=O)(=O)N1CCCC1)c1ccc(F)cc1,MOSES sample,4319
C(CNS(c1cccs1)(=O)=O)(O)c1cc2c(OCC2)cc1,MOSES sample,4320
c1(ccc(CC)cc1)Cc1oc(NCc2cccnc2)nn1,MOSES sample,4321
O=C(c1ccccc1)N1CCOCC1c1noc(-c2cccnc2)n1,MOSES sample,4322
C(=O)(c1cccc(c1)CNC(=O)NCCc1ncccc1)NCC,MOSES sample,4323
c12c(nc[nH]1)cc(C(NCc1c(cccc1)Cl)=O)cc2,MOSES sample,4324
O=S(c1ccccc1OC)(=O)C(C(N(CC)CC)=O)C,MOSES sample,4325
N#Cc1nccnc1Sc1nnc(C2CCCCC2)n1C1CC1,MOSES sample,4326
CCc1cccc(NC(C)C(=O)Nc2cccc(C(=O)N(C)C)c2)c1,MOSES sample,4327
COc1ccc2nnc(C(=O)NCc3ccoc3)nc2c1,MOSES sample,4328
c1(n[nH]c(OC)c1C(c1ccc(Cl)cc1)CC(OC)=O)C,MOSES sample,4329
c1c(c(C(C(C)C)c2ccc(cc2)O)c(cc1)C#N)F,MOSES sample,4330
c1cc(OCCn2cc(c(c3c2cccc3N)=O)C(N)=O)cc(C)c1,MOSES sample,4331
n1c(CN(C(=O)C2CCCN(C2)S(=O)(=O)C)C)c(C)c(OC)c(C)c1,MOSES sample,4332
C(C(C)(CC(Nc1sc2c(n1)cccc2)=O)O)n1cccc1,MOSES sample,4333
CCc1nn2c(=O)cc(COC(=O)CC(C)(C)C)nc2s1,MOSES sample,4334
C(N1CCOC(C1)C)CN(CC(F)(F)F)CC(=O)N(C)C,MOSES sample,4335
C(=O)(OC)c1c(C)cc(Cn2cc(c(=O)[nH]c2=O)Cl)o1,MOSES sample,4336
c1ccc2c(cc(C(N3CC(=O)NCC3)=O)o2)c1OCC,MOSES sample,4337
c1[nH]nc(c1)C(Nc1ccc2CCCN(c2c1)C(c1ccncc1)=O)=O,MOSES sample,4338
C(C)N(CCCNc1c(N)c(OC)ncn1)c1ccccc1,MOSES sample,4339
c1ccc2c(oc(n2)CN(C(c2cc(ccc2)-n2nnnc2)=O)CC)c1,MOSES sample,4340
C(NC(c1cc2c(oc1=O)cccc2)=O)Cc1ccc(OC)cc1,MOSES sample,4341
c1(NS(CCC)(=O)=O)cccc(c1)NC(=O)c1ccccc1,MOSES sample,4342
c1n(nc(C(=O)Nc2cccc(F)c2)c1OC)-c1ccc(Cl)cc1,MOSES sample,4343
Fc1cc(F)c(cc1)NC(CNc1cc(ccc1)C(=O)NC)=O,MOSES sample,4344
n1c(C)c2c(Nc3ccccc3N=C2O)c(c1)C(=O)NC(C)(C)C,MOSES sample,4345
CCNC(=O)N1CCN(Cc2nc(-c3ccc(OC)cc3)no2)CC1,MOSES sample,4346
c1cccnc1NC(CSc1n(CC=C)c(C(C)C)nn1)=O,MOSES sample,4347
NS(=O)(=O)c1ccc(CNC(=O)Nc2cccnc2)cc1,MOSES sample,4348
Fc1c(ccc(c1)CN(C)C(=O)Cc1nc(C)sc1)OC,MOSES sample,4349
C(c1ccc(N2CCN(CC2)C(=O)C2OCCC2)c(F)c1)(=O)C,MOSES sample,4350
C(C)c1c(N2CCCS2(=O)=O)ccc(c1)Br,MOSES sample,4351
Cc1cccc(S(=O)(=O)N(C)c2c(C)nc3ccccn3c2=O)c1,MOSES sample,4352
N(C(N1CCC(CC1)O)=O)CCc1ccccc1F,MOSES sample,4353
c1(=O)cc(n(C2CN(c3nnc(o3)CC)CCC2)c(C)c1)C,MOSES sample,4354
c1(-c2oc(nn2)Cc2c(C)cccn2)c(cccc1)N,MOSES sample,4355
c1cc(ccc1S(=O)(NCC)=O)C(=O)Nc1ncccc1,MOSES sample,4356
CC(=O)N1CCCC1C1NCCc2c(C)cccc21,MOSES sample,4357
c1cc(S(CC(NCC(C)C)=O)=O)ccc1C,MOSES sample,4358
Cc1ccc(cc1NC(C)=O)NCC(N(C)Cc1ccccc1)=O,MOSES sample,4359
C1C(C)CN(S(=O)(=O)NC(Cc2c(cc(cc2)F)F)=O)CC1,MOSES sample,4360
c1(csc(n1)NC(C(C)(C)c1cc(F)ccc1)=O)-c1ncccc1,MOSES sample,4361
Cc1n[nH]c2c1C(c1ccccc1O)c1c([nH]c(=O)[nH]c1=O)N2,MOSES sample,4362
c1c(Cl)ccc(c1)OC(C(=O)NC1(CCCCC1)C(N)=O)C,MOSES sample,4363
o1c(-c2c(F)cccc2)nnc1C1CCCN(C1)C(C(C)(C)C)=O,MOSES sample,4364
Cc1cc(CN2CCOC(Cn3cccn3)C2)c2ccccc2n1,MOSES sample,4365
CC1CN(CC(O)COCc2ccco2)C(C)CO1,MOSES sample,4366
CCOc1ccc(C(=O)Nc2cc(F)ccc2OC)cc1OC,MOSES sample,4367
CN(C)C(=O)c1ccc(Cl)c(NCC(=O)NC(C)(C#N)C(C)C)c1,MOSES sample,4368
CCC(C)C(NC(=O)c1ccc(F)c(COC)c1)C(N)=O,MOSES sample,4369
N(CCO)C(C12C(C)(C)C(C)(C(=O)C1)CC2)=O,MOSES sample,4370
S(N(CC(=O)N1CC2CC1CC2)C)(c1c(F)cccc1)(=O)=O,MOSES sample,4371
C(C(c1c(OC)cccc1)NC(C(C)C)=O)C(C)C,MOSES sample,4372
NS(=O)(=O)c1ccc(NCCc2ccc(Cl)cc2)c(F)c1,MOSES sample,4373
C(NCCNc1ncccn1)(=O)Nc1ccc(cc1)F,MOSES sample,4374
C1N(Cc2ccccc2C)C(=O)CC1Nc1nc(cc(C(C)C)n1)N,MOSES sample,4375
c12ccc(cc2OCCO1)CC(NC(C(=O)N1CCCCC1)C)=O,MOSES sample,4376
c1nc(C(c2c(c(ccc2)OC)OC)=O)n(c1)C1CC1,MOSES sample,4377
c1c(NC(CCCc2ccc(cc2)OC)=O)c(=O)n(C(C)C)cc1,MOSES sample,4378
c1(OCCOC)ccc(CNC(C2C3CC(C=C3)C2)=O)cn1,MOSES sample,4379
COC(=O)C(C)NC(=O)Nc1ccc(Cl)cc1Cl,MOSES sample,4380
CC(CCc1ccc(Br)cc1)NC(=O)C(C)NC(N)=O,MOSES sample,4381
CCNC(=O)N1CCN(C(=O)Cc2ccc(-n3cccn3)cc2)CC1,MOSES sample,4382
C(C)(C)(NC(Nc1nc(C)c(s1)C(C)=O)=O)C,MOSES sample,4383
O=C(CN1CCOCC1C1CC1)Nc1ccc2c(c1)OCO2,MOSES sample,4384
c12c(n(C(C)C)nc2)nc([nH]c1=O)CN(CC)c1ccccc1,MOSES sample,4385
CN(C)c1c(OC2(CCCC2)C(N)=O)cc(C)cc1,MOSES sample,4386
O=c1cc(c2c(ccc(c2)OCC(Nc2c(cccc2)C)=O)o1)C,MOSES sample,4387
c1(Nc2ccc3c(CCN3C(C)=O)c2)nc(CCC)nc2nccnc21,MOSES sample,4388
O=C(CCNC(C1CC(N(C)C1)=O)=O)NC1CCCC1,MOSES sample,4389
c1ccc(Cn2c(=O)oc(c(Br)c2)=O)o1,MOSES sample,4390
c1(cc(ccc1)NC(C)=O)C(N1CCCCC1C)=O,MOSES sample,4391
Cc1ccc(C(N)=O)cc1NC(=O)c1ccc(Cl)cc1,MOSES sample,4392
c1cc(-c2nn(CC(Nc3[nH]nc(c3)C)=O)c(=O)cc2)ccc1C,MOSES sample,4393
c1c(C(Nc2cnn(c2C(=O)NC)C)=O)cc(C)cc1,MOSES sample,4394
O=C(N(CC)Cc1cc(ccc1)C)NCCCOC,MOSES sample,4395
n1c(C)c(nc(NCc2ccc(cc2)Cl)c1C)C,MOSES sample,4396
O=C(c1sc2c(cco2)c1)Nc1c2c(cc(C)c1)cccn2,MOSES sample,4397
CC(C)(OC(N(C)CCCC(NC(C)(C)C)=O)=O)C,MOSES sample,4398
c1(-c2n(C)c(c3cc(ccc3n2)C)=O)sccc1,MOSES sample,4399
c1(c(C)noc1C)C(Nc1nccc(c1)COC)=O,MOSES sample,4400
C(NC(=O)c1ccc(C)c(C)c1)c1ccnc(OC)c1,MOSES sample,4401
n1(C(c2cnn(C(C)C)c2N)=O)nc2c(c1)CCCC2,MOSES sample,4402
O=C(N1CCc2sccc2C1)CN1C(c2cccs2)CCC1,MOSES sample,4403
CC(C)(C)c1nnc(CN2CCCSc3ccccc32)o1,MOSES sample,4404
c1(nc2c(n(C)nc2c(n1)N1CCC1)C)-c1ccc(cc1)F,MOSES sample,4405
n1c(c(cn1C)C(Nc1c(-n2c(C)cc(C)n2)cccc1)=O)C(F)F,MOSES sample,4406
O=C(OCc1cc(F)ccc1)c1cc(S(N)(=O)=O)ccc1,MOSES sample,4407
C(NC(c1ccccc1OCC(=O)N)=O)C(O)c1ccsc1,MOSES sample,4408
n1ccncc1C(=O)Nc1cc2c(cc1)OC(C(=O)N2)C,MOSES sample,4409
C1(CCCC1)NC(NC1CCN(C1)c1ncccc1F)=O,MOSES sample,4410
Cc1ccc2nc(SCC(=O)Nc3ccc(Cl)cn3)oc2c1,MOSES sample,4411
c1(=O)n2CCCCCc2nc2cc(ccc12)C(=O)N(CCC#N)C,MOSES sample,4412
c1cnccc1NC(N1CCc2cc(ccc21)S(N(C)C)(=O)=O)=O,MOSES sample,4413
CN(C1CCCN(C1)c1ncccn1)c1ncnc2c1c(no2)C,MOSES sample,4414
O=C1CCC(C(=O)NC2CCSc3ccccc32)N1,MOSES sample,4415
C12(CC(CCC2)NC(c2ccc(nc2C)C(=O)N)=O)CN(C(=O)C)C1,MOSES sample,4416
c1cc(ccc1)N1CCN(C(CC2c3c(cccc3)NC2=O)=O)CC1C,MOSES sample,4417
COc1cccc(C(=O)NCC(=O)NC2CCCC2)c1F,MOSES sample,4418
O1C(C)(CC1)CNS(=O)(=O)c1ccc2CCN(c2c1)C(=O)C,MOSES sample,4419
N(c1ccc(NC(=O)C2CCOCC2)cc1C(F)(F)F)(C)C,MOSES sample,4420
Cc1c2c(c(c3c(CCCC3)n2)NCCO)nc(c1)C,MOSES sample,4421
O=C(CCc1ccccc1O)NC1CCN(C(=O)c2ccccc2)C1,MOSES sample,4422
C1(CCCCC1)C(NC1CCN(C(CC2CC3CC2CC3)=O)CC1)=O,MOSES sample,4423
c1c(Cl)cc2ccn(c(=O)c2c1)CCCC(=O)OC,MOSES sample,4424
n1c(ccn1CCCNC(=O)C(n1nccc1)C)-c1cnccc1,MOSES sample,4425
N(CCCC(NC1CCCC(C1)C(F)(F)F)=O)C(=O)C,MOSES sample,4426
C1CN(CCN1c1ccccc1F)CC(=O)N1CCNC(=O)C1,MOSES sample,4427
O=C(c1ccsc1)N1CCc2nc3ccnn3cc2C1,MOSES sample,4428
c1(NC(COC)=O)c(C(NC2CC2)=O)ccs1,MOSES sample,4429
c1(-n2ccnc2)c(cccc1)NC(=O)c1cncn1-c1ccc(cc1)F,MOSES sample,4430
c1(ccc(cc1)NC(=O)C1CC1)-c1n(ncn1)CC(O)CO,MOSES sample,4431
C1CN(C(c2ccc(c(OCC)c2)OCC)=O)CCN1C(=O)C1CC1,MOSES sample,4432
CC1CCN(C(=O)C2CCCN2C(=O)C2CC2)C1c1cccc(F)c1,MOSES sample,4433
CN(C)C(=O)CN(C)C(=O)c1c[nH]nc1-c1ccccc1F,MOSES sample,4434
OCC1NCCc2c(Cl)cc(Br)cc21,MOSES sample,4435
O=C(c1c(OCC)nccc1)N1CCN(CC1)CC(COC)O,MOSES sample,4436
C=CCNC(=O)c1cn2c(n1)CCC(c1ccccc1)C2,MOSES sample,4437
COC(=O)c1nn(C)c(N)c1-c1cc(OC)ccc1OC,MOSES sample,4438
O=C(NCc1ccc(F)cc1)C1N(c2c(cccc2)OC1)C(C)=O,MOSES sample,4439
O=C(c1cc(F)c(Cn2cnc3c(ccs3)c2=O)o1)OC,MOSES sample,4440
C1CCC(CCNC(=O)c2ncc3OCCc3c2)=CC1,MOSES sample,4441
CC(C)C1N(CCNC1=O)Cc1cccc2c1[nH]nc2,MOSES sample,4442
c1(c(cccc1)Cl)C(=O)NCCC(=O)Nc1c(C)cccn1,MOSES sample,4443
Cc1ccc(OCC(=O)Nc2ccc3c(c2)OCCCO3)c(C)c1,MOSES sample,4444
c1(ccsc1)C(=O)OCC(Nc1ccccc1)=O,MOSES sample,4445
C1N(c2sc3n(cc(C)n3)n2)CCCN(C1)C(=O)c1cc(on1)C,MOSES sample,4446
c1c(C(NCC(=O)N2C(Cc3c2cccc3)C)=O)c(C)oc1C,MOSES sample,4447
O(c1cccnc1)c1c(C)cc(NC(=O)N(C)CCC(F)(F)F)cc1,MOSES sample,4448
C1C(Cl)(C1CNC(Cn1nc(-c2ccccc2)nn1)=O)Cl,MOSES sample,4449
C1N(CC(C(N(CC)c2c(ccc(C)c2)C)=O)CC1)C(=O)CCC,MOSES sample,4450
c1(C(C(NC2CCCC2)=O)N)c(OC)ccc(OC)c1,MOSES sample,4451
c12c(cccc2)OC(CNC(NCCc2onc(n2)N)=O)C1,MOSES sample,4452
o1c2c(nc1CSc1nnc(N)n1C)cc(Cl)cc2,MOSES sample,4453
CC(C)Oc1ccc(CCNC(=O)Nc2cc(C)on2)cc1,MOSES sample,4454
N1(C(OCc2ccccc2)=O)CC(C)C(C1)(C)O,MOSES sample,4455
c1c(N)cc(cc1)S(=O)(=O)NCCc1cc(Cl)ccc1,MOSES sample,4456
C(CCn1c2c(cc1-c1cccs1)cccn2)O,MOSES sample,4457
COc1ccc2nc(N(Cc3cc(C)on3)C(C)=O)sc2c1,MOSES sample,4458
N(Cc1ccccc1)C(=O)Nc1ccc(-c2nccc(n2)C)cc1,MOSES sample,4459
C1(CCN(CC1)C(=O)Cn1ncc(=O)c2c1cccc2)C(=O)N,MOSES sample,4460
N(c1nnc(C(C)C)s1)C(=O)C1(C(Cl)(C1)Cl)C,MOSES sample,4461
C(=C(C)C)C1C(C1C(=O)N1CCOC(C(=O)N)C1)(C)C,MOSES sample,4462
CCc1cnccc1C(=O)NC1C2CCCOC2C1(C)C,MOSES sample,4463
c1n(c(ccc1NC(=O)c1[nH]c(c(C(=O)C)c1CCC)C)=O)CC,MOSES sample,4464
C(Oc1ccc(cc1)-c1nc(C)cc([nH]1)=O)CC(C)C,MOSES sample,4465
C1OCCN(c2ncc(c(n2)-c2cscc2)-c2cnccn2)C1,MOSES sample,4466
C1N(S(C)(=O)=O)CCC(C1)NC(=O)Cc1ccc2OCCc2c1,MOSES sample,4467
O1C2(CN(c3c(cc(cn3)C(F)(F)F)Cl)CCC2)OCC1,MOSES sample,4468
c1cc(ccc1N1CC(C)OC(C1)C)C(NC(C)C)=O,MOSES sample,4469
CC(NC(=O)NCCC(=O)N(C)C)c1cccc(N2CCCC2)c1,MOSES sample,4470
c1ccc(CC2NCCc3c2ccc(O)c3F)s1,MOSES sample,4471
c12c(ccc(c1)S(N1CCOCC1)(=O)=O)N1CCCCC1CN2,MOSES sample,4472
O=C(c1cc(C2CC2)on1)N1CCC(OCc2ccccc2F)CC1,MOSES sample,4473
Cc1ccc2ncc(C(=O)NC(c3cccc(c3)C#N)C(=O)N)n2c1,MOSES sample,4474
O=C(C1CCN(CC1)C(=O)c1ccc(cc1)C)NC,MOSES sample,4475
C(C(=O)NCCC(NC1CCCC1)=O)N1S(c2ccccc2C1)(=O)=O,MOSES sample,4476
Fc1cc(F)ccc1NC(NCCc1cnn(C)c1)=O,MOSES sample,4477
C1N(C(CCNC(c2c(cccc2)C)=O)=O)c2ccccc2C1,MOSES sample,4478
CS(=O)(=O)c1ccccc1C(=O)NCc1nnc2ccccn12,MOSES sample,4479
CCC(C)N(C)C(=O)CNC(=O)c1cccc(Br)c1,MOSES sample,4480
o1c2cc(n(c2ccc1)C)C(=O)NCc1scc(n1)C(C)(C)C,MOSES sample,4481
C(N1CCCN(CC1)c1nc(C)cs1)(=O)c1c(cccc1)OCC,MOSES sample,4482
O=C(Nc1cc(C(F)(F)F)ccc1Cl)c1ccnnc1,MOSES sample,4483
COc1ccc2oc(C)c(S(=O)(=O)Nc3cccc(C)c3)c2c1,MOSES sample,4484
Cc1nnc(SC(C)c2ccc(F)cc2F)n1CC(N)=O,MOSES sample,4485
FC(F)(F)c1cccc2c1NC(=O)C2Cc1ccncc1,MOSES sample,4486
C(N(S(=O)(c1cc2c3c(c1)C(C(=O)N3CC2)(C)C)=O)C)CO,MOSES sample,4487
CC(C)NC(C1CCCN1c1ncnc(c1)SCc1ccccc1)=O,MOSES sample,4488
N1(C(c2nc3c(cccc3)c(n2C)=O)C)CC2CCCCC2(O)CC1,MOSES sample,4489
c1nnn(CC=C)c1-c1cc2c(cc1Cl)OCO2,MOSES sample,4490
Cc1noc(C2CN(C(c3ccc(cc3)-c3ccccc3)=O)CCC2)n1,MOSES sample,4491
C(NC(Cn1ccc([nH]c1=O)=O)=O)C(Nc1nccs1)=O,MOSES sample,4492
c1cnc(N2CCN(C(OC(C)(C)C)=O)CCC2)cn1,MOSES sample,4493
c1c(ccnc1)C(CNC(=O)NCCC(C)(C)C)(C)C,MOSES sample,4494
N(C(Nc1ccccc1C)=O)Cc1c(cccc1)F,MOSES sample,4495
c1nc2c(cc1)C(NC(N2)c1cn(C)nc1)c1c(F)c(ccc1)F,MOSES sample,4496
CCCCN(CC)C(=O)Nc1ccc(-n2nc(C)cc2C)nc1,MOSES sample,4497
c1(ccccc1)CN1c2c(ccc(Br)c2)OCC1=O,MOSES sample,4498
c1sc(NC(C(C)(C)C)=O)nc1-c1[nH]c2ccccc2c1,MOSES sample,4499
N(Cc1cc(Cl)ccc1)C(=O)C(NC(=O)c1n[nH]c2c1cccc2)C,MOSES sample,4500
C(O)C1CN(CC1CN1CCOCC1)Cc1sc(OCC=C)nc1,MOSES sample,4501
CC(NC(=O)N(C)C(C)C1(C)CC1)c1cnn(C)c1,MOSES sample,4502
c1cc(cc(S(=O)(=O)NC(C)(C)C)c1F)C(OCC#C)=O,MOSES sample,4503
c1c(ccc(c1)C(N)=O)CN(CC(F)(F)F)CC(N(C)C)=O,MOSES sample,4504
s1c2c(c(O)nc(n2)SCC#CCOC(=O)C)cc1,MOSES sample,4505
C1CC(NC(Nc2ccsc2C(OC)=O)=O)CCC1,MOSES sample,4506
Cc1nc(Cc2ccc(OCC(N)=O)cc2)nc(C)c1N,MOSES sample,4507
Cn1cc(c(C)n1)CNC(Nc1nc(n(C)n1)CC)=O,MOSES sample,4508
c1c(-c2oc(nn2)C2(CCc3c2cccc3)C)n(nc1C)CC,MOSES sample,4509
n1c2ccnn2c(SCC(=O)N)cc1-c1ccco1,MOSES sample,4510
c1(Cl)c(Cl)c(OCC(=O)N)c(C)c(c1)C(=O)C,MOSES sample,4511
CCOc1ccc2cc(C(=O)N(C)CCC#N)[nH]c2c1,MOSES sample,4512
NC(=O)c1ccccc1N(C(C1COCCO1)=O)C,MOSES sample,4513
C(CC)NC(c1oc2c(c(c1)=O)cc(cc2N)CC)=O,MOSES sample,4514
[nH]1cc(CNc2oc(C(C)(C)C)nn2)c(n1)-c1ccccc1,MOSES sample,4515
c1c(C)ccc(C(=O)N2CCC(c3nc4ccccc4[nH]3)CC2)c1,MOSES sample,4516
CCOc1ncccc1C(=O)NCCC(=O)NC1CCCCC1,MOSES sample,4517
c1(C(C)C)cc(C(NCc2nnn(-c3ccccc3)c2)=O)n[nH]1,MOSES sample,4518
C(C(NC)=O)Sc1nnc(Nc2cccc(c2)C)s1,MOSES sample,4519
COc1ccc(Br)c(C(=O)Nc2cc(C)n[nH]2)c1,MOSES sample,4520
CN(C)C(=O)CCCN(C)S(=O)(=O)c1c(F)cc(F)cc1F,MOSES sample,4521
O(CC)c1ccc(-n2cc(C(NC3CC3)=O)nn2)cc1,MOSES sample,4522
Nc1cc(Cl)c(OCCn2ccccc2=O)c(Cl)c1,MOSES sample,4523
C(=O)(N(CC)CC)c1cccc(c1)NC(=O)c1cc(ccc1)OC,MOSES sample,4524
COc1cccc(CNC(c2oc(cc2)-c2ncccc2)=O)c1,MOSES sample,4525
c1ccc(c(OCC(=O)N2CCCCCC2)c1)NC(=O)C,MOSES sample,4526
C(NC(c1cc(-c2occc2)nc2c1cccc2)=O)C1CCCO1,MOSES sample,4527
c1(ccc(cc1)-c1sc(c(n1)C)C(OC)=O)OC,MOSES sample,4528
c1(scc(n1)C(=O)NCC(C)C)COc1ccccc1F,MOSES sample,4529
c1(cccc(C(F)(F)F)c1)C(NC(=O)NC(C)CO)C,MOSES sample,4530
O=C1N(c2cccc(c2)C(=O)NCCc2cnn(c2)C)CCCN1,MOSES sample,4531
C(N1C(CC(c2sccc2)C(C)=C1C)=O)CC#N,MOSES sample,4532
S(=O)(=O)(C)N1CCCC1C(NCCc1cccc(c1)F)=O,MOSES sample,4533
C1C(N(CC1)CC(CNC(=O)Nc1cc(C)cnc1OC)C)=O,MOSES sample,4534
C#Cc1cccc(NC(=O)CCc2c(C)nc3cc(C)nn3c2C)c1,MOSES sample,4535
s1c(C)ccc1CNS(=O)(c1c(nccc1)NC)=O,MOSES sample,4536
c12c(SCC(=O)N1C)ccc(C(=O)Nc1nccc(c1)OC)c2,MOSES sample,4537
n1c(c2nc[nH]c2nc1)N1Cc2c(CC1)c(CO)ccc2,MOSES sample,4538
c1c(cc(cc1)CC1CN(CCO1)C(C)=O)Cl,MOSES sample,4539
CCC(NC(=O)Nc1ccn(C)n1)c1cccs1,MOSES sample,4540
Cn1c(oc2ccc(NC(CCc3c(sc(C)n3)C)=O)cc21)=O,MOSES sample,4541
CNC(=O)c1cc(C)ccc1NC(=O)c1cc(OC)c(OC)cc1C,MOSES sample,4542
N1(CCN(CC1)c1c2ccccc2ncn1)C(=O)c1c(oc(c1)C)C,MOSES sample,4543
N(c1ccc(cc1)Cn1cncn1)C(=O)Nc1ccccc1Cl,MOSES sample,4544
O=S(=O)(N1CCCC1)c1c(ccc(c1)Cl)OC,MOSES sample,4545
c1(ccccc1)NC(=O)NC1C(N(c2ccc(cc2)C)CC1)=O,MOSES sample,4546
CC(NC(=O)NCC(C)(C)c1ccncc1)c1nncn1C,MOSES sample,4547
CNC(=O)CCn1cc(OC)c(=O)cc1CN1CC(C)OC(C)C1,MOSES sample,4548
C1C(CCCC1)CN1CCN(CC1)S(c1cnn(C)c1)(=O)=O,MOSES sample,4549
Nc1c(-c2cccc(c2)S(C)(=O)=O)nn(CCCC)c1,MOSES sample,4550
c12ccccc2c(oc2c(cc(OCC(=O)N)cc12)CC=C)=O,MOSES sample,4551
N(C(Nc1cc(C(=O)OCC)ccc1)=O)C1CCC(O)CC1,MOSES sample,4552
n1nc(sc1CNC(=O)c1c(C)n(c(C)c1)C1CC1)CC,MOSES sample,4553
CCOC(=O)CNC(=O)c1ccccc1Sc1ccccc1,MOSES sample,4554
c1(-c2nc(N)c(cc2)C(=O)Nc2cccc(C)c2)ccccc1F,MOSES sample,4555
O(c1ccc(OCc2nnc3ccc(N)cn32)cc1)C,MOSES sample,4556
O=C(CN1C(=O)COc2ccccc21)NCCc1ccc(F)cc1F,MOSES sample,4557
C(=O)(CN(c1ncnc2oc(nc21)C)C)NC(C)COC,MOSES sample,4558
C(c1cscn1)(N1CCC(Cn2cccn2)CC1)=O,MOSES sample,4559
c1n(CC(N2CC(Oc3cccnc3)CC2)=O)c2c(cccc2)n1,MOSES sample,4560
c1(nc(C)c(C(Cn2c(S(=O)(C)=O)ncc2)=O)cc1)C,MOSES sample,4561
COc1cccc(CN2Cc3nc(C)[nH]c(=O)c3CC2)c1,MOSES sample,4562
O=C(CNC(c1cnccc1)=O)NCc1nc(-c2ccccc2)sc1,MOSES sample,4563
CCC(C)C(=O)Nn1c(nc2c(c1=O)c1CCCCc1s2)C,MOSES sample,4564
c12c(OCO1)cc(C(=O)Cn1cc(N)cn1)c(c2)Cl,MOSES sample,4565
N1(C(=O)C)CCCC(C(OCC(=O)Nc2ccccc2)=O)C1,MOSES sample,4566
Cc1cccc(NC(=O)Cn2cnc3onc(C)c3c2=O)c1,MOSES sample,4567
Cc1c(C)ccc(S(=O)(Cc2ccccc2C#N)=O)c1,MOSES sample,4568
C1CC(NC(=O)c2c3cc[nH]c3ccc2)C(c2cscc2)OC1,MOSES sample,4569
CC(C(NCCCOCC)=O)c1ccsc1,MOSES sample,4570
c1(NCc2cc(OC)c(c(OC)c2)O)ccc(F)c(C(=O)N)c1,MOSES sample,4571
n1cc(C)sc1NC(=O)CSc1n(CC=C)c(C)nn1,MOSES sample,4572
O=C(CNCC(F)(F)F)Nc1cc(Cl)cc(Cl)c1,MOSES sample,4573
c1c(cncc1)OCCNC(c1cc(c(cc1)C)OC)=O,MOSES sample,4574
C(c1sc(nc1)CC)(=O)Nc1cc(C)c(-n2cnnn2)cc1,MOSES sample,4575
c12ccc(nn1c(SCc1nc(on1)-c1ccc(cc1)F)nn2)C,MOSES sample,4576
C12CC(C(C1CO)NC(=O)c1cscn1)CC2,MOSES sample,4577
Nc1c(ncnc1N1CCOCC1)Nc1ncc(cc1)C,MOSES sample,4578
c1nn(cc1C)CCC(NCc1cccnc1OCC)=O,MOSES sample,4579
c1(n[nH]c(=O)c2c1cccc2)Cc1ccc(cc1)OC,MOSES sample,4580
c1(cc2c([nH]c(=O)c([nH]2)=O)cc1)C(=O)NCCOc1ccccc1,MOSES sample,4581
C1CC(OC(c2cn(nc2)-c2ccccc2)=O)C(OC1)=O,MOSES sample,4582
Cc1ccc(CN(C)C(=O)c2cncn2-c2ccccc2)o1,MOSES sample,4583
c1(cc(ccc1)OC)N(S(c1sc(cc1)CC)(=O)=O)CCO,MOSES sample,4584
C1CC(c2onc(C)n2)CCN1Cc1nc(on1)C,MOSES sample,4585
c1cc(cc(C(NCCOC)=O)n1)NCCCBr,MOSES sample,4586
C=CCNC(=O)c1ccc(NC(=O)COc2ccc(C#N)cc2)cc1,MOSES sample,4587
c1c(ccc(c1)OCc1cnc(cc1)OC)C(Nc1nc(C)ccn1)=O,MOSES sample,4588
CCN1CC(C(=O)N(C)Cc2c(C)noc2C)CC1=O,MOSES sample,4589
c1(NCC(c2cccc(OC)c2)O)cccc(NC(=O)C)c1,MOSES sample,4590
c1c(ccc(c1)-n1cccc1)C(=O)OCC(Nc1cc(F)ccc1)=O,MOSES sample,4591
COc1cccc(C2NCCc3cccc(F)c32)n1,MOSES sample,4592
c12c([nH]c3ccccc23)ccc(C(=O)NCc2ccccc2)c1,MOSES sample,4593
c1cc(ccn1)CNCCc1n(Cc2ccccc2)c2ccccc2n1,MOSES sample,4594
N1c2c(cc(cc2)C(=O)NC2CCSc3ccc(F)cc23)CC1=O,MOSES sample,4595
c1(OC2CCOC2)ccc(cc1C)C(C1CCC1)=O,MOSES sample,4596
c1c(CC(Nc2ccccc2C#N)=O)ccc(c1)NC(=O)C,MOSES sample,4597
c1cc(C)cc2c1oc(c(C(=O)OCC)c2NCc1ccccc1)=O,MOSES sample,4598
c1ccc2ccn(c(=O)c2c1)Cc1noc(-c2ccc(cc2)F)n1,MOSES sample,4599
N#CC(C(=O)CC1CCCc2ccccc21)c1nc2ccccc2[nH]1,MOSES sample,4600
C1(CNS(C2CC2)(=O)=O)(c2c(CCC1)cccc2)O,MOSES sample,4601
c1cnc2c(cc(cc2)OC)c1NC(c1cn2cccnc2n1)=O,MOSES sample,4602
N(CC(NC(C)(C)C)=O)(c1nc2c(c([nH]c(n2C)=O)=O)n1C)C,MOSES sample,4603
c1c(cn(-c2ncccn2)n1)NCc1c(cccc1F)F,MOSES sample,4604
COc1cc(Cl)ccc1C(=O)N1CCNC(=O)C1,MOSES sample,4605
c1c(Cl)c(ncc1)-n1nc(c2c1CCNC2)CC,MOSES sample,4606
c1(c(ccc(c1)OC)OC)NC(=O)Nc1nn(cc1)CCC#N,MOSES sample,4607
c1c(c(C(=O)Nc2sc(cn2)C)ccc1C)N1C(=O)CCC1,MOSES sample,4608
N1(CCOCC1)C(=O)NCC1CN(CC1)c1ccccc1,MOSES sample,4609
c1cnccc1-c1n(CCCCCC)c(=O)c(CC#N)cc1,MOSES sample,4610
c1(ncc(Cl)cn1)N1CC2OCCN(c3cnccc3)C2C1,MOSES sample,4611
COc1cccc(NCc2ccc(F)cc2N)c1C,MOSES sample,4612
C(O)CCC1OCCc2c1c(OC)c(OC)cc2,MOSES sample,4613
n1(cncn1)CC(C)NC(=O)CCN1CCc2ccccc12,MOSES sample,4614
c1c(OCc2nccs2)ccc(C(N(C)CCC(F)(F)F)=O)c1,MOSES sample,4615
O1CCN(CC1)C(C)(C)CNC(=O)CSc1ccccc1,MOSES sample,4616
C(NC(N1CC(CCC1)C(=O)N(C)C)=O)C1(CCC1)c1ccccc1,MOSES sample,4617
c1c(ccnc1)CCNC(=O)Nc1ccccc1Br,MOSES sample,4618
C1N(C(=O)C(C(C)C)OCC(C)C)CCC(NS(C)(=O)=O)C1,MOSES sample,4619
COc1ccccc1CCC(=O)Oc1ccc(N2CCCC2=O)cc1,MOSES sample,4620
C(OC(=O)c1nc(sc1)-c1ccc(OCC)c(c1)N)C,MOSES sample,4621
O=S1(=O)c2ccccc2C(O)N1c1c(C)occ1,MOSES sample,4622
O=S(c1ccc(CNc2c(F)c(ccc2)F)s1)(=O)N(C)C,MOSES sample,4623
O1CCN(c2ccc(cc2)C(Nc2cc(ccc2OC)F)=O)CC1,MOSES sample,4624
CCC1COCCN1C(=O)c1ccc(OC)c(-n2nnnc2C)c1,MOSES sample,4625
c1c(ccc(NC(=O)COc2c(C)ccc(c2)C)c1N)F,MOSES sample,4626
CCCN(CCC)C(=O)c1ccc(N2CCCC2)nc1,MOSES sample,4627
O=C(c1ccoc1)N1CCC2(CC(Nc3ncccn3)CCO2)C1,MOSES sample,4628
FC(c1ccc(C2N(C(=O)CCNC(C)=O)CCCC2)cc1)(F)F,MOSES sample,4629
c1ccc2CCN(C(CCc3c(N)cc(F)cc3)=O)Cc2c1,MOSES sample,4630
n12ncnc1nc(cc2C(F)(F)F)NCC1CCC1,MOSES sample,4631
c1cccc2c1n(C)nc(c2=O)CNC(=O)COc1ccc(cc1)C,MOSES sample,4632
c1(ccccc1)N(CC)C(c1noc(-c2cnc(cc2)N(C)C)n1)=O,MOSES sample,4633
O=S(=O)(Nc1ccc(-c2ccno2)cc1)c1cc(F)cc(F)c1,MOSES sample,4634
Cc1ccc(C(C)NS(=O)(=O)N(C)CCC#N)s1,MOSES sample,4635
N1(Cc2cncn2CCC1)c1nc(C(C)C)nc2c1cnn2C,MOSES sample,4636
O=C(c1csc(n1)-c1ccco1)N(Cc1[nH]nc(n1)C(C)C)C,MOSES sample,4637
c1(ccccn1)-c1nc(cc2n1c(=O)[nH]n2)-c1ccccc1,MOSES sample,4638
c1cc(C#N)cc(c1)CN(C(c1cccc(c1)-n1cnnn1)=O)CC=C,MOSES sample,4639
CC(NC(=O)c1ccc(=O)[nH]c1)c1cccc(N2CCCC2)c1,MOSES sample,4640
O1CCCOc2cc(NC(C(C)Oc3c(C#N)cccc3)=O)ccc12,MOSES sample,4641
c1cc(Oc2c(Cl)cc(C#N)cc2)ccc1CO,MOSES sample,4642
Clc1c(n[nH]c1C(=O)OCC)-c1cccs1,MOSES sample,4643
Fc1ccc(C(C2CCCN(C(=O)CN3CCCC3=O)C2)=O)cc1,MOSES sample,4644
CCc1sc2c(c(=O)[nH]c(n2)-c2ccc(OC)c(OC)c2)c1,MOSES sample,4645
O=C(N1CCC(C1Cc1cnccc1)OCC1CC1)C1CC1,MOSES sample,4646
Nc1cccc2c1nc(COc1ccc(Cl)cc1)n2CC#N,MOSES sample,4647
COc1ccc2c(Cn3ccnc3)cc(=O)oc2c1F,MOSES sample,4648
N#Cc1ccc(OC2CCC(NC(=O)Cc3ccc[nH]3)CC2)nc1,MOSES sample,4649
C(C)OC(C(=O)NCC(OC)c1cccc(O)c1)C,MOSES sample,4650
n1c(csc1)C(N1CCCCCC1c1ccco1)=O,MOSES sample,4651
c1cc(cc(c1C1NC(c2cc(Cl)ccc2N1)=O)F)F,MOSES sample,4652
Cc1cc(F)ccc1NC(=O)Cn1cnc(C(C)C)cc1=O,MOSES sample,4653
c1c(C(NC(C(C)C)C(=O)N2CC(C)OC(C2)C)=O)occ1,MOSES sample,4654
c1(nc(SCC(Nc2ccc(F)cc2)=O)c2ccsc2n1C)=O,MOSES sample,4655
c1sc(cc1Br)CNC(Cn1nc(nc1)C#N)=O,MOSES sample,4656
c1c(oc(c1)C)C(COC)NC(NC(C)c1ccc(C)c(F)c1)=O,MOSES sample,4657
c1ccc(cc1C1CC1C(=O)NCCn1c(nnc1)C)Cl,MOSES sample,4658
Cc1ccnc2nc(C(=O)OCc3cc(-c4ccccc4)no3)nn12,MOSES sample,4659
O(c1c(cccc1C)C)Cc1cc(n(c(n1C)=O)C)=O,MOSES sample,4660
C1CC1N(CCCC=C[nH]1)S(=O)(c1cn(CC)nc1)=O,MOSES sample,4661
C(N(Cc1cc2OCOc2cc1)CC)c1oc(nn1)-c1c(cco1)C,MOSES sample,4662
C1(C(=O)NCCc2onc(C(C)OC)n2)C2CC(CC2)C1,MOSES sample,4663
c1(NC(CNC(=O)C(C)(C)C)=O)ccnc2n1ncc2,MOSES sample,4664
Cc1ccccc1SC1CCN(C(=O)c2scnc2C)CC1,MOSES sample,4665
c1(cccnc1)CN1CCN(C(c2cnc(SC)n2C)=O)CC1,MOSES sample,4666
c1ccc2N(C(=O)CSc3n(C)nnn3)CC(C)c2c1,MOSES sample,4667
O(C)c1cc(CNC(Nc2cnc(cc2)-n2ncnc2)=O)ccc1,MOSES sample,4668
c1(ccc(cc1)C(C)C)OCC(N1CCC(CC(=O)N)CC1)=O,MOSES sample,4669
Nc1ccc2N(CC(=O)OC3CCCC3)C(=O)C(C)(C)c2c1,MOSES sample,4670
Nc1c(F)ccc(C(=O)N(C)C(C)COC)c1F,MOSES sample,4671
c1(F)cc(ccc1NC(c1cc(no1)C)=O)Br,MOSES sample,4672
n1c(c(C)cn1CC)C(c1cccc(OC)c1)NC(=O)c1ccc[nH]1,MOSES sample,4673
O(c1ncc(C(=O)NCc2oc(cc2)-c2nc(cs2)C)cc1)CC,MOSES sample,4674
O=C(COC(=O)c1ccc2ncsc2c1)c1ccc(F)cc1,MOSES sample,4675
O=c1n2c(csc2nc2cc(C)c(cc12)C)C(=O)OC,MOSES sample,4676
O(CCCNC(=O)Nc1cc(C(C)OC)ccc1)C,MOSES sample,4677
N(c1c(cc(cc1)C)N)C(=O)CCCOC1CCC1,MOSES sample,4678
c1(Cn2c(=O)ccc(C(=O)OC)c2)cccc(c1Cl)Cl,MOSES sample,4679
C1C(C1)Cn1ncc(c1C)C(=O)N(c1ccnn1C)C,MOSES sample,4680
c1c(C(=O)N2CCC3(CCCC3)C2)nn(c1-c1ccccc1)C,MOSES sample,4681
c1c(cccc1NC(=O)CSc1nccc([nH]1)=O)Cl,MOSES sample,4682
O=C(NCc1ccccn1)C12CCC(=O)N2c2ccccc2S1,MOSES sample,4683
O1CCN(C(C1C)C)C(Cn1c2c(C)nn(C)c2cn1)=O,MOSES sample,4684
C(NC(c1c(cccc1)NC(c1cc(NC(N)=O)ccc1)=O)=O)CC,MOSES sample,4685
n1cc(C(NCCC(=O)NC2CCCC2)=O)c(=O)[nH]c1-c1occc1,MOSES sample,4686
c1(F)c2OCCC(NC(=O)c3cccc4cn[nH]c43)c2ccc1,MOSES sample,4687
C1CCC2(O1)CCC(=O)N(Cc1coc(n1)-c1ccc(cc1)OC)CC2,MOSES sample,4688
O=S(=O)(N(C1CCCCC1)C)c1cc2c(cc1)[nH]c(=O)c(=O)[nH]2,MOSES sample,4689
N(Cc1csc([nH]1)=O)C(CCOC1C(C)CCCC1)=O,MOSES sample,4690
C(O)c1c(C)n(CCc2ccc3OCOc3c2)nc1CC,MOSES sample,4691
O(c1cc(C(c2ccncc2)O)c(C)cc1OC)C,MOSES sample,4692
C1C(CN(CC1)C(=O)Nc1cc(ccc1C)C(=O)NC)CO,MOSES sample,4693
C(CCNC(c1c(C)ccc(c1)SC)=O)n1cccn1,MOSES sample,4694
C(Nc1cc(ccc1)C(=O)OCCc1c(ncs1)C)(N)=O,MOSES sample,4695
O=C(CCOC)N1CCCC(C)(c2ccccc21)C,MOSES sample,4696
CSc1nc(N)nn1-c1nc(-c2cccc(OC)c2)cs1,MOSES sample,4697
c1c(CNC(=O)Nc2sc(c(n2)C)C)ccc(c1)C(C)O,MOSES sample,4698
O(CSc1[nH]nc(n1)-c1ccco1)c1ccc(cc1)C(OC)=O,MOSES sample,4699
COc1ccccc1S(=O)(=O)N(CCCO)C(C)C,MOSES sample,4700
C1CCCCC1NC(Cc1ccc(cc1)NC(=O)N1CCCC1)=O,MOSES sample,4701
CN(C)C(=O)c1ccc(-c2ccccc2CN2CCOCC2)cc1,MOSES sample,4702
O(C)c1ccccc1C1C(C1)C(=O)N(Cc1ccc(cc1)OC)C,MOSES sample,4703
CN1CCN(C(=O)CCNC(=O)NCc2ccc3c(c2)OCO3)CC1,MOSES sample,4704
Cc1ccc(N2CCC(C(=O)NC(C3CC3)C3CC3)C2=O)cc1,MOSES sample,4705
O(C)c1cc(c(cc1)S(NCc1cnccc1)(=O)=O)C,MOSES sample,4706
C(=O)(N(CCC)CC(OC)=O)c1cccc(NC(C)=O)c1,MOSES sample,4707
c1(C)ccc(cc1C)C(CCc1sc(C)c(n1)C)=O,MOSES sample,4708
c1cc(ccc1Br)OCC(NCC=C)=O,MOSES sample,4709
O(C(=O)CC1CCCCN1C(c1c(C)cc(cc1)C)=O)C,MOSES sample,4710
C(COc1c(OC)cccc1)NC(=O)c1c(O)cc(F)cc1F,MOSES sample,4711
Cc1ccc(c2c1C(c1c(nccc1)F)NCC2)O,MOSES sample,4712
c1ccnc(-c2sc(cc2)CNC(NCC2(CC2)CC)=O)c1,MOSES sample,4713
CCOC1CC(NC(=O)C(C)(C)C#N)C12CCCC2,MOSES sample,4714
COC(=O)c1ccc2c(c1)NCC(c1ccccc1)O2,MOSES sample,4715
O=C(CNC(=O)NCc1c(C)cc(cc1)Br)NCCC,MOSES sample,4716
CCC(CCO)NC(=O)c1ccc(OC)c(F)c1,MOSES sample,4717
c1(cc(cc(c1NC(=O)C(Sc1nc(cs1)C)C)C)C)C,MOSES sample,4718
c1(NC2CCN(CC2)C(=O)c2cn(-c3ccccc3)nn2)nnccc1,MOSES sample,4719
c1c(cc(cc1)CN(S(c1c(cccc1F)F)(=O)=O)C)C(N)=O,MOSES sample,4720
CC1CN(c2nnc(C(C)C)s2)CCC1(O)C1CCC1,MOSES sample,4721
O=C(c1ccc(C)cc1)Nc1snc(n1)-c1ccccc1,MOSES sample,4722
N(C(=O)c1cccc(-c2ccoc2)c1)(Cc1ccc(C)o1)C,MOSES sample,4723
Cc1ccc(cc1O)C(=O)N1CCC(CC1)c1nc(C(C)C)on1,MOSES sample,4724
CC(C)CC(C)N(C)C(=O)c1cnn(C)c1-n1cccc1,MOSES sample,4725
n1(c2ccccc2c(c1)C(OCCOCC(F)(F)F)=O)C,MOSES sample,4726
CNC(=O)c1cc(S(=O)(=O)Nc2cccc(C)c2)ccc1Cl,MOSES sample,4727
c12ccc(cc2N(CCC1)C(=O)Cn1c(=O)[nH]c(cc1)=O)OC,MOSES sample,4728
c1(C)cc(c(cc1C(N(C)CCC)=O)OC)OC,MOSES sample,4729
C1c2ccc(Sc3ccc(cc3)CO)cc2C(O1)=O,MOSES sample,4730
Cc1ccc(CNC(=O)N2CCCC(O)C2)c(OCC2CC2)c1,MOSES sample,4731
c1c2ccc(cc2ccc1)N(C)Cc1nccn1C(F)F,MOSES sample,4732
O=C(NCC(F)(F)F)COc1ccc(cc1C(=O)C)Cl,MOSES sample,4733
C1OCC(N(C(c2cc(=O)n(C)cc2)=O)Cc2cccnc2)C1,MOSES sample,4734
C1(NC(C(C)C)=O)CCN(CC1)c1ccccc1C(NCC#C)=O,MOSES sample,4735
C(CN(Cc1ccc(cc1)C#N)C(c1cc(ccc1)F)=O)=C,MOSES sample,4736
c1c(cn(C)n1)CN(C(CNC(=O)N1c2c(cccc2)CC1C)C)C,MOSES sample,4737
c1cc(-c2noc(n2)CNC(=O)C(C(C)C)NC(C)=O)ccc1,MOSES sample,4738
c1cc(ccc1S(N(C)Cc1cnn(C)c1)(=O)=O)-c1ccccc1,MOSES sample,4739
CC(=O)Nc1cccc(NC(C#N)c2cccnc2)c1,MOSES sample,4740
O=S(=O)(CCc1noc(-c2ccc(Cl)cc2)n1)c1ccccc1,MOSES sample,4741
c12SCC(N(CC(Nc3cc(C)on3)=O)c1cccc2)=O,MOSES sample,4742
COc1cc(-c2cc(C)c(Cl)c(C)c2O)nc(OC)n1,MOSES sample,4743
c1sc2c(c(OCC(N3CCC4(CC3)OCCO4)=O)ncn2)c1,MOSES sample,4744
C(=O)(Nc1c(cccc1)C(Nc1cc(C)ccn1)=O)c1sccc1,MOSES sample,4745
Fc1ccc2c(C3CCN(C(=O)c4ccc(c(c4)F)F)CC=3)c[nH]c2c1,MOSES sample,4746
N1(C(Nc2cn(CC3OCCC3)nc2)=O)-C(CCCC1)CC,MOSES sample,4747
c1nc(ccc1)-n1ncc(NC(=O)c2c(cccc2)O)c1,MOSES sample,4748
C(C(C)(C)C)(NC(CCNC(=O)NC1CCCCC1)=O)C(N)=O,MOSES sample,4749
O(C(c1cc([nH]n1)-c1c(c(c(Cl)cc1)Cl)Cl)=O)C,MOSES sample,4750
n1(c(ccc(C)n1)=O)CCCOc1ccc(cc1)C,MOSES sample,4751
CCOCc1ccccc1NC(=O)c1scnc1C1CC1,MOSES sample,4752
O(CCC(C)C)CCn1c(c2c(nc1)sc(C)c2)=O,MOSES sample,4753
N(c1nccc(c1)OC)C(c1c2ccccc2ccc1)=O,MOSES sample,4754
c1(C(F)(F)F)c(ccc(c1)SCC(OC)=O)N,MOSES sample,4755
N(Cc1ccc(C)o1)C(c1nc(oc1)NC(=O)c1ccco1)=O,MOSES sample,4756
C(Cn1nc(cc1C)C)CC(=O)N1CCN(CC1)C(C)=O,MOSES sample,4757
C1CCc2c1c(C(N)c1cc(ccc1OC)F)n[nH]2,MOSES sample,4758
N1(CCn2c(nnc2CNS(=O)(C)=O)C1)C(CCC1CCCC1)=O,MOSES sample,4759
COc1ccc(NC(=O)NCCCn2ncccc2=O)cc1OC,MOSES sample,4760
c1(-c2nnc(C(N3CCCC3)=O)o2)[nH]c2ccccc2c1,MOSES sample,4761
c1c(-c2ccccc2)nc(s1)CCN1Cc2ccccc2CC1C(=O)N,MOSES sample,4762
C1N(CCN(c2cc(nc(N)n2)C)C1)CC(=O)NC1CCOCC1,MOSES sample,4763
Cc1ccc(CNC(=O)CN2CCCCC2=O)cc1,MOSES sample,4764
N(C(Nc1ccc(cc1)OCC)=O)c1c(ccnc1)C,MOSES sample,4765
[nH]1c([nH]c(C(=O)NCc2ncn(C)n2)cc1=O)=O,MOSES sample,4766
C(N(S(=O)(c1cc(ccc1Cl)N)=O)C)CC,MOSES sample,4767
C=CCNC(=O)CN(C)C(=O)Cc1ccc(F)cc1,MOSES sample,4768
O(CC)c1ccc(C)cc1S(=O)(=O)N1CCN(CC1)C(C)=O,MOSES sample,4769
c1(F)ccc(C2OCCN(C(c3cn(C(C)(C)C)nc3)=O)C2)cc1,MOSES sample,4770
CCCOc1cccc2c1CCNC2c1cccnc1F,MOSES sample,4771
c1(ccc(OC)cc1)CCNC(c1ccccc1C(=O)OC)=O,MOSES sample,4772
COc1ccc(F)c(NC(=O)NCC(=O)N2CCCCC2)c1,MOSES sample,4773
C(=O)(NC(C)c1ccc(OCc2cccnc2)cc1)C,MOSES sample,4774
c1cc(CNC(=O)NCC2(c3cccc(Cl)c3)CC2)ncc1,MOSES sample,4775
c1(ccccc1NC(c1cc2OCOc2cc1)=O)-c1nnc(CC)o1,MOSES sample,4776
Cc1nc2ccccn2c1C(=O)NC(C)Cc1cccs1,MOSES sample,4777
O=C(NC(C)Cc1ccco1)NC(c1sccc1)CC,MOSES sample,4778
n1cccc(CNCC(N2CCc3c2cccc3)=O)c1OC1CCCC1,MOSES sample,4779
O=C(NCCc1cnccc1)c1ccc2[nH]c(cc(=O)c2c1)COC,MOSES sample,4780
n1(nnnc1)-c1cccc(OCC(=O)N(Cc2ccc(C)cc2)C)c1,MOSES sample,4781
COCc1ccccc1NC(=O)NCC1COc2ccccc2O1,MOSES sample,4782
O=C(NCC1(c2ccc(Br)cc2)CCCC1)c1ccno1,MOSES sample,4783
O=C(NCC1CCCO1)c1ccc2c(c1)ncn2-c1ccccc1,MOSES sample,4784
C1CN(C2C(OCC2)C1OCC)C(=O)c1c(C)cccc1,MOSES sample,4785
O(c1ccc(C(=O)Nc2nnc(-c3c(F)cccc3)o2)cc1)C,MOSES sample,4786
O=C(NC(C)CC)CNC(=O)c1ccccc1Br,MOSES sample,4787
Nc1c(C#N)c(n[nH]1)Sc1nccn1C(C)(C)C,MOSES sample,4788
c1sc(NC(C(C)C)=O)nc1CC(=O)NCC(F)(F)F,MOSES sample,4789
CC1C(=O)Nc2c(F)cc(C(O)c3ccccc3)cc21,MOSES sample,4790
n1cccc2c1NC(CN2C(=O)COC(c1cc(C)oc1C)=O)=O,MOSES sample,4791
N(c1ccccc1)C(=O)COc1cccc(c1)C(=O)C,MOSES sample,4792
O(c1ccc(cc1)C(=O)Nc1cc(ccc1C)N)CC,MOSES sample,4793
N1(CCN(c2ccccc2)CC1)C(=O)CNC(=O)c1nn(cc1)C,MOSES sample,4794
C1N(CCS(=O)c2ccc(F)cc2)CCOC1c1ccccc1F,MOSES sample,4795
O1C(C)CN(Cc2cc(c(cc2)OC)F)c2n1ccc2,MOSES sample,4796
O=C(Nc1sccc1-n1cccc1)c1cnc(-c2ccccc2)nc1,MOSES sample,4797
n1nc(sc1-c1ccnn1C)NC(=O)c1cc([nH]n1)C1CC1,MOSES sample,4798
N(c1c(cn(n1)-c1c(cccc1)Cl)C)C(CCNC(C)=O)=O,MOSES sample,4799
c1(CSc2ccc(C)cc2)csc(n1)CC(NC)=O,MOSES sample,4800
c1cc2c(cc[nH]2)c(c1)C(=O)N1CCNC(CC1)=O,MOSES sample,4801
C(c1cc(NC(=O)c2ccc(Cl)cc2)ccc1)(C)O,MOSES sample,4802
Nc1cccc(Oc2nccc(C(F)(F)F)n2)c1,MOSES sample,4803
O=C(CCNC(c1cc(c(cc1)C)C)=O)NCC(OC)=O,MOSES sample,4804
CCCCN(C)C(=O)Cn1cnc2cc3c(cc2c1=O)OCCO3,MOSES sample,4805
CC(C)(NS(=O)(c1cc2c(n(CCC)c(=O)c(n2)C)cc1)=O)C,MOSES sample,4806
Cc1ncsc1CCOC(=O)Cc1csc(-c2ccco2)n1,MOSES sample,4807
C(N1CCOC(C1)c1ccc(cc1)Br)c1scnc1C,MOSES sample,4808
C#CCNC(C)(C(=O)OC)c1ccc(F)cc1F,MOSES sample,4809
Cc1cccc2c(=O)n(CCC(=O)N(C)CCC#N)cnc12,MOSES sample,4810
N(CCC(NC1CC1)=O)C(N(Cc1ccco1)C)=O,MOSES sample,4811
Cc1cccc(NC2CCN(S(=O)(=O)CCCC#N)CC2)c1C,MOSES sample,4812
c1cccc(SCCC(N2CCC(CC2)=O)=O)c1,MOSES sample,4813
C(C)OC(C(C)NC(=O)Cc1cc2c(CCCC2)cc1)=O,MOSES sample,4814
n1c(SC(C)CC)n(-c2ccc(cc2)C)c(n1)C,MOSES sample,4815
COc1ccc(OCC(=O)NC2COc3c(cccc3OC)C2)cc1,MOSES sample,4816
c1cccc2CC(CNC(c3cnc(CC)s3)=O)COc21,MOSES sample,4817
O=S(=O)(c1ccc(NC(=O)C(CC)CCCC)c(c1)F)NC,MOSES sample,4818
CCN(CC)c1ccc(-c2ccc(C(=O)N(C)C)cn2)cc1,MOSES sample,4819
Cc1ccc(CNC(=O)Cn2nc3n(c2=O)CCCCC3)s1,MOSES sample,4820
c12[nH]c(C3CN(Cc4cccnc4)CC3)cc(c1cc(OC)cc2)=O,MOSES sample,4821
c1(ccccc1OC)CC(=O)Nc1sc(C)nn1,MOSES sample,4822
O=C(Nc1ccc(cc1)O)C1CC(N(C1)c1ccc(cc1)C)=O,MOSES sample,4823
C1N(Cc2c3ccccc3ccc2)CCN(C(c2ccoc2)=O)C1,MOSES sample,4824
c1(C#N)cccc(c1)OC(C)C(NCCc1ccc(cc1F)F)=O,MOSES sample,4825
n1(CCC(N(Cc2ccsc2)Cc2occc2)=O)ccc([nH]c1=O)=O,MOSES sample,4826
N(C(c1cn(c(cc1)=O)C)=O)c1scc(n1)-c1c(Cl)cccc1,MOSES sample,4827
NC(=O)CN1CCN(c2ncnc3sccc23)CC1,MOSES sample,4828
c1c(cccc1-n1nnnc1)NC(c1ccoc1C)=O,MOSES sample,4829
C(C)(NCc1ccccc1)C(=O)c1c(F)cc(cc1)F,MOSES sample,4830
C1(CO)c2c(OC)cccc2CCN1C(COc1cc(ccc1)C)=O,MOSES sample,4831
n1c(cc(nc1C)C)N1CCOC(C1)c1ccc(cc1)Cl,MOSES sample,4832
N1(CCCS1(=O)=O)CCOc1cc(CC)ccc1,MOSES sample,4833
c12C(c3ccccn3)CC(=O)Nc2c2c(o1)cccc2,MOSES sample,4834
c12OCCOc1c(Br)cc(c2)CNC(=O)c1cc[nH]n1,MOSES sample,4835
CN(C(=O)c1ccc(cc1)-n1ncnc1)Cc1ccc(c(c1)OC)SC,MOSES sample,4836
c1ccccc1Cn1nc(ccc1=O)C(=O)NCCC,MOSES sample,4837
O=C(Nc1sc2c(n1)CCCC2=O)c1ccccc1F,MOSES sample,4838
c12n(c(=O)ccc2C(Nc2ncccn2)C)CCC1,MOSES sample,4839
c1c(SC(F)F)c(ccc1)NC(CSc1ccncc1)=O,MOSES sample,4840
o1nc(C(N(C)Cc2oc(C3CC3C)cc2)=O)cc1C1CC1,MOSES sample,4841
O=c1c2c(nc(C)n1-c1c(cccc1)C)nc1n(c2=O)CCCN1,MOSES sample,4842
c1(SCC(=O)OCCC)nn(cn1)-c1ccccc1,MOSES sample,4843
C(=O)(c1c(N(C)C)nccc1)NCc1cccc(-c2cn(C)nc2)c1,MOSES sample,4844
C(N)(=O)CSc1nccn1-c1cccc(Cl)c1,MOSES sample,4845
c1(C(=O)N(C)C(C)c2cc3c(o2)cccc3)cn(c(cc1)=O)C,MOSES sample,4846
c1(-c2onc(CNC(=O)c3cscc3)c2)cccc(Cl)c1,MOSES sample,4847
O=C(CNC(=O)c1cnn2c1OCCC2)Nc1ccc(F)c(Cl)c1,MOSES sample,4848
c1c(c(cc(F)c1)OC)NC(=O)CN1CCOc2c1cc(F)cc2,MOSES sample,4849
c1(c(cc2c(n1)cccc2)C(Nc1nc(C)no1)=O)C,MOSES sample,4850
c1(C(C)C)cccc(OCCNC(=O)NCC2OCCC2)c1,MOSES sample,4851
C(OC(=O)C1CC1)CCn1c(=O)c2ccc(F)cc2nc1,MOSES sample,4852
n1(cnnc1)-c1cccc(NC(=O)Cn2cnc3c(cccc3)c2=O)c1,MOSES sample,4853
C(C(=O)Nc1c(C)cc(cc1C)C)NC(=O)c1ccc(SC)cc1,MOSES sample,4854
c1c2c(ccc1)C(N(C(c1c(C)n(nc1C)C)=O)C)CC2,MOSES sample,4855
n1cc(C(F)(F)F)ccc1SCC(=O)Nc1sccc1C#N,MOSES sample,4856
c12ccccc2OC(CO1)C(NCc1ccc(C)cc1)=O,MOSES sample,4857
c1(C(=O)OC(C#C)C)cn(nc1)Cc1ccccc1,MOSES sample,4858
c1ccc(CC(NCc2cn[nH]c2)c2c(cccc2)F)cc1,MOSES sample,4859
c1ccc(C(c2n(ccn2)C)NC(Nc2ccc(cc2)OC)=O)cc1,MOSES sample,4860
C(COc1ccc(cc1)Cl)NC(=O)NC1COc2c(cccc2)C1,MOSES sample,4861
c1cccc(c1OCC(N1Cc2ccc(cc2CC1)F)=O)C#N,MOSES sample,4862
c1cccc(OC(C)C)c1NC(Cc1nocc1)=O,MOSES sample,4863
c1cccnc1N1CCC(NC(=O)c2csc(C)c2)CC1,MOSES sample,4864
c1cccc(C=CC2NCCc3c2cc(O)cc3O)c1,MOSES sample,4865
c1c(-c2cccs2)n(nc1C(=O)NCc1ncsc1)CC,MOSES sample,4866
c1(C)c(COc2ccc(cc2)C(OCC)=O)c(on1)C,MOSES sample,4867
CCCOc1nc(NCC2CCCO2)ccc1N,MOSES sample,4868
C1N(C(=O)OCC)CCC(NC(=O)COc2c(C)cccc2)C1,MOSES sample,4869
N1(c2ncccn2)CCN(C(C2CCCO2)=O)CC1,MOSES sample,4870
O=C(NCc1cc(F)ccc1F)NCC1CCCO1,MOSES sample,4871
CCCC(=O)Nc1cc(Br)cn(C)c1=O,MOSES sample,4872
c1nc(sc1)CN1C(Cc2sccc2)CCC1,MOSES sample,4873
C1CN(CC1)C(Cc1cc(ccc1)F)CNC(c1cnccc1C)=O,MOSES sample,4874
Cc1cc(Cc2nnc(NC(=O)Cn3ccc(C)n3)o2)ccc1C,MOSES sample,4875
N(C(NCc1ccc2c(c1)OCO2)=O)Cc1ccc(c(Cl)c1)F,MOSES sample,4876
CC(OC(N1CCC(CC1)S(=O)(c1ccccn1)=O)=O)(C)C,MOSES sample,4877
Cn1cc(C(=O)Nc2ccncc2)c(=O)c2ccccc21,MOSES sample,4878
C(Nc1c(cccc1)Cl)(=O)c1cnc2c(scc2)c1,MOSES sample,4879
O=S(c1ccccc1)(N1CCN(C(c2oncc2)=O)CC1)=O,MOSES sample,4880
C1CCC(CN1C(c1cnc2ccoc2c1)=O)c1nc2ccccc2o1,MOSES sample,4881
C1CCCCC(NC(Nc2c(C)noc2CC)=O)C1,MOSES sample,4882
CCNC(=O)c1ccc(Cl)cc1NC(=O)c1ccc[nH]1,MOSES sample,4883
C(C)OC(C1CCN(C(=O)Nc2scnn2)CC1)=O,MOSES sample,4884
C(NC(=O)N(C)C(c1cc(F)c(F)cc1)C)c1sc(C)nc1,MOSES sample,4885
O=C1COc2ccccc2N1Cc1ccccc1Cl,MOSES sample,4886
c1(OC)ccc(cc1)-c1oc(c(C#N)n1)N1CC(C)OC(C)C1,MOSES sample,4887
c1cc2c(cc1)nc(cc2C(=O)N(C(c1ncccc1)C)C)N(C)C,MOSES sample,4888
CCC(CC)C(=O)Nc1ccc(F)c(c1)NC(=O)C,MOSES sample,4889
C1C(OC(=O)c2c(Cl)cc(cc2)Cl)CC(C1)=O,MOSES sample,4890
Cc1ccc2cccc(NC(=O)c3cnn(-c4ccncc4)c3C)c2n1,MOSES sample,4891
c1(NC(=O)c2c3CCCc3[nH]n2)cc2c(cc1)[nH]c(c2Cl)C,MOSES sample,4892
c1(-c2cccs2)n(c(SCCOC)nn1)N,MOSES sample,4893
N(C(NC(C)c1ccc(SCC)cc1)=O)(Cc1cc(C)on1)C,MOSES sample,4894
s1c(ccc1)-c1nc(-c2nc(C(N(C)C)=O)cs2)cs1,MOSES sample,4895
O=C(N)C1CN(C(=O)c2ccc(cc2O)C)CCC1,MOSES sample,4896
CC(C(N1CCC(CC1)C(NCc1csc(C)n1)=O)=O)C,MOSES sample,4897
Nc1cccc(SCc2n(ccn2)C(F)F)c1,MOSES sample,4898
N(C(=O)c1cccc(C#CCO)c1)C1CC2CC1CC2,MOSES sample,4899
C(c1sc(C)nc1C)n1nc2n(c1=O)cccc2,MOSES sample,4900
COCCn1ccc(NC(=O)N2CC3C4CCC(CC4)C3C2)n1,MOSES sample,4901
O=C(Nc1ccc(cc1)C(=O)N(C)C)c1ccccc1OCC,MOSES sample,4902
c1(Cl)cc2c(cncc2Br)cc1N,MOSES sample,4903
C1CN(CCC21OCCO2)S(=O)(=O)c1ccc(Cl)cc1F,MOSES sample,4904
C(F)(COc1ccc(cc1)C(=O)Nc1cn(c(=O)cc1)CC)(F)F,MOSES sample,4905
c1(C)sc(C)nc1C(N(C)Cc1ccc2OCOc2c1)=O,MOSES sample,4906
c1(C(=O)N(CC)CC(OC)=O)c(c(n[nH]1)C(C)C)Br,MOSES sample,4907
CC(c1nccs1)CNc1nc(nc(c1CCO)C)N,MOSES sample,4908
C(c1ccc(cc1)OC)(N(C)C(=O)c1cnccc1)C,MOSES sample,4909
C1(N2CCOCC2)(CNC(Nc2cccc(c2)C)=O)CCCCC1,MOSES sample,4910
c1(N)c(ncc(Br)c1)NCCCOCC,MOSES sample,4911
C(c1c(C)nns1)(Oc1ccc2c(OCO2)c1)=O,MOSES sample,4912
n1c(-c2ccc(C)c(c2)N)csc1NC(=O)c1occc1,MOSES sample,4913
COC1CCCN(C(=O)c2[nH]c(C)c(C(C)=O)c2C)C1,MOSES sample,4914
c1[nH]cc(c1-c1nc(-c2ccc(cc2)C#N)no1)C,MOSES sample,4915
O=C(N1CCC(c2c(NC(C3CCC3)=O)sc(n2)C)CC1)C,MOSES sample,4916
C(c1cccc(C(NCC(=O)NC2CC2)=O)c1O)(F)(F)F,MOSES sample,4917
CCCC1CN(C(=O)Nc2cc(NC(C)=O)c(F)cc2F)CCO1,MOSES sample,4918
O=C(NCc1cccc(OCC(F)F)c1)c1cc(C(C)C)[nH]n1,MOSES sample,4919
c1(ccccc1NC(Cc1ccc(cc1)Cl)=O)C(=O)NC,MOSES sample,4920
c1cc(c(CN(C)C(=O)CC2CC3CCC2C3)cc1)OCC,MOSES sample,4921
n1c(C(=O)NCC)ccc(NC(NCC(C)C)=O)c1,MOSES sample,4922
c1cc2[nH]c(nc2cc1)CN1CCN(C(c2[nH]cc(c2)C#N)=O)CC1,MOSES sample,4923
c1(Cl)cc(ncc1)C(=O)N(C)c1c(C(OC)=O)cccc1,MOSES sample,4924
N1(CC2(OCC1)CCC2)Cc1ccc(c(c1)OC(F)F)OC,MOSES sample,4925
c1cc(Oc2ccc(C(C)NC(=O)c3c(ncs3)C)cc2)cnc1,MOSES sample,4926
c1(ccc(C(=O)N(c2ccccc2)C)cc1)C(=O)N,MOSES sample,4927
COc1ccc(C2(C(=O)NC(C)C(C)C)CCOCC2)cc1OC,MOSES sample,4928
COc1c(N)cc(CCC(N2CCCCCC2)=O)c(OC)c1,MOSES sample,4929
Cc1c(cn(C)n1)CNCc1c[nH]nc1-c1c(cc(cc1)F)F,MOSES sample,4930
O=C(N(C1CCC1)C(C)C)c1cn(-c2ccc(Cl)cc2)nn1,MOSES sample,4931
c1c(C(N(CCCCC)CC)=O)cc2OCCOc2c1,MOSES sample,4932
C1N(CCc2c1cc(cc2)OCC)S(=O)(N1CCOCC1)=O,MOSES sample,4933
c1ccc(OC)c(CNC(COc2c[nH]c(cc2=O)C)=O)c1,MOSES sample,4934
CN(C(=O)COc1ccc(C#N)cc1)C1CCCCC1,MOSES sample,4935
c1(NC(=O)CCc2oc(c(C(C)=O)c2)C)ccccc1NC(=O)N,MOSES sample,4936
Cc1cc(C)n(Cc2nc(Cc3ccc(F)cc3)no2)n1,MOSES sample,4937
s1c(c[nH]c1=O)CNC(CSc1nc2ccccc2[nH]1)=O,MOSES sample,4938
c1c2c(c(OC)cc1)c(c(C(NCc1nn(cn1)C)=O)o2)C,MOSES sample,4939
C(C)OC1CCN(CC1)C(=O)NCCc1sc(nn1)C,MOSES sample,4940
c1c(oc(C2C(C)C2)c1)CSc1nnc(-c2c(C)occ2)n1N,MOSES sample,4941
n1(cc(CCCSc2n(CCC)c(nn2)C)cn1)C,MOSES sample,4942
O=C(c1ccnnc1)N1CCC(COCc2ccccc2)C1,MOSES sample,4943
N1(CCC(=O)OCC)c2c(cc(Cl)cc2)NCC1=O,MOSES sample,4944
c1(N(CC(C)(C)O)C)c(N)c2c(cc1Cl)cccc2,MOSES sample,4945
Cc1cc(on1)CC(N1CCCC(C(=O)NCC2OCCC2)C1)=O,MOSES sample,4946
COc1ccnc(Sc2nnc(-c3ccccc3)o2)n1,MOSES sample,4947
N1(CCCCC1=O)Cc1cccc(NC(=O)c2c3c([nH]c2)cccc3)c1,MOSES sample,4948
O=C(OCCc1cccs1)C1CCN(c2ncccn2)CC1,MOSES sample,4949
C1C(N2CC(CC2=O)COC(=O)c2ncn(-c3ccccc3)n2)C1,MOSES sample,4950
N(C(=O)Cn1c(cc(C)nc1N1CCCC1)=O)c1cccc(Cl)c1,MOSES sample,4951
COc1ccccc1CC(=O)Nc1nc(C)c(C(C)=O)s1,MOSES sample,4952
Cc1nc(-c2ccc(C(C)C)s2)sc1CO,MOSES sample,4953
c1ncccc1C(n1nnc(c1)-n1c(nnn1)-c1ccc(cc1)C)C,MOSES sample,4954
c1nn(cn1)CC(=O)Nc1cc(OC)ccc1OC,MOSES sample,4955
C(=O)(NCCC1CCCO1)N1CCOCC1c1oc(cc1)CC,MOSES sample,4956
N(C(C)COC)C(CCSc1ccccn1)=O,MOSES sample,4957
N1CCc2c(c(cc(c2)F)C)C1c1cc(cc(O)c1)O,MOSES sample,4958
C(N1C(C2c3n(CCN2C(C1)=O)ccc3)C(OC)=O)c1ccco1,MOSES sample,4959
c1c(ccc(-c2nc(CC(NCCC(C)C)=O)[nH]n2)c1)C,MOSES sample,4960
O=C(Cn1nnc2ccccc2c1=O)Nc1cc(C(F)(F)F)c[nH]c1=,MOSES sample,4961
C(c1sc(nn1)NC(=O)c1ccc2c(S(N(CCC2)C)(=O)=O)c1)C,MOSES sample,4962
n1c2n(cccc2)c(n1)CCNC(CSc1ccc(C)cc1)=O,MOSES sample,4963
CC(C)(C)OC(=O)NC1(CCCC1)c1ccc(cc1)O,MOSES sample,4964
O1CCCOc2ccc(cc12)S(NCCC#C)(=O)=O,MOSES sample,4965
c1(SC)nncn1CC(Nc1cccc(Cl)c1)=O,MOSES sample,4966
CC(=O)NCc1ccc(C(=O)N(CC2CC2)CC2CC2)cc1,MOSES sample,4967
O=C(C(Nc1oc(C2CC2)nn1)c1ccccc1)OC,MOSES sample,4968
Cc1ccc(S(=O)(=O)CCC(=O)Nc2ccc3ccccc3n2)cc1,MOSES sample,4969
C1CC1COC(C)C(=O)Oc1c(Cl)ccc(Cl)c1,MOSES sample,4970
Clc1c(ccc(c1)CN1CCOCS1(=O)=O)OC(C)C,MOSES sample,4971
c1sc(c(c1)C)C(=O)NC1CCCCC1CO,MOSES sample,4972
o1c2c(c(n1)C1CCN(C(CC(C)C)=O)CC1)c(C)nc(n2)C,MOSES sample,4973
c1(c(C)ccoc1=O)OCC(=O)Nc1ccc(Cl)cn1,MOSES sample,4974
Cc1ccc(C(=O)NCCC(=O)Nc2ccccn2)cc1,MOSES sample,4975
c1(C(NC)=O)c(NC(c2nn(C)c(c2)C)=O)c(n(C)n1)C,MOSES sample,4976
O1CCOC21CCC(Nc1ccc3nnnn3n1)CC2,MOSES sample,4977
c1(-c2nsc(NC(C(C)CC3CCCC3)=O)n2)ncccc1,MOSES sample,4978
Cc1cc(Nc2cc(N)nc(SCC(=O)N(C)C)n2)no1,MOSES sample,4979
CCC(CC)c1c(C#N)nnn1-c1cccc(OC)c1,MOSES sample,4980
Nc1nc(CN2CCOC(c3ccc(F)c(Cl)c3)C2)nc2ccccc12,MOSES sample,4981
c12ccc(F)cc1nc1c(cc(C(OCC)=O)[nH]1)c2,MOSES sample,4982
C(n1cccn1)C(C)NC(COc1cc(C(C)C)ccc1)=O,MOSES sample,4983
CCn1cnnc1-c1cccc(NC(=O)C2CC=CC2)c1,MOSES sample,4984
[nH]1c(=O)c2c(n(c1=O)C)nc(n2CC(=C)C)NCCCCC,MOSES sample,4985
COc1ccc(OC)c(C(O)CCc2nccs2)c1,MOSES sample,4986
c1(-c2c(OC)nccc2)cc2c(nc1)cccc2O,MOSES sample,4987
COC(=O)C(C)NC(=O)c1nccc2c(N)c(C)ccc12,MOSES sample,4988
c1cc(cc(c1)NC(c1nccnc1)=O)CN(CC)C(=O)C,MOSES sample,4989
CS(=O)(=O)N1CCC(NC(=O)c2c3c(ccc2)cccn3)CC1,MOSES sample,4990
N(Cc1onc(C)n1)C(=O)NCc1cc(C)ccc1,MOSES sample,4991
c1cc(oc1)C(N1CCN(CC(C(C)(C)C)O)CC1)=O,MOSES sample,4992
c1ccc(cc1OCCOC(c1c(C)c(c(C)[nH]1)C(C)=O)=O)F,MOSES sample,4993
c1c(cccc1)OCCNC(NCCc1c(O)cccc1)=O,MOSES sample,4994
c1(Br)c(cc(cc1)O)CN1CC(CC#N)CCC1,MOSES sample,4995
C(=O)(NC(C)(C)CC(OC)=O)c1c(nccc1)OCC,MOSES sample,4996
COC(=O)c1ccc(NCc2nc3ccccc3o2)c(C)c1,MOSES sample,4997
c1ccc(o1)CNCCc1cnn(-c2ccccc2)c1,MOSES sample,4998
C(Nc1cc(F)ccc1OC)(c1ccc(cc1)N1CCOC1=O)=O,MOSES sample,4999
CN(CCC)C(Nc1cc2COCc2cc1)=O,MOSES sample,5000
Clc1cc(-c2nc(CN3CCN(CC3)CC#C)c(o2)C)ccc1,MOSES sample,5001
c1(-c2ccc(F)cc2)n(c(SCCOC)nn1)CC1CCCO1,MOSES sample,5002
C(CN(S(=O)(=O)c1cc2c(cc1)OCCO2)C)COC,MOSES sample,5003
n1c(-c2ccccc2)n(C(C)C)c(SCc2nccn2C)n1,MOSES sample,5004
n1c(SCC(=O)NCC)oc(n1)-c1ccccc1,MOSES sample,5005
O=C(NCCc1ccccc1F)CN1CCN(C(=O)C2CC2)CC1,MOSES sample,5006
c1c2c(=O)n(cnc2sc1CC)CC(=O)N1C(C)CCCC1C,MOSES sample,5007
O=C(Nc1cccc(C(=O)N2CCOCC2)c1)C1CCCCC1,MOSES sample,5008
c1cc(ccc1)N(C(Cn1cccc(c1=O)C(F)(F)F)=O)CCC#N,MOSES sample,5009
CCCNC(=O)CNC(c1[nH]nc(c1Br)C)=O,MOSES sample,5010
CC(NC(c1ccc(c(c1)OC)C)=O)C(=O)OCC,MOSES sample,5011
Cc1sc(NC(=O)C2CCC2)c(C(=O)OC(C)C)c1C,MOSES sample,5012
O(C)c1cc(c(cc1)N(S(=O)(=O)N1CC(C)CCC1)C)OC,MOSES sample,5013
Cn1c(C)c(c(C)n1)-c1c(cccc1)Br,MOSES sample,5014
c1(ccc(cn1)-n1cncc1)NCCSc1ccc(cc1)C,MOSES sample,5015
C1COCCN1CCOc1cc(ccc1)Br,MOSES sample,5016
c1c2c(Sc3ccccc3N2C(=O)OCC)c(C#N)cc1,MOSES sample,5017
O=C(c1cc(F)cc(F)c1)N1CCN(CCc2ccccc2)CC1,MOSES sample,5018
c1(c(cc(C(NC(=O)c2scnc2C)CC(C)C)cc1)F)F,MOSES sample,5019
c1(SCC(=O)Nc2c(n(C)nc2C)C)ccc(cn1)C(F)(F)F,MOSES sample,5020
C1COCCN1C(=O)Cc1ccc(cc1)NC(C1CCCCC1)=O,MOSES sample,5021
CN(C)S(=O)(=O)c1c(F)cc(Br)cc1F,MOSES sample,5022
c1(c(F)cc(F)cc1)C1(CCOCC1)NC(=O)C(C)OC,MOSES sample,5023
O=C(NC(c1ccc(C)c(C)c1)C)c1c[nH]c(=O)cc1,MOSES sample,5024
c1c(occ1)C(=O)Nc1c(CC(OC)=O)cccc1,MOSES sample,5025
COc1c(Cl)cc(Cl)cc1C(=O)CCCC(=O)OC,MOSES sample,5026
c1n(ncc1N)CCOc1c(OC)cc(Cl)cc1,MOSES sample,5027
C(N1CCC(CC1)OC)(Cn1c2c([nH]c1=O)cccc2)=O,MOSES sample,5028
c1cn(c(C(C2CCCCC2)OC(=O)C(C)c2sccc2)n1)C,MOSES sample,5029
NC1=Nc2nc3ccccc3n2C(c2cccc(O)c2)N1,MOSES sample,5030
c1cccc(c1C)CN(C1CCCCC1)C(c1cnccn1)=O,MOSES sample,5031
Cc1ccc(O)c(C(=O)N2CCN(C(=O)c3cccc(F)c3)CC2)c1,MOSES sample,5032
c1(c(C)c(ccc1)NC(CSc1nnc(o1)-c1ncccc1)=O)C,MOSES sample,5033
CCN(C(=O)c1cc2c(=O)n3ccccc3nc2s1)C(C)C(C)C,MOSES sample,5034
C1CN(CCCN1C(c1ccc(c(c1)C)C)=O)C(=O)OCC(C)C,MOSES sample,5035
C1(CCC1)C(=O)OCC(=O)N1c2ccccc2SCC1,MOSES sample,5036
COc1ccc(NC(=O)NC2CCCC(C)C2)cc1-n1nnnc1C,MOSES sample,5037
CC1CCCCC1NC(=O)CN1CCN(CC(=O)N2CCCC2)CC1,MOSES sample,5038
C=CCN(Cc1nccn1Cc1ccc(Cl)cc1)C(C)=O,MOSES sample,5039
CS(NC1CCN(CC1)S(=O)(N(C(C)C)C)=O)(=O)=O,MOSES sample,5040
Cc1c(c(C)nn1CC(=O)N1CCC(CC1)C(=O)OCC)Cl,MOSES sample,5041
Cc1n(C)nc(c1C(OCc1nc(-c2ccc(cc2)Cl)no1)=O)C,MOSES sample,5042
COc1cccc(-c2nnc(NC(c3scnc3C3CC3)=O)o2)c1,MOSES sample,5043
c1cc(NS(=O)(c2c(OC)cc(c(c2)OC)Cl)=O)cnc1,MOSES sample,5044
N(S(=O)(c1c(onc1C)C)=O)CCC(C1CC1)O,MOSES sample,5045
CC1(C)OC(=O)C(c2ccccc2)N2CCCC21C,MOSES sample,5046
O=C(NCc1ccccc1)C1CCN(c2ccc3nccn3n2)CC1,MOSES sample,5047
C1C(C1)NC(c1ccc(NCCCCO)nn1)=O,MOSES sample,5048
c1(CCNS(=O)(=O)c2c(ccc(c2)Cl)C)ncccc1,MOSES sample,5049
Cc1nnnn1-c1ccc(C(=O)Nc2n[nH]c(C(C)C)n2)cc1,MOSES sample,5050
O=C(NCc1c2c(ccn1)ccc(c2)N)c1ccccc1,MOSES sample,5051
c1(cccc(C)c1)-c1nc(on1)CSc1n(C(C)C)c([nH]n1)=O,MOSES sample,5052
c12c(NC(=O)N(C1c1c(OC)cccc1)Cc1ccncc1)cccc2,MOSES sample,5053
c1nn(cc1CCC(=O)NCCc1occc1)-c1ccccc1,MOSES sample,5054
c1c(Cl)c(ccc1)C(=O)N(CC1CCCO1)CC(=O)N,MOSES sample,5055
c12nc[nH]c(c1c(c(o2)C)C(=O)NCc1ccccc1Cl)=O,MOSES sample,5056
c1c(cc(OC)c(OC)c1)CN(C(=O)C(c1ccccc1)N)C,MOSES sample,5057
C1OCCN(C1)C(c1c(cnnc1N)-c1cnccc1)=O,MOSES sample,5058
C(NCCC(C)C)(=O)Nc1ccc(CN2CCOC2=O)cc1,MOSES sample,5059
C1(COCCN1C(Nc1ccc(C(=O)OCC)cc1)=O)C1CC1,MOSES sample,5060
CC(C)c1cccc(C)c1NC(=O)CSc1nc2ncccc2o1,MOSES sample,5061
N(C(NCc1ccc(C)cc1OCC1COCC1)=O)CC,MOSES sample,5062
C1CC(=O)N(C1)c1ccc(CNc2ncnc3c2ccs3)cc1,MOSES sample,5063
C1CC(CCN1S(=O)(=O)C)Oc1nc(C)ccc1,MOSES sample,5064
c1(OC)ccccc1C(N1CCN(CC(=O)NC(C)C)CC1)=O,MOSES sample,5065
N(C(C(Oc1c(cccc1)Cl)C)=O)CC(O)c1ccccc1,MOSES sample,5066
c1c(NC(=O)c2nn3c(n2)nccc3)c(N)cc(c1)F,MOSES sample,5067
N(C(=O)NCCCc1nc2c(cccc2)s1)CC1CCCO1,MOSES sample,5068
C1(CC1)C(CNC(c1ccc(OC(C)C)cc1)=O)(O)C,MOSES sample,5069
CC1N(CC(C)OC1)C(Nc1cc(C(NCC)=O)ccc1)=O,MOSES sample,5070
c1nc(cnc1)-c1noc(CCc2c(cccc2)OCC)n1,MOSES sample,5071
Cc1nnc(SC(C)C(=O)NC2CCCC2)s1,MOSES sample,5072
O=S(=O)(NCCc1ccccn1)c1ccc(CC(F)(F)F)cc1,MOSES sample,5073
c1c(ccc(OC)c1)CN1C(C)Cc2c1ccc(c2)N,MOSES sample,5074
c1cc(C(NCC2C3C=CC(C2)C3)=O)c(cc1)SC,MOSES sample,5075
c1ccc2C(C)CN(C(COC(=O)c3ccc(OC)nc3)=O)c2c1,MOSES sample,5076
c1cc(cc(F)c1C(=O)N(C(C)c1sc(C)cc1)C)F,MOSES sample,5077
C1(C(=O)NCc2ccc(S(=O)(N)=O)cc2)C2CCC(C2)C1,MOSES sample,5078
c1sc(CC)nc1Cn1c(oc(-c2ccc(cc2)F)n1)=O,MOSES sample,5079
c1cccc(c1)CCNC(c1c(nc2c(c(nn2C)C)c1)C)=O,MOSES sample,5080
O=C(C1CCC1)N1CCC2(COCCN2Cc2ccccc2)CC1,MOSES sample,5081
Cc1cc(NC(=O)NCCOC(C)C)n(Cc2ccccc2)n1,MOSES sample,5082
C1C(CNC(CC(C)C)=O)CN(c2ccccc2)C1,MOSES sample,5083
O=C(NC1CC(=O)N(C2CC2)C1)c1ccn(-c2ccccc2Cl)n1,MOSES sample,5084
C1CCC2C(C1OC)OCCN2C(Cc1ccccc1OC)=O,MOSES sample,5085
C(C(NC(C)C(=O)N1c2ccccc2CC1C)=O)c1ccccc1,MOSES sample,5086
CC(=O)N(C)c1ccc(S(=O)(=O)N2CCC(C(N)=O)C2)cc1,MOSES sample,5087
c1(-c2cccnc2)oc(SCC(N=c2sccn2C)=O)nn1,MOSES sample,5088
C(Oc1ccccc1)COCCc1c(F)cccc1,MOSES sample,5089
c1cc(ccn1)-n1c(C)c(C(=O)NCc2c(cccc2F)F)cn1,MOSES sample,5090
c1(C)ccc(cc1)-c1nn(CC(NC(C#N)(C)C2CC2)=O)nn1,MOSES sample,5091
c1cc(-c2nn(CC(OC)=O)c(-c3c(O)c(cc(c3)C)O)n2)oc1,MOSES sample,5092
N1(c2c(C3C1(C(N(CC(OC)=O)C3)=O)C)cccc2)CC,MOSES sample,5093
C(Cc1ncccc1)Nc1n(-c2ccccc2)nc(C(C)C)c1,MOSES sample,5094
C1Oc2c(cc(CC(=O)NCC(Oc3c(cccc3)F)C)cc2)O1,MOSES sample,5095
C1N(C(Cc2c(cc(cc2)F)F)=O)C2(CCN(CC)C2=O)CC1,MOSES sample,5096
C(NC(=O)Nc1c(CC)cccc1)c1ncn(n1)C,MOSES sample,5097
c1cc2C(NC(c3cccc(OCCOC)c3)=O)CCc2cc1,MOSES sample,5098
C(c1ccc(cc1)OC)C(NCC1OCC2N(CCCC2)C1)=O,MOSES sample,5099
CN(C(Nc1ccc(Cl)cc1F)=O)CC1OCCC1,MOSES sample,5100
C(CSc1ncc(-c2nccn2Cc2noc(n2)C)cn1)#N,MOSES sample,5101
C(c1ccc(cc1)N)(CCC(=O)N1CCOCC1)=O,MOSES sample,5102
c1c(OCCCC)cc(cc1)CNC(C1CN(C(C1)=O)C)=O,MOSES sample,5103
c1c(-n2c(c3sccc3nc2C)=O)ccc(C)c1F,MOSES sample,5104
Nc1cc2sc(CCc3ccc(F)cc3)nc2cc1,MOSES sample,5105
O=C(N(c1ccccc1)C)Nc1ccc(cc1)OCC#N,MOSES sample,5106
OC(COc1cccc(CO)c1)CN(c1ccccc1)C,MOSES sample,5107
c1(C2c3c([nH]c([nH]c3=O)=O)Nc3[nH]nc(c32)C)ccc(C)cc1C,MOSES sample,5108
c1(C(CNC(C2CC2)=O)OC)ccc(c(C)c1)OC,MOSES sample,5109
c1ccccc1CCc1nc2n(ncn2)c(N2CCOCC2)c1,MOSES sample,5110
O=S(c1cccc(c1)C(=O)N1CCCC(C)(C1)C)(NCC=C)=O,MOSES sample,5111
O=C(OCC(=O)NCc1ccc(Cl)cc1)c1ccc(F)cc1N,MOSES sample,5112
O=C(Cc1ccc[nH]1)NCCN(CC)c1ccccc1C,MOSES sample,5113
Cc1ccc(Cl)cc1NCC(=O)N1CC(C)OC(C)C1,MOSES sample,5114
n1n(c(SC(C)C(=O)N2CCOCC2)nn1)C1CCCC1,MOSES sample,5115
CC(O)CNC(=O)C1CCC(=O)N(CCc2ccc(F)cc2)C1,MOSES sample,5116
CCCCN(C)C(=O)CSc1nnc(C)n1-c1cccc(C)c1,MOSES sample,5117
CS(=O)(=O)NCCCN1CCOCC1C1CC1,MOSES sample,5118
C(NC1CC1)(CNC(c1cccc(OC)c1OC)=O)=O,MOSES sample,5119
C1C(CCC1)CC(Nc1ccc(N2CCCC2=O)cc1)=O,MOSES sample,5120
o1cccc1C(N(C1CC1)C(CSc1c(C)cccc1)=O)C,MOSES sample,5121
C(NS(=O)(CC)=O)(c1c(C)nn(c1C)CC)C,MOSES sample,5122
c1c(cccc1NS(=O)(C)=O)C(NC(C1CC1)C1CC1)=O,MOSES sample,5123
Cc1ccc(c(c1)C)NCC(c1ccccc1OC)O,MOSES sample,5124
C1(=O)CC(Oc2c1cc(N)cc2)c1c(Cl)cccc1,MOSES sample,5125
C1(NC(NCc2ccn(c2)C(C)(C)C)=O)CCCC1,MOSES sample,5126
c1(C(=O)N2CC(CCC2)C(=O)N)c[nH]c2c1c(ccc2)F,MOSES sample,5127
C1CN(CC1)C(c1nc(-c2ccccc2)nn1-c1ccccc1)=O,MOSES sample,5128
c1c(cc(cc1)NC(=O)c1c(ccc(c1)Cl)F)C(N)=O,MOSES sample,5129
CCN(CC)C(=O)CCC(=O)Nc1ccc(SC)cc1,MOSES sample,5130
COc1ccsc1C(=O)Nc1sc(nn1)CCCC,MOSES sample,5131
c1ccc(-c2cc(c([nH]n2)=O)C(N)c2ccc(C)cc2)cc1,MOSES sample,5132
c12N(C(C3CCN(CC3)c3ncccn3)=O)C(Cc2cccc1)C,MOSES sample,5133
CN(C(=O)c1nc(sc1)-c1cccs1)Cc1c2c(CCC2)[nH]n1,MOSES sample,5134
O1COc2c1ccc(C(C)(C)NC(CSc1scc(C)n1)=O)c2,MOSES sample,5135
CC(C)C(c1c(cccc1)NC(C(C)c1ccsc1)=O)=O,MOSES sample,5136
Cc1cc(-c2csc(CCN3CCOC3=O)n2)c(C)n1CC(N)=O,MOSES sample,5137
c1(ccc(C(F)(F)F)nc1)C(=O)N1c2c(ccc(c2)OC)OCC1,MOSES sample,5138
FC(F)(F)COC(C(C)NC(=O)c1ccccc1)=O,MOSES sample,5139
c1(-c2ccncc2)nnnn1CC(Nc1cc(C#N)ccc1)=O,MOSES sample,5140
c1c(Cl)cccc1CNC(c1c(C)oc(S(=O)(N)=O)c1)=O,MOSES sample,5141
c1c(nc(s1)C)CN1C(c2c(noc2C)C)CCC1,MOSES sample,5142
C(C)c1noc(C(N(Cc2ccsc2)CCC)C)n1,MOSES sample,5143
C(C)(C)CCn1c(=O)c2c(n(NC(C)=O)c1=O)cccc2,MOSES sample,5144
N(C(N(C)CC1OCCC1)=O)c1cc(Cl)c(OC)cc1OC,MOSES sample,5145
CN(Cc1ccc2c(c1)OCO2)C(=O)Nc1cccc(COC)c1,MOSES sample,5146
N1(CCCCC1)C(=O)c1nccc2c(N)ccc(C)c12,MOSES sample,5147
c12[nH]c(=O)c3c(c(C(OCC)=O)sc3n1cnn2)C,MOSES sample,5148
c1(c(OC)cccc1-c1c(C#N)c(OCC)ncc1)OC,MOSES sample,5149
COc1cc(NC(=O)N(C)CC2(O)CCCC2)cc(OC)c1OC,MOSES sample,5150
Nc1ncc(C(F)(F)F)cc1Oc1ccc(Cl)cc1,MOSES sample,5151
Cc1c(cnn1-c1ccccc1F)C(=O)Nc1scnn1,MOSES sample,5152
c1(C)ccc(C(=O)OCC(=O)NCc2ccc(C)cc2)cc1N,MOSES sample,5153
c1(nn(C2CCCC2)c(c1)NC(=O)NCc1cccnc1)C,MOSES sample,5154
COc1ccc(C(C)NC(=O)Cn2ncc(=O)c3ccccc32)cc1,MOSES sample,5155
N(C(Cn1c(N)nnc1SCc1nc2ccccc2cc1)=O)(C)C,MOSES sample,5156
C1CCCCC1NC(=O)c1c(c(no1)-c1ccccc1)N,MOSES sample,5157
NC(=O)COc1ccc(cc1)CNC(=O)c1cc2c(cn1)[nH]cc2,MOSES sample,5158
O=C(Nc1scc(C2CC2)n1)c1ccc(nc1)C(F)(F)F,MOSES sample,5159
Cc1cccc2c(CC(=O)NC(C)c3ccncc3)c[nH]c12,MOSES sample,5160
S(CC(N1C(CCCC1C)C)=O)c1nccn1CC,MOSES sample,5161
C(c1ccc(cc1)OC(=O)Cn1ncc(N)c1)C(C)C,MOSES sample,5162
CCC(=O)NCC(=O)c1cc(C)c(OC)cc1C,MOSES sample,5163
c1(csc(n1)NC(c1cccc(OC)c1F)=O)CC(OCC)=O,MOSES sample,5164
C1c2c(N(C(C3CC3)=O)C1)ccc(c2)NC(=O)Nc1ccccc1F,MOSES sample,5165
c1ccccc1CNC(=O)c1n[nH]c2cc(C)ccc12,MOSES sample,5166
C1CC(CCC1)n1c(C(=O)Nc2nc(ns2)C)cc2c1cco2,MOSES sample,5167
C=CCNS(=O)(=O)c1ccc2c3c(cccc13)C(=O)N2,MOSES sample,5168
C(CNC(=O)N1C(CCC1)C1CCCC1)c1ncnn1C,MOSES sample,5169
COC(=O)CNC(=O)C(N)c1c(F)cccc1F,MOSES sample,5170
CSc1ccc(CNC(=O)c2ncsc2)cc1,MOSES sample,5171
C(=O)(Nc1ccccn1)NCCNC(=O)c1ccccc1OC,MOSES sample,5172
O=C(CN1CCCc2ccccc21)Nc1ccc(N2CCCC2=O)cc1,MOSES sample,5173
Clc1cc(ccc1)S(=O)(Cc1nc2c(cccc2)n1CC)=O,MOSES sample,5174
c12ccc(-c3cccc(c3)-c3[nH]nc(n3)C3CC3)nc2cccc1,MOSES sample,5175
c1(C)cc(cc(c1)NC(=O)CSc1nc(C)c(c(C)n1)CCO)C,MOSES sample,5176
C(OC(=O)c1ccc(-n2cccc2)cc1)C(c1cc2c(OCO2)cc1)=O,MOSES sample,5177
Cc1ccc(N2CCC(Sc3n[nH]c(=O)n3C)C2=O)cc1,MOSES sample,5178
Cc1noc1CCNC(=O)CC12CC3CC(CC(C3)C1)C2,MOSES sample,5179
Cn1nccc1CNC(=O)Nc1ccc(-c2nc3ccccc3o2)cc1,MOSES sample,5180
c1(cc(C)cc(c1NC(=O)c1c[nH]c2ncccc2c1=O)C)C(C)C,MOSES sample,5181
COC(=O)C1(NCc2cnc(-c3cccs3)s2)CC1,MOSES sample,5182
CC(Sc1ccccc1Cl)C(=O)Nc1ccc(C(N)=O)cc1,MOSES sample,5183
CS(=O)(=O)c1ccc(NCc2cccc(F)c2)cc1,MOSES sample,5184
n1c(ncc2c1CC(CC2=O)C)NCc1ccccc1Cl,MOSES sample,5185
COc1ccc(OC)c2sc(NCc3cccs3)nc12,MOSES sample,5186
C(CCNC(c1cnn(CC(C)C)c1C(F)F)=O)(=O)N1CCCC1,MOSES sample,5187
C1CC(C(=O)OCC2CCCN2C(=O)N)(c2ccccc2)C1,MOSES sample,5188
O(C)c1c(OC)c(OC)cc(CNc2onc(n2)C(C)C)c1,MOSES sample,5189
o1cccc1CNC(c1nnc(o1)-c1ccccc1)c1ccccc1,MOSES sample,5190
c1cc(C)c([nH]1)C(=O)N(Cc1onc(n1)-c1cccnc1)C,MOSES sample,5191
O=C(Nc1ccn(-c2ccccc2)n1)NCC(O)c1ccco1,MOSES sample,5192
c1c(C#N)ccc(c1)CCC(N1CCN(CC1)c1ccc(C#N)cc1)=O,MOSES sample,5193
c1c(C#N)cc(OCC(N)=O)c(c1)Br,MOSES sample,5194
Clc1c(cccc1)CNc1ccc2c([nH]nc2)c1,MOSES sample,5195
C1C(CCC1)Oc1cc(NC(CSc2nncs2)=O)ccc1,MOSES sample,5196
C(=O)(NCc1cnc(OC(C)C)cc1)CC(C)(C)C,MOSES sample,5197
c1ncc(cc1)OCCNC(=O)c1cn2c(ccc(C)c2)n1,MOSES sample,5198
c1cc(ccc1NC(=O)N(C)CC1CCCC1)C(N1CCCCC1)=O,MOSES sample,5199
N(c1cc(C)cc(C)c1)C(=O)CCc1oc(cc1)C,MOSES sample,5200
CCC(=O)N1CCN(c2cccc(C(F)(F)F)c2)CC1,MOSES sample,5201
Cc1nc(CNc2cc(F)ccc2OC(C)C)cs1,MOSES sample,5202
n1(-c2ccc(C)cc2)c2CC(CC(=O)c2cc(c1=O)C#N)(C)C,MOSES sample,5203
N(c1c(OC)ccc(c1)OC)C(c1oc2c(cccc2c1)OC)=O,MOSES sample,5204
CCCCc1nc(-c2ccc(OC)c(N)c2)cc(=O)[nH]1,MOSES sample,5205
n1ccnc(c1)N1CCC(C(Nc2cccc(c2)OC)=O)CC1,MOSES sample,5206
Cc1cc(C)n2nc(C(=O)OCC(C)(C)C)nc2n1,MOSES sample,5207
c1sc(cc1)CC(=O)Nc1ccc(C(NCC=C)=O)cc1,MOSES sample,5208
O=C(c1ccnc(-n2cncn2)c1)N1CCCCC1,MOSES sample,5209
C1(C)(C)C(C(N(c2c(O1)cc(cc2)N)CC#C)=O)(C)C,MOSES sample,5210
CC(O)CNC(C(N)=O)c1ccc(Cl)c(Cl)c1,MOSES sample,5211
N#Cc1ccc(Cn2nc(-c3ccco3)oc2=O)cc1,MOSES sample,5212
c1(CN(C)C(=O)C2CC2C)ccc(C(NC)=O)cc1,MOSES sample,5213
COCc1ccccc1CNC(=O)c1ccccc1F,MOSES sample,5214
c1(N(CC)C(=O)c2onc(c2)C)cc(ccc1C)C,MOSES sample,5215
O(c1c(cccn1)CNC(=O)C1CC=CC1)c1cccc2c1nccc2,MOSES sample,5216
c1c(cccc1)CS(=O)(NCC#CCN1Cc2c(cccc2)C1)=O,MOSES sample,5217
Cc1noc(C)c1CCC(=O)N1CCCC2(CCCCCC2)C1,MOSES sample,5218
N#Cc1ccc(NC(=O)Cc2csc(Nc3ncccn3)n2)cc1,MOSES sample,5219
Clc1cc(Cl)c(cc1)OCCNC(Nc1nncs1)=O,MOSES sample,5220
c1c(Cl)cc(NC(CCOCC(F)(F)F)=O)cc1,MOSES sample,5221
C(Sc1nc(ccn1)C(F)(F)F)c1cc(n(C)c(n1C)=O)=O,MOSES sample,5222
c1c(NC(c2ccc(C)s2)=O)cc2c(n[nH]c2c1)C(N)=O,MOSES sample,5223
Cc1c(Cl)cccc1Nc1ncnc(OC(C)C)c1N,MOSES sample,5224
NC(=O)C(COC)NC(=O)C1(CCCC1)CC1CCCCC1,MOSES sample,5225
CN(Cc1cccc(F)c1)C(=O)c1ccc(OCC(F)F)nc1,MOSES sample,5226
c1ccccc1CC1CN(C(=O)C)CC1C(=O)NCc1occc1,MOSES sample,5227
C(CC(=O)Nc1nccc(C)c1)CNC(c1ccsc1)=O,MOSES sample,5228
c1(C2CC2)oc(C(C)Sc2nnc(C)s2)nn1,MOSES sample,5229
C(COc1c(cccc1)C(OC)=O)(=O)NC(C)c1ccccc1,MOSES sample,5230
c1(cccnc1)CNC(C(n1cnc2c1cccc2)C)=O,MOSES sample,5231
O=C(Cn1ccc(=O)[nH]c1=O)OC1CCCCC1,MOSES sample,5232
c12n(nc(C3CC3)n1)cccc2NC(Cc1cc(OC)c(cc1)C)=O,MOSES sample,5233
N1c2ccc(C(NCC3CCCO3)=O)cc2Sc2nccnc21,MOSES sample,5234
c1(N2CC3(CCN(c4ncccn4)C3)CC2=O)ccc(C)cc1,MOSES sample,5235
C(C(Nc1sc(C#N)cn1)=O)C1CCN(CC(F)(F)F)CC1,MOSES sample,5236
C(Nc1cccc(S(=O)(=O)C)c1)(=O)C(C)n1ncnc1,MOSES sample,5237
c1(CN(Cc2ccc(cc2)C)C(=O)NCCOC)sccc1,MOSES sample,5238
c1c(C)c(C)[nH]c(=O)c1C(=O)NCC1OCCOC1,MOSES sample,5239
COCCN(CC(F)F)C(=O)NCc1cccc(C)n1,MOSES sample,5240
CC(C)(C)OC(=O)N1CCC(Nc2cc(N)ncn2)C1,MOSES sample,5241
C1(=O)C(c2c(N1)c(ccc2)C(O)c1ccccc1)(C)C,MOSES sample,5242
N(C(CCCc1cc(F)ccc1F)=O)(C)Cc1cn(C)nc1,MOSES sample,5243
C1(CCN(S(=O)(=O)CC)CC1)C(=O)NCc1ccc(F)cc1,MOSES sample,5244
Cc1ccc(CC(=O)Nc2ccccc2F)s1,MOSES sample,5245
C(NC(NCc1onc(C)n1)=O)(C)c1ccc(cc1)-n1cncn1,MOSES sample,5246
COc1ccc(F)cc1CN1CCN(c2cccc(O)c2)CC1,MOSES sample,5247
c1c(cccc1OC)-c1oc(NC(c2ccc(cc2)SC)=O)nn1,MOSES sample,5248
c1n(CC2N(C(=O)c3c(CC)noc3C)CCC2)ncc1C,MOSES sample,5249
c1(c(Cl)cccc1)Nc1[nH]c(=O)cc(n1)-c1cnccc1,MOSES sample,5250
o1nc(CNc2c(ccc(Cl)c2)C(=O)NCC(C)C)nc1C1CC1,MOSES sample,5251
c1c(cc(C(=O)N2C(c3oc(cc3)CC)COCC2)s1)C(=O)C,MOSES sample,5252
Nc1cccc(c1)-c1nn2cnc3sc4CCCCc4c3c2n1,MOSES sample,5253
Cc1noc(CCC(=O)Nc2ccc(OCC(F)(F)F)cc2)n1,MOSES sample,5254
C1C(CN(CC1)c1cc(C)ccc1F)NC(=O)C(n1cccn1)C,MOSES sample,5255
n12c(nnc2cccc1)C(NC(COc1cccc(Cl)c1)=O)C,MOSES sample,5256
c1(cccc2c1CCNC2c1ncc(cc1)F)C(F)(F)F,MOSES sample,5257
Cc1ccccc1OCC(=O)Nc1noc2ccccc12,MOSES sample,5258
C(Oc1ccc(cc1F)NC(=O)N1CC(CO)CCC1)(C)(C)C,MOSES sample,5259
COc1ccc(Cl)cc1NC(=O)NCCCN1CCOCC1,MOSES sample,5260
c1c(ccc(c1)C(NCc1ncnn1C)c1ccc(cc1)C#N)F,MOSES sample,5261
N#Cc1ccc(C(=O)Nc2ccc(S(=O)(=O)NC3CC3)cc2)cc1,MOSES sample,5262
c1c(cc(Cl)c(c1)Cl)C(N(CCO)C(C)C)=O,MOSES sample,5263
c1(c(ccc(c1)C)CNC(=O)CCc1c(noc1C)C)C,MOSES sample,5264
[nH]1cc(C(=O)N2Cc3c(cccc3)CC2)c(=O)c2ccccc21,MOSES sample,5265
C(OCc1c(cco1)C)(C1CCN(CC1)C(C(C)C)=O)=O,MOSES sample,5266
c1ccc(Oc2ccccc2)c(c1)NC(=O)NCC1CCOC1,MOSES sample,5267
C(NC(=O)c1ccc(cc1)OCC)CNC(=O)c1ccc(F)cc1,MOSES sample,5268
COc1cccc(-n2nnc(CO)c2C(Cl)(Cl)Cl)c1,MOSES sample,5269
C1CCC(C(C1)C)NC(=O)C1CCN(C(=O)c2ccccc2C)CC1,MOSES sample,5270
COCCN1CCOC2C(OCc3ccncc3)CCC21,MOSES sample,5271
CCC(C)NC(NCC(N1CCN(c2ccc(F)cc2)CC1)=O)=O,MOSES sample,5272
c1cc(ccc1)N1CCN(CC1)C(=O)c1ccc(cc1)CNC(=O)C,MOSES sample,5273
n1cc(ncc1)C(=O)OCC(Nc1c(Cl)ccc(Cl)c1)=O,MOSES sample,5274
c1ccc(cc1OCCNC(NCCC)=O)Br,MOSES sample,5275
c1c2c(ccc1)cc(n2CC(NC(C1CC1)C1CC1)=O)-c1occc1,MOSES sample,5276
C1N(C)CCN(C(CS(c2ccc(c(Cl)c2)F)(=O)=O)=O)C1,MOSES sample,5277
c1nc2c(cc(cc2)Cl)c(=O)n1CC1COCCC1,MOSES sample,5278
C1CCCC1N(CCO)C(=O)Nc1ccccc1C,MOSES sample,5279
c1cccc(C(O)CNC(=O)c2cc(NC(C)=O)ccc2F)c1C,MOSES sample,5280
C(=O)(NCCc1ccccc1)C1CC(N(C1)c1c(ccc(F)c1)F)=O,MOSES sample,5281
c1(=O)c(nc2c(n1C)cc(cc2)C(=O)N(C(C)CCC)C)C,MOSES sample,5282
O=c1c(cnc2c(cc(cn21)Cl)Br)C(NC)=O,MOSES sample,5283
c1ccsc1C(CCC(=O)NCc1c(cccc1)F)=O,MOSES sample,5284
Fc1ccc(cc1NCc1c2ccc(F)cc2oc(c1)=O)F,MOSES sample,5285
c1(cn(CCC(Nc2nc(C)c(SCC(=O)N)s2)=O)nc1)C,MOSES sample,5286
C1C(CNC(NC2CCN(CC2)C(=O)OCC)=O)Cc2ccccc12,MOSES sample,5287
O=S(N1CCCCC1)(=O)c1ccc(cc1)NC(=O)C,MOSES sample,5288
n1c(N)c(C(=O)Nc2ccccc2)cnc1-c1ccc(F)cc1,MOSES sample,5289
c1c(c(cc(NC(NCC2CC=CCC2)=O)c1)OCC)OC,MOSES sample,5290
CC(C)n1cnnc1CN(C)C(=O)c1sccc1C1CC1,MOSES sample,5291
C(C(O)c1nc2c(s1)cccc2)NC(c1ccsc1)=O,MOSES sample,5292
Cn1c(Cn2c(=O)oc3ccccc32)nc2cc(Cl)cnc21,MOSES sample,5293
COc1c(c(CC=C)c(C(CCCC)=O)cc1OC)=O,MOSES sample,5294
n1c2c(cccc2ccc1)OCc1ccc(cc1)C(N)=O,MOSES sample,5295
c1c(CC)ccc(c1)Cc1c(n2c([nH]c1)c(C(OCC)=O)cn2)=O,MOSES sample,5296
n1c2c(cc(s2)C(=O)NC2CCCNC2=O)sc1,MOSES sample,5297
c1c(c(C)cc2c1occ2CC(=O)Oc1ccc(cc1)C#N)C,MOSES sample,5298
FC(F)(F)c1nnc2ccc(cn12)NC(=O)Cc1ccccc1,MOSES sample,5299
CCC(C)NC(=O)c1cccc(CNC(=O)c2[nH]c(C)cc2C)c1,MOSES sample,5300
c12N(CCNc2cc(Cl)cc1)CC(N(CC)CC)=O,MOSES sample,5301
C(N1c2c(CC1)cc(cc2)N)(=O)COc1ccc(Cl)cc1,MOSES sample,5302
COC(=O)c1ccc(CSc2ncccc2C#N)o1,MOSES sample,5303
c1ccc(NC(=O)C)c2c1ccc(n2)-c1cccs1,MOSES sample,5304
C(c1ccoc1)NC(Nc1cnc2ccccc2c1)=O,MOSES sample,5305
C(c1ccc(c(c1OC)OC)OC)(Nc1c(N)cc(cc1)Cl)=O,MOSES sample,5306
n1c(oc(-c2ccccn2)n1)NC(NCCCC)=O,MOSES sample,5307
C1N(S(c2ccc(Cl)cc2C)(=O)=O)CCOC1C,MOSES sample,5308
FC(F)(F)c1ccc(N2CCN(Cc3cccnc3)CC2)nc1,MOSES sample,5309
Nc1cc(S(=O)(=O)NC(CCc2ccccc2)C)ccc1,MOSES sample,5310
c1cc(ccc1CNC(=O)CCNC(c1ccccc1)=O)OC,MOSES sample,5311
c1(C(F)(F)F)c(C(CC#N)C)ccc2c1C(C)CC2=O,MOSES sample,5312
Cc1ccc(F)cc1S(=O)(=O)N1CCC(Oc2cccnn2)CC1,MOSES sample,5313
n1c(c2c(cc1)c(ccc2)N)C(NC(CO)CC)=O,MOSES sample,5314
c1cc(cc(c1)C(Nc1cc(NC(c2ccncc2)=O)ccc1)=O)C,MOSES sample,5315
COc1ccc(NC(=O)N2CCOc3ccc(F)cc32)cc1C,MOSES sample,5316
CCC(CO)NS(=O)(=O)c1c(C)sc2ccccc12,MOSES sample,5317
N1C(Nc2ccccc2C1=O)c1cc(c(cc1)OC)OCC,MOSES sample,5318
c1sc(C)nc1C(=O)N(Cc1sccc1)C1CC1,MOSES sample,5319
CN(Cc1csc(n1)C)C(c1cc(on1)-c1ccc(cc1)C)=O,MOSES sample,5320
Nc1cccc(OC)c1C(N1CCCC(C1C)C)=O,MOSES sample,5321
n1(-c2cccc(NC(c3cc(ccc3OCC)OCC)=O)c2)cnnc1,MOSES sample,5322
FC(F)(c1ccc(NC(NC(C)CCC(OC)=O)=O)cc1)F,MOSES sample,5323
CC(C)CCC(=O)N(C)c1ccc(S(C)(=O)=O)cc1,MOSES sample,5324
c1(c(cccc1)Nc1sc2n(n1)c(cc(n2)C)=O)C(=O)OC,MOSES sample,5325
C1C(NC(=O)COC(c2ccc3c(OCO3)c2)=O)C1,MOSES sample,5326
CN(CCOCC1CC1)C(=O)NC1COc2ccc(OC)cc21,MOSES sample,5327
O=C(N(C)c1ccccc1)c1nc2ccccc2nc1,MOSES sample,5328
N#CC1C(=C(C(N=1)C)C(=O)OCC)CCC(OC)=O,MOSES sample,5329
C(C(NCCCN1C(OCC1)=O)=O)C(c1ccc(F)cc1)C,MOSES sample,5330
C(=O)(c1cccc(OS(=O)(c2ccc(cc2)Cl)=O)c1)NC,MOSES sample,5331
Cc1ccc(CN(C)C(=O)CCc2nnc(-c3ccsc3)o2)s1,MOSES sample,5332
CCOc1cc(NCCN2CCNC2=O)nc(SC)n1,MOSES sample,5333
Brc1ccc(cc1)CC(=O)Nc1nc(cs1)C,MOSES sample,5334
C1CCCN1c1ccn(Cc2ccccc2Br)c(c1)=O,MOSES sample,5335
c1cc(ccc1C)NC1=Nc2n(C(c3c(F)cccc3)C1)nc(C)n2,MOSES sample,5336
c1c(cccc1)C(=O)C1CCN(c2ccccc2C#N)CC1,MOSES sample,5337
c1(NC(=O)Cc2cc(F)c(F)cc2)nn(Cc2cc(ccc2)C)cc1,MOSES sample,5338
S(C(C(=O)NC(C)(C)C)C)c1n(c(nn1)N1CCOCC1)C,MOSES sample,5339
c1(cccc(C(C)N(C(CCCc2cccs2)=O)C)c1)O,MOSES sample,5340
CCC1(CC)Oc2c(N(CC#C)C1=O)cc(N)cc2,MOSES sample,5341
CC1(C)CCCN1C(CCOCC(F)(F)F)=O,MOSES sample,5342
O(c1cc(c(cc1)NC(c1cccs1)=O)C(=O)NC)CC,MOSES sample,5343
C(C)(=O)NC(C(=O)Nc1c(ccc(c1)C(F)(F)F)Cl)C(C)C,MOSES sample,5344
Cc1ccc(C)c(COc2cc3c(cc2CO)OCO3)c1,MOSES sample,5345
c1cc(F)ccc1NC=Cc1c(C)nn(c1C)-c1ncccn1,MOSES sample,5346
COc1ccc(c(C(=O)N(C2CCC(CC2)C)C)c1)OC,MOSES sample,5347
c1c(F)c(C(NCc2ccc(NCCOC)cc2)=O)c(F)cc1,MOSES sample,5348
C1C(CC=CC1)COC(=O)c1ccccc1-c1oc(C)nn1,MOSES sample,5349
C(C)(n1ccc(n1)C(=O)Nc1nc2c(s1)CC(C)CC2)C,MOSES sample,5350
n1c(scc1CC(=O)Nc1ccc(cc1)SC(=O)N(C)C)C,MOSES sample,5351
Cc1ccc(NC(=O)Cn2cc(S(=O)(=O)N(C)C)ccc2=O)cc1,MOSES sample,5352
C1N(CCC1)C(=O)Cn1ccc2c1c(ccc2)N1CCOCC1,MOSES sample,5353
c1(ccc(cc1)OCC)NC(c1nc2c(nn(C)c2c(=O)[nH]1)C)=O,MOSES sample,5354
c1ccc(cc1)C(C(N(CCC)CC(C#N)C)=O)N,MOSES sample,5355
CN(CC(=O)N(CCC#N)C(C)C)c1ccccc1,MOSES sample,5356
C1(C)(C(=O)N(C1)c1cc(Cl)c(cc1)C)C(NC(CC)C)=O,MOSES sample,5357
CCOC(=O)c1cnc(SC)nc1NCc1ccc(F)cc1,MOSES sample,5358
n1c(-c2ccc(cc2)CC)ccc(C(N(CC)Cc2ncccc2)=O)c1,MOSES sample,5359
O(c1cccc(c1C(N)=O)F)CC(Nc1cc(C)c(C)cc1)=O,MOSES sample,5360
C1Cc2cc(NC(N(CC3CCCO3)C)=O)ccc2C1,MOSES sample,5361
CCCOCCC(=O)Nc1nnc(-c2cc3ccccc3o2)o1,MOSES sample,5362
CN(CCOc1cccc(C#N)c1)C(=O)NCCc1cccnc1,MOSES sample,5363
c1c(cccc1N(C)C)C(=O)NC1CCCNC1=O,MOSES sample,5364
Cc1noc(CN2CCN(C(c3c(ccs3)C)=O)CC2)c1,MOSES sample,5365
c1cc2sc(c(c2c(n1CC(N)=O)=O)C)C(=O)NC,MOSES sample,5366
c1cc(ccc1NC(Cn1c2c(oc1=O)c(Cl)ccc2)=O)OCC,MOSES sample,5367
c1cc(N(C)C)nc(C2N(CCCC2)S(C)(=O)=O)n1,MOSES sample,5368
c1(-n2nnn(Cc3nc(oc3)-c3ccc(C)cc3)c2=O)sccc1,MOSES sample,5369
CCc1ccccc1NC(=O)C1CCN(c2cnccn2)CC1,MOSES sample,5370
c1n(ccc1)CCNC(C1CN(C(C1)=O)c1cc(c(C)cc1)C)=O,MOSES sample,5371
Nc1c(OCC(=O)N2CCCCCC2)ccc(C)c1,MOSES sample,5372
c1(OC)ccc(CNC(C(C)n2nc(ccc2=O)C)=O)cc1,MOSES sample,5373
CC(C)Oc1ccc(C(=O)NCC(F)(F)F)cn1,MOSES sample,5374
CNC(=O)c1cc(NC(=O)N2CCc3ccccc32)ccc1F,MOSES sample,5375
Cc1cc(cc2CCc3c(onc3SCC(=O)NCCC)-c21)OC,MOSES sample,5376
C(C)(NC(=O)NCCNC(=O)c1ccc(cc1Cl)Cl)C,MOSES sample,5377
CCc1cccc(C)c1NC1=NS(=O)(=O)c2ccccc21,MOSES sample,5378
CC(c1c(C(=O)Nc2ccc(cc2)OCC)cn(C)n1)(C)C,MOSES sample,5379
c1c(cccc1-c1ocnc1C(=O)NCc1ccccc1)C,MOSES sample,5380
c12cc(ccc2c(CC(N2C(C(N)=O)CCCC2)=O)co1)OC,MOSES sample,5381
c12c(COC2)cc(cc1)NC(=O)NCc1c(n(C)nc1C)C,MOSES sample,5382
c1cccnc1SCC(OCC(c1c2ccccc2n(c1)C)=O)=O,MOSES sample,5383
c1(ccc(cc1)-c1nn(CCC)c(c(CO)c1)=O)OCC(C)C,MOSES sample,5384
C(C(=O)N(C)C)Cc1cc2c(oc1=O)ccc(C)c2,MOSES sample,5385
c1(CCCN2CCN(CC2)C(=O)CC)ccccc1,MOSES sample,5386
N1(C(Nc2ccccc2)=O)C(Cc2ccccc2)C(OC)CC1,MOSES sample,5387
O=S(=O)(NCc1cccc(F)c1)c1ccc(F)cc1,MOSES sample,5388
COc1cccc(-n2c(=O)c3[nH]c(=O)n(-c4ccccc4C)c3n2C)c1,MOSES sample,5389
N1(CCOCC1)C(N1CCN(C(=O)Nc2cccnc2)CC1)=O,MOSES sample,5390
CCCNC(=O)c1nnc(N2CCCC(C)C2)c2ccccc12,MOSES sample,5391
CCCOc1ccccc1Oc1ccc(N)c(F)c1,MOSES sample,5392
C(=O)(CS(=O)(c1cc(ccc1C)C)=O)NCC1CCC1,MOSES sample,5393
CC(O)(CNC(=O)c1cc(-c2ccc(Cl)cc2)[nH]n1)c1ccco1,MOSES sample,5394
Cc1cc(ccn1)NC(=O)c1cc(nc(N2CCOCC2)n1)C,MOSES sample,5395
C1(C)N(C(=O)C(C)Oc2ccc(SC)cc2)C(C)COC1,MOSES sample,5396
O=C(NCc1ccoc1)Nc1ccc2ccccc2c1,MOSES sample,5397
c12c(ncn(c2=O)CC(=O)NCC(C)C)sc(C(C)(C)C)c1,MOSES sample,5398
C=CCOc1cc(CNc2ccsc2)ccc1O,MOSES sample,5399
CC(C)CCC(=O)C(C#N)c1nnc2n1CCCCC2,MOSES sample,5400
C(=O)(NCc1ccc(nc1)OC)NCc1c(OC)cccc1,MOSES sample,5401
O=C(NCCCOCC1CCOC1)c1ccccc1Cl,MOSES sample,5402
COC(=O)CN(C(=O)c1cc(C)no1)c1ccccc1,MOSES sample,5403
c1c(cc(cc1)Cl)CC(=O)Nc1ccc2c(c1)OCC(=O)N2,MOSES sample,5404
c1c(C(=O)N2CCN(Cc3c(C#N)cc(F)cc3)CC2)cncc1,MOSES sample,5405
N1(C(c2cc(cn2C(C)C)Cl)=O)CC(OC)CCC1,MOSES sample,5406
CCn1cc(CNc2ccc(-c3nnnn3C3CC3)cc2)c(C)n1,MOSES sample,5407
CN(Cc1ccncc1)C(=O)C1COc2ccccc2C1,MOSES sample,5408
N(CC1CCN(C(Nc2cc(ccc2)C)=O)CC1)C(=O)C,MOSES sample,5409
C(c1cc(-c2ccccn2)nc2cccc(c21)C(=O)NCC1CC1)#N,MOSES sample,5410
Cn1nccc1CN1CCOC(CCc2ccccc2)C1,MOSES sample,5411
O=C(C1CCC(N1)=O)N(C)C(c1cc(ccc1)Cl)C,MOSES sample,5412
COCCNc1nnc(-c2cc3c(n(C)c2=O)CCCC3)s1,MOSES sample,5413
C1CCC(NC(=O)c2oc3ccccc3c2N)CC1,MOSES sample,5414
c1(C(N2CCCc3cc(C)ccc23)=O)cc2c(nc1)n(nc2C)C,MOSES sample,5415
C1CC(CCN1Cc1cncs1)OC1CCOCC1,MOSES sample,5416
N1(Cc2ccncc2)CCCC(c2c3c([nH]c2)nccn3)C1,MOSES sample,5417
c12c(cc(cc1c(C(Nc1nccs1)=O)ncc2)Br)N,MOSES sample,5418
Clc1ccccc1C(N(C)CC(=O)NCC=C)=O,MOSES sample,5419
c1cc(ccc1)C1(CCOCC1)CNS(=O)(N(C)CCC#N)=O,MOSES sample,5420
C(CC(Nc1c(ccc(-n2cnnn2)c1)C)=O)(C)c1ccccc1,MOSES sample,5421
N(C(CC(C)C)=O)c1cc(nc2ccc(cc12)F)C,MOSES sample,5422
C1N(CCN(Cc2ncccc2)C1)C(=O)Nc1ccnn1C(C)C,MOSES sample,5423
c12ccc(OCC(=O)Nc3nnc(C)s3)cc2C(=O)CC(C)(C)O1,MOSES sample,5424
O=C(Nc1nc(-c2cccs2)ns1)C1CCC1,MOSES sample,5425
CCN(C(=O)NCc1cccc(NC(=O)c2ccco2)c1)C1CC1,MOSES sample,5426
c1(cccc(N)c1C)C(N(C)Cc1cnccc1)=O,MOSES sample,5427
O(C)CCNc1scc(n1)-c1c(=O)n(CC)c(cc1)C,MOSES sample,5428
C(C(c1ccc(OC)c(c1)OC)NC(Nc1cc(ccc1C)C)=O)#N,MOSES sample,5429
COc1ccc(CSc2nc(=O)cc(N)n2C2CC2)cc1F,MOSES sample,5430
c1ncc(cc1)-c1nn2c(c3c(cccc3)nc2C)n1,MOSES sample,5431
O=C(C)NC(CC(=O)NC(C)C(=O)OC)c1c(C)cccc1,MOSES sample,5432
COc1c(OC)ccc(c1)C(=O)Nc1c(cccc1C)C(C)C,MOSES sample,5433
C(NC(CO)(C1CCCC1)C)(Cn1ncc(N)c1)=O,MOSES sample,5434
C1N(CCC1NS(C)(=O)=O)C(Nc1cc(Cl)ccc1C)=O,MOSES sample,5435
C(Nc1snc(n1)C)(=O)CCCOc1ccc(Cl)cc1,MOSES sample,5436
C(OCCNC(c1nnn(c1)-c1c(Cl)cccc1)=O)C(C)C,MOSES sample,5437
C(c1noc(c1-c1ncccc1)N)(NCc1ccc(cc1)C)=O,MOSES sample,5438
c1ccc(c(c1)CNc1c(NC(C)=O)c(ccc1)F)F,MOSES sample,5439
CC(=O)Nc1ccc(NC(=O)NCc2nnc3ccccn23)c(C)c1,MOSES sample,5440
CCC(O)(CC)CNC(=O)NCc1ncn(C)n1,MOSES sample,5441
N#Cc1cccc(NC(=O)Nc2ccc(CC(N)=O)cc2)c1,MOSES sample,5442
c1(c(C#N)c2CCCCc2s1)NC(=O)CCC(=O)NCCCO,MOSES sample,5443
C(c1ccc2OCCOc2c1)N(C)S(=O)(=O)Cc1ccccc1,MOSES sample,5444
c1cc(CN2C(C)COC(C2)C)ncc1C(=O)OC,MOSES sample,5445
COC(=O)C(C)CN(C)S(=O)(=O)Cc1ccc(F)c(Cl)c1,MOSES sample,5446
c1c(ccc2[nH]cc(CCNC(=O)COc3ccc(cc3)F)c12)F,MOSES sample,5447
n1n(C)c(c(C(N(C)CCc2ccccc2)=O)c1)N,MOSES sample,5448
CC1CCCCC1NC(=O)CCCc1nc(-c2ccncc2)no1,MOSES sample,5449
O=C(Cn1nc(C)cc1C)Nc1cc2c(cc1)[nH]nc2C(N)=O,MOSES sample,5450
C1C(Oc2c(C)ccc(C)c2)CCN(C(=O)Cn2nnnc2)C1,MOSES sample,5451
Cc1c(cc2OCCOc2c1)C(CCCC(OC)=O)=O,MOSES sample,5452
Cc1sc(C(N)=O)cc1N1CCc2ccccc2C1,MOSES sample,5453
C(Nc1nc2CCCc2s1)(=O)C1(c2ccccc2)CCOCC1,MOSES sample,5454
COc1ccc(S(=O)(=O)CCC(=O)NCC(=O)N(C)C)cc1,MOSES sample,5455
C(c1c(-c2ccc(F)cc2)n(CCCC(=O)OC)nc1)#N,MOSES sample,5456
c1(ccc(cc1)NS(=O)(=O)C)C(=O)OCC(=O)N1CCCC1,MOSES sample,5457
CCOc1ccc(-c2cc(C(=O)N3CCCC3)no2)cc1,MOSES sample,5458
Cc1cc(N2CCCC(Cc3nc4ccccc4[nH]3)C2)ncn1,MOSES sample,5459
CC(C)S(=O)(=O)NCC(=O)Nc1cccc(F)c1,MOSES sample,5460
N(C(=O)c1cc2n(n1)CCCO2)Cc1ccccc1COCC1CC1,MOSES sample,5461
Cc1ccc(C(=O)Nc2n[nH]c(C3CC3)c2C)s1,MOSES sample,5462
C(c1n[nH]c(C(=O)Nc2ccc(cc2C)C)c1)CC,MOSES sample,5463
C(C)(C(NC(C1CC1)=O)C(=O)OCc1nccs1)C,MOSES sample,5464
c1(cc(ccc1)C#N)OS(=O)(c1cccc(c1F)Cl)=O,MOSES sample,5465
c1cc(ccn1)SCC(Nc1cccc(c1)C#N)=O,MOSES sample,5466
c1(C(NCc2nc(CC)sc2)=O)sc(cc1OC)C,MOSES sample,5467
O=S(N1CCCCC1)(=O)c1c(cc(cc1C)C)C,MOSES sample,5468
N(CC(=O)NC(C)c1cc(Cl)ccc1)C(CCC)=O,MOSES sample,5469
C1CN(CCO)CCN1C(CCOCc1ccccc1)=O,MOSES sample,5470
C(N(C(c1c(cccc1)F)=O)C)c1cc(ccc1)Cl,MOSES sample,5471
O(C(=O)N1CCC(CC1)CC(N1C(CC)CCCCC1)=O)C(C)(C)C,MOSES sample,5472
c1c(O)cc2C(c3c(c(ccc3)C)F)NCCc2c1OC,MOSES sample,5473
CCn1c(SCc2cn3ccccc3n2)nnc1C1CC1,MOSES sample,5474
N1(CCCC1)S(=O)(NCC1(c2ccccc2)CC1)=O,MOSES sample,5475
c1c(C(CNC(NC2C3CC(C2)C2CCCC23)=O)(C)C)ccnc1,MOSES sample,5476
c1(C(=O)N(CC(N)=O)C)cc2c(CCC(C)C2)s1,MOSES sample,5477
CCN(CC)C(=O)Nc1cccc(N2CCCCC2)c1,MOSES sample,5478
Clc1cc(Cl)c(NC(=O)NCCc2nc[nH]n2)cc1,MOSES sample,5479
C1C(N(C(=O)c2nc(-c3sccc3)sc2)CC(OCC)=O)C1,MOSES sample,5480
CC(C)(C)C(NC(=O)CCn1cnc2sccc2c1=O)C(N)=O,MOSES sample,5481
C1COc2c(c(ccc2C(NC(C(N(C)C)=O)(C)C)=O)Cl)O1,MOSES sample,5482
Cc1ccc(c(c1)C1(CCCC1)C(=O)NC(CO)(CO)CO)C,MOSES sample,5483
c12c3ccccc3oc2c(C(OCCOC)=O)ccc1,MOSES sample,5484
c1cc2c(nc1NC(=O)C(N1C(=O)c3c(C1)cccc3)C)cccc2,MOSES sample,5485
c1cc(cc(c1NC(=O)c1ccc2n(c(nc2c1)C)-c1ccccc1)C)O,MOSES sample,5486
C1CNC(c2c1c(F)cc(c2)F)c1cnc(cc1)F,MOSES sample,5487
C12(NC(=O)CNC(c3ccccc3)=O)CC3CC(CC(C3)C2)C1,MOSES sample,5488
N#CC(CCc1ccccn1)C(=O)N1CCCCC1,MOSES sample,5489
C(C)(c1nc(NC(=O)c2cc(C)n(C)n2)sc1)C,MOSES sample,5490
Cc1nc2ccc(NC(=O)CCc3ccc(C#N)cc3)cc2o1,MOSES sample,5491
Cc1c(S(=O)(Nc2ccsc2C(=O)N)=O)cc(cc1)C,MOSES sample,5492
n1n(CC(Nc2nccc(C)c2)=O)c(C(CC)CC)nc1CC,MOSES sample,5493
n1c(scc1CN1CCN(CC1)CCO)-c1sccc1,MOSES sample,5494
C(F)(CNC(C(N)=O)c1cc(cnc1)Br)(F)F,MOSES sample,5495
O=S(=O)(N(CCO)CCO)c1cc(c(Cl)cc1C)C,MOSES sample,5496
C1CC(CC1)CCC(N(c1ccc(cn1)Cl)C)=O,MOSES sample,5497
CCC(C)C(C)NC(=O)c1cnn(-c2ccc(F)cc2)c1C,MOSES sample,5498
n1cnn2c(cc(C3CCN(Cc4cscn4)C3)[nH]c12)=O,MOSES sample,5499
c1c(C)cc(OC)c(c1C)C(NCCC(OC)=O)=O,MOSES sample,5500
C1CCC(=O)N1Cc1oc(SCc2ccc(cc2)F)nn1,MOSES sample,5501
FC(F)(Oc1c(c(c[nH]c1)Br)=O)F,MOSES sample,5502
CCOc1ccccc1CNC(=O)COc1cccc2c1CCC2=O,MOSES sample,5503
CC(c1cc(c(cc1)OC)C(=O)CCC(=O)OC)C,MOSES sample,5504
N(C1CC1)C(Nc1cc(OC)c(cc1Br)OC)=O,MOSES sample,5505
C(OCCc1cccs1)(c1cc(C(C)C)nn1C)=O,MOSES sample,5506
c1(nnc(c(C#N)c1C)NCc1cc(N(C)C)ccc1)C,MOSES sample,5507
c1(ccc(cc1)-c1cc(F)cc(c1)F)C(NCc1cc(on1)C)=O,MOSES sample,5508
c1(NC(c2c(c(C)n(C3CC3)c2C)C(=O)C)=O)ccc(cc1)C,MOSES sample,5509
C1C(NC(c2ccc(=O)n(C)n2)=O)(CCCC1)c1noc(C)n1,MOSES sample,5510
Cc1ccc2[nH]cc(NC(=O)N3CCC(C)CC3)c(=O)c2c1,MOSES sample,5511
c1(ccc(COC)(c2ccccc2F)C(=O)N)ccccc1,MOSES sample,5512
c1cccc2c1C(=O)N(CCC(NCCCc1ncccc1)=O)CC2,MOSES sample,5513
c1c(N)cc(c(c1)C(=O)NC(C)C(NC)=O)Cl,MOSES sample,5514
C(NC(C)C)(=O)CCc1ccc(cc1)NC(C1CC1)=O,MOSES sample,5515
O=C(c1c2CCCCc2cs1)Nc1cc2c(cc1)n(C)c(n2)C,MOSES sample,5516
COc1ccc(C(C)NC(=O)c2ccc(=O)[nH]c2)cc1,MOSES sample,5517
s1c(CCCC(=O)Nc2cccc(Cl)c2F)ncc1,MOSES sample,5518
O=c1n(c(ccc1C#N)C)CCCOc1ccccc1,MOSES sample,5519
CCOc1ccccc1-c1nc2ccccc2n1CC(C)O,MOSES sample,5520
c1c(C(=O)c2oc3ccccc3c2N)c(F)ccc1,MOSES sample,5521
c1cc(OC)ccc1-c1c(n2c3CCCc3sc2n1)CCO,MOSES sample,5522
CN1CC(NC(=O)Cn2c(c3cc4occc4n3c(n2)C)=O)CC1=O,MOSES sample,5523
CC(C)(C)N(Cc1ccccc1)C(=O)Cn1cc(-c2ccccc2)nn1,MOSES sample,5524
N(c1cc(Oc2ncc(cc2)C#N)ccc1)C(C)=O,MOSES sample,5525
Cc1ccc(CCC(=O)Nc2ccc3c(c2)OCCCO3)o1,MOSES sample,5526
Clc1c(O)ccc(C(Nc2cnc(OC)cc2)=O)c1,MOSES sample,5527
c1c(cc(-c2c(c3c(cc(cc3)O)oc2)=O)cc1)O,MOSES sample,5528
c12n(cnc1cc(-c1cc(c(F)cc1)N)cc2)C1CC1,MOSES sample,5529
C(CC)(Nc1ccnc(-c2ccc(OC)cc2)n1)C,MOSES sample,5530
O(C(=O)c1c(C)noc1-c1ccoc1)CC(N1CCCC1)=O,MOSES sample,5531
[nH]1ccnc1-c1ccc(cc1)NC(N1CCC2(OCCO2)CC1)=O,MOSES sample,5532
N1(CCN(C(c2ccc(NC(=O)CCC)cc2)=O)CC1)C,MOSES sample,5533
C(=O)(N1CCCC(C)C1)c1ccc(cc1)NC(=O)c1nccnc1,MOSES sample,5534
c1cc(C)ccc1NC(=O)C(C#N)Cc1cccnc1,MOSES sample,5535
c1c2c3N(CCC2=c2c(C(=O)C)c(=O)oc2=N1)CCCC23OCCO2,MOSES sample,5536
CCc1cnccc1C(=O)N(C)c1ccccc1S(=O)(=O)C(C)C,MOSES sample,5537
Cc1ccc(C)c(OCC(=O)N(C)C(C)CC#N)c1C,MOSES sample,5538
CCN(C(c1cccc2n3c(nc21)CCCCC3)=O)CC,MOSES sample,5539
N(c1ccc(NC(=O)C)cc1)C(C(Sc1cccc(c1)C)C)=O,MOSES sample,5540
c1cccc2c1nnn2-c1ncnc2n(ncc21)-c1ccccc1,MOSES sample,5541
COCCN1CC(C(=O)NCc2cnn(C)c2)CC1=O,MOSES sample,5542
c1c2c(n(CC(Nc3sc(C(C)C)nn3)=O)c1)cc(Cl)cc2,MOSES sample,5543
O=C1CCc2c1cccc2OCC(=O)Nc1ccccc1CC,MOSES sample,5544
c1(c(nccn1)C#N)Sc1oc(-c2noc(c2)C)nn1,MOSES sample,5545
c1cc(OC(C(N2Cc3c(C(C2)O)cccc3)=O)C)ccc1F,MOSES sample,5546
N(C(=O)C1CCCC1)CCc1nc(Nc2ncccn2)sc1,MOSES sample,5547
C=CCN1CCN(CC1)C(=O)COc1ccccc1,MOSES sample,5548
c1(C)nc(sc1)NC(=O)C1CCC(N(c2cc(ccc2)C)C1)=O,MOSES sample,5549
COCCOCc1cccc(NC(=O)C2CC3CCC2O3)c1,MOSES sample,5550
c1c(S(NCc2c(cccc2)OC)(=O)=O)cn[nH]1,MOSES sample,5551
C(C1CN(C(Nc2ccc(cc2OCC2OCCC2)cc2)=O)C1)O,MOSES sample,5552
CN(CCOc1ccccc1F)C(=O)c1ccc[nH]1,MOSES sample,5553
C(Oc1ccc(cc1)C)CNS(Cc1ccccc1)(=O)=O,MOSES sample,5554
C(C1CCCCN1C(c1ccc(OC)nn1)=O)CNC(=O)C,MOSES sample,5555
c1c(C(N2CCN(c3nc4c(ccc(c4)Cl)o3)CC2)=O)ccnc1,MOSES sample,5556
c1cc(cc(C(NCCN2CCOCC2)=O)c1)COc1cnc(cc1)C,MOSES sample,5557
COc1c(cc(Br)c(C(N2CCOC(C)C2)=O)c1)OC,MOSES sample,5558
FC(CN(CC)c1ccc(cc1N)C(N)=O)(F)F,MOSES sample,5559
C(#N)c1c(OCC(Nc2c(C(=O)OC)cccc2)=O)cccc1,MOSES sample,5560
c1(Br)c(ccc(c1)N)-c1sc(nn1)NC,MOSES sample,5561
c1(nc(nnc1C)SCc1ccccc1)CC,MOSES sample,5562
c1(C(=O)OC)c(scc1)NC(=O)Cn1nc(nc1C)C,MOSES sample,5563
c1c(C)cc(cc1)Oc1nc(ccc1CNC(NCC(F)F)=O)C,MOSES sample,5564
Cc1onc2c(N3CCC(c4nc[nH]c(=O)c4)CC3)ncnc12,MOSES sample,5565
CC(C)CNC(N1CCN(CC1)CC(NCC)=O)=O,MOSES sample,5566
COc1cc(C)c(Cl)cc1n1ccnc1SCC#N,MOSES sample,5567
COc1cc(c(C(=O)NCc2ccc(C(F)(F)F)cc2)cc1)OC,MOSES sample,5568
Cc1cc(Br)cc(C)c1NCC(=O)Nc1cc(C)no1,MOSES sample,5569
c1(ccncc1)C(N1CCCC1c1[nH]c2ccccc2n1)=O,MOSES sample,5570
FC(F)(F)C1CN(C(=O)C2N(CCC2)C(=O)N)CCC1,MOSES sample,5571
c1(c(C)[nH]c(=O)c(C#N)c1)CCC(=O)NCc1cc(ccc1)OC,MOSES sample,5572
C1C2(CN(C(CC2)=O)C2C(C2)C)CCN(C1)C(c1cc(ncc1)N)=O,MOSES sample,5573
c1c(Br)ccc(Br)c1C(NC1CC1)=O,MOSES sample,5574
CC(Cn1ccsc1=NC(=O)CNC(OC)=O)C,MOSES sample,5575
Cn1cc(NS(=O)(=O)c2ccccc2Br)cn1,MOSES sample,5576
c1(C)onc(C)c1CN1C2CCC(N(Cc3ccccn3)C2CC1)=O,MOSES sample,5577
C(C(Nc1n(C)c(n(C)c(c1C#N)=O)=O)CC)C,MOSES sample,5578
c1ccc2c(N(C(CNS(=O)(C)=O)=O)CC2)c1C(F)(F)F,MOSES sample,5579
O(C(C)C)c1ncc(C(Nc2c(c3c(s2)CCCC3)C#N)=O)cc1,MOSES sample,5580
CC(OC)(CNC(Cn1nnnc1C(C)(C)C)=O)C,MOSES sample,5581
[nH]1c(cc(n1)-c1ccco1)C(=O)NC(c1ccc(cc1)NC(N)=O)C,MOSES sample,5582
N1C(C)=C(C(c2sc(cc2)C)NC1=O)C(=O)OC,MOSES sample,5583
c1(cc(c(cc1)-n1c(C)cc(c(C#N)n1)=O)OC)OC,MOSES sample,5584
Brc1cc2nc(ccc2c(N)c1)C(F)(F)F,MOSES sample,5585
C(=O)(N1Cc2sc(nc2CC1)NC(C1OCCC1)=O)c1ncccc1,MOSES sample,5586
Cc1cc(-c2nc(CC(=O)NCc3ccccc3)no2)cc(=O)[nH]1,MOSES sample,5587
C=CCNC(Nc1c(ccc(c1)Cl)OCC(N(C)C)=O)=O,MOSES sample,5588
C(=O)(OCC(=O)N1CCOCC1)c1c(F)cccc1,MOSES sample,5589
C(N1CCOC2(CCC2)C1)c1n2c3c(cccc3)c([nH]c2nn1)=O,MOSES sample,5590
n1(ccnc1-c1nccnc1)CCc1[nH]c(c2c(cccc2)n1)=O,MOSES sample,5591
c1(-c2noc(c2)C(=O)NCCNC(=O)C2CCCC2)c(cccc1)F,MOSES sample,5592
NC(=O)NCc1ccc(NC(=O)c2ccc(F)c(F)c2)cc1,MOSES sample,5593
n12c(ccc(c1)-c1nc(C3C4CC(CC4)C3)on1)nnc2C(F)(F)F,MOSES sample,5594
O=C(Cc1c[nH]c2ncccc12)Nc1ccccc1-n1ccnc1,MOSES sample,5595
c1cc(CC)ccc1NC(=O)COn1nnc2c1cc(Cl)cc2,MOSES sample,5596
C(NCc1ccc(s1)-c1oc(C)cc1)(=O)c1ncccc1,MOSES sample,5597
O=C(c1c(C)nn2cccnc12)N1C2CCC1CC(=O)NC2,MOSES sample,5598
C(C(F)(F)F)C(NC1CN(S(=O)(C)=O)CCC1)=O,MOSES sample,5599
C(C)(NC(=O)c1c(cc(cc1)NC(=O)c1ccco1)Cl)C,MOSES sample,5600
N1(CC(COc2c(F)cccc2OC)O)C(COCC1)C,MOSES sample,5601
C1CCCc2oc(c(C)c12)C(Nc1ccc2[nH]c([nH]c2c1)=O)=O,MOSES sample,5602
COc1cc(COC(=O)C2Cc3cc(F)ccc3O2)ccc1C,MOSES sample,5603
c12cc(cnc1[nH]c(c2)C(=O)C)C(N1c2cc(ccc2CCC1)F)=O,MOSES sample,5604
CCCN(CC1CNc2ccccc2O1)C(C)CC,MOSES sample,5605
C1CCC(C(C(N(C)Cc2nc(on2)C)=O)C)CC1,MOSES sample,5606
CC(N(CC(NC1(CCCC1)C(OCC)=O)=O)C)=O,MOSES sample,5607
Nc1c(NCc2ccccc2)ncnc1N1CCN(CCO)CC1,MOSES sample,5608
CCOc1ccc(F)c(C(=O)Nc2nc(C)cs2)c1F,MOSES sample,5609
C1C2CCCCN2CC(O1)CNC1=NS(=O)(=O)c2c1cccc2,MOSES sample,5610
O=C(CCC1CCCC1)NCC1CN2CCCCC2CO1,MOSES sample,5611
O=C(COc1ccc(F)cc1Cl)NCc1cscn1,MOSES sample,5612
C(NC(c1ccoc1C)=O)c1ccc(c(OCC)c1)O,MOSES sample,5613
CS(N1CCCC1C(=O)NCCCOc1cccc(c1)C)(=O)=O,MOSES sample,5614
C(Cc1ccc(cc1)O)(=O)NCCOc1ccccc1,MOSES sample,5615
C1CN(CC(N)=O)CCN1C(C1CCN(C(N(C)C)=O)CC1)=O,MOSES sample,5616
O=C(Nc1c(c(ccc1)F)N1CCOCC1)C1COCC1,MOSES sample,5617
C(OC)c1ccccc1NC(=O)NCC(=O)NC(C)C,MOSES sample,5618
CC(NC(NC1CCCN(C1=O)c1c(F)cccc1)=O)C,MOSES sample,5619
Cc1ccccc1CC(=O)Nc1ccc(Cn2cncn2)cc1,MOSES sample,5620
CC(=O)N1CCN(C(=O)c2ccc3c(c2)OCO3)CC1,MOSES sample,5621
n1c(C(N2CC=C(CC2)c2ccc(OC)cc2)=O)ccc(=O)n1CC,MOSES sample,5622
CCc1n[nH]c(SC(C)C(=O)Nc2ccc(F)cc2)n1,MOSES sample,5623
c1c(CNC(=O)c2nnc(o2)C2CCC2)c(ccc1)C,MOSES sample,5624
c1(noc(C)c1)NC(=O)NCc1cc(ccc1)C(=O)NC(CC)C,MOSES sample,5625
S(CC(=O)OCC(C)C)c1sc(NC(C)=O)nn1,MOSES sample,5626
C(C(=O)NCC(OCC)=O)n1c2ccccc2nc1CO,MOSES sample,5627
s1c(C)ccc1CNC(=O)C1CN(C(=O)C1)c1ccccc1OC,MOSES sample,5628
n1(cnc2n(C)ncc2c1=O)CC(=O)Oc1c(cc(Cl)cc1)C,MOSES sample,5629
COc1ccc(CNC(=O)C(C)(C)C)cc1OC,MOSES sample,5630
Fc1c(cc(-c2ccc(cc2)S(=O)(N)=O)cc1)OC,MOSES sample,5631
c1scc(c1)CC(=O)Nc1cccc(c1)Br,MOSES sample,5632
CC1CN(C2CCN(C(=O)NCCCn3cncn3)CC2)CCO1,MOSES sample,5633
c1c(occ1)-c1n(-c2ccc3c(c2)nccn3)ncc1,MOSES sample,5634
c1(CNC(=O)c2c(c3c(cccc3)o2)C)ccc(cc1)NC(=O)N,MOSES sample,5635
n1ccc(c(F)c1)C(=O)Nc1nc2c(cc(cc2)C)s1,MOSES sample,5636
c1(ccc(OC)c(c1)S(=O)(NCc1cccnc1)=O)NC(=O)C,MOSES sample,5637
Cc1csc(CCNC(=O)c2ccc(Br)cc2)n1,MOSES sample,5638
n1c2sc(nn2c(c(c1COC(=O)COC)C)=O)C1CCCC1,MOSES sample,5639
O=C(c1[nH]c(C)c(c1C)C(=O)OCC)CNc1c(cccc1)C,MOSES sample,5640
O=C(NCc1ccncc1)C1CC12CCN(C(=O)NC1CCCC1)C2,MOSES sample,5641
Fc1ccc(F)cc1CNCc1ncc(-c2cccnc2)s1,MOSES sample,5642
Cc1cc(c(OC)c(c1)C)C(CC1(O)c2cc(Cl)ccc2NC1=O)=O,MOSES sample,5643
c1cc(ccc1F)CN(C(=O)c1cscn1)C1CC1,MOSES sample,5644
Cc1n[nH]c(C)c1CCC(=O)NC(c1ccccc1)c1ccncc1,MOSES sample,5645
c1(ccc(C(C)C)cc1)S(N(C)CC(NC)=O)(=O)=O,MOSES sample,5646
c1(c2c(CCC2)n(C(C)C)n1)C(Nc1ncc(N(C)C)cc1)=O,MOSES sample,5647
CCN(CC(=O)NCc1ccc(F)cc1)C(=O)c1ccsc1,MOSES sample,5648
c1ncn(c1)Cc1ccc(CNC(=O)c2cc(F)ccc2F)cc1,MOSES sample,5649
c1cc(ccc1-c1c(cno1)C(=O)C)S(=O)(C)=O,MOSES sample,5650
N(C(c1ccccc1)C(=O)Nc1nccs1)C(c1ccco1)=O,MOSES sample,5651
c1(C(C)N(Cc2ccc(C)cc2)C)nc2c(c(=O)[nH]c(=O)n2C)[nH]1,MOSES sample,5652
CCC1Oc2ccc(N)cc2N(CC(=O)OC(C)C)C1=O,MOSES sample,5653
CN(CC(O)C1CC1)C(=O)c1ccc(-c2ccco2)[nH]c1=O,MOSES sample,5654
C(N1C(=O)C2C(C2)CN(Cc2cccs2)C1C)c1ccncc1,MOSES sample,5655
CN(C)C(=O)c1ccc(CNC(N2CCC(CC(N)=O)CC2)=O)cc1,MOSES sample,5656
C(NC(=O)c1[nH]nc2c1CCCC2)c1nc(sc1C)C,MOSES sample,5657
c1(C(C)C)ccccc1N1CC(CCC1)N1CCCC1=O,MOSES sample,5658
c1nn(c(c1)CN(C)S(=O)(N1CCC(C(C)(C)C)CC1)=O)C,MOSES sample,5659
Cc1cc(C(=O)OCC(=O)NCCc2ccccc2)c(C)o1,MOSES sample,5660
c1cc(OC(F)F)ccc1NC(=O)NCCC(N1CCCC1)=O,MOSES sample,5661
COc1cc(C)ccc1OCC(=O)Nc1cc[nH]n1,MOSES sample,5662
c1c(ccc(c1)C(=O)CCC(=O)NCC1CC1)CC,MOSES sample,5663
C(C(Nc1c(C(NCCO)=O)cccc1)=O)C(C)C,MOSES sample,5664
c1ccccc1C1(C(=O)OCC(=O)NC)c2ccccc2N(C1=O)C,MOSES sample,5665
O(c1cccc(c1)CNC(N1CCOCC1)=O)Cc1cc1cccc1,MOSES sample,5666
C(=O)(C1CN(c2ccccc2C(N2CC3CCC2C3)=O)C(C1)=O)OC,MOSES sample,5667
N(C(CNC(=O)OC(C)(C)C)=O)Cc1ccncc1,MOSES sample,5668
N1(C(=O)C)CCN(CC1)CCOc1c2c(cccc2)ccc1,MOSES sample,5669
C1CN(C(CCC1)c1nn(C)cc1Cl)C(Cc1cccs1)=O,MOSES sample,5670
c1cc(CNC(=O)N)ccc1C(Nc1ccccc1)=O,MOSES sample,5671
N1CCN(CC1)C(C(Sc1nccn1C)C)=O,MOSES sample,5672
CCc1ccccc1OCC(=O)NCc1cccnc1N1CCOCC1,MOSES sample,5673
Cc1csc(C(C#N)C(=O)COc2ccc3ccccc3c2)n1,MOSES sample,5674
Cc1cnc(NC(=O)CSc2nncn2-c2ccccc2C)s1,MOSES sample,5675
CC(C)CCCC1CN(C(=O)c2cc(C3CC3)on2)CCO1,MOSES sample,5676
n1c2c(c(no2)C(=O)OCC)c(N)nc1SCc1ccccc1,MOSES sample,5677
n1(c(=O)c2c(cn1)nccc2)CC(N(C)C1CCCCC1)=O,MOSES sample,5678
C1C(CCN(C(OC)=O)C1)NC(C1(CCCC1)C#N)=O,MOSES sample,5679
c1(=O)cc2nc(cc(n2[nH]1)C)-c1ccc(OC)c(SC)c1,MOSES sample,5680
COC(=O)C1CCN(C(=O)C(C)Oc2cccc(Cl)c2)CC1,MOSES sample,5681
C=CCCCN(C(=O)c1cnc2ccccn2c1=O)c1ccccc1,MOSES sample,5682
Fc1ccc2c(c1)c(CCNC(N1CC(OCC1)(C)C)=O)c[nH]2,MOSES sample,5683
Cc1ccc2ncc(C(=O)NCCNC(=O)C(C)C)n2c1,MOSES sample,5684
Cc1ccc(NC(=O)CC2(Cn3cnnn3)CCCCC2)nc1,MOSES sample,5685
c1(c(NC(=O)COc2ccccc2C#N)cccc1)CC,MOSES sample,5686
COC(=O)c1ccc(NC(=O)Cn2c(C)cc(C)c(C#N)c2=O)cc1,MOSES sample,5687
C(C)(C(=O)NC1CCC(CC1)CC)OCCOC,MOSES sample,5688
COCCNC(C(C(C)C)NC(=O)c1nn2ccccc2n1)=O,MOSES sample,5689
Cc1ccc(OCC(=O)N2CCOCC2CC(C)C)cc1,MOSES sample,5690
C(C)(=O)c1ccccc1NC(=O)C(OC(c1nccnc1)=O)C,MOSES sample,5691
CNC(=O)c1ccccc1OS(c1ccc(cc1)OC)(=O)=O,MOSES sample,5692
O=C(NC(C1CC1)C1CC1)c1ccc(Cl)cc1,MOSES sample,5693
Cc1cc(C)n(CC(=O)Nc2ccccc2N2CCCCCC2)n1,MOSES sample,5694
C(CN(C(=O)Nc1ccc(cc1)C(C)=O)CC1CCCO1)CC,MOSES sample,5695
O=C(c1ccc(=O)[nH]c1)N1CC=C(c2ccccc2Cl)CC1,MOSES sample,5696
O=C(Nc1ccc(Br)cn1)c1ccc(F)cc1F,MOSES sample,5697
COc1ccc(Cl)cc1N(C)C(=O)Cn1nc(C)ccc1=O,MOSES sample,5698
C1C(N(C(=O)Nc2ccc(c(F)c2)OC(F)F)C)C1,MOSES sample,5699
C(c1ccco1)(C1CCCCC1)NC(=O)c1cnc(C)cc1,MOSES sample,5700
c1ccsc1-c1nc2n(nc(s2)CC)c1CO,MOSES sample,5701
c1(-c2ccccc2)nnc(C(=O)NCc2ccco2)o1,MOSES sample,5702
CCCC(=O)N1CCC(C(=O)NCCCn2nc(C)cc2C)CC1,MOSES sample,5703
COc1cccc(-c2ccc(C(=O)N(C)CC3CC3)c(=O)[nH]2)c1,MOSES sample,5704
Cc1nc2c(c(=O)n1C)CCN(S(=O)(=O)c1cc(F)cc(F)c1)C2,MOSES sample,5705
S(C(C(Nc1cc(NC(C)=O)ccc1)=O)C)(=O)(=O)c1ccccc1,MOSES sample,5706
C(NCC(C)C)(COc1ccc(C(=O)NC2CC2)cc1)=O,MOSES sample,5707
c1ccnc(N)c1Cn1c(nc2cccc(F)c21)CO,MOSES sample,5708
c1c(cc(C)c(c1)OCCCC(Nc1sc(cn1)C)=O)C,MOSES sample,5709
N(C1c2cc(cc(c2OCC1)C)C(O)C)C(=O)CC,MOSES sample,5710
n1c(Nc2nc3c(cccc3)c([nH]2)=O)nc(cc1CC)C,MOSES sample,5711
C1N(CC(C(=O)N)OC1)Cc1nc2c(cccc2F)[nH]1,MOSES sample,5712
c1(CNC(=O)C2CN(C(=O)OCC)CCC2)ccncc1,MOSES sample,5713
Cc1ccnc(NC(=O)C2CCN(c3cc(F)cc(F)c3)C2=O)c1,MOSES sample,5714
c1cc(C(=O)N(CC)C2CC2)ccc1NC(=O)NCC1CCOC1,MOSES sample,5715
C(=O)(NCC1CN(C1)C(=O)OC(C)(C)C)OC(C)(C)C,MOSES sample,5716
c1(C)ccccc1NC(=O)CCn1ncc(c1)Br,MOSES sample,5717
c1nccc(c1)CNC(C(CC)CC1CCCCC1)=O,MOSES sample,5718
c1c2sc(nc2ccc1)NCC1CN(CCO1)C,MOSES sample,5719
c1(cccc(OC)c1F)C(NCc1nccc(N2CCOCC2)n1)=O,MOSES sample,5720
N(c1cc(C#N)c(F)cc1)CC(=O)N(C)Cc1ccccc1,MOSES sample,5721
c1c2c(cccc2)c(C(OCc2onc(n2)C)=O)cc1,MOSES sample,5722
CCC(C)NC(=O)CCc1ncS(=O)(=O)N2CCCCC2,MOSES sample,5723
CN(c1cn(C(N(C)c2ccccc2)=O)c(=O)cc1)C,MOSES sample,5724
CC(C)(C(=O)Nc1ccccc1)n1nnc2ccccc2c1=O,MOSES sample,5725
c1(cc(OCC)c(cc1)C)NC(=O)c1c(ncs1)C1CC1,MOSES sample,5726
Cc1cc(C)cc(NC(=O)COC(=O)Cc2c(C)noc2C)c1,MOSES sample,5727
NC(c1c(OC)cc(s1)-c1c(C)cccc1)=O,MOSES sample,5728
c1(c(cc(cc1)C1NCCc2c(O)ccc(F)c21)O)Cl,MOSES sample,5729
CC(NC(=O)Cc1ccc(Br)cc1)c1ccco1,MOSES sample,5730
CC(=O)N1CCC(C(NC2C(Oc3c2cc(C)cc3C)C)=O)CC1,MOSES sample,5731
C#CCOc1ccc(CN(C)C(=O)c2cnn(CC)c2)cc1,MOSES sample,5732
O=C(Cc1ccc(F)cc1F)Nc1ccc(F)cc1OCC1CC1,MOSES sample,5733
c1c(OC)c(ccc1C(N(C(=O)CNC(=O)NC)C)C)OC,MOSES sample,5734
Cc1cnn(CC2CCCCN2Cc2nnc(C3CC3)o2)c1,MOSES sample,5735
c1(NC(=O)CCOC(C)C)ccc(cc1OC)N,MOSES sample,5736
n1(C)cncc1COC(c1cc(OC2CCC2)ncc1)=O,MOSES sample,5737
O=S(=O)(CCN1CCCn2ncnc21)c1ccccc1,MOSES sample,5738
Cc1nn(C)c(C)c1CNC(=O)c1c(F)cccc1F,MOSES sample,5739
s1cccc1CC(=O)N1CC(Nc2c1c(ccc2)C)=O,MOSES sample,5740
N(c1ccc(-c2nc3c(scc3)c([nH]2)=O)cc1)C(C)=O,MOSES sample,5741
C(Nc1ccc(OC(F)(F)F)cc1)(CSc1nc(C)n[nH]1)=O,MOSES sample,5742
c1cc(C(NCC(=O)OCC(Nc2ccc(C)cc2)=O)=O)c(F)cc1,MOSES sample,5743
n1cc(C(C)NS(c2ccc(OCC)cc2)(=O)=O)ccc1,MOSES sample,5744
c1(C(=O)Nc2cc(ccn2)OC)ccn(C2CCCC2)n1,MOSES sample,5745
N(c1nnc(SCCCC#N)s1)C(C1CCC1)=O,MOSES sample,5746
CCOc1cc(cnc1N(CC(=O)N)C(C)C)Br,MOSES sample,5747
c1cccc(c1)-c1nc(on1)C(NC(C(OCC)=O)C)=O,MOSES sample,5748
O1CCN(c2ncc3CC(OCc3n2)(C)C)CC1,MOSES sample,5749
c1(NC(c2nc3c(c(=O)n(C)c(=O)n3C)cc2)=O)c(F)cccc1,MOSES sample,5750
C(Cn1c(c2scc(-c3ccccc3C)c2nc1)=O)#N,MOSES sample,5751
C1Oc2cc(C(O)CNC(c3cccnc3)=O)ccc2O1,MOSES sample,5752
c1n(nc(C)c1)CC(NCCCC(=O)N1CC2C(C1)C=CC2)=O,MOSES sample,5753
C(=O)(Nc1cccc(c1)Cn1ccnc1C(C)C)NCCCO,MOSES sample,5754
c1(c(oc(c1)-c1ccc(cc1)OC)C)C(=O)OC(C(=O)N)C,MOSES sample,5755
c1cc(CNC(c2c(c(ns2)C(NC)=O)N)=O)oc1,MOSES sample,5756
c1(cc(F)cc(NCC(N2CC(CCC2)C)=O)c1)F,MOSES sample,5757
N#CCCN1CCN(S(=O)(=O)c2ccccc2Cl)CC1,MOSES sample,5758
c1c(cn(Cc2ccccc2)n1)C(N1CC(OCC1)CCC)=O,MOSES sample,5759
c1cc(ccc1OCC)OC(Cc1c(=O)[nH]c(C)nc1C)=O,MOSES sample,5760
c1cccc2c1C(NC(COCc1onc(n1)C)=O)C(C)C2,MOSES sample,5761
C1N(CC(OC1)c1nc(C(C)C)on1)C(C1CC(=O)N(CC)C1)=O,MOSES sample,5762
C(NC(=O)c1ccccc1OC)CNC(=O)Cc1c(C)onc1C,MOSES sample,5763
CCC(C)NC(=O)c1cccc(C(=O)NC(C)(C)C)c1,MOSES sample,5764
c1cc(ccc1F)C(C)OC(CCNC(C(C)(C)C)=O)=O,MOSES sample,5765
c1(c(C(=O)OC)ccc(c1)-c1cc(c(c(c1)OC)OC)OCC)N,MOSES sample,5766
O=C1NCCCc2nc(-c3ccc(-c4ccco4)cc3)sc21,MOSES sample,5767
CC(c1ccccn1)N(C)C(=O)C1COc2ccc(F)cc2C1,MOSES sample,5768
N(c1ncccc1C#N)CC1(c2ccccc2)CCOCC1,MOSES sample,5769
c1cc(OC)ncc1N(C)C(c1cc(C(F)(F)F)cc(c1)F)=O,MOSES sample,5770
c1cc(ccc1-c1cc(C(=O)NCCCN2CCOCC2)n[nH]1)Cl,MOSES sample,5771
CCc1nsc(N2CCCN(Cc3c[nH]nc3C)CC2)n1,MOSES sample,5772
C(#N)C(NCC(F)(F)F)c1ccc(Cl)cc1,MOSES sample,5773
n1ccc(cc1)NC(=O)NCCCC1C(O)CCCC1,MOSES sample,5774
c1(NC(=O)c2ccc(cc2)CN2CC(OC(C)C2)C)ccc(nc1)OC,MOSES sample,5775
C1N(C(=O)CCCc2ccc(Cl)cc2)CCOC1,MOSES sample,5776
C(C)(=O)c1ccc(NC(=O)CSc2ccncc2)cc1,MOSES sample,5777
Cc1cc(CN(C)CC(O)c2ccc(F)cc2F)no1,MOSES sample,5778
CC(C(=O)NCC=C)N1c2c(cc3c(c2)CCC(N3)=O)OC(C)(C1)C,MOSES sample,5779
c1c(CNC(=O)CCc2nc(C)no2)cc(c(OC(C)C)n1)Cl,MOSES sample,5780
C1CC1N(C(c1c(sc(C)n1)C)=O)Cc1cc(F)ccc1,MOSES sample,5781
Cc1cc(CN(C)C(=O)NCCN(C)c2ccccc2)no1,MOSES sample,5782
c1cccc(c1C(=O)N1CCC(Oc2ccc(F)cc2)CC1)F,MOSES sample,5783
COc1ccc(NC(=O)C(C)Oc2ccccc2N)cc1,MOSES sample,5784
n1cn(cc1)-c1ncnc(c1N)Oc1ccccc1OC,MOSES sample,5785
CC(C)C(C)N(C(=O)CCn1cncn1)C1CC1,MOSES sample,5786
c1(ccc(C)o1)CN(C)C(CSc1ccc(cc1)O)=O,MOSES sample,5787
C(CNc1cc(NC(OC)=O)ccc1)(NCc1ccc(C)cc1)=O,MOSES sample,5788
C1(CC1)C(N1CCN(CC1)c1ccc(F)cc1)=O,MOSES sample,5789
CCCCNC(Nc1cccc(c1)NC(CC)=O)=O,MOSES sample,5790
c12cc3CCCc3cc2cc(C(=O)Nc2ccc(cc2)F)c(=O)o1,MOSES sample,5791
Nc1cc(Cl)ccc1C(=O)Nc1ccc2c(c1)CCC2,MOSES sample,5792
COc1ccccc1CC(=O)Nc1ccccc1C(=O)N1CCCC1,MOSES sample,5793
CCN(c1ccc(C(=O)NCC2CN3CCCCC3CO2)cc1)CC,MOSES sample,5794
COc1cc(-c2noc(-c3ccoc3C)n2)ccn1,MOSES sample,5795
CC(NC(=O)c1ccccc1)C(=O)N1CCN(C(C)(C)C)CC1,MOSES sample,5796
c1cc2c(c(CC(=O)Nc3ccc(c(c3)C)C(C)=O)c[nH]2)cc1F,MOSES sample,5797
c1cccc2cc(C(=O)NCC(NCCC(C)C)=O)oc(c21)=O,MOSES sample,5798
Cc1ccccc1C(=O)NC(C)c1nc2ccccc2n1C,MOSES sample,5799
CCOC(=O)C(C)NC(=O)C1(C)Cc2ccccc2C(=O)O1,MOSES sample,5800
n1c(sc(NC(NC(C)c2cnn(c2C)C)=O)n1)CC(C)C,MOSES sample,5801
Cc1cccc(C(=O)N2CCCC(C(=O)Nc3ccccn3)C2)n1,MOSES sample,5802
C1Oc2cc(NC(=O)Cc3noc(n3)CCCC)ccc2O1,MOSES sample,5803
N1(c2cccc(c2)NC(NCc2ccc(C)cc2)=O)CCCC1=O,MOSES sample,5804
CC(C)(C)NC(=O)CN(c1cccc(c1)Cl)S(=O)(C)=O,MOSES sample,5805
n1c(sc(n1)NC(=O)c1c(cc(Cl)cc1)Cl)COC,MOSES sample,5806
CS(=O)(=O)NC1CCN(C(=O)C2CCCOC2)C1,MOSES sample,5807
Brc1c(ccc(C(=O)NC)c1)OC(C)C(=O)N(C)C,MOSES sample,5808
c1(occc1)C(=O)N1CC(C(N(CCCC)CC)=O)CCC1C,MOSES sample,5809
c1cc2C(OCCc2cc1)CC(Nc1ccccc1-n1cnnn1)=O,MOSES sample,5810
O=S(NCc1ccc2c(c1)CCC2)(c1cnccc1)=O,MOSES sample,5811
C(NC(Nc1cc(OC)ccc1F)=O)C(=O)OCc1ccccc1,MOSES sample,5812
COCc1cc(N(C)Cc2cnn(C)c2)ncn1,MOSES sample,5813
CC(C)(C)NC(=O)CN(S(=O)(=O)C)c1ccc2OCCOc2c1,MOSES sample,5814
c1c(cc(cc1)C)-n1nc(-c2ccc(F)cc2)c(c1)CO,MOSES sample,5815
CC(=O)Nc1cccc(C(=O)N(C)C2(C#N)CCC2)c1,MOSES sample,5816
Brc1cccc(Cc2nccn2CC#N)c1,MOSES sample,5817
O=C(N)c1c(N)n(C)nc1S(=O)(c1ccc(cc1)C)=O,MOSES sample,5818
c1([nH]c(cc1C(=O)CSc1oc(nn1)CC)C)C,MOSES sample,5819
Cc1nccc(CNc2ccc(Cl)cc2C(O)C)n1,MOSES sample,5820
n1c(Nc2cnccc2)nc(cc1C1CN(C(=O)CO)CC1)CC,MOSES sample,5821
c1(C(N)=O)cccc(c1)CNC(=O)c1cc(ccc1)Cl,MOSES sample,5822
N(Cc1cc(ccc1)OC)C(=O)C1CCN(CC1)C(C(C)(C)C)=O,MOSES sample,5823
c1(ccc2c(OCCO2)c1)NC(=O)c1cc(cc(F)c1)F,MOSES sample,5824
C(CNc1ncccn1)CN(C)c1oc2c(n1)cccc2,MOSES sample,5825
N1(CCN(C(N(CC)CC)=O)CC1)c1ccccc1,MOSES sample,5826
C1N(CCN(C1)S(=O)(C)=O)c1ncnc(c1N)NC(C)CC,MOSES sample,5827
Cc1cc(C)c(CNC(=O)c2c[nH]nc2-c2ccccc2)c(=O)[nH]1,MOSES sample,5828
n1nnc2ccc(N3CCN(c4ncccn4)CC3)nn12,MOSES sample,5829
Fc1ccc2CN(C(=O)Nc3ccc(CC(N(C)C)=O)cc3)CCc2c1,MOSES sample,5830
Cc1c(NCC(=O)Nc2ccc(CC#N)cc2)cccc1-n1cnnn1,MOSES sample,5831
N1(c2c(cc(cc2)N)OC(C1=O)C)CC(N(CC)CC)=O,MOSES sample,5832
Fc1cccc(-c2ncc(CNc3ncc(F)cn3)cn2)c1F,MOSES sample,5833
C(c1cc(ccc1)NC(Cc1ccc(c(c1)OC)C)=O)O,MOSES sample,5834
c1cc(c(cc1CC(=O)N(Cc1cccnc1)CCC#N)Cl)OC,MOSES sample,5835
Cc1ccc(CNC(=O)NCC(=O)N2CCC(C)CC2)cc1,MOSES sample,5836
c1(cccc(COc2cc(ccc2)N)c1)S(=O)(=O)N(C)C,MOSES sample,5837
N(c1cccc(OCCCC#N)c1)C(=O)c1c[nH]c(cc1)=O,MOSES sample,5838
C1CCCc2c1onc2C(=O)NCc1cnn(-c2ccccc2)c1,MOSES sample,5839
CC(C)(C)OC(=O)N(CCNC(=O)NC1CCCC1)C1CC1,MOSES sample,5840
c1c2nc([nH]c(c2cc(C(=O)NC(C2CC2)(C)C)c1)=O)C1CCC1,MOSES sample,5841
c1(-c2cc3c([nH]2)cccc3)n[nH]c(COc2c(cccc2)OC)n1,MOSES sample,5842
COC(C)(C)c1noc(-c2cccc(OCC(N)=O)c2)n1,MOSES sample,5843
c1(C)c(nc2c(c(C)nn2C)c1C(=O)OCCC)C,MOSES sample,5844
c1cc(C2(C(=O)N3CCC(c4nncn4CC)CC3)CCC2)ccc1,MOSES sample,5845
CCCCC(=O)Nn1c(CCC)nc2ccccc2c1=O,MOSES sample,5846
C(F)(F)(c1oc(COc2c(OC)cc(cc2)C#N)nn1)F,MOSES sample,5847
c1(C)cc(c2c(n(nc2)CCC(NCCc2cnccc2)=O)n1)C,MOSES sample,5848
N1(CCN(C(C(=O)N)C)CC1)CC(O)COCC,MOSES sample,5849
c1c(cncc1)NC(Nc1cc(ccc1)COC(C)C)=O,MOSES sample,5850
c1c(NC(C(OCC)CC)=O)cc(-n2cnnn2)cc1,MOSES sample,5851
C1C2(O)CC3CC1CC(C(=O)Nc1ccc(cc1)Cc1nc[nH]n1)(C3)C2,MOSES sample,5852
c1ccc(CN2CCN(CC2)c2cc(OC)nc(n2)N)c(c1)OC,MOSES sample,5853
c1(C)ccc(-n2c(NC(=O)c3cc(C)on3)cc(n2)C)cc1,MOSES sample,5854
C1C2(OCC1OCC)CCCN(C2)C(C1COCC1)=O,MOSES sample,5855
CC(CCOCCNC(Nc1nnc(C)s1)=O)C,MOSES sample,5856
n1n(cc(C(=O)NCCCOC(C)c2ccccc2)n1)C,MOSES sample,5857
c1ccsc1CCNC(c1c(=O)[nH]c2CCCc2c1)=O,MOSES sample,5858
s1c2c(c(Br)ccc2N)c(n1)C(=O)N,MOSES sample,5859
CCN(CC)C(=O)C1CCN(C(=O)C2(C#N)CCCC2)CC1,MOSES sample,5860
[nH]1c(C(N)=O)cc(C(OC(Cn2ncc(c2)C)C)=O)n1,MOSES sample,5861
c1(C(=O)N2CCC3(C2)CC(N(C3)c2cnccc2)=O)cnccn1,MOSES sample,5862
n1(c(SC(C)C(Nc2ccc(C#N)cc2)=O)nnc1N)C(C)C,MOSES sample,5863
C1CN(Cc2cc(=O)n3c(sc(c3)C)n2)CCO1,MOSES sample,5864
COC(=O)CCNC(=O)c1cc(S(=O)(=O)N(C)C)ccc1F,MOSES sample,5865
C(Oc1cccnc1)C1Cn2nccc2CN(Cc2cnccc2)C1,MOSES sample,5866
O=S(N1CCC(CC1)Oc1ccccc1)(=O)CCC,MOSES sample,5867
Cc1noc(C)c1CSc1n(nnn1)-c1ccc(OC)cc1,MOSES sample,5868
O=C(NC1COCCC1)c1cnc(N(C)C)nc1N,MOSES sample,5869
C(NC(N1Cc2c(cc(cc2)F)CC1)=O)c1cc(ccc1)C(NC)=O,MOSES sample,5870
C1(Cc2ccc(OC)cc2)CN(C(=O)CNC(C)=O)CCC1,MOSES sample,5871
c1c(OC)ccc(c1)C(C(Sc1nc2ccsc2c(=O)[nH]1)(C)C)=O,MOSES sample,5872
c1c(NC(CSc2oc3ccccc3n2)=O)ccc(NC(C)=O)c1,MOSES sample,5873
C(Cc1cc(C)ccc1)C(N1CCCc2c1cccc2C(=O)N)=O,MOSES sample,5874
C(COc1ccc(cc1)C#N)Sc1nnc(n1CC)-c1occc1,MOSES sample,5875
n1cccnc1N1CCN(CC(=O)c2cc3OCCOc3cc2)CC1,MOSES sample,5876
s1c(C2CCCCN2C(Cc2cccs2)=O)nc(C)c1,MOSES sample,5877
COc1cccc(C(C#N)NCc2cccc(OC)c2)c1,MOSES sample,5878
c12n([nH]c(=O)c1cc(cn2)C(=O)Oc1c(C)cc(Cl)cc1)C,MOSES sample,5879
N1(CCC(C(=O)N2CCCC2)CC1)C(=O)NCc1ccco1,MOSES sample,5880
NC(=O)c1ccc(C2CN(C(=O)c3cc[nH]n3)CCO2)nc1,MOSES sample,5881
COCCn1c(C)cc(C(=O)CN2CCOC(C(F)(F)F)C2)c1C,MOSES sample,5882
C(Nc1cccc(C(NC2CC2)=O)c1)(=O)CCc1c[nH]c2c1cccc2,MOSES sample,5883
CCOC(=O)Nc1ccc(S(=O)(=O)N2CCCCC2)cc1,MOSES sample,5884
[nH]1c(NS(=O)(=O)c2cnc3n(C)nc(C)c3c2)cc(C)n1,MOSES sample,5885
c1(O)cc(NC(=O)CNS(=O)(CCCC)=O)ccc1,MOSES sample,5886
C(C)C(N(S(=O)(=O)c1ccc(C(=O)C)cc1)Cc1cn(nc1)C)C,MOSES sample,5887
N(C(=O)c1ccc(NCC(O)c2cc3CCOc3cc2)nc1)(C)C,MOSES sample,5888
c12c(nc(C(NCC(C)C)=O)n2C(C)(C)C)cccc1,MOSES sample,5889
c1cc(ccc1)-c1ccc(n(n1)C(C)C(NCC(NCC)=O)=O)=O,MOSES sample,5890
CNC(=O)c1ccc(NC(=O)COC2CCCCC2)cc1Cl,MOSES sample,5891
N(C(c1ccc(c(c1)OC)OC)=O)CCNC(C1CC1C)=O,MOSES sample,5892
Nc1oc(-c2ccncc2)cc1C(=O)c1cscn1,MOSES sample,5893
Nc1nnc2n1nc(s2)CCCOc1ccc(CC)cc1,MOSES sample,5894
O=C(CNC(NC)=O)N1CCC(CC1)Oc1ccc(F)cc1,MOSES sample,5895
c1(ccc(NC(NCCOCC(C)C)=O)cc1C(=O)N)F,MOSES sample,5896
O=C(c1c(C)cc(=O)oc1C)c1c(cc(F)cc1)F,MOSES sample,5897
C1(CCC1)C(NCc1ccc(cc1)S(=O)(=O)N)=O,MOSES sample,5898
COCC(C)NC(=O)Nc1sc(C(C)(C)C)nn1,MOSES sample,5899
Cc1ccc(-c2n[nH]c(NC(=O)C3CC3c3ccccc3F)n2)o1,MOSES sample,5900
c1ccccc1NC(CSc1nc(c(C)n1CC(C)C)C)=O,MOSES sample,5901
o1cc(C(N2CCCC2Cn2ccnc2)=O)c2ccccc12,MOSES sample,5902
CC(C)CC(C)N(C)S(=O)(=O)N1CCC(O)CC1,MOSES sample,5903
c1(C(OCCCc2nc(C)ccc2)=O)sc(-c2ccco2)nc1C,MOSES sample,5904
c1c2c(CCCN2C(=O)c2ccc(Cl)c(c2)N)ccc1,MOSES sample,5905
Cc1ccc(NC(=O)c2ccnc(SC)c2)cc1F,MOSES sample,5906
O=C(c1csc(-c2cocc2)n1)NCCCCc1ccccn1,MOSES sample,5907
Fc1ccc(CC(C(=O)N2CCOCC2)n2cccc2)cc1,MOSES sample,5908
C(=O)(Nc1ccc(c(C)c1)C(N(C)C)=O)CCCC(NC(C)C)=O,MOSES sample,5909
O=C(NC(c1ccc(cc1)F)C)C1CCCN1C(=O)OC(C)(C)C,MOSES sample,5910
c12[nH]cc(CC(N(C)Cc3sccn3)=O)c1ccc(Cl)c2,MOSES sample,5911
c1(NC(=O)c2nc(ccc2)-n2cccn2)c(-n2cccn2)ccc(c1)F,MOSES sample,5912
CN1C(=O)COc2cc(NCc3ccccn3)c(Cl)cc21,MOSES sample,5913
O(c1cc(ccc1CNc1nnc(o1)C1CCC1)F)C,MOSES sample,5914
COc1ccc(OC)c(NC(=O)c2cn(Cc3ccc(C)cc3)nn2)c1,MOSES sample,5915
c1(nn(cc1C(NC(Cn1cncn1)C)=O)CC)C(C)C,MOSES sample,5916
Cn1cc(S(=O)(=O)NC2CCc3c(F)cccc32)cn1,MOSES sample,5917
C1CN(C(CNC(CC(CC)c2ccc(cc2)C)=O)C)CCO1,MOSES sample,5918
CCOc1cccc(NC(=O)Cc2c(C)noc2C)c1,MOSES sample,5919
c1ccccc1C(=O)Nc1ccc(cc1)-n1c(C)ncc1,MOSES sample,5920
C(N(CCc1nccnc1)CC)(C1(CC1)c1ccc(F)cc1)=O,MOSES sample,5921
c1(ccc(Br)cn1)NC(CN(C)C(=O)C(C)C)=O,MOSES sample,5922
c1(ccc(-c2nc(no2)-c2ccc(nn2)C)cn1)Sc1ccccc1,MOSES sample,5923
n1oc2c(c1C)c(C)nn(c2=O)CC(=O)Nc1sccn1,MOSES sample,5924
O=C(NC1CC1)c1cnc(OCC(F)(F)F)c(Cl)c1,MOSES sample,5925
c1nn(CCCNC(=O)N2CCOCC2)c2ccc(cc21)Cl,MOSES sample,5926
c12sc(c(c2c(n(cn1)C)=O)C)C(=O)N(CC1CCCCO1)C,MOSES sample,5927
N(C(=O)c1ccncc1F)c1cnc(Oc2ccccc2OC)cc1,MOSES sample,5928
c1cc2N(C)CCN(C(=O)Cc3csc(n3)CC)c2cc1F,MOSES sample,5929
N(C(C)(C)C)C(CNC(NCc1nnn(-c2ccccc2)c1)=O)=O,MOSES sample,5930
Brc1cc(c(nc1)NC(CNC(=O)OC(C)(C)C)=O)C,MOSES sample,5931
C(C(NC(CC)C)=O)Nc1cc(C(N)=O)cc(c1C)F,MOSES sample,5932
c1cccc2c1CCCN2C(=O)COC(C1NC(CNC1)=O)=O,MOSES sample,5933
c1cc(-c2c(C(N(C)CCOCC3CC3)=O)c(on2)C)c(cc1)Cl,MOSES sample,5934
c1c(ccc(F)c1C(=O)NC)NCc1sc2ccccc2c1,MOSES sample,5935
COc1ccccc1C(=O)Nc1c(-n2cnnc2)nn(C)c1C,MOSES sample,5936
CC(C)CNC(c1ccc(cc1)NC(N(C)Cc1ccccc1)=O)=O,MOSES sample,5937
c1(cc(c(OC)cc1)S(=O)(=O)NCC#C)Cl,MOSES sample,5938
Cn1nc(c2c1sc(NCCc1n(ncn1)CC(C)C)n2)C,MOSES sample,5939
CC(O)(c1ccc(F)cc1)CNC(CCn1c(=O)scc1C)=O,MOSES sample,5940
c1ccc(c(NCCO)c1)C(=O)NCC(F)(F)F,MOSES sample,5941
C1(CN(C(CSc2nnc(o2)-c2ccc(OC)cc2)=O)C)CC1,MOSES sample,5942
NC(=O)COC(=O)c1ccc(NC(=O)c2ccccc2Cl)cc1,MOSES sample,5943
O=C(NC(C)c1ccc(c(F)c1)OC)C(C)NC(C)=O,MOSES sample,5944
N(c1ccccc1OC)C(=O)c1ccc(cc1)SC,MOSES sample,5945
c1(cc(c(cc1)O)-c1csc(=O)[nH]1)Br,MOSES sample,5946
C(Sc1ccccc1F)C(=O)N1CCN(C(C2CC2)=O)CC1,MOSES sample,5947
c1c(ccc(c1)F)COc1c(cc(cc1)C#N)OCC,MOSES sample,5948
CC(C)(C)N1CC(C(=O)NCCc2nc(C3CC3)cs2)CC1=O,MOSES sample,5949
C1(OCCCO1)COC(=O)Cc1ccc(cc1)F,MOSES sample,5950
c1(C)c(cc(C)o1)C(NC1COCC1Cc1cc(C)no1)=O,MOSES sample,5951
CC(C)c1cc(C(=O)Oc2ccccc2F)n(C)n1,MOSES sample,5952
O=C(Cn1cc(C#N)c2ccccc12)N(C1c2c(cccc2)CCC1)C,MOSES sample,5953
C(CC(C)C)NC(c1snc(-c2ccccn2)c1N)=O,MOSES sample,5954
c1c(F)cccc1OCc1n[nH]c(n1)-c1ncccc1,MOSES sample,5955
CCC1CCCCN1C(=O)CCc1c(C)nc2nc(C)nn2c1C,MOSES sample,5956
C(NC(=O)c1c(cc(Cl)cc1)OC)c1nc2SCCn2c1,MOSES sample,5957
C(c1nc2c([nH]1)cccc2)CCNC(c1c2c(ccc1)C(=O)CCS2)=O,MOSES sample,5958
CC1CC(=O)Nc2ccc(OC(F)(F)F)cc2O1,MOSES sample,5959
N(c1c2c(c(cn1)Br)cccc2F)C1CC1,MOSES sample,5960
O=S(C)(N(CCOc1ccccc1Cl)c1ccccc1)=O,MOSES sample,5961
c12ccc(nc2cccc1)NC(c1c[nH]c2cccc(F)c12)=O,MOSES sample,5962
c1(c(cnc(N2CCN(CC2)Cc2c(C)nccc2)n1)C(N)=O)C,MOSES sample,5963
c1(c(Cl)c(ccc1)Cl)NCC(NCC1OCCC1)=O,MOSES sample,5964
CC(=O)Nc1ccc(NC(=O)CCc2ccccc2N)cc1,MOSES sample,5965
c1(onc(C)c1-c1cccc(c1)Br)N,MOSES sample,5966
Cc1c(Nc2c(C)n[nH]c(=O)n2)c(C)n(n1)-c1ccc(cc1)C,MOSES sample,5967
n1cc(N2C(C(CC2)O)Cc2ccncc2)ncc1,MOSES sample,5968
CC1(C)N(CCC1)C(=O)c1c(O)ccc(Br)c1,MOSES sample,5969
c1c2C(O)C(N(CCN3CCOCC3)c2c(cc1)C)=O,MOSES sample,5970
c1(ccc(cn1)N(C(=O)Cc1cccc(F)c1)C)OC,MOSES sample,5971
C1CN(CCN1Cc1noc(C)c1)C(=O)Cc1ccc(Cl)cc1,MOSES sample,5972
C(NCC(c1ccncc1)(C)C)(NCCC(N1CCCCC1)=O)=O,MOSES sample,5973
C12N(CC3CC3)C(CCC1(CCN(C2)C(c1c([nH]c(n1)C)C)=O)C)=O,MOSES sample,5974
c12nc(COc3ccccc3)n(c1cccc2)CC(=O)N1CCCCC1,MOSES sample,5975
CNc1ncc(C(=O)N2CCC3(CCCO3)CC2)cn1,MOSES sample,5976
c1c(c(ccc1)OCc1noc(C2CC2)n1)C(N)=O,MOSES sample,5977
n1ccc(cc1)-c1n(c(nn1)SCc1sc2c(n1)cccc2)C,MOSES sample,5978
Cc1cc(C(=O)NC(C(N)=O)C(C)(C)C)c2c(C)noc2n1,MOSES sample,5979
c1cc2ccccc2cc1C(NC(Cn1nnnc1)=O)CCC,MOSES sample,5980
C1CC(C(=O)NCC(NCC2CCCC2)=O)CCN1CC#C,MOSES sample,5981
c1c(ccc(n1)-n1ccnc1)C(=O)Nc1ccnn1C(C)CC,MOSES sample,5982
N(c1c(cc(OC)cc1)OC)C(=O)Nc1ccccc1,MOSES sample,5983
c1(C#N)c(SC(C)C(NCC=C)=O)nc(cc1C)C,MOSES sample,5984
c1(ncccc1)CNC(C(N)=O)c1ccc(cc1)Br,MOSES sample,5985
COc1cccc(Cn2ccnc2C(OC)=O)c1C,MOSES sample,5986
Cn1cc(C(=O)Nc2nnc(Cc3ccc(SC)cc3)o2)cn1,MOSES sample,5987
CCOc1ccccc1NC(=O)Nc1sc(CC)nn1,MOSES sample,5988
COC(=O)c1cc(=O)n(-c2ccc(F)cc2)[nH]1,MOSES sample,5989
Cn1cccc1CN1CCOC(C(=O)NC2CCCCC2)C1,MOSES sample,5990
COC(c1cc(c(cc1)C)NC(=O)CC(C)n1ccc(C)n1)=O,MOSES sample,5991
COC(=O)C(O)(NC(=O)CCc1ccccc1)C(F)(F)F,MOSES sample,5992
C1CC(CCO1)C(=O)N1CCN(CC1)c1nc(C)cc(n1)OCC,MOSES sample,5993
C1CCCCC1n1ccc2[nH]c(=O)c(C(=O)N3CCCCC3)cc2c1=O,MOSES sample,5994
O=C(Cn1cnc(cc1=O)C1CCC1)Nc1ccc(F)cc1C,MOSES sample,5995
c12c(oc(C(C)NC(=O)c3c([nH]ccc3)=O)c1)cccc2,MOSES sample,5996
Cc1c(c(nc(N)n1)C)CC(Nc1cc(ccc1OC)C)=O,MOSES sample,5997
C1n2c(cccc2=O)C2C3(CC(C(=O)OC)=C2C1C3)C,MOSES sample,5998
Cc1cc(C)n2c(=O)n(-c3ccccc3)nc2c1C#N,MOSES sample,5999
c1(Cl)c(cc(S(NCCCCC)(=O)=O)cc1)OC,MOSES sample,6000
c1scc(C(Nc2nnc(Cc3ccc4OCOc4c3)o2)=O)c1,MOSES sample,6001
c1sc2c(c1-c1occc1)c(n(cn2)CCCO)=O,MOSES sample,6002
O=S1(=O)CCCN1CCOc1cccc(F)c1,MOSES sample,6003
Fc1ccc(c(F)c1)C(Nc1ccc(cc1)NC(=O)OC)=O,MOSES sample,6004
N(C(c1cnc(N2CCCC2)cc1)=O)c1ccc(OCC)cc1C,MOSES sample,6005
CC(C)CNC(=O)Nc1ccc(Oc2cccnc2)nc1,MOSES sample,6006
COCCCN1CC2=C(C1=O)C(c1ccccc1)NC(=O)N2,MOSES sample,6007
C(C)N(C(=O)Cc1csc(n1)-c1ccoc1)Cc1noc(n1)C,MOSES sample,6008
C1CN(c2cc(C3CC3)ncn2)CC21CN(C)C(=O)O2,MOSES sample,6009
O=C1CC(c2ccncc2)c2sc(C3CCCO3)nc2N1,MOSES sample,6010
COC(=O)Cn1cc(NC(=O)c2ccc(C)s2)cn1,MOSES sample,6011
c1ncnn1-c1nccc(c1)C(NCCC(c1ccccc1)C)=O,MOSES sample,6012
C(NCCCn1cncc1)(N1Cc2c(cc(cc2)F)CC1)=O,MOSES sample,6013
Cc1ccc(C(=O)NC(C)c2ccc(Cl)cc2Cl)cn1,MOSES sample,6014
c1c(C(=O)N(CC(=O)OCC)CC)cc(c(N)c1)C,MOSES sample,6015
CCOCC(=O)NCC1(c2ccc(F)cc2)CC1,MOSES sample,6016
Brc1ccc(C(=O)N(CCC#N)c2ccccc2)cc1,MOSES sample,6017
c1ccsc1C(C(=O)c1ccc(-n2nnnc2)cc1)C#N,MOSES sample,6018
CC(C)n1ccc2cc(Br)c(N)cc21,MOSES sample,6019
C(c1nn(Cc2c(C)ccc(C)c2C)cc1C#N)OC,MOSES sample,6020
C(C(N(CC)c1sccn1)=O)Cc1onc(n1)-c1ncccc1,MOSES sample,6021
c1c(Cn2c(nnc2SC2CC(OC2=O)C)N)cccc1,MOSES sample,6022
Clc1ccc(-n2ncnc2)c(NC(c2ccccc2)=O)c1,MOSES sample,6023
c1cc2N(C(=O)C(C)C)CCc2cc1NC(c1ccc(cc1)F)=O,MOSES sample,6024
C(C(F)(F)F)OCCOc1c2OC(C)(Cc2ccc1)C,MOSES sample,6025
COc1ccc(Cl)cc1CN1C(=O)CNC(=O)c2ccccc21,MOSES sample,6026
Cc1cccc(C(OCC(NCc2cc(ccc2)C)=O)=O)c1,MOSES sample,6027
C(N1CCN(CC1)C(c1ccc(C)cc1)=O)C(=O)N1CCCCCC1,MOSES sample,6028
Clc1ccc2c(c1)c(c(C(NC1CCC(CC1)C)=O)c[nH]2)=O,MOSES sample,6029
c1(ccc2CCCCc2c1)OC(COCc1nc(C)no1)=O,MOSES sample,6030
CCN(C(=O)c1cnc(CCC)nc1N)c1ccccc1,MOSES sample,6031
c1n(nc(NC(C)=O)c1)-c1c(cccc1)NC(=O)CC1CCCC1,MOSES sample,6032
C(Cc1c(noc1C)C)(=O)Nc1cc(ccc1NC(=O)C)OC,MOSES sample,6033
c1cscc1CN(C(c1ccc(F)cc1)=O)C,MOSES sample,6034
O=C(CC1CC2CN(c3ncccn3)CC2O1)NCc1ccncc1,MOSES sample,6035
O=C(CN1CCN(C(C2CC2)=O)CC1)NC1C(C(C)CCC1)C,MOSES sample,6036
COCn1c(=NC(C)=O)sc2cc(OC)c(OC)cc21,MOSES sample,6037
c1c2C(=O)NC(Nc2ccc1)c1c(C(F)(F)F)cccc1,MOSES sample,6038
NC(=O)NC(CCCC)C(Nc1ccc(cc1)N(C)C(C)=O)=O,MOSES sample,6039
N(C(=O)CSc1n[nH]c(=O)n1CCC)c1cccc(OC)c1,MOSES sample,6040
Cn1c(SCC(Nc2cnccc2)=O)ncc1,MOSES sample,6041
c1(OC)c(OC)c(ccc1)C(=O)OCC(=O)c1c(cc(cc1)O)O,MOSES sample,6042
c1(OC(=O)c2cccc(OC)c2F)c(C)n(nc1C)C,MOSES sample,6043
c12c(OC(CNC(=O)C3C(C3)c3c(OC)cccc3)CO1)cccc2,MOSES sample,6044
c1(onc(C)n1)CN1C(=O)COC2C1CN(C2)C1CCOCC1,MOSES sample,6045
N#CCC(N1C(CCC1)c1nc(cc(Nc2ncccc2C)n1)C)=O,MOSES sample,6046
Cn1cc(C(=O)Oc2cccc(Cl)c2Cl)cn1,MOSES sample,6047
CCOc1ccccc1CNC(=O)c1cc(COC)c(F)cc1,MOSES sample,6048
C1C(CCO1)CNS(=O)(c1ccc(Cl)cc1N)=O,MOSES sample,6049
c12N(CC(CC)Oc1cccc2N)CC(=O)Nc1ncccn1,MOSES sample,6050
C(CC(=O)Nc1c(C)cccc1C)c1nnc(-c2ccccc2)o1,MOSES sample,6051
n1c(nc(o1)CCC(OCC(=O)N1CCCCCC1)=O)C(C)(C)C,MOSES sample,6052
O=C(c1csnc1C)NCCC(N(CC)CC)=O,MOSES sample,6053
c1nc(NCc2c(F)ccc(Br)c2)c(cc1C#N)F,MOSES sample,6054
S(c1cc(NC(=O)N2CCCC2)c(Cl)cc1)C,MOSES sample,6055
c1c(cccn1)C1N(c2c3cnn(c3ncn2)-c2ccccc2)CCC1,MOSES sample,6056
n1ncn(c1)CCC(=O)NCc1c(nc(s1)-c1ccccc1)C,MOSES sample,6057
O=S(=O)(c1cccc(Cl)c1)N1CCC(CO)CC1,MOSES sample,6058
c1(CN(C(NCCOC)=O)C)cc(C)oc1C(C)C,MOSES sample,6059
CN(Cc1cc2OCOc2cc1)C(CCc1cc2OCOc2cc1)=O,MOSES sample,6060
O1C(CN(C(CC2CSc3n2c(=O)cc(n3)CC)=O)CC1C)C,MOSES sample,6061
C1C2(CN1C(=O)C1CCCC1)COC(C)(OC2)C,MOSES sample,6062
c12c(OCO2)cc(C(NCC(C)c2cccs2)=O)cc1,MOSES sample,6063
CN(CC(NC(c1ccc(c(c1)Cl)F)C)=O)C(N)=O,MOSES sample,6064
c1(cc(C)nn1C(NC(=O)CCc1ccccc1)c1ccccc1)C,MOSES sample,6065
CC(=O)Nc1nc(C(=O)Nc2cc(F)ccc2Cl)cs1,MOSES sample,6066
CN(C)C(=O)c1cccc(NC(=O)NC(C)(CO)C2CC2)c1,MOSES sample,6067
CN(CC(F)F)C(=O)NCc1ccc(Cn2ccccc2=O)cc1,MOSES sample,6068
c1cc(-c2nc(-c3cc(SC)ncc3)n(-c3ccccn3)n2)oc1,MOSES sample,6069
C1CC2(CCN1Cc1csc(C(C)OCC)n1)OCCO2,MOSES sample,6070
OCCc1nc2ccc(Br)cc2s1,MOSES sample,6071
c12c(cc(cc1)C(CCC(=O)NCC1CC(CCC1)C)=O)OCCO2,MOSES sample,6072
c1[nH]ncc1NC(=O)c1nn(-c2cccc(Cl)c2)cc1,MOSES sample,6073
O=C(Cn1nc(n2c3c(cc2c1=O)ccs3)CC)N1CCCC1,MOSES sample,6074
c12CC(CCc1cccc2)(C)NC(=O)c1cnc(C)cc1,MOSES sample,6075
O(c1ncnc2ccccc21)CC(N(CC)CC(C)=C)=O,MOSES sample,6076
Cc1ccc(C(=O)CCC(=O)Oc2cccc(C(N)=O)c2)s1,MOSES sample,6077
N(C(C1CCCN1C(OC)=O)=O)CCCc1c(noc1C)C,MOSES sample,6078
CCn1cc(C(=O)Nc2ccc(OCCOC)c(F)c2)cn1,MOSES sample,6079
c1(c(cc(cc1)NC(c1sccc1C)=O)N)Cl,MOSES sample,6080
C1(COCC1)Oc1cc(CNC(N(C)Cc2cnccn2)=O)ccn1,MOSES sample,6081
C(c1cccc(c1)S(=O)(N1Cc2c(cc(F)cc2)CC1)=O)#N,MOSES sample,6082
C1CC(N(C1)c1cccc(c1)NC(c1sc(nc1C)C)=O)=O,MOSES sample,6083
[nH]1c(Nc2ccc(cc2)SC)nc(n1)-c1cccnc1,MOSES sample,6084
C(Oc1ccc(CC(=O)NCc2c(C)cc(C)[nH]c2=O)cc1)C#N,MOSES sample,6085
Cc1onc(-n2c(c(cn2)C(=O)NCC(C)Cn2nccc2)C)c1,MOSES sample,6086
Fc1c(cc(C(Nc2cc(ccc2)C(=O)NC)=O)cc1)F,MOSES sample,6087
O=C(c1cccc(c1)NC(=O)COC1CCCCC1)NC(C)(C)C,MOSES sample,6088
C(n1c(ccn1)NC(NCc1c(nccc1)OC1CCCC1)=O)CC,MOSES sample,6089
C1OCCN(c2ccccc2NC(c2cccs2)=O)C1,MOSES sample,6090
Cc1ccc(Cl)cc1NC(=O)CNC(=O)Cc1ccc(F)c(F)c1,MOSES sample,6091
Cn1c(NCc2cc(CC(C)C)no2)c(C#N)c(=O)n(C)c1=O,MOSES sample,6092
Cc1nn(-c2nc3ccccc3n2CCOc2ccccc2)c(N)c1C,MOSES sample,6093
c1c(ccc(OC)c1C(=O)CN1CCC(=O)CC1)F,MOSES sample,6094
Cc1c2c(cc(cc2[nH]c1C(NC(C(OC)=O)(C)C)=O)F)F,MOSES sample,6095
O=C(NCCc1ccc(OC2CCCC2)cc1)NC1CCC(O)CC1,MOSES sample,6096
c1cc2c(cc1)oc(=O)n2CCC(=O)Nc1ccc2c(n(C)cc2)c1,MOSES sample,6097
FC(c1cc(Cl)c(nc1)NCC(C)CN1CCOCC1)(F)F,MOSES sample,6098
c1(Cl)c(sc(C(=O)NCc2ccc3OCOc3c2)c1)C,MOSES sample,6099
C(=O)(c1ccccn1)NCCCn1c(C)cc(C)n1,MOSES sample,6100
O=c1c2cccc(c2n(CCC(NCc2cnccc2)=O)cc1)C,MOSES sample,6101
C1COc2ccc(C(=O)OCC(N(C3CC3)C)=O)cc2O1,MOSES sample,6102
CCOc1ncccc1C(=O)N(C)c1ccccc1F,MOSES sample,6103
n1nc(oc1CC)N1CCc2nc(sc2C1)C(=O)N(C)C,MOSES sample,6104
C(Oc1ccc(cc1)NC(NC1CCc2c1ccc(F)c2)=O)COC,MOSES sample,6105
c1cc2nnc(n2c(c1C(OC)=O)N)-c1ccc(F)c(c1)F,MOSES sample,6106
c1c(nc(nc1NCCC)-n1c(cc(n1)C)C)C,MOSES sample,6107
Cc1cc(=O)[nH]c2cc(NC(=O)c3ccncc3)ccc12,MOSES sample,6108
C1c2c(NC1=O)ccc(c2)NCc1cc(ccc1)Cl,MOSES sample,6109
c1(-c2noc(C3CCN(C(C(C)C)=O)CC3)n2)ccccn1,MOSES sample,6110
CS(=O)(=O)NCCC(=O)N1CCOCC1C1CC1,MOSES sample,6111
CC(=O)c1ccc(NC(=O)c2cccc(=O)n2C)cc1,MOSES sample,6112
C1CC1c1csc2nc(cn21)-c1cc2c(nc([nH]2)CCOC)cc1,MOSES sample,6113
O=c1[nH]c2c(cccc2)nc1Sc1ccc2n(cnn2)n1,MOSES sample,6114
c1c(OCCNC(c2csnc2C)=O)c(Cl)cc(c1)Cl,MOSES sample,6115
O=C1C(C2CCC1(C(=O)O2)C)(c1ccccn1)C(F)(F)F,MOSES sample,6116
s1c(ccc1)CNC(Cn1c(ccc(C)n1)=O)=O,MOSES sample,6117
CCn1nc(C)cc1C(=O)Nc1ccc(F)c(Cl)c1,MOSES sample,6118
c1(CC)n[nH]c(SC(C(=O)NCc2sccc2)C(C)C)n1,MOSES sample,6119
c1(OCC=C)cc(C2C(C(OCC)=O)=C(C)Nc3n2nnn3)ccc1,MOSES sample,6120
c1(OC)c(OC)cc(c(c1)F)C(NC(c1cc(F)ccc1)C)=O,MOSES sample,6121
O=c1n(c2ncnc(Nc3c4c(ccc3)ccc(C)n4)c2c(n1C)=O)C,MOSES sample,6122
Cc1ccc2ncc(C(=O)N(CC(N)=O)C3CCCC3)n2c1,MOSES sample,6123
c1(c(-c2cccs2)cnc2n1nc(c2)C(=O)N1CCN(C)CC1)C,MOSES sample,6124
C(=O)(N(C)C)c1nc(N2CCCC2)c2c(ccnc2n1)-c1cccs1,MOSES sample,6125
Cn1ncc(c1C)C(=O)N1Cc2c(CC1)nc(NC(=O)OCC)s2,MOSES sample,6126
c12[nH]cc(c(c1cc(Cl)cc2)=O)C(=O)Nc1cc(ccc1)SC,MOSES sample,6127
O=c1[nH]c(CNc2ccccc2)nc2scc(-c3ccccc3)c12,MOSES sample,6128
C(F)(F)(c1n(c(=O)n(C)n1)-c1ccc(C)cc1)F,MOSES sample,6129
c1c(C(=O)N(C)C)nc(s1)Nc1ccc(C)c(F)c1,MOSES sample,6130
Cc1noc(CN(C(=O)Nc2ccc3c(c2)oc2ccccc23)C)n1,MOSES sample,6131
O=C(NCC1CC1c1cccc(F)c1F)c1cc(F)cc(F)c1,MOSES sample,6132
c1ccc(C(Nc2c(ccc(c2)OC)OC)=O)cc1N(C)C,MOSES sample,6133
c1cnn(C)c1C(NC(=O)c1c(C2CC2)ncs1)CC,MOSES sample,6134
C(F)(CCN(C(c1c(C)nn(c1C)Cc1ccccc1)=O)C)(F)F,MOSES sample,6135
C(CNC(c1ccccc1NC(=O)NCc1cc(Cl)ccc1)=O)=C,MOSES sample,6136
c1(C)nc(c(c([nH]1)=O)CCC(=O)N1CCc2c(cccc2C1C)F)C,MOSES sample,6137
C(c1cnc(cc1)N1CCCC1)(N(CC)Cc1ccccc1)=O,MOSES sample,6138
c1cc(c(cc1)C)OC(CC)C(=O)N1CC(CCC1)COCC,MOSES sample,6139
O=S(c1ccccc1NC(c1nc2n(ccc(c2)C)c1)=O)(=O)C,MOSES sample,6140
Cc1cc(C)cc(NCC(N(CC)CC(C)C#N)=O)c1,MOSES sample,6141
O=c1ccccn1Cc1c(-c2cccs2)nccc1,MOSES sample,6142
CC(=O)Nc1ccc(C(=O)c2cc3ccccc3oc2=O)cc1,MOSES sample,6143
c1c([nH]c(c1)C(Nc1cccc(c1)OCC1CCCO1)=O)C,MOSES sample,6144
Cc1cc(CC2Oc3c(ccc(c3)O)NC2=O)ccc1C,MOSES sample,6145
N#Cc1ccc(S(=O)(=O)N2CCOc3ncc(CO)cc32)cc1,MOSES sample,6146
Cc1[nH]ccc1C(=O)NC1CC(=O)N(C1c1ccc(Cl)cc1)C,MOSES sample,6147
N(Cc1ncc(s1)C)c1c2cnn(c2ncn1)CCO,MOSES sample,6148
O=C(NC(Nc1ncccn1)(C(F)(F)F)C(F)(F)F)c1ccco1,MOSES sample,6149
C1(c2onc(CNc3cc(ccc3OCC3OCCC3)F)n2)CC1,MOSES sample,6150
Cc1ccoc1C(=O)Nc1n[nH]c(-c2cccc3ccccc23)n1,MOSES sample,6151
c1cc(c(cc1Br)C(=O)OCc1nc(C)c(s1)C)F,MOSES sample,6152
C(C)Oc1ccccc1CNC(=O)c1[nH]c2ccsc2c1,MOSES sample,6153
Cc1ccc(OCCCC(=O)NCC2CCCO2)cc1C,MOSES sample,6154
N1(C(=O)CC(C1)C(=O)Nc1ccc(cc1)C(=O)C)CCCC,MOSES sample,6155
O=C1CN(C(C2C(=C(C(C)N=2)C(OCC)=O)C)=O)CCN1,MOSES sample,6156
C12CCCCC1N(CC(N1CC(=O)NCC1)=O)CCO2,MOSES sample,6157
CNCC1NCCc2cc(OC(F)(F)F)ccc21,MOSES sample,6158
c1c(cc(F)c(c1)F)NC(=O)C1CN(S(=O)(=O)C)CCC1,MOSES sample,6159
Cc1cc(=O)n(C)cc1NC(=O)OCc1ccccc1,MOSES sample,6160
c1cc(c(c(OCc2ccccc2)n1)N)N1CCOCC1,MOSES sample,6161
c1cc(cc(Cl)c1C)NC(=O)CCSc1nn2cnnc2o1,MOSES sample,6162
C(n1c(c(-c2ccccc2)nn1)C)C(=O)N1CCCCCC1,MOSES sample,6163
c1cnc(CN2CCOC3CC(COCC4CC4)CC32)s1,MOSES sample,6164
C1CN(C(c2cc(ccc2)OC)=O)CC(=O)N1c1cc(ccc1)OC,MOSES sample,6165
c1cc2n(cc(CCNC(Cc3cc(ccc3)F)=O)n2)cc1,MOSES sample,6166
CC(C)c1nnnn1CC(=O)NCCCc1cccc(F)c1,MOSES sample,6167
C(N1CCN(C(c2c(C)cccc2)=O)CC1)(=O)c1ccc(cc1)CC,MOSES sample,6168
c1ccc(Cl)c(c1)CN(CC)C(=O)Nc1c(C)noc1CC,MOSES sample,6169
O=C(CSc1cc(ccc1)N)NCC(C)(c1c(C)cccc1)C,MOSES sample,6170
c1(ccc(S([nH]c2ccc(S(=O)(N)=O)cc2)(=O)=O)cc1)C(C)=O,MOSES sample,6171
CC(c1c(-c2ccncc2)nc2c(Cl)cc(cn12)Cl)=O,MOSES sample,6172
C(Oc1c(F)cccc1)c1oc(cc1)C(NCc1nc(ccc1)C)=O,MOSES sample,6173
c1(c(Cl)cccc1)C(CNC(Cc1[nH]ccc1)=O)(OC)C,MOSES sample,6174
Cc1noc(C)c1C(=O)NC1CCN(c2c(F)cccc2F)C1=O,MOSES sample,6175
c1c(ccc(c1)NC(=O)c1cn(nc1C(C)(C)C)C)C(NCC=C)=O,MOSES sample,6176
N(Cc1ccccc1OCc1ccccc1)C(c1nnc(OC)cc1)=O,MOSES sample,6177
[nH]1c2c(ccc(c2)F)nc1CN1CCN(c2ccc(C#N)cn2)CC1,MOSES sample,6178
c12c(=O)[nH]c(c(c2CCCC21CCN(C(=O)OC(C)(C)C)C2)C)=O,MOSES sample,6179
COc1cc(C(=O)NCCCOC)c(cc1)OC,MOSES sample,6180
CCCN1C(=O)CCc2cc(C(O)c3ccco3)ccc21,MOSES sample,6181
c1(NC(Cc2ccc(OC)c(F)c2)=O)ccc(-n2ccnc2C)nc1,MOSES sample,6182
c1cccc(CC(NCC)=O)c1NCC(=O)Nc1cccc(c1)F,MOSES sample,6183
CCCCCC(C)NC(=O)Nc1ccc(-n2cnnn2)c(C)c1,MOSES sample,6184
C(CNC(=O)c1cc(c(OC)cc1)OC)c1ccc(cc1)OC,MOSES sample,6185
Cc1cc(N(C)CCc2scnc2C)nc(N)n1,MOSES sample,6186
COC(=O)NCC(Nc1ccc(Cl)c(c1)C(NC1CC1)=O)=O,MOSES sample,6187
Nc1nc(SCc2nc(-c3ccccn3)no2)n[nH]1,MOSES sample,6188
O=C(NCCc1coc(-c2ccc(cc2)C)n1)c1cc(C)oc1C,MOSES sample,6189
Cc1cccc(NCC(=O)Nc2ccc(F)cc2)c1C(N)=O,MOSES sample,6190
C(N1CCN(CC1)C(=O)COc1ccc(cc1)OC)(=O)NCC,MOSES sample,6191
Cc1cc(CNC(=O)Nc2ccc(C(=O)NC(C)C)cc2)no1,MOSES sample,6192
Cc1cc(C(=O)Cn2cnc(C3CCC3)cc2=O)c(C)[nH]1,MOSES sample,6193
COc1ccccc1NC(=O)Nc1c(C)ccc(N)c1C,MOSES sample,6194
CCn1cc(NC(=O)C2(c3ccc(Br)cc3)CC2)cn1,MOSES sample,6195
CC(CC(O)c1ccccc1)NC(=O)NCc1nccn1C(F)F,MOSES sample,6196
Cc1nc2cc(=O)[nH]n2c(C)c1CC(=O)NCC(C)(C)c1ccncc1,MOSES sample,6197
s1c2CCN3C(C(CC3C(=O)N2c2ccccc2)C1)=O,MOSES sample,6198
c1(scc(n1)-c1ccc(OCCOC)cc1)-c1cnccn1,MOSES sample,6199
c1ccc(OCCNC(C2CN(C(C2)=O)Cc2ccccn2)=O)cc1,MOSES sample,6200
O=C(CN1CCN(c2ccc(F)cc2)C1=O)Nc1ccccn1,MOSES sample,6201
c1c(NC(N(C)C(COC)C)=O)ccc(c1C#N)F,MOSES sample,6202
O=C(CCCc1ccc2[nH]c(=O)[nH]c2c1)NCc1ccccn1,MOSES sample,6203
O=C(Cc1ccc(-n2cnnn2)cc1)NCc1cscn1,MOSES sample,6204
c1c(ccc(OC(C(OCc2cccnc2)=O)C)c1Cl)C#N,MOSES sample,6205
N1(CCOCC1)CCNC(=O)CCc1cscc1,MOSES sample,6206
C1CN(C)CCN1C(c1ccn(-c2ccccc2)n1)=O,MOSES sample,6207
n1(c(=O)c2c(scc2-c2ccccc2)nc1)CCCCC(=O)NC,MOSES sample,6208
N(CC1CCC(c2nc3ccccc3[nH]2)CC1)C(C)=O,MOSES sample,6209
COCCCN(C)C(=O)Nc1cc(C)cc(C)c1,MOSES sample,6210
s1c(cc(OC)c1C(c1cc(ccc1)C)=O)C(=O)NCC1CC1,MOSES sample,6211
c1c([nH]c(-c2cc(OC)c(c(OC)c2)OC)cc1)=O,MOSES sample,6212
COc1cc(C(=O)NC2CC2)cc2c1OCCO2,MOSES sample,6213
CCn1cc(C(=O)N2CC(C)CC(C)C2)c(C(F)(F)F)n1,MOSES sample,6214
O=C(NCc1occc1)CNC(NC(C(C)C)c1sccc1)=O,MOSES sample,6215
CC(C(=O)NC1CC1)N1CCN(C(=O)Nc2ccccc2)CC1,MOSES sample,6216
N(C(=O)N)CC(=O)NCC(C(C)C)c1ccccc1,MOSES sample,6217
O=c1c2cc(Br)cc(OCC#N)c2ccn1C,MOSES sample,6218
CC(=O)Nc1cc(NC(=O)CC2CCCC2)ccc1F,MOSES sample,6219
CCCC(=O)N1CCC(C(=O)Oc2cccc(C(=O)OC)c2)CC1,MOSES sample,6220
CCCn1ncc2cc(C(=O)NCC(C)C)c(N)nc21,MOSES sample,6221
COc1cccc(-c2c(N)n[nH]c2CCc2ccccc2)c1,MOSES sample,6222
c1(ccc(C)cc1)S(=O)(Nc1cccc(c1)C(N)=O)=O,MOSES sample,6223
O1COc2c1ccc(CNC(=O)NCC(C1CCCCC1)O)c2,MOSES sample,6224
C(=O)(N(C)C)C(c1ccccc1)NC1CCCN(S(=O)(=O)C)C1,MOSES sample,6225
O=C(Nc1ccnn1CCC)CCc1oc(C2C(C2)C)cc1,MOSES sample,6226
c1cccc(c1N1CCN(c2ccc3n(nnn3)n2)CC1)C,MOSES sample,6227
c1(c(=O)c(c(n(C)c1)C)C#N)-c1c(cccc1)OC,MOSES sample,6228
CN(CC(=O)Nc1ccccc1)S(=O)(=O)c1cccc(C#N)c1,MOSES sample,6229
c1ccccc1CNC(COC(=O)Cc1sccc1)=O,MOSES sample,6230
C(c1cc([nH]n1)C(F)(F)F)C(N=c1n2ccc(C)cc2n[nH]1)=O,MOSES sample,6231
C1(CC1)N(C(=O)c1sccc1)Cc1ccc(cc1)F,MOSES sample,6232
c1(C(=O)N)ccc(cc1)OCC(Nc1sc(c(c1C(=O)N)C)C)=O,MOSES sample,6233
C1CC(Oc2cnccn2)CCN1C(COc1ccc(cc1)OC)=O,MOSES sample,6234
c1sc2nc(CSc3n(c(nn3)N)CC=C)cn2c1,MOSES sample,6235
CCOCC1CCCN(C(=O)Nc2ccc(SC)cc2)C1,MOSES sample,6236
C1N(C(c2cnn(C(C)(C)C)c2)=O)CCC2(OCC(C2)C)C1,MOSES sample,6237
COc1ccccc1C(NC(=O)CCC(C)C)C#N,MOSES sample,6238
C1N(C(c2noc(n2)-c2occc2)CC1)C(=O)c1ncccc1,MOSES sample,6239
Cc1ccc(CN(C)C(=O)CNc2cccc(NC(=O)OC)c2)s1,MOSES sample,6240
COc1ccc2oc(C(=O)NC(C)CO)c(C)c2c1,MOSES sample,6241
c1c2c(ccc1OCC(=O)NCC1(CCOCC1)O)CCC2,MOSES sample,6242
COC(=O)c1c(c2C(=O)CCCc2o1)-c1ccc(OC)cc1,MOSES sample,6243
Cc1ccn2cc(C(=O)NCC(F)(F)F)nc2c1,MOSES sample,6244
C1CN(c2c(N)c(Nc3c(OC)ccc(c3)OC)ncn2)CCO1,MOSES sample,6245
c1(c(C)oc(=O)c2c1ccc(OC)c2)C(OC)=O,MOSES sample,6246
CCC(C)NC(=O)C(C)NS(=O)(=O)c1ccccc1,MOSES sample,6247
c1cc(S(=O)(=O)NC(C)CC(C)C)ccc1N,MOSES sample,6248
n1cc(CNC(N(C(C)c2sccc2)C)=O)cn1C,MOSES sample,6249
CCn1nccc1C(=O)Nc1nnc(-c2cc(C)nn2C)o1,MOSES sample,6250
CCc1ccc(cc1)NC(=O)CCC(N1c2c(cccc2)CC1)=O,MOSES sample,6251
c1c(Br)cnc(NC(=O)c2cscn2)c1,MOSES sample,6252
c1(ccc2c(c1)OCCO2)C(N1CCc2c1cc(cc2)N)=O,MOSES sample,6253
c1(CCC(=O)N2CCC(C(=O)N)CC2)cc(c(cc1)C)OC,MOSES sample,6254
N#Cc1cccc(NC(=O)C(C)n2c(ncc2)-c2ccccc2)c1,MOSES sample,6255
CCC1COCCN1Cc1cn(-c2ccccc2)nc1-c1cccnc1,MOSES sample,6256
N(c1cnc(cc1)N1CCCC1)C(=O)c1cnccc1,MOSES sample,6257
NC(c1ccccc1NC(COc1ccccc1OC)=O)=O,MOSES sample,6258
c1(c(C(=O)NCC=C)ccc(c1)NC(c1c(cccc1)Cl)=O)O,MOSES sample,6259
C(C)OC(=O)Nc1ccc(C(Nc2cc(C)ccn2)=O)cc1,MOSES sample,6260
c1(CNC(=O)N2CCN(CC2)C(OCC)=O)cn(nc1)-c1ccccc1,MOSES sample,6261
C(c1ccc(o1)CC)(NCc1cc2ccsc2cc1)=O,MOSES sample,6262
COC(=O)c1cccc(NC(=O)N2CCCC2CO)c1,MOSES sample,6263
n1c2n(ncc2c(=O)n(CC(C)C)c1)-c1ccccc1,MOSES sample,6264
n1c(OC)ncc(c1)NC(c1ccc(OC)cc1)=O,MOSES sample,6265
n1cc(F)c(NCc2c(cc(cc2F)F)F)cc1,MOSES sample,6266
Cc1cc(C2CCC2)cc(=O)n1CC(=O)N1CCCCCC1,MOSES sample,6267
C(=O)(Nc1cc(C)nn1C)CN1CCN(c2c(cccc2)OC)CC1,MOSES sample,6268
c1cc(cnc1C1CN(Cc2cccnc2)CCO1)C(=O)NC,MOSES sample,6269
Nc1ccc(c(-c2nnc3n2c2cc(C)ccc2n3C)c1)C,MOSES sample,6270
c1cccc2c1C(CCC2)n1ncc(c1N)C(OC)=O,MOSES sample,6271
c1c(cc2c(oc(n2)NCc2cc3cc(ccc3[nH]c2=O)OC)c1)C,MOSES sample,6272
C(c1ccccc1)c1nc(cs1)-c1cc(ccc1)N,MOSES sample,6273
Cc1cccc(N2CCN(C(=O)c3ccc(-n4ccnn4)cc3)CC2)c1,MOSES sample,6274
C1N(CC(NC(C)=O)C1)C(c1c(O)c(ccc1)OC)=O,MOSES sample,6275
S(c1n(c(=O)c2ccccc2n1)CC(C#N)CCC#N)CC=C,MOSES sample,6276
O=C(Nc1ccc(CN2CCOCC2)cc1)NC1CCCC1,MOSES sample,6277
n1cnc(Nc2c(C)cccc2C)c2c1cc(cc2)OC,MOSES sample,6278
c1(ccco1)CC(NC(=O)Nc1cc(cc(c1)C)C)C,MOSES sample,6279
Cc1c(NC(=O)c2cnc(nc2)NCC)c(C)ccc1,MOSES sample,6280
CCOC(=O)c1ccc2c(ncn2-c2ccccc2)c1,MOSES sample,6281
COc1ccc(CNC(=O)c2c(C)nn3ccccc23)c(OC)c1,MOSES sample,6282
COC(CNC(=O)CCc1ccsc1)c1cccc(Cl)c1,MOSES sample,6283
Cc1oc2cc(Br)ccc2c1C(=O)N1CCCC(C1)O,MOSES sample,6284
CCC(CO)Nc1nc(N)c(C#N)c(CC#N)c1C#N,MOSES sample,6285
N#CCc1cccc(C(=O)Nc2ccc(Br)cc2)c1,MOSES sample,6286
n12nnnc2n(c(c(c1=O)CCC(N1CCCC1COC)=O)C)C,MOSES sample,6287
c1c(c(cc(NC(c2cnn(c2C)-c2ccncc2)=O)c1)F)C,MOSES sample,6288
c1(cc2OCCc2cc1Cl)S(=O)(NCc1cocc1)=O,MOSES sample,6289
C1CCC2(CN(c3ncccn3)CC2)C(N1C1CCCC1)=O,MOSES sample,6290
FC(F)(CNC(COc1cc(F)cc(c1)F)=O)F,MOSES sample,6291
Cc1cccc(-n2ccnc2SC(C(=O)N(C)C)C(C)C)c1,MOSES sample,6292
CC(=O)Nc1ccc(C#CCNC(=O)c2cccc(N(C)C)c2)cc1,MOSES sample,6293
O(c1c(C2N(Cc3ccc(C#N)cc3)CCC2)cccc1)C,MOSES sample,6294
c1c(c(F)c(cc1)F)CC(NC(CCc1c(n[nH]c1C)C)=O)C,MOSES sample,6295
COc1cc(C)ccc1OC(=O)c1cc(C)n(Cc2ccccn2)c1C,MOSES sample,6296
O=C(c1ccc[nH]c1=O)N1CCc2nc(-c3ccccn3)[nH]c(=O)c2C1,MOSES sample,6297
C(CCC)c1nc(C#N)c(NCc2ccc(F)cc2)o1,MOSES sample,6298
Cc1cc(no1)CN(C)C(Cc1c(O)n[nH]c1C)=O,MOSES sample,6299
O=C(Cc1nc(sc1)NC(c1ccc(F)cc1F)=O)NCC=C,MOSES sample,6300
C(CC#N)N(C)S(=O)(=O)N(CC)Cc1cc(c(C)cc1)C,MOSES sample,6301
[nH]1c2ccccc2cc(CNc2c(cc(cc2)C)C)c1=O,MOSES sample,6302
Cc1cc(NC(=O)Cn2c(=O)[nH]c3ccccc3c2=O)no1,MOSES sample,6303
c1cc(ccc1CNc1ccc(n(CCOC)c1)=O)F,MOSES sample,6304
C(CNc1n(-c2ccccc2)nnn1)NC(=O)c1c(cccc1)Cl,MOSES sample,6305
c1(cnccn1)-c1nc(on1)-c1c2c(cccc2)ccn1,MOSES sample,6306
Cc1nc(C(=O)NCCN2CCOCC2)cs1,MOSES sample,6307
S(c1nn(-c2nc(nc(n2)N2CCCCC2)N(C)C)cn1)C,MOSES sample,6308
Oc1c2c([nH]nc2)nc(n1)N1CCN(CC1)c1ncc(C#N)c(N)n1,MOSES sample,6309
C1C2(CCN1C(c1c(=O)[nH]c(C)c(n1)C)=O)CCC1CN(C(=O)C1)C2,MOSES sample,6310
c1cc(cc2c1nccn2)C(=O)N(Cc1sccc1)C,MOSES sample,6311
C1C(CC#N)N(C(=O)CCc2cccnc2)CCCC1,MOSES sample,6312
c1cc(ccc1)C=C(S(=O)(c1ccc(cc1)C(C)=O)=O)C,MOSES sample,6313
c1c(c(ccc1F)N(C)C)C(=O)NCC(=O)N(C)C,MOSES sample,6314
C(c1ccccc1)(C)NC(=O)Nc1nnc(o1)-c1c(C)oc(C)c1,MOSES sample,6315
N1(CC(CC1)COCC)C(=O)c1c(CC)ccs1,MOSES sample,6316
N1CCNC1c1c(-c2cccc(c2)OC)c([nH]n1)C,MOSES sample,6317
Cc1ccccc1NC(=O)c1nccn1-c1ccccn1,MOSES sample,6318
n1ccc(COCC23CN(CC2COC3)C(c2ccoc2C)=O)cc1,MOSES sample,6319
Cc1ncsc1CCOC(=O)COc1ccccc1F,MOSES sample,6320
CCn1c(C(=O)NC2CCC(O)CC2)cc2cccnc21,MOSES sample,6321
CCc1nn(C)c(OC)c1CN1C-OC(C)(C)C1,MOSES sample,6322
n1cn(CC(=O)NCCN(C)c2ccccc2)c(=O)c2ccsc12,MOSES sample,6323
C(NC(c1cc(Cl)c(cc1)Cl)=O)(C(C)C)C(N(CC)CC)=O,MOSES sample,6324
O(C)C(c1ccoc1COc1ccc(C#N)cc1Cl)=O,MOSES sample,6325
O=C(COC(C)=O)Nc1nc(CC(=O)OC)sc1,MOSES sample,6326
C1CCOC21CCN(C(CCCNC(=O)OCC)=O)CC2,MOSES sample,6327
n1c(-c2nc(c(s2)C)-c2ccc(cc2C)C)ccc(n1)N,MOSES sample,6328
c12cc3cc(OC)ccc3nc2n(c(cn1)=O)CCc1ccccn1,MOSES sample,6329
CCN(CC)C(=O)Cc1ccc(NC(=O)N2CCOCC2C)cc1,MOSES sample,6330
O=C(Nc1nccs1)c1cc2occc2n1Cc1ccccc1,MOSES sample,6331
c1cc(ccc1OC)OCCn1ccc2ccn(C)c2c1=O,MOSES sample,6332
c12nnn(CC(N3CCCC(COc4ccccc4)C3)=O)c2cccc1,MOSES sample,6333
C1CC(Oc2cc(cnc2)C(=O)N)CCC1NC(=O)NCC,MOSES sample,6334
Clc1c(CNC(=O)CSc2n(C(C)C)cnn2)cccc1,MOSES sample,6335
CNC(=O)c1cccc(NC(=O)COc2ccc(C)cc2)c1C,MOSES sample,6336
c1c(Br)c(ccc1)-c1nnc(nc1)OC,MOSES sample,6337
N(CCC#N)(CCC#N)C(=O)c1c(cc(cc1)Br)F,MOSES sample,6338
Cc1oc(-c2ccco2)nc1CC(=O)NCC(F)(F)F,MOSES sample,6339
FC(F)(COc1cc(NCc2csc(CC)n2)ccc1)F,MOSES sample,6340
N(CCC(=O)N(C)C)C(c1c(C(F)F)n(nc1)CC(C)C)=O,MOSES sample,6341
N(C(=O)c1cccc(OC)c1F)c1c(CC)onc1C,MOSES sample,6342
c12n(nc(-c3sccc3)n1)cnc1n(ncc12)-c1(ccccc1)C,MOSES sample,6343
Cc1cc(C)n(-c2ccc(SC(C)C(=O)N3CCOCC3)nn2)n1,MOSES sample,6344
C(C(=O)NCc1ccncc1)Oc1cccc(c1)Br,MOSES sample,6345
CCN(CCO)c1ncnc(Oc2ccc(C)cc2)c1N,MOSES sample,6346
C1C(c2scc(n2)C(C)(C)C)CCN(C1)C(=O)c1ccno1,MOSES sample,6347
Cc1ccc(C(=O)N(C)Cc2cccc(Cl)c2)cc1N,MOSES sample,6348
c12ccc(N3CC(CC3=O)C(=O)NC(C)(C)C)cc1CCCC2,MOSES sample,6349
CC(C)Cn1cc[nH]c1=NC(=O)C1COc2ccc(F)cc2C1,MOSES sample,6350
C1N(Cc2ccncc2)CCN(C1)C(=O)COc1cc(C)ccc1,MOSES sample,6351
CCOC(=O)c1ccc(CN2CCOCC2C2CC2)o1,MOSES sample,6352
c1cc2C(CC(NC3CCN(C(OC)=O)CC3)=O)CCc2cc1,MOSES sample,6353
n1c([nH]nc1-c1ccc(Br)cc1)NC(c1noc(C)c1)=O,MOSES sample,6354
CCN(C(=O)Cc1ccc(NCc2ncccc2C)cc1)CC,MOSES sample,6355
O(c1c(CC(=O)N(C2CCOCC2)C(C)C)cccc1)C(C)C,MOSES sample,6356
n1c(CNc2cccc(C(=O)NCCC)c2)noc1C1CC1,MOSES sample,6357
c1sc(nc1-c1ccc(Cl)cc1)NC(C(C)OCC=C)=O,MOSES sample,6358
c1c(c2ncc(C(Nc3ncccc3C)=O)c(=O)n2cc1)OC,MOSES sample,6359
c1(ccc(-c2c[nH]c(=O)[nH]c2=O)cc1)OCc1ccccc1,MOSES sample,6360
C1(N(CCC1)S(=O)(=O)c1ccc(F)cc1)C(=O)NCC(C)C,MOSES sample,6361
N#Cc1ccc(OCC2CN(Cc3ccccc3)CCO2)cc1,MOSES sample,6362
C1(C(NCC21CCN(C(C1CC=CC1)=O)CC2)=O)c1ccncc1,MOSES sample,6363
O=C(NCCN1CCN(c2ccc(Cl)cn2)CC1)c1ccccc1,MOSES sample,6364
CCC(C)(C)NC(=O)CNc1cc(C)nc2ccnn12,MOSES sample,6365
CC(C)NS(=O)(=O)c1cccc(C(=O)NCCc2cn(C)nc2)c1,MOSES sample,6366
C(NC(=O)c1c(CC)nn(Cc2ccccc2)c1CC)c1occc1,MOSES sample,6367
COc1c(O)ccc(c1)CNc1cnn(CC(C)C)c1,MOSES sample,6368
c1ccccc1CCNS(=O)(c1cc2c(oc1=O)cccc2)=O,MOSES sample,6369
N#Cc1cnn(-c2nc3c(Cl)cccc3s2)c1N,MOSES sample,6370
C(Oc1ncnc2c1c(C)c(C)s2)c1ncncc1,MOSES sample,6371
O1COc2ccc(NC(=O)c3cc(c(cc3)OC)N)cc12,MOSES sample,6372
COc1ccc(S(=O)(=O)N2CC(c3cc(=O)[nH]c(C)n3)C2)cc1,MOSES sample,6373
CCCCC(=O)N1CCC(OCc2ccc(F)cc2)CC1,MOSES sample,6374
COc1cc(OC)c(C(=O)NC(C)c2c(C)noc2C)cc1OC,MOSES sample,6375
O(c1ccccc1)CCNC(CN(C)c1ccc(cn1)Cl)=O,MOSES sample,6376
Fc1c(cccc1)CC(C)NC(=O)c1cscc1,MOSES sample,6377
c1(ccc(cc1)F)C(COc1c(cccc1)N)=O,MOSES sample,6378
c1cccc2[nH]nc(c21)C(=O)Nc1c(cc(cc1)C(NCC)=O)O,MOSES sample,6379
c1c(C)cc(OCC)c(c1)NC(=O)N1CC(O)(C(F)(F)F)CC1,MOSES sample,6380
C1(CN(C(=O)c2c(N)ccc(Br)c2)C)CCCC1,MOSES sample,6381
C(C(=O)NC(c1c(noc1C)C)C)c1nc(-c2cc(ccc2)C)sc1,MOSES sample,6382
c1cc2c(OCCO2)cc1NC(NCCC(OCC)=O)=O,MOSES sample,6383
c1(N)cccc(CCC(=O)Nc2cccc(c2C)Cl)c1,MOSES sample,6384
c12OCOc1ccc(CCNC(=O)C(Oc1ccccc1)C)c2,MOSES sample,6385
c1(nc(C)cs1)NC(=O)c1ccc2c(cccc2)n1,MOSES sample,6386
c1c(ccc(-c2n[nH]cc2CN2Cc3c(CC2)cccc3)c1)F,MOSES sample,6387
CC(=O)N1CCc2cc(ccc21)C(OCC(=O)c1ccccc1)=O,MOSES sample,6388
C(CCC)(Nc1cc2c(OCC(N2CCCCC)=O)cc1)=O,MOSES sample,6389
CN(Cc1cccc(C#N)c1)C(=O)NC1CCCN(S(C)(=O)=O)C1,MOSES sample,6390
Clc1cc(ccc1)NC(Cn1nc(C)nc1C)=O,MOSES sample,6391
c1nn(-c2ccccc2)c(c1C(=O)NC1CC1)-n1cccc1,MOSES sample,6392
c1(N)ncc(c(N2CCCC(C2)CO)n1)C(C)C,MOSES sample,6393
c1cccc(CNC(Nc2cccc(N3CCCC3=O)c2)=O)n1,MOSES sample,6394
C(c1c(ccc(N)c1)F)(=O)N1CCN(CC1)Cc1ccccc1,MOSES sample,6395
N(C(=O)c1cc2c(cc1)c(n(CC)c([nH]2)=O)=O)c1c(C)c(ccc1)C,MOSES sample,6396
Brc1cc(NC(=O)CNC(=O)OC)c(cc1)OC,MOSES sample,6397
c1sc(NC(C2CN(CCO2)Cc2ccccc2)=O)nc1,MOSES sample,6398
c1(=O)n(Cc2nnc(C3CC3)n2C)c(=O)cc(n1C)N1CCCCC1,MOSES sample,6399
c1(C(OCC)=O)cnn2c(N)c(C(=O)OCC)cnc21,MOSES sample,6400
CC(=O)NCC(NC1CCCc2cc(C(CCC)O)ccc21)=O,MOSES sample,6401
FC(F)(c1nc(NC2CCCCC2)c(N)cn1)F,MOSES sample,6402
O1CCC(CSc2nc3ccccc3c3nc(C)nn23)CC1,MOSES sample,6403
c1c(c(c2cc(OC)ccc2o1)=O)Oc1ccccc1,MOSES sample,6404
c1ncnn1CCN1CCN(S(=O)(c2sccc2)=O)CC1,MOSES sample,6405
c1c(c(OC)cc2c1CCNC2c1ccncc1)C,MOSES sample,6406
c1csc(-c2n(Cc3noc(c3)C)ccn2)c1C,MOSES sample,6407
CC1=NC2(CCC(C(=O)N3CCc4cc(C)ccc43)CC2)C(=O)N1C,MOSES sample,6408
COc1ccc(C)cc1-c1ccc(CC#N)c(=O)[nH]1,MOSES sample,6409
O=C(c1cccc(c1)NC(C)=O)OCC(Nc1ccc(cc1)C)=O,MOSES sample,6410
N(c1cnc(OC)cc1)C(=O)CC(C)n1c(C)cc(C)n1,MOSES sample,6411
CCCS(=O)(=O)N1CCCC1C(=O)Nc1nncs1,MOSES sample,6412
CC(=O)c1c(C)nc(C)nc1SCC(=O)N(C)c1ccccc1C,MOSES sample,6413
O=C(Nc1ccc(F)cc1)c1ccc(-c2ccc(CO)o2)cc1F,MOSES sample,6414
Cc1noc(C)c1COC(=O)c1csc(-c2ccsc2)n1,MOSES sample,6415
c1c(NS(C)(=O)=O)ccc(c1)Cn1nc(cc1)C,MOSES sample,6416
C1N(CCOc2ccc(cc2)OC)C2C(CCCC2)OC1,MOSES sample,6417
O(CCC)c1cncc(N2CCC(CC2)C(NCC=C)=O)n1,MOSES sample,6418
O=C(NCc1cc2OCCOc2cc1)c1ccc(-n2cccc2)cc1,MOSES sample,6419
c12ccc(Cl)cn2c(c(NCC(N2CCCCC2)=O)cn1)=O,MOSES sample,6420
n1c(n2c(n1)sc(n2)Cc1ccc(cc1)F)-c1nccnc1,MOSES sample,6421
O=C(COc1ccccn1)Nc1ccc(Br)cc1,MOSES sample,6422
C1C(C)N(c2c(cc(cc2)S(=O)(N)=O)C1)Cc1scc(n1)C,MOSES sample,6423
c12C(CCc1cccc2)N(CCCCO)C(=O)Nc1cnn(C)c1,MOSES sample,6424
c1c(C)nc(cc1)NC(NCC1OCC2N(CCCC2)C1)=O,MOSES sample,6425
o1c2c(cc1C(Nc1cc(ccc1)C(=O)NCC)=O)cccc2OC,MOSES sample,6426
c1cc(NC(C(C)C)=O)cc(C(=O)Nc2ccc3c(c2)[nH]c(=O)o3)c1,MOSES sample,6427
C=CCNC(=O)c1ccccc1NC(=O)C(C)OC,MOSES sample,6428
CCOC(=O)c1cc(-c2ccc3[nH]c(=O)oc3c2)nn1C,MOSES sample,6429
c1c(Br)c2c(c(Nc3cc(ccc3)O)n1)cco2,MOSES sample,6430
CC(C)N(CC(N)=O)C(=O)C1(c2ccc(F)cc2)CC1,MOSES sample,6431
CNC(=O)c1ccc(C(N)c2nc(C)cs2)cc1,MOSES sample,6432
O=S(CC1CCCCC1)(=O)c1nc2c([nH]1)cccc2,MOSES sample,6433
c1c(-c2cccc(c2)Cl)nn(c1C)CC(=O)Nc1nocc1,MOSES sample,6434
Clc1ccccc1CCC(NCC(Nc1cc(ccc1)O)=O)=O,MOSES sample,6435
Cn1cccc(NC(=O)c2cccc(F)c2)c1=O,MOSES sample,6436
Cc1ccc(C)c(NC(=O)CN(C)C(=O)c2ccccc2C)c1,MOSES sample,6437
COc1cc(NC(=O)C2OCCc3ccccc32)cc(OC)c1OC,MOSES sample,6438
c1cccc(c1)C(=O)Cn1cc(-c2ccccc2)[nH]c1=O,MOSES sample,6439
c1(c(c(nn1C)C)CCC(N1CCCC1c1ccc(cc1)OC)=O)C,MOSES sample,6440
N(C1CCN(C1=O)c1cn(C)nc1)C(c1cc(c(cc1)OC)OC)C,MOSES sample,6441
O=C(NCc1ccoc1)C1CCC2(CC1)OCCO2,MOSES sample,6442
O=C(Nc1cccn2ncnc12)c1ccc(C(F)(F)F)cc1,MOSES sample,6443
NC(C(=O)NCCO)c1ccc2cc(O)ccc2c1,MOSES sample,6444
[nH]1nc(-c2ccc(OC)cc2)nc1SC(C)C(N1CCOCC1)=O,MOSES sample,6445
O=C(Nc1ccc(F)cc1Cl)C1Cc2ccccc2C(=O)O1,MOSES sample,6446
N(C(=O)COc1cnc2ccccc2n1)c1cc(C)ccc1C,MOSES sample,6447
c1(=O)c(NC(c2ccc(c(c2)F)F)=O)c(nc2sccn12)C,MOSES sample,6448
O=S(c1ccc(C(=O)C2(CC2)C)cc1)(CCC)=O,MOSES sample,6449
c1cc(nn1-c1ccc(F)cc1)C(NC(C)C(OC)=O)=O,MOSES sample,6450
N(C(C(=O)Nc1cc(ccc1)OCC(=O)OC)C)C(=O)C,MOSES sample,6451
NC(=O)c1ccc(C(=O)Nc2cc(-c3ccccc3)ns2)cc1,MOSES sample,6452
O=C(Nc1ccccc1C)CN(C(=O)c1ccc(Br)o1)C,MOSES sample,6453
C(C)(C(C(=O)NC(c1ccc(C)o1)C)NC(=O)C)C,MOSES sample,6454
C(c1ccc(cc1)Cl)(NC(=O)Nc1nnc(s1)CC)CC,MOSES sample,6455
o1c(CC)nnc1C(OC(c1ccc(cc1)C#N)=O)c1ccccc1,MOSES sample,6456
C(Nc1ncc(cc1)Cl)(=O)c1cc(-c2n(nnn2)C)ccc1,MOSES sample,6457
CN1C(=O)C(c2ccccc2)CC12CCN(C(=O)NC(C)(C)C)CC2,MOSES sample,6458
Cc1cc(C)n2nc(C)c(C(=O)N(C)CCC(F)(F)F)c2n1,MOSES sample,6459
O1CCC(C(Nc2cccc(c2C#N)F)=O)(c2cc(F)ccc2)CC1,MOSES sample,6460
CCCC(C)(C)NC(=O)Nc1cc(C)nn1C(C)C,MOSES sample,6461
o1nc(nc1OCCOc1cccc(Br)c1)C,MOSES sample,6462
COc1ccc(NC(=O)C2CSc3nccc(=O)n3C2)cc1OC,MOSES sample,6463
c1(cc(C(N2CCCC2c2c(n(C)nc2C)C)=O)occ1)=O,MOSES sample,6464
c1(OC)c(ccc(c1)C)NCc1onc(CCC)n1,MOSES sample,6465
c1ccccc1CC1CN(CC1)Cc1oc(cc1)CO,MOSES sample,6466
n1(CC)nc(cc1)C(Nc1c(C)ccc(c1)-c1occn1)=O,MOSES sample,6467
c1(C)ccc(C(N2CCC3(CCN(c4ncccn4)CC3)C2)=O)nc1,MOSES sample,6468
CCCC1CN(C(=O)Cc2cn(C)nc2C)CCO1,MOSES sample,6469
c1cc(F)ccc1CNc1ncnc2onc(C)c12,MOSES sample,6470
c1cc(NC(=O)Cn2cnnn2)cc(Cl)c1C(N1CCCCC1)=O,MOSES sample,6471
c1c(OC)ccc(c1F)C(N1CC(c2nc(no2)C)C1)=O,MOSES sample,6472
n1(cnc2c(cccc2CC)c1=O)CC(=O)Nc1c(cccc1)C,MOSES sample,6473
Cc1nc2n(c(c1)C)nc(C(=O)Nc1cnccc1OC)n2,MOSES sample,6474
C1N(c2c(N1)cccc2)C(=O)Cc1c(cccc1)F,MOSES sample,6475
N(CCCOC)C(c1c(C(F)(F)F)n(C(C)(C)C)nc1)=O,MOSES sample,6476
C1CCCC(N1CC(N1CCN(CC(F)F)CC1)=O)=O,MOSES sample,6477
c12C(=O)NC(c3ccccc3)C(OCC#C)=O)c2cccc1,MOSES sample,6478
Cc1ccc(C2(O)CCN(C(=O)c3cn(C)nc3C)CC2)nc1,MOSES sample,6479
C(=O)(N1CCN(CC(c2ccco2)O)CC1)Cc1c(cccc1)Cl,MOSES sample,6480
O=C(Nc1cc2[nH]c(CN3CCCC3)nc2cc1)C,MOSES sample,6481
CCc1ccccc1N1CC(CC1=O)C(=O)N1CC(C)OC(C)C1,MOSES sample,6482
C(C(C)C)(C)NS(=O)(=O)C1=Cc2c(CC1)cccc2,MOSES sample,6483
c1c(C(=O)Nc2c(cc(c(c2)Cl)OCC)OCC)c(C)oc1,MOSES sample,6484
Cc1noc(CNC(=O)c2cccnc2N(C)C)n1,MOSES sample,6485
n1c(-c2ccc3COCc3c2)cc(c(F)c1)Br,MOSES sample,6486
n1(C(=O)c2c(ccc(c2)C)F)c2c(cccc2)nc1,MOSES sample,6487
CCn1cc(-c2cc(C(=O)Nc3ccccc3)c3ccccc3n2)cn1,MOSES sample,6488
CN(CCCCNc1ccccc1F)C(=O)Nc1cccnc1,MOSES sample,6489
c1csc(c1)CNC(=O)Cn1nc(ccc1=O)C,MOSES sample,6490
CCCCCCOc1cc(N)ccc1S(N)(=O)=O,MOSES sample,6491
C(C)OC(=O)N1CCC(CC1)NC(c1cc2c(nc(c(n2)C)C)cc1)=O,MOSES sample,6492
O=C(Nc1scc(n1)-c1c[nH]c(c1)C(=O)N)CCC1CCCC1,MOSES sample,6493
c1c(ccc(OC)c1)S(=O)(=O)N(C)C(c1c(c(ccc1)F)N)=O,MOSES sample,6494
CC(C)COCCC(=O)Nc1ccc(N)c(F)c1,MOSES sample,6495
C(=O)(c1ccc(NC(CCc2cnn(C)c2)=O)cc1)OCC,MOSES sample,6496
C(c1cc(ccc1)C)N(C)C(=O)CNC(c1cccs1)=O,MOSES sample,6497
Nc1nc(CSc2ccc(F)cc2)nc(N2CCOCC2)n1,MOSES sample,6498
Fc1c(c(F)ccc1)C(=O)Nc1ccccc1C#N,MOSES sample,6499
n1c(C(=O)Nc2c(C(OC)=O)ccs2)cc2c(CCC(C2)C)n1,MOSES sample,6500
s1c(cc(c1)C(C)Nc1cnn(c(=O)c1Cl)C)CC,MOSES sample,6501
COc1cc(NC(=O)c2cn(CC(=O)N(C)C)nn2)cc(OC)c1,MOSES sample,6502
c1nc(ccc1)CN(CCC#N)C(Nc1cc2c(cc1)SCC2)=O,MOSES sample,6503
CC(C)Oc1ccc(N2Cc3ccccc3C2)cc1N,MOSES sample,6504
n1ccsc1NC(CCC(=O)Oc1c(c(C)cc(C)c1)C)=O,MOSES sample,6505
c1nccn2c1nc(c2)C(N(Cc1ccc(cc1)Cl)CC)=O,MOSES sample,6506
c1(N)cccc2c(cccc12)C(Nc1ccc(C(=O)C)cc1)=O,MOSES sample,6507
c1c(C(Nc2c(C)cccc2)=O)ccc(c1)NC(=O)Nc1nocc1,MOSES sample,6508
C1COCC1c1noc(-c2nn(cc2Cl)C)n1,MOSES sample,6509
CSc1nc(C2CC2)cc(C(=O)NCCO)c1C#N,MOSES sample,6510
C(NC(NC(C)c1oc2ccccc2c1)=O)c1n2c(CCC2)nn1,MOSES sample,6511
C(Cc1oc(-c2ccc(cc2)C)nn1)C(Nc1ccc(cc1)C#N)=O,MOSES sample,6512
c12n(C)c(C)c(CCC(=O)N3CCN(CC3)C)c(n1nc(n2)N)C,MOSES sample,6513
CC(C)Oc1ccccc1NC(=O)NCCc1ccccn1,MOSES sample,6514
Cc1cccc(NC(=O)c2ccccn2)c1C(=O)N1CCCCCC1,MOSES sample,6515
CSc1ccc(OCC(=O)NCC(F)(F)F)cc1,MOSES sample,6516
Cc1cc(C(=O)Nc2nc(-c3ccc4c(c3)CCC4)cs2)no1,MOSES sample,6517
C1(CCCC1)n1c(C2COCC2)nc(n1)CNC(c1ccccn1)=O,MOSES sample,6518
c1cc(OC)ccc1CC(C#N)C(=O)N1CCN(C)CC1,MOSES sample,6519
N(c1ccc(cc1)OC)C(Nc1cccc(OCC(=O)N(C)C)c1)=O,MOSES sample,6520
c1(N)ccc(cc1COCCCc1sccc1)F,MOSES sample,6521
c1c(OC)cccc1CNS(c1cc(C(=O)OC)n(c1)C)(=O)=O,MOSES sample,6522
c1(CNC(c2ccc(-n3nc(C)cc3C)cc2)=O)ccncc1,MOSES sample,6523
c1(c(-c2ccccc2OC)nc(C(C)C)nc1)-c1n(ccn1)C,MOSES sample,6524
c1cc(c(N(CC(=O)c2c(C)[nH]c(C)c2)Cc2ncccc2)cc1)OC,MOSES sample,6525
c1(ccccc1C(F)(F)F)C(=O)Nc1ccc(cc1)C(NCC)=O,MOSES sample,6526
c1(OC(C(NCC2=CCCCC2)=O)C)cccc(c1)N,MOSES sample,6527
c1c(F)ccc2c1c1c(C(NC(N1)c1oc(cc1)C)=O)[nH]2,MOSES sample,6528
N#Cc1ccccc1C(=O)NCC(O)c1ccccc1,MOSES sample,6529
S(=O)(c1c(cc(cc1)Cl)F)(=O)N(CCn1cccn1)C,MOSES sample,6530
Cc1cc(C)n(CCNc2nccc(-c3cn(C)nc3C)n2)n1,MOSES sample,6531
N(C)(C)S(=O)(c1cc(C(=O)N2CCCCC2)c(OC)cc1)=O,MOSES sample,6532
CCc1c(C#N)nnn1-c1ccc(OC)c(Cl)c1,MOSES sample,6533
CCC(=O)N1CCN(C(=O)Nc2cc(Cl)ccc2Cl)CC1,MOSES sample,6534
c1(Cc2c(C)nc3c(c(nn3c2C)C)C)onc(n1)C(C)(OC)C,MOSES sample,6535
O=C(NC(C)C)CNc1ccc(c(c1)Cl)C#N,MOSES sample,6536
C(N1C(=O)C2(CCN(C(c3ccccc3)=O)CC2)CCC1)(C)C,MOSES sample,6537
Cc1ccc2cnn(CCC(=O)Nc3cccnc3)c2c1,MOSES sample,6538
c1(ccc(cc1)-n1c(cc(N)n1)C)C(Nc1ccc(F)cc1)=O,MOSES sample,6539
OCC(O)Cn1c(-c2ccncc2)nc2cccc(Cl)c21,MOSES sample,6540
n1c(COC)scc1C(NC1COc2ccccc2C1)=O,MOSES sample,6541
C(NC(=O)C1CC1)C(N1CC(c2c(ccs2)C)OCC1)=O,MOSES sample,6542
c1(C)nc(C)c(s1)CN1CCC(c2ccc(F)cc2)=CC1,MOSES sample,6543
c1c(Cl)cc(S(=O)(N2CCOCC2)=O)c(OC)c1,MOSES sample,6544
CC(Sc1ccc(Cl)cc1)C(=O)OCC1CCCO1,MOSES sample,6545
Cc1ncsc1CCC(=O)N1CCCc2cc(-c3ccno3)ccc21,MOSES sample,6546
Cc1ccccc1COC1CCN(C(=O)c2c(F)ccc(F)c2)CC1,MOSES sample,6547
c1ccsc1CN1CC2(COCC2C1)CNC(=O)c1ncsc1,MOSES sample,6548
c1c(c2c(cc(OC(C)C)cc2)oc1=O)C(NCCN1CCOCC1)=O,MOSES sample,6549
Cc1ccc(C)c(-n2nc(-c3cccnc3)cc2C(=O)NCCO)c1,MOSES sample,6550
C1(C)CCCCN1C(c1ccc(Cl)c(c1)N)=O,MOSES sample,6551
C(Nc1c(NC(C)=O)ccc(Cl)c1)(N1CC(O)CCC1)=O,MOSES sample,6552
c1(C#N)ccn2nc(C3CC3)nc2c1C(F)(F)F,MOSES sample,6553
c1cccnc1SC(C)C(=O)NCC(=O)NC(C)C,MOSES sample,6554
CCCC1CN(C(=O)CNS(=O)(=O)c2cccs2)CCO1,MOSES sample,6555
N(C(=O)C(n1c(c2ccccc2nn1)=O)C)c1cccc(c1)NC(C)=O,MOSES sample,6556
c1(-c2ccccc2)cc(OC(F)F)c(CNC(CC#N)=O)cc1,MOSES sample,6557
C1(CCCCN1C(c1c(C)occ1)=O)c1nn(C)cc1-c1ccncc1,MOSES sample,6558
Cn1c(C(=O)Nc2ccccn2)cc2cc(Cl)ccc21,MOSES sample,6559
n1c(C)n2CCN(C(c3cccnc3Oc3cccnc3)=O)Cc2n1,MOSES sample,6560
c1(CCNC(=O)c2scnc2C2CC2)c(F)cccc1,MOSES sample,6561
c1cc(c(c(n1C1CC1)=O)C(N)c1cccs1)C,MOSES sample,6562
C#CCNC(=O)c1ccc(OC(=O)C2CC=CCC2)c(OC)c1,MOSES sample,6563
O(C)c1c(cc(C(Nc2cc(OC)c(cc2C)OC)=O)cc1)OC,MOSES sample,6564
C(c1nn(C)c(cc1)=O)(Nc1ccc(Oc2ccccc2OC)cc1)=O,MOSES sample,6565
c12c(=O)[nH]c(CCCSc3nnc(C)o3)nc2cccc1,MOSES sample,6566
c1c2c(n(CC)cc(c2=O)C(=O)NCCCc2ccccc2)ccc1,MOSES sample,6567
Fc1c(C(=O)N2CCCC2C(=O)Nc2ccccc2)cc(cc1)F,MOSES sample,6568
c1(nc(sc1C)NC(=O)COc1c(ccc(C)c1C)C)C,MOSES sample,6569
c1(nc(CCNC(c2c(-c3ccccc3)n[nH]c2)=O)sc1C)CC,MOSES sample,6570
Cc1ccc(C(=O)NCCOc2ncc(Cl)cc2Cl)c(F)c1,MOSES sample,6571
C(N1CCCS1(=O)=O)c1c(ccc(F)c1)OC,MOSES sample,6572
c1n2c(n(CCC(N3CCOc4ccc(C)cc34)=O)nc2ccc1)=O,MOSES sample,6573
N(CC(=O)OC)C(=O)c1cccc(OCc2nc3c(cccn3c2)C)c1,MOSES sample,6574
C(OC)CCNC(c1n(c2csnc2c1)-c1ccccc1)=O,MOSES sample,6575
CC(c1nc(C)c(C(Nc2cnc(OC)cc2)=O)s1)C,MOSES sample,6576
O=C(N)C1CCN(C(=O)CNc2ccc(cc2Cl)Cl)CC1,MOSES sample,6577
C(#N)c1c(scc1)NC(=O)CCCCNC(N)=O,MOSES sample,6578
CC(C(=O)NC(C)(C)C)Sc1nn2c(cc(nc2n1)C)C,MOSES sample,6579
C(c1ccc(cc1C)C)C(=O)N1Cc2nnc(n2CC1)CC,MOSES sample,6580
C(C(Nc1ccc(cc1)Cl)=O)OC(c1n(C)ncc1)=O,MOSES sample,6581
c1(F)cc(ccc1CN(C(c1c(F)cc(C#N)cc1)=O)CCC)C#N,MOSES sample,6582
N(c1ccc(F)cc1)C(CNC(c1cc(cc(C)c1)C)=O)=O,MOSES sample,6583
c1c(NC(=O)c2ccccc2C(F)(F)F)ccnc1C,MOSES sample,6584
C1C2(CC1)CCN(C(Cc1nc(oc1C)-c1occc1)=O)CC2,MOSES sample,6585
c12c(cccc1)n(nc2C)CCC(=O)NCC(N1CCCC1)=O,MOSES sample,6586
CC(C)NC(=O)Cc1c(Cl)ccc(Cl)c1,MOSES sample,6587
c1(=O)n(C)c2cccc(N)c2n1CCc1ccccc1,MOSES sample,6588
c1ncc(-c2onc(CN(C)Cc3[nH]c(c4c(ccs4)n3)=O)n2)nc1,MOSES sample,6589
C1CCc2c(C1)cc(CC(=O)NCCCC(=O)N)cc2,MOSES sample,6590
C(n1c(=O)c2ccccc2nc1)C(=O)c1ccc(cc1)CC(C)C,MOSES sample,6591
N(C(C(C)C)=O)CCNC(=O)NCc1ccc(-n2ncnc2)nc1,MOSES sample,6592
c1(c(N)nccn1)C(Nc1ccc2c(c1)ncn2C)=O,MOSES sample,6593
n1cc(cc(CNC(Nc2c(ccc(C(NC)=O)c2)C)=O)c1)Cl,MOSES sample,6594
COCCn1c(-c2c(cccc2)OC(C)C)ccc(CO)c1=O,MOSES sample,6595
c1(Cl)c(cccc1)Cc1c(C)nc([nH]c1=O)N1CCOCC1,MOSES sample,6596
c1c(N)c(ccc1NC(=O)CCCOC)OCC,MOSES sample,6597
NC(c1cccc(Cl)c1Cl)c1nc2ccccc2n1CCO,MOSES sample,6598
c1(ccc(cc1)OC)Cc1c(=O)n2c(s1)nc(SC)n2,MOSES sample,6599
Cc1nc(C(=O)NC(C)C(=O)N2CCCC2)cs1,MOSES sample,6600
C(c1ccc(cc1)F)CNC(c1cn(nc1C)C)=O,MOSES sample,6601
Cc1sc(C(Oc2cccc(c2)NC(=O)c2ccco2)=O)cn1,MOSES sample,6602
N#Cc1cccc(S(=O)(=O)Nc2ccc3c(c2)CCC3)c1,MOSES sample,6603
c1(sccn1)N(C(CSc1n(ccn1)C)=O)CC(F)(F)F,MOSES sample,6604
Cc1c(C(OC)=O)cccc1OC(CC(C)(C)C)=O,MOSES sample,6605
c1ccccc1C(=O)c1ccc(cc1)OC(=O)Cc1c(C)noc1C,MOSES sample,6606
C1CN(CCN1C(c1cc(cn1C)Br)=O)C(CC#N)C,MOSES sample,6607
c1cc(cc(C(=O)Nc2nc(-c3ccc(C)cc3C)cs2)n1)OC,MOSES sample,6608
c1(N2CCN(CC2)C(=O)c2cc(F)ccc2F)nc(ns1)CC,MOSES sample,6609
C(c1ccc(cc1)C(=O)NCc1cc2OCOc2cc1)OC,MOSES sample,6610
c1ncccc1C(=O)N1CCN(Cc2c(cccc2)Cl)CC1,MOSES sample,6611
CNC(=O)C(NC)c1cc(Br)ccc1OC,MOSES sample,6612
CC(NC(CN(C)c1nc(nc2sccc21)C)=O)(C)C,MOSES sample,6613
c1cc(ccc1CC(OCCN1C(CCC1)=O)=O)OC,MOSES sample,6614
CCOc1ccc(OCC(=O)Nc2ccc(C)cc2O)cc1,MOSES sample,6615
C(=O)(Nc1cccc(C(=O)N2CCOCC2)c1C)Cc1ccc(C)nc1,MOSES sample,6616
C(C1CC1)OCCN(C)C(c1c(N)cccc1C)=O,MOSES sample,6617
Fc1ccc(c(c1)F)CCNC(=O)c1oc(COC)cc1,MOSES sample,6618
Cc1ccc(Cl)c(NC(=O)CCCn2cccc2)c1,MOSES sample,6619
n1nc(n(c1)C)C1CCCN1C(=O)c1c(OC)c(OC)ccc1,MOSES sample,6620
Fc1ccc2nc(CSc3nncs3)cn2c1,MOSES sample,6621
c1(F)c(c(Cl)ccc1)C(=O)N1CCN(CC(C)O)CC1,MOSES sample,6622
c1c(-n2nccc2)ccc(C(=O)N(C)CC(F)(F)F)c1,MOSES sample,6623
CC(=O)c1ccc(NC(=O)NC(C)c2cccc(C)n2)cc1,MOSES sample,6624
Cc1cc(CN(C)C(=O)CC2CCOc3ccccc32)no1,MOSES sample,6625
C1CC(OC(=O)CCC(=O)Nc2nccs2)CC1,MOSES sample,6626
C1N(Cc2cncn2C1)C(=O)COc1c(cccc1)OCC,MOSES sample,6627
n1nncn1CC(NCCCn1c(C)cc2c1cccc2)=O,MOSES sample,6628
CCOC(=O)N1CCN(CC(=O)NC(C)c2ccccc2)CC1,MOSES sample,6629
c1(=O)n(CC(=O)NCCc2cc(F)ccc2)nc2n1CCCCC2,MOSES sample,6630
c1c(cccc1C)C(NCc1n2c(CCC2)nn1)=O,MOSES sample,6631
Cc1cn2c(c(C)c1)nc(c2)COc1cccc(c1)C(N(C)CC)=O,MOSES sample,6632
c1c(C2CCc3nc(C(NCCCOC)=O)cn3C2)cccc1,MOSES sample,6633
c1(ccc(cc1)C(=O)N(Cc1n[nH]c(C2CC2)c1)C)OCC,MOSES sample,6634
c1nn(cc1NCc1c(n(nc1C)C)C)CCCCC,MOSES sample,6635
N1(C(=O)c2c(OCC)nccc2)CCC(Sc2ccccc12)C,MOSES sample,6636
COc1c(cccc1)S(=O)(=O)NC(C)c1sccc1,MOSES sample,6637
C1COCC(C2CC2)N1C(=O)NCc1c2ccccc2on1,MOSES sample,6638
C1CC1NC(=O)CNC(COc1cccc(C)c1C)=O,MOSES sample,6639
CCOc1cc(Nc2ncc(N)cc2OC)ccc1OC,MOSES sample,6640
CCn1c(NC(=O)c2snnc2C)nc2ccccc21,MOSES sample,6641
n1n(C(C)c2cnccc2)c(cc1)NC(=O)c1cc(ncc1)OCC,MOSES sample,6642
n1c(C)c2cc(C(N3C(CCCC3)Cn3cccn3)=O)cnc2o1,MOSES sample,6643
o1c2c(OC)cccc2cc(C(=O)N(C2CC2)Cc2c(cccc2)F)n1,MOSES sample,6644
o1c(-c2nnc(NC(c3c(cccc3)SCC)=O)o2)cc(n1)C,MOSES sample,6645
CS(=O)(N1CCCn2nc(-c3c(Cl)cccc3)cc2C1)=O,MOSES sample,6646
c1(cnc(cc1)S(N(CCO)CC)(=O)=O)Cl,MOSES sample,6647
c1ccc(Oc2ccc(cc2)C(=O)NCCNC(=O)C(C)C)cc1,MOSES sample,6648
n1onc(c1NC(C1CCCCC1)=O)-c1ccccc1,MOSES sample,6649
C(c1nccs1)N(Cc1ccccc1)C(=O)c1ccccc1O,MOSES sample,6650
c1cncc(OC2CCC(NC(c3nn(nc3)-c3ccccc3)=O)C2)c1,MOSES sample,6651
Cc1nc(CNC(=O)NCc2ccc(F)c(Cl)c2)c(C)s1,MOSES sample,6652
S(c1c(C)[nH]nc1C)(=O)(=O)NCCc1c(C)cccc1,MOSES sample,6653
C(n1nc(-c2ccc(C)cc2)nn1)C(c1cc(F)c(cc1)F)=O,MOSES sample,6654
NC(c1c(oc(n1)-c1oc2c(cccc2)c1C)NCc1ccccc1)=O,MOSES sample,6655
c1(C(NCc2ccc(C)cc2C)=O)ccc(NC(=O)NC(C)C)cc1,MOSES sample,6656
C1(CCC(NC(CSc2ccncc2)=O)CC1)n1cnnc1,MOSES sample,6657
CC1CCCN(c2cc(N)n(-c3ccc(F)c(Cl)c3)n2)C1,MOSES sample,6658
c1(nc2cc(c(cc2n1N)Cl)Cl)NC(CO)(C)C,MOSES sample,6659
C(C(C(O)c1cc2OCCOc2cc1)NCC(C)C)C(=O)OC,MOSES sample,6660
c1(F)c(F)ccc(c1)-c1n(CCCO)nnc1C#N,MOSES sample,6661
C(c1ccncc1)NC(=O)COc1ccc(OCC)cc1,MOSES sample,6662
C(C)(C)(C)Oc1cc(ccn1)CNC(c1scnc1C)=O,MOSES sample,6663
Nc1ccc(Nc2ccccn2)c(C(F)(F)F)c1,MOSES sample,6664
C1(NCCN1c1cc(ccc1OC)NC(NCCCCC)=O)=O,MOSES sample,6665
C(CNC(=O)C(Oc1c(cccc1)O)CC)c1c2ccccc2[nH]c1,MOSES sample,6666
C1CN(CCCN1C(=O)c1ccc(cc1)CC)C(=O)c1ccccc1,MOSES sample,6667
c1cc(ccc1C(Nc1cc2c(cc1)n(C)c(n2C)=O)=O)Cl,MOSES sample,6668
c1cc(F)cc2C3(C(=O)N(c21)CCc1ccccc1)OCCO3,MOSES sample,6669
c1ccc2nc(CCn3c(=O)c4c(s3)cccc4)n(CC)c(c2c1)=O,MOSES sample,6670
C(CN(S(N1Cc2c(CC1)scc2)(=O)=O)C)C,MOSES sample,6671
CS(=O)(=O)N1CCN(c2cc(Nc3ccccc3)ncn2)CC1,MOSES sample,6672
C(C(F)(F)F)Oc1cc(ccc1)NCc1scc(C)n1,MOSES sample,6673
C(N1C(CCCC1)CO)(C1CCN(CC1)C(=O)CCC)=O,MOSES sample,6674
CCCNC(=O)c1cccc(NC(=O)c2ccc3c(c2)OCO3)c1,MOSES sample,6675
C1CN(CCC1n1cccc1)C(=O)C1CN(C(N(C)C)=O)CCC1,MOSES sample,6676
c1(F)c(cccc1C(Nc1ccc(CN2CCOC2=O)cc1)=O)OC,MOSES sample,6677
CC1CCCC(N(C)C(=O)c2cc(-c3csc(C)n3)cn2C)C1,MOSES sample,6678
Clc1cc(CN(C)C(Nc2n(C)nc(c2)C)=O)ccc1,MOSES sample,6679
COC(=O)c1cccc(NCC(=O)Nc2ccccc2C(C)=O)c1,MOSES sample,6680
c1c(-n2nc(C)cc2C)ccc(C(NCCC(NC(C)C)=O)=O)c1,MOSES sample,6681
C1CN(CCC1C(=O)N(C)C)c1nnc(-c2c(F)cccc2)s1,MOSES sample,6682
O=C(NCc1cscn1)c1cc(-c2ccc(F)cc2)n[nH]1,MOSES sample,6683
C(NC1CCCn2c1nc(n2)CC)(=O)Cc1sccc1,MOSES sample,6684
C(C)(c1ccc(cc1)S(N(CCC#N)CC1CC1)(=O)=O)C,MOSES sample,6685
O=C(Nc1nc(-c2ccccn2)cs1)C1COc2ccccc2O1,MOSES sample,6686
c1cnccc1-c1cc([nH]n1)NC(Cc1c(n[nH]c1C)C)=O,MOSES sample,6687
N(CCC(C)C)C(=O)Nc1cc(N2C(CCC2)=O)c(cc1)OC,MOSES sample,6688
N#Cc1cccc(COc2ccc(-n3cnnn3)cc2)c1,MOSES sample,6689
C1C(N(C)C(CC2OC(=O)c3c2cccc3)=O)CCCCC1,MOSES sample,6690
CN(C(CC#N)C)C(Nc1ccc(Oc2ccc(cc2)C#N)c(C)c1)=O,MOSES sample,6691
n1c(noc1COC)CC(C)C(NC1CCCC1)=O,MOSES sample,6692
COCCNC(=O)Cn1cc(C)c(-c2cnn(C)c2)n1,MOSES sample,6693
C1(N(c2cc3CCC(Nc3cc2)=O)CCCC1)CC,MOSES sample,6694
C(OC)CCNc1ccccc1S(=O)(=O)CC,MOSES sample,6695
N(C(=O)CC1CCCCC1)c1oc(nn1)-c1n(ncc1)C(C)C,MOSES sample,6696
O=C(NCc1ccccc1F)Nc1nccn(C)c1=O,MOSES sample,6697
c1c(C(NC(Cn2c(csc2=O)C)=O)C)ccc(c1F)OC,MOSES sample,6698
c1cc(C(=O)NCc2cc3c(OCO3)cc2)ccc1S(=O)(CC)=O,MOSES sample,6699
c12c(ncn1Cc1onc(c1)C)n(c(=O)n(c2=O)C)C,MOSES sample,6700
C1c2nnc(n2CCN1C(Nc1cc(nn1C)CC(C)(C)C)=O)CC,MOSES sample,6701
c1c(C(Nc2cc(C)c(cc2)OC)=O)c(C)c(o1)C,MOSES sample,6702
n1n(cnc1)CCC(N1CCN(CC1)Cc1ccc(cc1F)F)=O,MOSES sample,6703
n1c(cccc1C(COC)Nc1cccc(n1)C#N)-c1ccccc1,MOSES sample,6704
O=C(c1cc2n(cc1)nnn2)NCc1c(Cl)cccc1,MOSES sample,6705
N1(S(=O)(C)=O)CC(C(NC(Cn2cncn2)=O)C1)CCC,MOSES sample,6706
n1(C)cc(cn1)NC(=O)NCCOc1ccccc1OC,MOSES sample,6707
N(c1cccc(S(N2CCOCC2)(=O)=O)c1C)C(=O)C(C)(C)C,MOSES sample,6708
Fc1c(C(Nc2c(c(C3CC3)cs2)C(=O)OCC)=O)cccc1,MOSES sample,6709
c1(c(S(=O)(N(C)CCCO)=O)ccc(F)c1)C,MOSES sample,6710
C1CCCC(=C1)CCNC(=O)NC(c1n(cnn1)C)C,MOSES sample,6711
O(C)c1ccc(NC(c2cccc(n2)C)=O)c(c1)OC,MOSES sample,6712
O=C(NC(CO)c1ccccc1)c1cc2n(n1)CCCO2,MOSES sample,6713
O=C1CC2C(CCN2Cc2cccs2)N1Cc1ccncc1,MOSES sample,6714
c1(nc(no1)C)C12COCC2CN(c2ncccn2)C1,MOSES sample,6715
C1CN(CCN1Cc1c(cccc1)OCC#C)C(Nc1cn[nH]c1)=O,MOSES sample,6716
c1ccc(cc1-c1nc2ccccc2n1CCO)OCC,MOSES sample,6717
c1(scc(n1)CC(=O)NCCO)COc1ccc(Cl)c(c1)C,MOSES sample,6718
O1c2ccccc2CC(C(N(CC)CC(=C)C)=O)C1,MOSES sample,6719
CN(C(=O)COc1c(cccc1OC)OC)Cc1cc(F)ccc1,MOSES sample,6720
O=S(c1ccc2CCCc2c1)(N1C(c2sccc2)CCC1)=O,MOSES sample,6721
c1c(cccc1F)CCc1nc2ccccc2[nH]c1=O,MOSES sample,6722
O=S(Nc1ccc(C(=O)CC)cc1)(=O)CCCC,MOSES sample,6723
C(C)OC(=O)C(N)c1c(cc(c(c1F)F)F)F,MOSES sample,6724
CC(NC(N)=O)C(=O)N(Cc1ccccc1F)C1CCCCC1,MOSES sample,6725
c1(-c2nnc3n2nc(-c2c3cccc2)sc2c[nH]c(=O)c23)occc1,MOSES sample,6726
O(c1c(OC2OC(CO)C(C2O)NC(C)=O)cccc1)CC,MOSES sample,6727
S(N1Cc2c(COC)(CC1)C#N)(=O)(CCC)=O,MOSES sample,6728
c1ccc(c(-c2c(cnc(-c3ccccc3)n2)S(C)(=O)=O)c1)OC,MOSES sample,6729
O=c1[nH]ncc(NCCNS(=O)(=O)CC)c1Cl,MOSES sample,6730
CCOc1ccc2nc(N3CCN(C(C)=O)CC3)sc2c1,MOSES sample,6731
c1c(NC(=O)CCn2c3ccccc3nc2)c(F)cc(F)c1,MOSES sample,6732
OCc1ccc(-c2ccc(cc2)OCC)n(CCC)c1=O,MOSES sample,6733
c1(ccc2OCOc2c1)NC(CCNc1ncccn1)=O,MOSES sample,6734
c1cc2c(cn(C)c2cc1)NC(=O)c1cccc2cn[nH]c21,MOSES sample,6735
C(=O)(Nc1ccc(-n2cc(C(=O)N)nn2)cc1)c1sc(C)cc1,MOSES sample,6736
O(C)c1c(OC(F)F)cc2c(CCNC2CCC)c1,MOSES sample,6737
C1N(CCCC1N(CC)CO)C(c1csc(n1)C)=O,MOSES sample,6738
C1C2C=CC1C(CO)C2NC(=O)Nc1cc(c(OC)c(F)c1)F,MOSES sample,6739
Cc1cnn(CC2CCCCN2C(=O)c2ccc3c(c2)OCCO3)c1,MOSES sample,6740
CN(Cc1scc(Br)c1)C(=O)c1ccccc1C#N,MOSES sample,6741
C(C)(C(NC(c1ccco1)=O)C(=O)Nc1c(cccc1)OCC)C,MOSES sample,6742
O=C(OC(C)(C)C)Nc1nc(ccc1-n1cccc1)C,MOSES sample,6743
C(S(NCc1noc(-c2ccsc2)n1)(=O)=O)C,MOSES sample,6744
C(C)C(Nc1c(ccc(c1)S(NCC1OCCC1)(=O)=O)C)=O,MOSES sample,6745
O=C1N(C)Cc2cc(S(NC)(=O)=O)c(OC3CC3)cc2O1,MOSES sample,6746
O=C(CN(C)C(C)=O)Nc1ccc(SC)cc1,MOSES sample,6747
c1(cc(ccc1)C(=O)N1CCC2(CN(C)C(O2)=O)C1)OCC=C(C)C,MOSES sample,6748
C=CCN1CCN(CC1)S(=O)(c1ccc(C)cc1C)=O,MOSES sample,6749
CCOC(=O)CN(C)S(=O)(=O)c1c(C)cc(N)cc1C,MOSES sample,6750
c12c(sc(C(=O)NCCCN3CCCC3=O)c2Cl)c(F)ccc1,MOSES sample,6751
c1(nc(-c2cnccc2)no1)Cc1ccc(-n2nc(cc2C)C)cc1,MOSES sample,6752
c1ccc(cc1N1C(=O)CCC1)NC(=O)COc1c(F)cccc1,MOSES sample,6753
COc1ccc(OC)c(NC(=O)NCCn2cnc3ccccc32)c1,MOSES sample,6754
C1CC1NC(N1CC(c2onc(n2)-c2ncccn2)C1)=O,MOSES sample,6755
Nc1c(N2CCC(C(=O)c3ccc(cc3)Cl)CC2)c([nH]n1)C,MOSES sample,6756
n1(c(SCC(N(CCC#N)C)=O)ncc1)C(C)C,MOSES sample,6757
O=C(c1cccc(NC(=O)c2ccoc2)c1)N(CCO)CC(F)(F)F,MOSES sample,6758
O=C(NCCNC(=O)N(Cc1ccc(cc1)F)C)C,MOSES sample,6759
c1cc(C(=O)Nc2c(F)cc(cc2)Cl)c(c(c1)OC)F,MOSES sample,6760
COc1c(NC(CCn2nc(C)cc2C)=O)ccc(OC)c1,MOSES sample,6761
c1(cc(Br)ccc1F)CC(N(CCC(NC)=O)C)=O,MOSES sample,6762
N1(C(=O)c2cccs2)CCN(CC1)c1nc(C)nc2c1scc2,MOSES sample,6763
C(Cn1c(nc2c1cccc2)SCC(NC1CC1)=O)CC,MOSES sample,6764
C1CN(C(Cc2c(cccc2)Cl)C1)C(=O)NCc1cn(C)nc1,MOSES sample,6765
c1(n[nH]c(C)n1)C(c1ccccc1)NC(=O)c1c(OCC)nccc1,MOSES sample,6766
Brc1cc(c(OC)cc1CCOc1cc(N)ccc1)O,MOSES sample,6767
CCCCCN1C(=O)C(C)Oc2ccc(C(C)=O)cc21,MOSES sample,6768
Cc1ncc(CNC(=O)N(C2CC2)C(C)C(C)C)s1,MOSES sample,6769
C(N(C)C(c1cnc(N)c(c1-c1ccncc1)C)=O)CC,MOSES sample,6770
N(Cc1ccc(c(OC)c1)OC)C(=O)C1C(c2ccccc2)C1,MOSES sample,6771
CN(c1c2nnn(Cc3ccccc3)c2ncn1)C,MOSES sample,6772
c1c(C2NCCc3c(cccc32)F)c(c(c(F)c1)F)F,MOSES sample,6773
O=C1N(C2CCCC2)CC(C1)C(=O)NC1(CCC1)c1ccccc1,MOSES sample,6774
COc1ccc2c3c1OCN(CCc1ccccc1)C32,MOSES sample,6775
Cn1c(=O)[nH]c(=O)c2c1nc(-c1ccncc1)n2CC(C#N)CCC#N,MOSES sample,6776
CC(NC(=O)CCC(=O)c1ccc(Br)cc1)C(N)=O,MOSES sample,6777
CC(=O)Nc1ccccc1NC(=O)CSc1ccc(Cl)cc1,MOSES sample,6778
C(n1nc(C(N(C)Cc2cnccc2)=O)ccc1=O)COC,MOSES sample,6779
C1c2ccccc2CN1C(CSc1nnc(-c2ccncc2)o1)=O,MOSES sample,6780
c1cc(N(C(=O)c2onc(C)c2)CC2OCCC2)ccc1,MOSES sample,6781
CCCCOC(=O)C(C)n1cnc2c(oc3ccccc32)c1=O,MOSES sample,6782
Cc1noc(CCNC(=O)c2cnn(-c3ccccn3)c2C(C)C)n1,MOSES sample,6783
c1(NC(N(CC)CCCC)=O)ccc(OC)cc1,MOSES sample,6784
Cc1ccc(Cc2nc(-c3cc(N)ccc3C)n[nH]2)cc1,MOSES sample,6785
Cc1ccc(N2CCC(C(=O)NCC3(C)COC3)C2=O)cc1F,MOSES sample,6786
C(NCCOc1ccc2CCCc2c1)(C(NC(=O)c1occc1)C)=O,MOSES sample,6787
COC(=O)c1ccc(C)c(NC(=O)c2ccc(-n3cncn3)nc2)c1,MOSES sample,6788
CCOc1ncccc1CNC(=O)N(CC)CC,MOSES sample,6789
O=C(Cc1ccc(O)cc1)N1CCCC(CN2CCOCC2)C1,MOSES sample,6790
CC1(C)CCC(CNC(=O)c2c[nH]nc2C2CCCCC2)CC1O,MOSES sample,6791
Cc1cc(C(=O)COc2ccc(N)cc2F)c(C)n1C1CC1,MOSES sample,6792
C(NS(=O)(c1c(cccc1)F)=O)c1cccnc1OC,MOSES sample,6793
COc1cccc(CN2CCCC(c3n[nH]c4nccnc34)C2)c1,MOSES sample,6794
Cc1cccc(C)c1NC(=O)CNC(=O)CSc1ncccn1,MOSES sample,6795
Cc1ccc(C#N)cc1NC(=O)c1cccc2c1OCC(=O)N2,MOSES sample,6796
COCCCNC(=O)N1CCc2sccc2C1C,MOSES sample,6797
Cc1cc(C)c(CNC(=O)N(C)CC(=O)NC(C)(C)C)c(=O)[nH]1,MOSES sample,6798
N(Cc1scc(Br)c1)c1nn(C)nn1,MOSES sample,6799
C(CN(Cc1c(n[nH]c1)-c1cccs1)CC(F)(F)F)=C,MOSES sample,6800
C(Sc1nc2c(c(n1CC=C)=O)cccc2)C(N1CCCCC1)=O,MOSES sample,6801
c1(CNC(COc2c(cccc2)Cl)=O)c(CC)onc1CC,MOSES sample,6802
Cc1oc(-c2cccs2)nc1C(=O)Nc1ccccc1C(N)=O,MOSES sample,6803
O=C(COc1ccc(-c2ocnn2)cc1)Nc1sccn1,MOSES sample,6804
c12c(c(F)ccc2nc(n1CCO)C=Cc1cccs1)F,MOSES sample,6805
C1CN(CCO1)c1ncnc2c1c(NC(=O)C(C)(C)C)ccc2,MOSES sample,6806
c1cccc(C(CSc2nnc(C)s2)=O)c1OC,MOSES sample,6807
O(CC)C(=O)C1CCCN(C1)C(=O)c1c([nH]c(c(Cl)c1C)C)=O,MOSES sample,6808
Cc1ccc(NCc2nnc3n2CCCCC3)cc1F,MOSES sample,6809
C(=O)(c1c(C)nc(cc1)C)N(C)CCOc1ccc(C)cc1,MOSES sample,6810
c1cc(C(=O)N)cc(c1)OCC(=O)Nc1c(c(C)ccc1)C,MOSES sample,6811
N(C(C)(C)C1CCCCC1)C(c1cccc(c1)-n1nccc1)=O,MOSES sample,6812
O=C(CNc1ccc(cc1)NC(=O)OCC)N1C(C)CCCC1C,MOSES sample,6813
c1n(ncc1CN(Cc1occc1)C(c1cnccc1)=O)CC,MOSES sample,6814
c1cc(oc1)C(=O)Nc1ccc(cc1)S(=O)(N1CCOCC1)=O,MOSES sample,6815
C1CCCC(CN(C)C(Cc2cn(c3ccccc32)C)=O)C=1,MOSES sample,6816
c1c(Br)cn2c(n1)nc(C(NCCCC)=O)n2,MOSES sample,6817
C1CC(N(C1)C(Nc1cccnc1)=O)c1cccs1,MOSES sample,6818
c1(c(C)n(nc1)C)C(NC(=O)CNC(=O)c1cscc1)C,MOSES sample,6819
C1CN(C(=O)c2cc(Br)cnc2)CCCO1,MOSES sample,6820
c1(-c2ccncc2)c(nnn1Cc1ccc(F)cc1)C#N,MOSES sample,6821
c12c(cccc1)cc(c(C)n2)C(=O)OCC(=O)NCc1cccs1,MOSES sample,6822
n1c(cccc1)C(Nc1ccccc1NCc1nc(-c2ccco2)no1)=O,MOSES sample,6823
n1nn(cn1)-c1cccc(c1)C(Nc1c(OC)cc(Cl)c(C)c1)=O,MOSES sample,6824
c1(N2CCCC(C2)CNC(=O)COc2c(C)cccc2)ncccn1,MOSES sample,6825
c1(c(oc2c(c1)n(c1c2cccc1)C(C)C)=O)C(=O)NC(CC)C,MOSES sample,6826
C1(C(NCC(C)Sc2ccccc2)=O)N(c2cccnn2)CCC1,MOSES sample,6827
CC(C(NC(=O)Nc1cn[nH]c1)C)N1CCOCC1,MOSES sample,6828
N#CC1(CCC1)N(C)C(c1cc(ccc1Br)OC)=O,MOSES sample,6829
COCCOc1cccc(C(=O)N2CCCC(c3ccn[nH]3)C2)c1,MOSES sample,6830
n1(Cc2cccnc2)c2c(CN(CC2COCC)C(C(C)C)=O)cn1,MOSES sample,6831
c1cc(C)ccc1OCC(=O)N(C(C)C)CC(=O)OC,MOSES sample,6832
O=S(=O)(C)c1ccc(NC(=O)NC(C)c2cc(C)oc2C)cc1,MOSES sample,6833
C(c1c(C)noc1C)CC(N1CCN(c2ccc(cc2)Cl)CC1)=O,MOSES sample,6834
N(C(c1cnc(nc1)CC)=O)C(C(F)(F)F)c1c(OC)cccc1,MOSES sample,6835
NC(=O)c1c2c(cccc2)c(n(CC(NC2CCC(CC2)C)=O)n1)=O,MOSES sample,6836
C(C)Cn1ccnc1S(CC(=O)N1CCC(CC1)C)(=O)=O,MOSES sample,6837
c1(nc(-c2ncccc2)no1)CN(C(=O)COC1CC(C)CCC1)C,MOSES sample,6838
O=C(COc1cccc(-c2[nH]ncc2-c2ccccc2)c1)N,MOSES sample,6839
CCOc1ccccc1NC(=O)N1CCC(Oc2ncccn2)CC1,MOSES sample,6840
C(c1c(cccc1)Cl)NC(Nc1sccn1)=O,MOSES sample,6841
COC(=O)COc1cc(=O)oc2cc(C)ccc12,MOSES sample,6842
FC(F)(CCN(c1ncccc1Br)CCOC)F,MOSES sample,6843
c1cc(oc1)-c1nc(CN2CC(c3ccc(O)cc3)(O)CC2)no1,MOSES sample,6844
c1c(NCc2cnc(C)cc2)c(C)cc(Br)c1,MOSES sample,6845
C=CCOC(C)C(=O)NCc1cc(Cl)c2c(c1)OCCCO2,MOSES sample,6846
c1c(n[nH]c1-c1ccncc1)C(=O)N1CCC(C(OC)=O)CC1,MOSES sample,6847
CCOC(=O)CCCn1c(=O)c(C(F)(F)F)nc2ccc(F)cc21,MOSES sample,6848
c1(n(Cc2ccc(cc2)OC)c2ccc(cc2n1)N)C,MOSES sample,6849
COc1ccc(C(Nc2ccncc2)=O)c(F)c1F,MOSES sample,6850
O=C(C(NC(Nc1c(cc(C(NCC)=O)cc1)C)=O)C(C)C)NC,MOSES sample,6851
Cc1sc2nc(Cn3nnnc3C(C)C)nc(N)c2c1C,MOSES sample,6852
n1c2c([nH]c1SC1CCCCC1=O)cccc2,MOSES sample,6853
N(C(c1ccc(N(C)C)cc1F)=O)(CC(C#N)C)C,MOSES sample,6854
C(CCOC)(=O)NC(C)c1sc2c(CCCC2)n1,MOSES sample,6855
C1CCC(CCC1)NC(=O)NCCNc1ncnc2c1cnn2C,MOSES sample,6856
c1(ccc(s1)C)-c1n[nH]c(c1)C(=O)NCCCC(N)=O,MOSES sample,6857
C(Nc1ccc(cc1)C(N)=O)(c1c(Br)cccc1)=O,MOSES sample,6858
COc1c2ccc(C(=O)C(C)C)cc2sc1C(N)=O,MOSES sample,6859
COCc1oc(-c2cccc(OC)c2OC)cc1CO,MOSES sample,6860
CC1CN(C(=O)NCc2ccccc2COCCC)CC(O1)C,MOSES sample,6861
c1(c(N)ccc(c1)Br)S(=O)(NC1CC1)=O,MOSES sample,6862
O=C(COC(=O)c1c(N)nc(nc1)CCC)NC(C)C,MOSES sample,6863
O=C(c1cnccc1C)N1CC(O)C(CC1)c1cc2c(cc1)cccc2,MOSES sample,6864
Cn1ccnc(Nc2ccc(NC(=O)c3scnc3C3CC3)cc2)c1=,MOSES sample,6865
c1(C(=O)OCC(N)=O)c2ccccc2c(-c2ccc(cc2)C)nn1,MOSES sample,6866
Nc1c(cccc1)C(=O)OCCCOc1ccccc1,MOSES sample,6867
c1nc(ccc1C)CC(NCc1cccc2cccnc12)=O,MOSES sample,6868
O=C(NCCOc1cccc(F)c1)Nc1ccccn1,MOSES sample,6869
c1(ccc2c(sc(=NC(CC)=O)n2CC=C)c1)NC(=O)C,MOSES sample,6870
O=c1n(nnc2c1cccc2)CCC(Nc1cccc2cccnc12)=O,MOSES sample,6871
O=C(NCc1c(Cl)cccc1)c1c(SCCOC)cccc1,MOSES sample,6872
C1C(=O)CCN(C1)C(=O)COc1ccc(cc1F)F,MOSES sample,6873
c12nc3c(CCCC3)c(c2C(CCC1)=O)C(=O)Oc1ccccc1,MOSES sample,6874
O(CC)C(=O)CCc1c(ccc(c1)F)Br,MOSES sample,6875
FC(COc1ncc(OC)cc1Br)(F)F,MOSES sample,6876
C1C(OC(=O)c2cccn21)CC(Nc1ccc(cc1)OC)=O,MOSES sample,6877
c1ccnc(-n2cc(NC(NC(CC)c3cnn(C)c3)=O)cn2)n1,MOSES sample,6878
Fc1ccc(cc1)C(CNC(=O)CCCc1ccc(cc1)C)(O)C,MOSES sample,6879
O=C(N1CCOCC1)C(NC(=O)c1c(ncs1)C)C,MOSES sample,6880
CC(=O)Nc1ccc(C)cc1NCc1cn(C)nc1-c1ccccc1,MOSES sample,6881
O=C(NCC(Nc1cc(ccc1)OC(F)(F)F)=O)N,MOSES sample,6882
Cc1csc(=O)n1CCC(=O)Oc1ccccc1Cl,MOSES sample,6883
N(C(c1c2c(sc1C)ccn(c2=O)CC)=O)Cc1cccs1,MOSES sample,6884
CCNC(=O)NC1(C(=O)N(C)Cc2ccc(F)cc2)CCCC1,MOSES sample,6885
O(CC(=O)Nc1ccc(Cl)c(c1)NC(c1cc(ccc1)C#N)=O)C,MOSES sample,6886
n1(-c2ccc(CC(=O)Nc3cc(ccc3C)C)cc2)cccn1,MOSES sample,6887
C(c1cc(n(n1)C)NC(CNc1cc(ccc1OC)C(=O)N)=O)(C)C,MOSES sample,6888
CCC(=O)Nc1cccc(NC(=O)Cc2c[nH]c3ccccc23)c1,MOSES sample,6889
c1(ccc2c(CCC2)c1)OC(=O)Cn1c(C)c(C(=O)OCC)cc1C,MOSES sample,6890
C1(C)Cc2ccccc2N1S(=O)(c1cn[nH]c1C)=O,MOSES sample,6891
Cc1ccccc1OC(=O)CCCNC(=O)C(C)(C)C,MOSES sample,6892
n1cc(C(Nc2ccc(Cl)cc2)=O)nn1-c1ccc(F)cc1,MOSES sample,6893
O=C1CCN(C(=O)NCc2ccc(Br)cc2Cl)CCN1,MOSES sample,6894
c1coc(c1C(Nn1-c2n(nc(c2)C)-c2ccccc2)=O)C,MOSES sample,6895
C1(CCC(CC1)O)NC(NC(c1ccccc1)CCCO)=O,MOSES sample,6896
c1c(N2C(=O)CCCC2)ccc(CNC(=O)NCCNC(C)=O)c1,MOSES sample,6897
c1ccc(c(c1C)C)OCC(=O)Nc1nccs1,MOSES sample,6898
O(C)c1cc(C(=O)Nc2ccc(C(C)=O)cc2)c(cc1)Br,MOSES sample,6899
CCCCCNC(=O)c1ccc(-n2ccnn2)cc1,MOSES sample,6900
C(Oc1ccccc1)COCn1c2ccccc2nn1,MOSES sample,6901
c1cc(CNC(=O)c2cccc3NC(c4ccccc4Oc32)=O)ccn1,MOSES sample,6902
c1(ccncc1)CC(Nc1ccc(C(C(C)C)=O)cc1)=O,MOSES sample,6903
Fc1cc(c(NCC(=O)NCc2ccccc2OC)cc1)Cl,MOSES sample,6904
n1(c(nnc1SCC(c1c(C)cc(cc1)C)=O)CC)N,MOSES sample,6905
O(CC1CC1)C(C(OCC1CC(=O)N(C2CC2)C1)=O)C,MOSES sample,6906
CC(C)C(=O)NC(C(=O)N(C)Cc1cnn(C)c1)C(C)C,MOSES sample,6907
c1c(cccc1)N(C(C(OC)=O)C)CC(NC(C)(CC)C)=O,MOSES sample,6908
o1nc(c(NC(c2cc(ccc2)N(C)C)=O)c1CC)C,MOSES sample,6909
O=S(Nc1cc(n[nH]1)C(C)C)(c1ccc(F)c(c1)F)=O,MOSES sample,6910
Cc1noc(C)c1COc1ncnc2oc(C)c(-c3ccccc3)c12,MOSES sample,6911
O=C(Nc1cc(F)c(cc1)OCCOC)Cc1ccc(nc1)C,MOSES sample,6912
C1(N=C(CCC=1)OC1CCN(Cc2c(C)ncs2)CC1)C(=O)N,MOSES sample,6913
Cn1c(c(cc1C)C(CSc1nnc(n1C)C1CC1)=O)C,MOSES sample,6914
O=C(C)NCC(Nc1ccccc1-n1ccnc1)=O,MOSES sample,6915
c1c(F)c(S(=O)(N(CC)CC(=O)NCC)=O)cc(F)c1,MOSES sample,6916
c1c(COc2cc(ccc2N)F)ccc(c1)C(=O)NC,MOSES sample,6917
N(C(Nc1ccc2SCC(=O)Nc2c1)=O)Cc1ccccc1OC,MOSES sample,6918
C1CCCC1NC(=O)Cc1csc(-c2ccccc2)n1,MOSES sample,6919
Cc1ccc(C)c(NC(=O)c2csc(-n3cccc3)n2)c1,MOSES sample,6920
c1(C)cc(C(=O)N(C)CCOc2ccccc2OC)cs1,MOSES sample,6921
COc1cc(-c2cc(C)no2)cc(OC)c1OC,MOSES sample,6922
C1N(C(=O)OC(C)(C)C)CCC(C1)c1nc2c3c(ncn2n1)scc3,MOSES sample,6923
s1c(C(NC(C)c2cc(Cl)ccc2)=O)cc2c1n(C)nc2C,MOSES sample,6924
O=C(CCC1CCCO1)Nc1ccc(Sc2nncs2)cc1,MOSES sample,6925
c1ccc(cc1)-c1oc(nc1)CNC(c1cc(C)nc2n(C)ncc21)=O,MOSES sample,6926
c1cc(-c2cc3OCCOc3cc2)n2c(s1)nnc2,MOSES sample,6927
n1(nc(cc1)C(=O)N(C)Cc1ccccc1)-c1ccccc1,MOSES sample,6928
C(c1cccn1C)(=O)Nc1cc(cc(c1C)F)C(OC)=O,MOSES sample,6929
c1cc(NC(=O)c2nc(sc2)NC(CC)=O)cc(F)c1,MOSES sample,6930
N(C(C(=O)NC1CC1)C)(S(=O)(C)=O)c1cccc(C)c1,MOSES sample,6931
CCOC1CC(N(C)C(c2c(c(c([nH]2)CC)C(=O)OC)C)=O)C1(C)C,MOSES sample,6932
C(OCc1scnc1C)(=O)CN(C)C(=O)c1sccc1,MOSES sample,6933
CC(=O)c1ccc(NC(=O)N2CCC(n3cc(C4CC4)nn3)CC2)cc1,MOSES sample,6934
COc1ccc(F)c2c1C(C1CC(=O)C1)NCC2,MOSES sample,6935
C(NC(C1CN(C(C1)=O)c1ccccc1)=O)(C(CC)C)C(N)=O,MOSES sample,6936
c1c(c(ccc1-c1ccc(OC)cc1)N1CCOCC1)N,MOSES sample,6937
c12cc3OCCOc3cc1n1c(SCC(C)C)nnc1n2CC,MOSES sample,6938
n1(CCOCC)c(C(F)(F)F)nc2c1ncc(c2)Br,MOSES sample,6939
c1(cc2c(c(cc(=O)o2)C)cc1C)CC(=O)Nc1cc(ccc1)OC,MOSES sample,6940
COc1ccccc1C1NCCc2ccc3[nH]ccc3c21,MOSES sample,6941
Cc1cccc(CC2COCCC2S(=O)(=O)NC(C)C)n1,MOSES sample,6942
Cc1oncc1C(=O)N1CCC2C(CCC(=O)N2CCC(C)C)C1,MOSES sample,6943
c1cccc(-c2scc(CC(NCC(C)(O)C(OC)=O)=O)n2)c1,MOSES sample,6944
O=C(c1c(ccc(c1F)OCC)F)Nc1ccc(OC)c(c1)OC,MOSES sample,6945
Cn1nccc1-c1ccnc(NCc2cccs2)n1,MOSES sample,6946
O=S(NCC1(CCCCC1)O)(=O)c1cnc2ccsc2c1,MOSES sample,6947
c1c(cccc1N)OCCCOc1c(OC)cccc1,MOSES sample,6948
CN(Cc1cccc(F)c1)C(=O)c1ccc(S(C)(=O)=O)cc1,MOSES sample,6949
C(O)(CN(C(CC)C=Cc1ccccc1)C)c1ncccc1,MOSES sample,6950
CCC(C)N(C)C(=O)Nc1ccc(Oc2ncccn2)cc1C,MOSES sample,6951
CCCC(C)(NC(=O)c1ccc(c(c1)NC(C)=O)F)C,MOSES sample,6952
c1(cc(-n2nnnc2SCc2cn(-c3ccccc3)nc2)ccc1)C,MOSES sample,6953
CC1(C)C(=O)NCCN1Cc1cnc(-c2cccnc2)s1,MOSES sample,6954
O=C(NCc1noc(-c2cccs2)n1)NCc1ccoc1,MOSES sample,6955
S(=O)(=O)(c1ccc(cc1)OC)N(CC(C(OC)=O)C)C,MOSES sample,6956
O=C(Nc1cn[nH]c1)c1ccccc1Br,MOSES sample,6957
c1cc(S(=O)(=O)N(c2ccc(cc2)O)C)cc(c1C),MOSES sample,6958
c1(C(NC(=O)C)C)ccc(cc1)SCc1ccccc1,MOSES sample,6959
C(CC(CCC)CNC(Nc1cnccc1C)=O)C,MOSES sample,6960
Nc1cc(cc(C)c1)-c1nn2c(s1)nnc2C(C)C,MOSES sample,6961
NC(=O)CC1CCN(c2ccnc(Cc3ccc(F)cc3)n2)CC1,MOSES sample,6962
N(CCOc1ccc(C#N)cc1)C(NCC(c1sccc1)(C)O)=O,MOSES sample,6963
O1CCCC1COc1c(cc(cc1)NC(c1cccs1)=O)F,MOSES sample,6964
c1c(ccc(C(=O)Cn2cnc3ccccc3c2=O)c1)C,MOSES sample,6965
O=C(Nc1c(cccc1)OCC1CC1)c1ncc(C)nc1,MOSES sample,6966
c1c(F)cc(NC(Nc2c(c(ccc2)Cl)N2CCOCC2)=O)cc1,MOSES sample,6967
c1c2cc(ccc2ccc1)CNC(Cn1c(=O)cccc1)=O,MOSES sample,6968
CCn1cc(NC(=O)c2cc(OC)ccc2O)c(C(N)=O)n1,MOSES sample,6969
O=S(C1CC1)(=O)N1CCC(CC1)Oc1c(C)ccc(C)c1,MOSES sample,6970
c12cc(C(NC(Nc3cccnc3)=O)C)ccc2OCCCO1,MOSES sample,6971
C1CN(S(=O)(c2ccc(OCC)c(c2C)C)=O)CCO1,MOSES sample,6972
c1cccc(COC2CCN(CC2)C(=O)c2cc3cc[nH]c3cc2)n1,MOSES sample,6973
N(c1ncc(cc1)NC(c1c2c(C)noc2nc(c1)C)=O)(C)C,MOSES sample,6974
c1c([nH]cc(c1)C(N1CCCCCC1c1cccn1C)=O)=O,MOSES sample,6975
Nc1ccc(SCC(=O)c2ccccc2)c(F)c1,MOSES sample,6976
O(c1cc(cc(c1)Cl)Cl)C(CCSc1nnnn1C)=O,MOSES sample,6977
Cc1cc(C(=O)NCC(=O)OCc2ccccc2)on1,MOSES sample,6978
C1C(NC(=O)c2cccc(c2)OCC)CCN(c2ncccn2)C1,MOSES sample,6979
c1ccc(cc1)Cc1nc2n(ncc2C(OC)=O)c(C)c1,MOSES sample,6980
c1c(OC)cccc1CN1CCN(C(=O)Cc2ccc(C)s2)CC1,MOSES sample,6981
C(NC(=O)N1CCCC(c2onc(C)n2)C1)CCc1c(C)[nH]nc1,MOSES sample,6982
N(c1cnc(N)cc1)C(=O)c1ccc(Cl)cc1Cl,MOSES sample,6983
COC1CCCCC1OC(=O)c1cncc(F)c1,MOSES sample,6984
CN1C(=O)CC(NC(=O)c2cnc[nH]2)C1c1ccc(Cl)cc1,MOSES sample,6985
C1CCCN1c1ncc(NC(=O)c2ccc(cc2)-n2cccc2)cc1,MOSES sample,6986
c1(-c2ccc(cc2)F)cc(no1)CN1CCN(C(C)=O)CC1,MOSES sample,6987
c1(NC(Nc2cc(OC)c(Cl)cc2OC)=O)c(onc1)C,MOSES sample,6988
COc1ccc(NS(=O)(=O)c2cccc(N)c2)cc1,MOSES sample,6989
c1(c(onc1C)C)(NC(Cc1ccc(cc1)N1C(=O)CCC1)=O)C,MOSES sample,6990
c1c(-c2nn(CC(NCC3CCC3)=O)nn2)ccc(Cl)c1,MOSES sample,6991
C1C(CNC(C2CCCN(C2)C(=O)NCc2sccc2)=O)C1,MOSES sample,6992
COc1cc(OC)cc(OCC(=O)Nc2ccc(C(C)=O)cc2)c1,MOSES sample,6993
c1cc(ccc1Cc1nc(CC(C)C)[nH]c(=O)c1)O,MOSES sample,6994
C(C(=O)NC(C)c1c(C)n(nc1)-c1nc(cc(n1)C)C)C,MOSES sample,6995
Cc1ncc(C(C)NCCc2c(Cl)cccc2Cl)c(=O)[nH]1,MOSES sample,6996
c1ccc(cc1)NC(=O)COc1ccc(cc1)Cl,MOSES sample,6997
C1Cc2c(C(=O)Nc3[nH]nc(C(C)C)c3)noc2C1,MOSES sample,6998
N1(C(CCC1)Cn1nccc1)C(C1C(c2ccccc2)OCCC1)=O,MOSES sample,6999
CCCC(=O)NCC(=O)NC1CCC(Oc2ccc(C#N)cn2)CC1,MOSES sample,7000
n1c2ccc(cc2[nH]c1C)NC(C1(CCCCC1)Nc1nccn1C)=O,MOSES sample,7001
C(C)NC(=O)CNC(=O)CCc1c(=O)[nH]c2ccccc2n1,MOSES sample,7002
c1(oc2c(cc1-c1onc(C)c1)cc(OCC)cc2)=O,MOSES sample,7003
O1CC2N(CC1CNC(Nc1ccc(cc1)S(C)=O)=O)CCCC2,MOSES sample,7004
c1(N(C)C)nc(nc(n1)C1COCCN1Cc1ncc(nc1)C)OC,MOSES sample,7005
COc1c(cccc1)C(C)(c1ccc(OC)cc1OC)O,MOSES sample,7006
c1cc(co1)C(=O)NCC(NCc1cccc(C(F)(F)F)c1)=O,MOSES sample,7007
c1(nc(C)sc1C(NCc1cc2c(OCO2)cc1)=O)C,MOSES sample,7008
CC(C)(C)c1ccc(C(=O)Nc2nnc(C3CC3)s2)cc1,MOSES sample,7009
Cc1nn(Cc2ncc(-c3ccc(F)cc3)o2)c(c1)C,MOSES sample,7010
CC(NC(CCc1cc(C)ccc1)=O)C(NC(C)(C)C)=O,MOSES sample,7011
c1nc(NCCOC(c2ccc(nc2C)C(F)(F)F)=O)ncc1,MOSES sample,7012
C(C1CCN(C1)C(OC(C)(C)C)=O)CNc1nccnc1C#N,MOSES sample,7013
O=C(c1ccccn1)N1CCC2(CC(=O)N(c3cccnc3)C2)C1,MOSES sample,7014
Fc1cc(F)c(CNC(c2nc(C(=O)NCC)sc2)=O)cc1,MOSES sample,7015
C(=O)(NCCC)CNC(=O)c1cc(c(cc1)OC)OC,MOSES sample,7016
O=C(NC1CCCc2ccccc21)c1cc(-n2cccn2)ccn1,MOSES sample,7017
c12ccccc2CCNC1c1cc(ccn1)Cl,MOSES sample,7018
Cc1cc(-c2nn3c(-c4cc(F)c(F)c(F)c4)nnc3s2)n[nH]1,MOSES sample,7019
c1cc(CN(C(=O)CNC(C)=O)C2CCCC2)sc1,MOSES sample,7020
c1(C(=O)N(Cc2cc3OCCOc3cc2)C)cc([nH]c(=O)c1)C,MOSES sample,7021
CCOc1cccc(OC(=O)C2CCCN2C(=O)c2ccco2)c1,MOSES sample,7022
C(CC(=O)NCc1cscn1)C(c1cccs1)=O,MOSES sample,7023
c1cc(NC(=O)c2c(oc(C)c2C)C)ccc1-c1ncon1,MOSES sample,7024
c1(Cl)cc2C(NCCc2c(Cl)c1OC)C=CC,MOSES sample,7025
O=C(Oc1ccc2cn[nH]c2c1)C1CC1c1ccccc1,MOSES sample,7026
CC(=O)N1CCN(C(=O)C2CCN(c3cccc(Cl)c3)C2=O)CC1,MOSES sample,7027
c12c(cccc2)c(C2CC2C(=O)NC(C(C)(C)C)C(=O)N)c[nH]1,MOSES sample,7028
CCOCCC(=O)N1c2ccccc2CC1C(N)=O,MOSES sample,7029
n1(-c2cc(ccc2)NCc2nc(on2)CCC)c(C)nnn1,MOSES sample,7030
CCN(CCC(=O)OC)C(=O)c1ccc(O)cc1O,MOSES sample,7031
Cc1ccccc1-n1ncc(C(=O)N2CCC(C(N)=O)C2)c1C(C)C,MOSES sample,7032
c1nc(S(=O)(C)=O)ccc1NC(COc1cccc(c1)C)=O,MOSES sample,7033
C(O)(c1ccc(Br)cc1)(C)C(C1OCCC1)=O,MOSES sample,7034
CC(C)(c1nc(sc1)CN1CCN(CC1)C(=O)C(C)(C)C)C,MOSES sample,7035
c1c(ccc2CCCc21)NC(Cn1c(c(Cl)c(Cl)cn1)=O)=O,MOSES sample,7036
S(=O)(c1ccc2c(NC(C(S2)(C)C)=O)c1)(NCC(=O)OC)=O,MOSES sample,7037
Cc1nc(C)n(CC2CN(C(C)c3ccncc3)CCO2)n1,MOSES sample,7038
c1ccc(cc1)CNC(c1nnn(c1)-c1ccc(Cl)cc1)=O,MOSES sample,7039
COc1ccc(-c2c(c3n(cn2)c([nH]n3)=O)-c2ccccc2)cc1,MOSES sample,7040
C(C1OCCN(C(c2c(=O)c3c(cccc3)n(CC)n2)=O)C1)CC,MOSES sample,7041
CCC1COCCN1c1nccc(N2CC(O)CC2C2CCCC2)n1,MOSES sample,7042
C(C(Nc1ccccc1)=O)C(n1cccc1)c1cccs1,MOSES sample,7043
CCCCCCNC(=O)NCC#Cc1ccccc1,MOSES sample,7044
c1c(CCNS(c2ccc(OC)cc2)(=O)=O)cccc1,MOSES sample,7045
O=S(=O)(c1c2ccccc2ccc1)N(CC(OCC)=O)CC,MOSES sample,7046
n1c(oc(C)n1)CSc1c(C(=O)Nc2cc(C)ccc2C)cccc1,MOSES sample,7047
C(CN(CCO)S(c1cc(C)sc1C)(=O)=O)C,MOSES sample,7048
c1c(n(C)nc1C)NC(=O)C(C)n1c(=O)ccc(-c2ccccc2)n1,MOSES sample,7049
O=c1cc(ccn1C)C(=O)Nc1cc(ccc1C)-c1ncco1,MOSES sample,7050
N(c1c(C#N)cccc1)C(=O)CCCSc1ccccc1,MOSES sample,7051
c1ccccc1N1CC(NS(=O)(c2ccc(cc2F)F)=O)CC1,MOSES sample,7052
COc1ccc(COC(=O)C(N)c2ccccc2)cc1,MOSES sample,7053
c1csc(-c2noc(n2)CN2CCN(CC2)C(=O)c2ccco2)c1,MOSES sample,7054
c1(ccc(OC)cc1NC(N1CCC(n2cccc2)CC1)=O)F,MOSES sample,7055
c1(ccc(c(F)c1)-n1cncn1)NCc1cscc1,MOSES sample,7056
c1cc(COC(C)C(Nc2c(OC)ccc(C)c2)=O)ccc1,MOSES sample,7057
C1(c2ccccc2)CC(Nc2ccsc12)C(=O)OCC,MOSES sample,7058
N(c1ncc(cc1)Br)C(CCc1ccccc1N)=O,MOSES sample,7059
C1CCCCC1(S(=O)(c1ccc(cc1)OC)=O)C(NC(C)C)=O,MOSES sample,7060
S(NCc1ccc(cc1)N1CCCC1=O)(=O)(=O)c1c(noc1C)C,MOSES sample,7061
C#Cc1cccc(NC(=O)CNCc2ccccc2OC)c1,MOSES sample,7062
Cc1nn(c(C)c1C(=O)NCc1cc(OC)c(cc1)OCCC)C,MOSES sample,7063
O=C(NCCNS(=O)(=O)C1CCCCC1)NC1CCCC1,MOSES sample,7064
c1(ncccc1CNc1nc2c(nc1)cccc2)OC,MOSES sample,7065
c1(ncccn1)N1CCC(CC1)C(=O)NCc1ccc(OCC)cc1,MOSES sample,7066
c1(C(OCC(Nc2ccc3OCOc3c2)=O)=O)ccc(O)cc1,MOSES sample,7067
C(C1C(C(Nc2nncs2)=O)CC=CC1)(=O)N1CCCCC1,MOSES sample,7068
c1cc(ccc1S(=O)(N)=O)CCNCc1ccccc1F,MOSES sample,7069
O=C(c1ccc(Cl)cc1O)N1CCN(Cc2ccccn2)CC1,MOSES sample,7070
CN(C(=O)CSc1nnnn1-c1ccccc1)C1=CCCC1,MOSES sample,7071
c12ccsc2n2cnn(Cc3occc3)c(=O)c2c1,MOSES sample,7072
c1c(CNc2cc(ncn2)C(C)C)c(C)n(C)n1,MOSES sample,7073
O=C(NC1C(C1)c1c(F)cccc1)CCc1scc(c1)Cl,MOSES sample,7074
c1cc(ccc1C#N)CCC(=O)NCC(O)CS(=O)(=O)N,MOSES sample,7075
c1c(c(cc(c1)C(=O)OC)N)-c1nc2ccccc2[nH]1,MOSES sample,7076
Nc1cc(C(=O)NCC(F)(F)F)ccc1Cl,MOSES sample,7077
C1CC(CC1)c1nn2c(c3c(n(-c4ccccc4)nc3)nc2)n1,MOSES sample,7078
CCc1noc(C(C)Sc2nnc(N3CCCC3)s2)n1,MOSES sample,7079
C(c1ccc(cc1)-n1cccn1)OC(=O)c1c(ccc(c1)OC)O,MOSES sample,7080
Cc1ccc(-c2ccc(SCc3nnnn3C3CC3)nn2)cc1,MOSES sample,7081
Cn1c(SCc2nnnn2C2CCCC2)nnc1C1CC1,MOSES sample,7082
C1CC(CC=1)C(NC1CCN(CC1)S(=O)(=O)c1sccc1)=O,MOSES sample,7083
O=C(NC1CCCN(Cc2ccccc2)C1=O)c1ccc2nncn2c1,MOSES sample,7084
COc1cc(C)c(C)cc1C(O)CCCC(=O)NC(C)C,MOSES sample,7085
C(c1c(F)ccc(c1)C(C)NC(=O)N1CC(OC(C)C1)C)(OC)=O,MOSES sample,7086
C(C)C(C(Nc1c(ccc(c1)N)C)=O)OCC(F)(F)F,MOSES sample,7087
c1c(ccc(C)c1)CCC(NC1CCN(CC1)S(=O)(=O)CC)=O,MOSES sample,7088
c1(Cl)c(C)cc(c(C)c1)OCC(=O)Nc1cccnc1,MOSES sample,7089
C1N(c2nnc(C)s2)CCC2(C(=O)Nc3c2cc(cc3)OC)C1,MOSES sample,7090
c1(n(c(c(c(=O)n1C)C#N)=O)C)SCC(=O)Nc1c(cccc1)F,MOSES sample,7091
O(c1cc(C)ccc1)c1c(C2CC(Nc3n[nH]cc23)=O)c(C)nn1C,MOSES sample,7092
C1CN(C(c2cnc(N)cc2)=O)CCC1c1onc(CCCC)n1,MOSES sample,7093
OCc1c(COc2c(OC)cc(cc2)C)n(nn1)CCC,MOSES sample,7094
O=C(NCCC(=O)N1CCCCC1)NCc1ccsc1,MOSES sample,7095
C(NC(=O)NC(CC)C)C(C)(c1cc2OCOc2cc1)C,MOSES sample,7096
n1(Cc2cnn(c2)-c2ccccc2)c(=O)c(C#N)ccc1C,MOSES sample,7097
C(NCCc1ccccc1)(CCC(O)c1ccccc1)=O,MOSES sample,7098
c12cc(ccc2SC(C)C(=O)N1C)C(Nc1ccccc1F)=O,MOSES sample,7099
Cn1c(CNC(NCCCOCC)=O)nnc1C,MOSES sample,7100
n1c(cc(nc1COc1cccc(OC)c1)C)NC,MOSES sample,7101
c1cccc(c1)NC(=O)NCc1nc(C2CC2)no1,MOSES sample,7102
CC(C)CCNC(=O)Cn1c(cc2occc21)C(OC)=O,MOSES sample,7103
O=C(c1ccccc1F)c1ccccc1CCCN1CCOCC1,MOSES sample,7104
Fc1ccc(cc1)OCC(NCCNC(=O)C)=O,MOSES sample,7105
O=C(Cn1nnc(-c2cccs2)n1)c1ccc(Br)cc1,MOSES sample,7106
COc1ccc(CC(=O)NC(C)c2nc3ccccc3[nH]2)cc1OC,MOSES sample,7107
N(CCNCc1ccc(Cl)c(c1)Cl)1c2c(cccc2)NC1=O,MOSES sample,7108
C1OCCC(C(N)=O)(CNC(=O)Cc2nc(sc2)C)C1,MOSES sample,7109
n1c(N2CCCC2)nc(CNS(=O)(=O)c2sc(CC)cc2)cc1,MOSES sample,7110
COc1ccc(C(C#N)CC(=O)NCc2ccncc2)cc1,MOSES sample,7111
c1(C)nnnn1C(Cc1ccc(cc1)F)C(=O)OCC=C,MOSES sample,7112
O=C(Cn1nc(-n2cccc2)ccc1=O)NCCCn1cccn1,MOSES sample,7113
C1CN(c2ccc(NC(CC3CCC=C3)=O)cc21)C(C)=O,MOSES sample,7114
c12COCc1cc(NC(c1nc(C)sc1)=O)cc2,MOSES sample,7115
O(C)C(CC(C)C(=O)N1C(C2CCCC2)CCC1)=O,MOSES sample,7116
c1(ccncc1)NC(c1oc2c(CN(c3ncccn3)C2)n1)=O,MOSES sample,7117
c1ccc2c(c1)oc(cc2=O)C(=O)NCc1[nH]c2c(cccc2)c1,MOSES sample,7118
c1cc(-c2ccc[nH]2)nc(NC2CCOCC2)c1,MOSES sample,7119
C(C(=O)NCCC)n1c2ccccc2c(n(CC)c1=O)=O,MOSES sample,7120
CC(C)(c1nn(C)cc1C(NCc1oc(cc1)-c1nc(C)sc1)=O)C,MOSES sample,7121
C(CCC(=O)N1CC(C)(OC(C)C1)C)c1onc(n1)C,MOSES sample,7122
c1cc2[nH]nc(c2cc1)C(Nc1sc(SC)nn1)=O,MOSES sample,7123
O=C(OCC)C1(CNC(Nc2ccccn2)=O)CCCC1,MOSES sample,7124
c1(ccc(cc1)C)OC(=O)c1ccc(cc1)-n1ncnc1,MOSES sample,7125
CCNC(=O)N1CCn2c(nnc2-c2ccccn2)C1,MOSES sample,7126
n1c2c(sc(OC)c2)c(=O)n(Cc2oc(c(C(OC)=O)c2)C)c1,MOSES sample,7127
C1(CCCCN1C(=O)CC(C)C)C(N(C)c1cccnc1OC)=O,MOSES sample,7128
N(C(=O)c1sccc1CC)(c1ccccn1)Cc1ccco1,MOSES sample,7129
c1(NCc2ccccc2C)c(C#N)cnc2c1cccc2,MOSES sample,7130
CC(C)Cc1ccc(S(=O)(=O)NC(CO)C(C)C)cc1,MOSES sample,7131
CC(C)c1noc(CCC(=O)NCc2nc3c(s2)CCCC3)n1,MOSES sample,7132
c12cc(ccc1NC(=O)C(CC)N2)S(=O)(=O)NCCCC,MOSES sample,7133
Cc1ccc(CNC(=O)c2cc3n(n2)CCCO3)cc1,MOSES sample,7134
c1c(C(NCCCNc2ncccc2C#N)=O)cnn1CC,MOSES sample,7135
Cc1nn(c(c1)C)C(C)C(c1ccc(C#N)cc1)=O,MOSES sample,7136
O(C)c1c(OC)c(cc(CCO)c1)Br,MOSES sample,7137
COc1c(N2S(=O)(=O)CCCC2)cc(cc1)C(=O)NC(CC)C,MOSES sample,7138
C(c1n(ccn1)Cc1cc(CNC(c2sc(cc2)C)=O)ccc1)(C)C,MOSES sample,7139
s1c2CC(CC(=O)c2cc1C(OCc1ccccc1)=O)C,MOSES sample,7140
c1(cc(N2CCC(CC2)C)nc(C)n1)C(=O)NC1CCCC1,MOSES sample,7141
COc1ccc2nc(SCC(=O)N3CCCCCC3)[nH]c2c1,MOSES sample,7142
c1c(Cl)c(F)ccc1Nc1c(c(-n2nc(cc2C)C)ncn1)N,MOSES sample,7143
CC(c1cccnc1)n1c(COCc2ccccc2)n[nH]c1=O,MOSES sample,7144
c1cc(Cn2nc(NC(c3ccc(cc3)OCC)=O)nc2)ccn1,MOSES sample,7145
CC1CCN(C(=O)COC(=O)c2cc3ccc(F)cc3nc2C)CC1,MOSES sample,7146
O=C(Oc1ccccc1F)C1CCN(c2cnccn2)CC1,MOSES sample,7147
c1c(cccc1S(=O)(=O)N1CCCC1c1occc1)C(C)=O,MOSES sample,7148
Cn1cnnc1COC(=O)c1cc(Br)ccc1Cl,MOSES sample,7149
N(c1cc(NC(OC(C)(C)C)=O)ccc1F)C(C)=O,MOSES sample,7150
CCc1ccccc1NC(=O)Cn1c(=O)cnc2ccccc21,MOSES sample,7151
Cc1cccc(NS(=O)(=O)c2cc(-c3ccno3)cs2)c1,MOSES sample,7152
c1(c2cc(sc2n(n1)C)C(Nc1ccc(cc1)OC(C)C)=O)C,MOSES sample,7153
c1c(c(OC)c(c(c1C(=O)Nc1cc(F)ccc1)N)OC)OC,MOSES sample,7154
n1cc(cn1CCCOc1cc(cc(C)c1)C)N,MOSES sample,7155
Cc1nc(COc2ccccc2C(=O)Nc2cccc(O)c2)no1,MOSES sample,7156
C(NC(NC(c1c(noc1C)C)C)=O)(c1ccncc1)CC,MOSES sample,7157
C(n1c(C)nnc1)CNC(=O)C1(c2cc3OCCOc3cc2)CCC1,MOSES sample,7158
c1(ccc(Cl)cc1-n1c(C)c(nn1)CO)C(=O)N,MOSES sample,7159
c12[nH]c(nc1cccc2)CCNC(=O)c1sc(C)cc1OC(F)F,MOSES sample,7160
c1(-c2sc(-c3cscc3)nc2)csc(n1)NC,MOSES sample,7161
c1(ccc(cc1)C)CNC(C(C)NC(c1sccc1)=O)=O,MOSES sample,7162
Clc1cccc(c1)C(CSc1n(-c2ccccc2)nnn1)=O,MOSES sample,7163
c1(F)ccc(C2CN(C(C3COc4c(C3)cccc4)=O)CCO2)cc1,MOSES sample,7164
O=C(N)c1cc(ccc1)-c1nc(-c2ccc(C#N)cn2)no1,MOSES sample,7165
O=S(c1cc(OC)c(cc1)OC)(=O)Nc1ccc(cc1)OC,MOSES sample,7166
N(C(C(C)OC(=O)c1ccc(cc1)CN1CC(OC(C1)C)C)=O)C,MOSES sample,7167
n1c(SCC2CN(C(OC(C)(C)C)=O)CC2)nc(cc1)C,MOSES sample,7168
c1cc(C)cnc1S(=O)C(C(=O)NC(C)C)C,MOSES sample,7169
CC(=O)OC(S(=O)(c1ccc(cc1)Cl)=O)CC,MOSES sample,7170
N(C(=O)c1ccc(c(OC)c1)O)c1cc(ccc1)-c1ncn(C)n1,MOSES sample,7171
c1ccccc1COC(C1n2ncc(c2NC(C1)=O)C#N)=O,MOSES sample,7172
C1(=O)N(C)CCC1NC(=O)c1cccc2c1cc[nH]2,MOSES sample,7173
C1N(C(CC)CNC(=O)c2ccc(NC(NC(C)C)=O)cc2)CCOC1,MOSES sample,7174
c12c(n(c(=O)[nH]2)CCCOC(=O)c2ccccc2OC)cccc1,MOSES sample,7175
N(CC1(CCCC1)O)C(Nc1nnc(s1)CC)=O,MOSES sample,7176
O=C1CNc2n(cnc2C(=O)N1)-c1cc(Cl)c(C)cc1,MOSES sample,7177
O=S(=O)(c1ccccc1OC)NCC(O)c1ccsc1,MOSES sample,7178
Cc1cc(C)c(NC(=O)c2cccs2)c(C)c1,MOSES sample,7179
c1cccn2c(nnc21)CNC(=O)N1C(CCCC1C)C,MOSES sample,7180
c1(=O)n(c2ccccc2o1)CCC(OC(c1cc(ccc1F)F)C)=O,MOSES sample,7181
C1CN(CCC1)c1cncc(OC2CCN(C(CC(C)C)=O)CC2)n1,MOSES sample,7182
C1C(C(C)CCN1C(c1c(cccc1F)F)=O)C,MOSES sample,7183
C(C(=O)N1CCCCC1)CC(=O)c1cc(N)c(OC)cc1,MOSES sample,7184
O=c1c2c(c(ccc2)OC)ccn1Cc1ccc(C#N)cc1,MOSES sample,7185
C1(C(Nc2nccc(OC)c2)=O)Cc2c(O1)ccc(Cl)c2,MOSES sample,7186
Cc1noc(COC(=O)c2ccccc2-c2nc(C(C)C)no2)n1,MOSES sample,7187
C(CCCN1CCOC1=O)(=O)Nc1ccc(-n2ccnc2)nc1,MOSES sample,7188
O=S(N=c1[nH]cc(CO)cc1)(c1sc(C)cc1)=O,MOSES sample,7189
C(C(NC(COC)C)=O)(NC(c1ccccc1)=O)C(C)C,MOSES sample,7190
c1(C2N(CCC2)C(Nc2ccc(F)c(c2)F)=O)ccncc1,MOSES sample,7191
C(n1c(=O)n2ccccc2n1)c1nc2ccccc2s1,MOSES sample,7192
C(C)c1c(C(=O)NC(c2ccccc2)CCC)c(no1)C,MOSES sample,7193
CCc1nc(C2CCCN2C(=O)CCc2cccs2)no1,MOSES sample,7194
Cc1c(C(C)(C)C)n[nH]c1NC(=O)c1ccc(S(C)=O)cc1,MOSES sample,7195
c1nc(ccc1NC(=O)c1ccc2c([nH]cc2)c1)OC,MOSES sample,7196
c12ccccn1nc(c2)C(=O)NCC(NCc1cccc(Cl)c1)=O,MOSES sample,7197
c1c(cccc1)SCC(Nc1cc(ccc1)N)=O,MOSES sample,7198
C(Oc1cc(nc(C(C)C)n1)NCc1cnccc1)CC,MOSES sample,7199
C(=O)(Cn1c(=O)oc(c2c1c(ccc2)C)=O)N1CCC(CC1)C(=O)N,MOSES sample,7200
C1C(=O)N(c2c(cccc2)N1)CCOc1c(C)cccc1,MOSES sample,7201
n1c(nccc1CNc1nc(ccn1)-c1ccccn1)N1CCOCC1,MOSES sample,7202
CCOCC1CN(Cc2cccnc2)Cc2c1nnn2C,MOSES sample,7203
c1(CSc2nccn2C2CC2)nc(N)c2c(cccc2)n1,MOSES sample,7204
c1cccc(C)c1C(O)c1cc(F)c2c(c1)C(C(=O)N2)CC,MOSES sample,7205
Cn1ncc2c(=O)n(CC(=O)N3CCc4ccccc4C3)cnc21,MOSES sample,7206
o1nc(nc1CCC)CNc1c(cccc1)NC(c1ccccc1)=O,MOSES sample,7207
c1(ccco1)C(=O)NCCNC(=O)NC1c2ccccc2CCC1,MOSES sample,7208
C(c1ccccc1Cl)Nc1c(C)ccc(C(=O)N)c1,MOSES sample,7209
CCOC(=O)CCC(C)NC(=O)c1ccc2c(c1)Cc1ccccc1-2,MOSES sample,7210
CC(O)CC(C)CNC(NC1CCC(CC1)O)=O,MOSES sample,7211
N(C(C)COC)c1cc(C)nc2ccnn12,MOSES sample,7212
c1(C2c3c(CCN2)cc(c(OCC)c3)O)n[nH]cn1,MOSES sample,7213
C(Cc1sccc1)(NC(=O)NCC1CN2CCCCC2CO1)C,MOSES sample,7214
O=C(NCCc1cc(ccc1)OC)Nc1cc(ns1)C,MOSES sample,7215
CSc1ccc(C(=O)NCC2CCN(c3ccc(F)cc3)C2)cn1,MOSES sample,7216
CC(Oc1ccc(C#N)cc1)C(=O)Nc1ccc2ncccc2c1,MOSES sample,7217
c1(ccc(cc1)-n1ncnc1)C(=O)NCc1ccc(cc1OC)Cl,MOSES sample,7218
c1cc(cc(NC(C2CC2)=O)c1C)S(N(C)C)(=O)=O,MOSES sample,7219
c1(F)cc(-c2noc(n2)NCCc2cnn(c2)C)c(cc1)F,MOSES sample,7220
c1(Cn2cccn2)sccc1-c1sc(C(=O)OC)c(C)n1,MOSES sample,7221
c12ccc(C(O)COc3cc(C)c(cc3)N)cc2OCO1,MOSES sample,7222
Clc1cc2n(C)c(C(Nc3c(C)n(nc3C)CC)=O)cc2cc1,MOSES sample,7223
CC1CCCC(CNC(=O)c2cc(N3CCCC3=O)ccc2Cl)C1,MOSES sample,7224
Cn1nnnc1-c1cccc(NC(=O)c2ccc(-n3ccnn3)cc2)c1,MOSES sample,7225
C(OC(=O)c1ccc(C)s1)C(=O)c1cc2OCOc2cc1,MOSES sample,7226
CCCc1nc(CNCCc2sc3ccccc3n2)cs1,MOSES sample,7227
C(c1occc1)NC(=O)CSc1nnc(n1C1CCCCC1)C,MOSES sample,7228
O=C(NCCc1ccc(Cl)cc1)c1cnc(-c2ccco2)nc1C,MOSES sample,7229
c1(ccc(OS(NC2C(CCCC2)O)(=O)=O)cc1)C,MOSES sample,7230
c1ccc(F)c(c1)Oc1c(cccn1)CNC(=O)c1c(oc(C)c1)C,MOSES sample,7231
Cc1ccc(-n2cc(C(=O)NCCCO)c3ccccc3c2=O)cc1,MOSES sample,7232
C(=O)(c1ccc(CSc2ccccc2C#N)cc1)N(C)C,MOSES sample,7233
C1N(C(C(N(CC)CC)=O)CC1)C(c1ccc(cc1)N(CC)CC)=O,MOSES sample,7234
c1cc(ccc1OC(F)(F)F)C(=O)N1CCC(CO)CC1,MOSES sample,7235
c1cc(NC(COc2c(F)cccc2)=O)ccc1S(N)(=O)=O,MOSES sample,7236
C1COC(C1)CNC(=O)c1ccc(NC(N2CCOCC2)=O)cc1,MOSES sample,7237
O=C(NC1C=CC(CO)C1)Nc1cccc(OCCC)c1,MOSES sample,7238
c1(c(cc(C(CCn2c(csc2=O)C)=O)cc1C)C)F,MOSES sample,7239
o1c(-c2ccc(s2)C(Nc2sccn2)=O)cc(C)n1,MOSES sample,7240
O=C(NCC1CC=CCC1)Nc1nncs1,MOSES sample,7241
Nc1cnc(Cc2ccccc2Br)nc1,MOSES sample,7242
C(=O)(Cn1nnc(-c2ccc(cc2)C)n1)NCc1csc(=O)[nH]1,MOSES sample,7243
C1C(C1)CNC(=O)C1Cc2cc(ccc2OC1)Cl,MOSES sample,7244
N#Cc1c(C)n(nc1C)-c1cc(c(cc1)Cl)C(F)(F)F,MOSES sample,7245
[nH]1cc(c2c1ccc(c2)OC)C(N1CCC(c2nc(C)n[nH]2)CC1)=O,MOSES sample,7246
C1CCC(NC(C(Oc2ccc(-c3ocnn3)cc2)C)=O)C1,MOSES sample,7247
c1(NC(=O)c2c[nH]c3ccccc3c2=O)cc2OCOc2cc1,MOSES sample,7248
O=c1[nH]cnc2c1C(c1ccc(O)cc1)CC(N2CCc1ccco1)=O,MOSES sample,7249
O=C(C1C(=C(C(C)(O1)C)C(N1CCC(C(=O)N)CC1)=O)C)OCC,MOSES sample,7250
Cn1c(=O)sc2cc(NC(=O)Nc3cccc(Cl)c3)ccc21,MOSES sample,7251
c1(cc(on1)-c1ccc(cc1)F)CNC(=O)CNC(=O)C1CC1,MOSES sample,7252
FC(F)(CCN(C)C(CC1C2CCC(C2)C1)=O)F,MOSES sample,7253
N(c1ccc(S(=O)(=O)NCC=C)cc1)C(c1ccccc1Cl)=O,MOSES sample,7254
NS(=O)(=O)N1CCN(CC(O)COc2cccc(F)c2)CC1,MOSES sample,7255
COCCN1CC(C(=O)NC2CCSc3ccccc32)CC1=O,MOSES sample,7256
C(Nc1c(ccs1)C(OCC)=O)(=O)c1cnc2ccccc2n1,MOSES sample,7257
c1(ncc(c(OC2CC2)c1)S(=O)(=O)N)C(NC)=O,MOSES sample,7258
COc1ccccc1NC(=O)NCc1noc(C(C)C)n1,MOSES sample,7259
CCCn1cc(-c2c(C#N)c(N)nc(-c3c[nH]cc3)c2)c(C)n1,MOSES sample,7260
c12c(c(cc(NC(=O)Nc3ccc(Cl)cc3)c2)C(=O)N)nccc1,MOSES sample,7261
c1c(c(CCN(C(=O)Cn2nccc2)C)ccc1)F,MOSES sample,7262
CC(c1nc(on1)CCC(=O)Oc1cc(C)ccc1)(C)C,MOSES sample,7263
c1[nH]c(c(cc1)C(Nc1ccc(cc1)-c1[nH]nc(n1)C)=O)=O,MOSES sample,7264
n1c(n2ccccc2n1)CCCNC(=O)C1COc2c(O1)cccc2,MOSES sample,7265
c1c(N2CC(C(=O)NC(c3cc(ccc3OC)C)C)CC2=O)cccc1,MOSES sample,7266
CC(C)(C)OC(Nc1sc(nn1)Cn1ncc(Cl)c1)=O,MOSES sample,7267
c1(NC(CCCS(=O)(c2ccccc2)=O)=O)ccc(OC)cc1,MOSES sample,7268
CCOC(=O)CSc1nnc(C)n1-c1ccc(C)cc1C,MOSES sample,7269
Oc1ccc(cc1)C(=O)OCc1nc(-c2ccccc2)no1,MOSES sample,7270
CNC(=O)c1cccc(NC(=O)c2ccc(F)c(C)c2)c1C,MOSES sample,7271
C(C)OC(CN(C1CC1)C(=O)CN1CC(C)OC(C1)C)=O,MOSES sample,7272
C(C)Oc1c(Cl)cc(cc1)NC(=O)NCCCN1CCOCC1,MOSES sample,7273
c1(nc(-n2nc(cc2N)C(F)(F)F)nc(N(C)C)n1)-c1ccccc1,MOSES sample,7274
c1c2nc(n(CCC)c2ccc1Cl)CS(c1ccccc1)(=O)=O,MOSES sample,7275
COc1cn(-c2ccccc2)nc1C(=O)NCCNc1ncccn1,MOSES sample,7276
O=c1c2c(c(NC(c3c(ccs3)C)=O)c[nH]1)ccc(Cl)c2,MOSES sample,7277
c1(ncc(C(NCc2c(F)cccc2Cl)=O)cc1)-n1cnnc1,MOSES sample,7278
COC(=O)CSc1ncc(CO)n1Cc1ccc(F)cc1,MOSES sample,7279
N(c1cc(OC)c(C)cc1)C(C1CN(C(=O)C1)CCC(C)C)=O,MOSES sample,7280
Clc1c(CC(N2CCCC(c3nc(C)no3)C2)=O)c(Cl)ccc1,MOSES sample,7281
c1(cc(cc(c1)Cl)Cl)CN(C)S(C)(=O)=O,MOSES sample,7282
C1N(CCN(Cc2cnc(OCC)cc2)C1)c1nc(C)c(C)s1,MOSES sample,7283
C(N1C2CC(C)(C1)CC(C)(C2)C)(c1cc(S(C)(=O)=O)ccc1C)=O,MOSES sample,7284
C(c1cc(C#N)ccc1)N(C)C(=O)NCCOCC(F)(F)F,MOSES sample,7285
COC(=O)C1CCN(C(=O)c2cscn2)c2ccccc21,MOSES sample,7286
c1c(C)cc(c(c1)Oc1ncccc1CNC(=O)C1CNC(C1)=O)C,MOSES sample,7287
C(c1ccc(cc1)CSc1nnc(SCC)s1)(=O)N,MOSES sample,7288
CCOc1cc(C)c(C(O)C(=O)NC2CC2)cc1C,MOSES sample,7289
CCS(=O)(=O)c1ccccc1NCc1cn[nH]c1,MOSES sample,7290
C(c1ccccn1)CNC(c1nn2c(nc(C)cc2C)n1)=O,MOSES sample,7291
n1(-c2ccncc2)ncc(c1C)C(N1C(CCC1)COC)=O,MOSES sample,7292
C(C)(C)(C(NC(C(N1c2c(cccc2F)CCC1)=O)C)=O)C,MOSES sample,7293
Cc1ccc(cc1)C(N(C)Cc1ccc(cc1)OC)C#N,MOSES sample,7294
n1c(C2CN(C(=O)C(C)(C)C)CCC2)ccnc1N,MOSES sample,7295
O(c1cccc(c1OC(F)F)C(=O)NCc1nnc2n1CCC2)C,MOSES sample,7296
OCc1c(-c2cccs2)nc2sc(CCc3c[nH]cn3)nn12,MOSES sample,7297
n1ccccc1COC1CC2(OC1)CCN(C(=O)c1ccccn1)C2,MOSES sample,7298
N(C(=O)c1c(oc2c(c1)cccc2)=O)C1CCCCC1C,MOSES sample,7299
c1coc(C(Nc2cc(-c3cnc(OC)nc3)ccc2)=O)c1,MOSES sample,7300
o1nc(nc1C1CCN(C(=O)Cc2cccnc2)C1)-c1sccc1,MOSES sample,7301
C1CNc2cc(ccc2S1(=O)=O)C(F)(F)F,MOSES sample,7302
c1cc2c(nc(OC3CCN(S(C)(=O)=O)CC3)s2)cc1F,MOSES sample,7303
c1cccc(CCC(=O)Nc2nnc(-c3cc(ccc3)N)s2)c1,MOSES sample,7304
c1c(-c2[nH]ncc2C(N(C)Cc2cccs2)=O)cccc1,MOSES sample,7305
c1(C(N(C)C)CNCc2cccc(c2F)F)cccs1,MOSES sample,7306
O(CCOC)c1c(C(=O)C)ccc(c1)C(C)(C)C,MOSES sample,7307
O=C1COc2cc(NC(=O)NCc3ccco3)ccc2N1,MOSES sample,7308
Cc1cc(C)n(Cc2cccc(NC(=O)NCc3ncn(C)n3)c2)n1,MOSES sample,7309
c1ccc(c(S(=O)(CCOc2ccc(cc2)C)=O)c1)C,MOSES sample,7310
O=C(NCC#Cc1ccccc1)N1CCN(CC(F)F)CC1,MOSES sample,7311
C(#N)c1ccc(nc1)-c1noc(C(=O)Oc2cccc(CC)c2)n1,MOSES sample,7312
COc1ccc2c(c1)CC(NC(=O)NCc1ccco1)CO2,MOSES sample,7313
O=C(Cc1csc(-c2nc[nH]n2)n1)NCc1ccccn1,MOSES sample,7314
N#CC1CN(CCO1)Cc1cccc(c1)OCCc1ccccc1,MOSES sample,7315
n1(cc(CNC(c2[nH]nc(c2Br)C)=O)cn1)C(C)C,MOSES sample,7316
c1cc(cc(c1)N)OC(C(Nc1ccccc1OCC)=O)C,MOSES sample,7317
Fc1ccc(cc1)OCC(CNc1cccc(c1C)C(=O)NC)O,MOSES sample,7318
c12c(cnn2C(CC)C)c(C(=O)NCCc2ccco2)cc(C)n1,MOSES sample,7319
O=C(c1c(ccc(F)c1)N)Nc1cc(Cl)ccc1C,MOSES sample,7320
O=S(=O)(c1cccnc1)N1CCCCC1CCN1CCOCC1,MOSES sample,7321
c1cc2c(c(ccc2)C(=O)NCCCC(N(CCO)C)=O)cc1,MOSES sample,7322
O(C(C)(C)C)C(N1CCCC(C1)CNc1ncccn1)=O,MOSES sample,7323
c1(cc2c(n(c(n2)N)C)cc1C)C(CSc1ncccn1)=O,MOSES sample,7324
C(=O)(NCCc1ccc(cc1F)F)Nc1n(nc(c1)CC)C,MOSES sample,7325
c1cccc(CN2CCN(C(Cc3ncccc3)=O)CC2C(N)=O)c1,MOSES sample,7326
c1c(-c2ccc(cc2)OC)nc(=O)n(CC(NCc2occc2)=O)c1,MOSES sample,7327
C(C)(Nc1ccc(C(NCc2nc3ccccc3s2)=O)cc1)=O,MOSES sample,7328
CCOC(=O)C1CCN(C(=O)c2cn(C)c3ccccc23)CC1,MOSES sample,7329
c1c(ccc(NC(=O)C(c2ccc(F)cc2)O)c1)C,MOSES sample,7330
Fc1c(NC(Cn2cccn2)=O)ccc(c1)Oc1nc(C)cc(n1)C,MOSES sample,7331
C(=O)(C)c1ccc(cc1)NC(=O)NC1CCCc2ccccc12,MOSES sample,7332
c1(oc(CSc2nnc(CN3CCCC3=O)o2)nc1)C(C)(C)C,MOSES sample,7333
N(C(C1CCN(S(c2cc(c(cc2)C)C)(=O)=O)CC1)=O)CC=C,MOSES sample,7334
C(C)OC(c1nc(COC(C2C3CC4C2C(O)C2CCC2C23)=O)on1)=O,MOSES sample,7335
Cc1ccc(C)c(NCC(=O)N2CCOCC2)c1,MOSES sample,7336
Cc1ccc(C(O)CNc2ccc(Cl)cc2)cc1,MOSES sample,7337
C=CCNC(=O)c1ccc(NC(=O)C2(C#N)CCCC2)cc1,MOSES sample,7338
N1(CCN(CC1)CCO)c1ccc(cn1)S(=O)(=O)NC(C)CC,MOSES sample,7339
Cc1cnc(NCc2cccc(C(N)=O)c2)nc1-c1cnn(C)c1,MOSES sample,7340
C1N(C2C(CCCC2)OC1)Cc1ccc(OCC(F)F)cc1,MOSES sample,7341
C(=O)(Oc1cccc(c1)C(OC)=O)Cc1csc(CC)n1,MOSES sample,7342
c1ccccc1-c1nn(CC(Nc2c(C)cccc2)=O)nn1,MOSES sample,7343
c1(c(cccc1)CSc1n(cnn1)C1CC1)Br,MOSES sample,7344
c1ccc(Cc2nnc3n2nc(-c2ccco2)s3)c(c1)OC,MOSES sample,7345
O=C(C)c1cc(NCC(=O)N2CCN(c3ccccc3)CC2)ccc1,MOSES sample,7346
COc1ccc(Cl)c2c1N(C(=O)c1ccoc1C)CCC2,MOSES sample,7347
c1ccc(CNC(c2cnc(s2)C2OCCC2)=O)cc1OCC,MOSES sample,7348
Fc1ccc(S(=O)(CC(=O)N(C)C)=O)cc1F,MOSES sample,7349
O=C(Nc1c(C(=O)NCC)cc(Cl)cc1)COc1ccccc1,MOSES sample,7350
CCNC(=O)c1ccc(cc1)CNC(=O)c1cc2nc[nH]c2cc1,MOSES sample,7351
Fc1c(cccc1)C(=O)OCCO)S(=O)(N)=O,MOSES sample,7352
Cc1ccccc1-c1noc2nc(C)n(CC(=O)NC(C)(C)C)c(=O)c12,MOSES sample,7353
c1c(ccc2nccnc21)C(N1CCC(NS(C)(=O)=O)CC1)=O,MOSES sample,7354
O=c1n(C)c2nc3n(c(C)cn3CC(Cn3cccn3)O)c2c(n1C)=O,MOSES sample,7355
N(c1ccc(cc1)NC(=O)c1ccccc1)C(c1cn(C)nc1)=O,MOSES sample,7356
c1(n(c(=O)n(c1)C1CC1)C)COc1cc2c(cc1)CCCC2,MOSES sample,7357
c1c(-c2sc3nnc(n3n2)C(C)C)ccc(OC)c1,MOSES sample,7358
CS(=O)(=O)NCCCNC(=O)c1cccc(Br)c1,MOSES sample,7359
O=C(NCCNC(C(Sc1ccc(cc1)Cl)(C)C)=O)C,MOSES sample,7360
O(C(=O)CC(c1ccccc1)NC(=O)c1c(OC)ccc(c1)F)C,MOSES sample,7361
CN(C1CCC(C)CC1)C(=O)c1ccc(cc1)N(C)S(=O)(C)=O,MOSES sample,7362
COCCC(=O)Nc1nc2c(s1)C(O)CCC2,MOSES sample,7363
c1(n(ccc([nH]1)=O)CCC(=O)Nc1c(C)ccc(c1)-c1occn1)=O,MOSES sample,7364
c1c(ccc(C(=O)Cn2c(=O)onc2-c2ncccn2)c1)CC(C)C,MOSES sample,7365
C(C(c1ccccc1OC1CCC1)=O)Sc1scnn1,MOSES sample,7366
c1(cc(n(n1)-c1ccccc1)C(=O)OCC1OCCCC1)C1CC1,MOSES sample,7367
c1(NC(c2ocnc2C)=O)c(cc(cc1)NC(=O)C)Cl,MOSES sample,7368
c1(CCC(Nc2ccc(c(Cl)c2)C(=O)N)=O)ccccc1OCC,MOSES sample,7369
CSc1cc(ccc1)NC(=O)C(OC(c1c(C)noc1C)=O)C,MOSES sample,7370
C1C(OC(=O)CCc2cc(c(cc2)OC)OC(F)F)C(OC)CC1,MOSES sample,7371
Fc1ccccc1C(=O)NC1(c2noc(n2)C)CCCC1,MOSES sample,7372
c1c(ccc(n1)-n1cncc1)C(=O)N1CCC(CC1)(O)C(F)(F)F,MOSES sample,7373
c1(ccccc1-n1nc(cc1)C(=O)NCC#C)OC,MOSES sample,7374
NC(=O)c1cccc(NC(=O)NCC2(c3ccccc3F)CC2)c1,MOSES sample,7375
n1c(nc(C)o1)NC(=O)CCc1c(Br)ccc(c1)F,MOSES sample,7376
CC(=O)N(C)c1ccccc1NCc1cncs1,MOSES sample,7377
C(c1onc(c1)C(N1CCN(CC1)Cc1n(C)c(C)cc(c1)=O)=O)C,MOSES sample,7378
c1(Br)cnc2n(c(c([nH]2)=O)CO)c1,MOSES sample,7379
n12c(c(c(C)n2)CCC1)NC(CSc1ccc(cc1)F)=O,MOSES sample,7380
c1(ccc(NC(=O)CC2c3ccccc3C(=O)O2)cc1Cl)OC,MOSES sample,7381
c1c(c(C(NC(c2sc(cc2)C)C)=O)ccc1)OCC(=O)N,MOSES sample,7382
Cc1cc(C(=O)NCc2cccc(NC(=O)Cn3cccn3)c2)c(C)[nH]1,MOSES sample,7383
C(N(Cc1cnccc1)C(=O)C)c1ccccc1C,MOSES sample,7384
Cc1ccc(C(=O)NC(CN2CCOCC2)c2ccccc2)cc1F,MOSES sample,7385
c1(OC)c(F)c(ccc1)C(NCC(=O)Nc1c(cc(C)cc1C)C)=O,MOSES sample,7386
c1cc(OC)c(F)cc1-c1cn(-c2ccccc2)nc1N,MOSES sample,7387
N(c1cc(-c2occc2)nn1CCOCC)C(C)=O,MOSES sample,7388
N(C(=O)CNC(=O)C)c1cccc(NC(=O)CC)c1,MOSES sample,7389
c12c(cc(c(o2)=O)C(=O)NCCc2onc(n2)COC)cccc1,MOSES sample,7390
c1cccc2c1cc(C(=O)N(C)Cc1ncon1)o2,MOSES sample,7391
O(C(C(=O)N1CCN(C(c2sccc2)=O)CC1)C)c1ccccc1,MOSES sample,7392
C(C1Cc2ccccc2N1Cc1onc(n1)-c1cc(ccc1)OC)(N)=O,MOSES sample,7393
CC(C)C(=O)c1ccc(OCc2ccncc2)cc1,MOSES sample,7394
CS(=O)(c1ccc(NC(=O)C(Sc2ccccn2)C)cc1)=O,MOSES sample,7395
c1cc(-n2c(SCCC(C)C)nnc2-c2cccnc2)cnc1,MOSES sample,7396
c1(c(n(C2CC2)c(C)c1)C)C(N1CC(Oc2ncccc2)CC1)=O,MOSES sample,7397
O=S(CCn1cc(C(F)(F)F)ccc1=O)(=O)c1ccc(cc1)C,MOSES sample,7398
c1(C(=O)Nc2ccc(NC(C)=O)cc2)c(=O)c2c([nH]c1)cccc2,MOSES sample,7399
C(CNCc1c(cccc1)OC)(c1ccccc1)O,MOSES sample,7400
c1(c(C)oc(-c2ccccc2)n1)C(N1CCCC(C(N)=O)C1)=O,MOSES sample,7401
c1(ccc(cc1)N1C(CCC1)=O)OCC(=O)NC(C)(CC)C,MOSES sample,7402
C(Nc1c(cccc1)-n1nncc1)(=O)C1C(C)Oc2ccccc2O1,MOSES sample,7403
N#Cc1ccc(NCCCc2cc3ccccc3[nH]2)nc1,MOSES sample,7404
C1N(C(=O)c2c(nc3CCCc3c2)OC)CC(CC1)CNC(C)=O,MOSES sample,7405
c1ccccc1Cn1c(SCC(NC)=O)nnn1,MOSES sample,7406
c1(N2CCCC2=O)cc(ccc1)OC(=O)COCC1CC1,MOSES sample,7407
c1cccc2-c3c(C(O)(c4ccc(OCC)cc4)c21)cn[nH]3,MOSES sample,7408
C1C2(CCCC1O)C(N(c1ccccc21)CC(C)C)=O,MOSES sample,7409
CCCCN1C(=O)C2CCC1CN(C(=O)Cn1cnc(C#N)n1)C2,MOSES sample,7410
O=C(NC(C)C)c1cc(=O)c2c(ccc(c2)F)o1,MOSES sample,7411
COC(C)C(=O)N1CC=C(c2ccc(OCC(C)C)cc2)CC1,MOSES sample,7412
c12cc(ccc1n(c(n2)C(O)C)-c1ccccc1C#N)F,MOSES sample,7413
n1ccnc(c1)C1CCN(CC1)c1ccc(nn1)C,MOSES sample,7414
c12CCCCc1noc2C(NCCC(OC(C)C)=O)=O,MOSES sample,7415
CSc1nsc(NC(=O)c2ccc(F)c(F)c2)n1,MOSES sample,7416
c1c(NC(c2cccc(c2)OCC(=O)N)=O)c(OC)cc(OC)c1,MOSES sample,7417
C(c1oc2cc(Br)ccc2c1)NCCc1nc(no1)C,MOSES sample,7418
O=C(Cc1cccnc1)N1CCC2(CC(OCC3CC3)CO2)C1,MOSES sample,7419
CCOC(=O)CSc1nc(Cc2ccccc2)c2c(=O)[nH]cnc2n1,MOSES sample,7420
c1(OC(C(=O)Nc2noc(C)c2)C)ccc(Br)cc1,MOSES sample,7421
c1c2CN(CCc2ccc1)CC(Nc1ccnn1C1CCCC1)=O,MOSES sample,7422
COc1cc(=O)n2cc(C(=O)N3CCNC(=O)C3)ccc2n1,MOSES sample,7423
COc1ccc(C(C#N)N(C)C(=O)c2ccccc2)cc1,MOSES sample,7424
Nc1c(C(Nc2cc(C#N)ccc2)=O)nccn1,MOSES sample,7425
CC(c1sc(nc1C)NC(=O)c1sc(nc1)C1OCCC1)=O,MOSES sample,7426
c1cc(OCc2ccc(cc2)S(=O)(c2ccccc2)=O)cnc1C,MOSES sample,7427
C(CC(c1ccc(Cl)cc1)NC(Cc1n[nH]c(=O)[nH]1)=O)(C)C,MOSES sample,7428
N(CC(F)=C)(C)C(CNC(C(C)(C)C)c1ccccc1)=O,MOSES sample,7429
N1c2c(cc(F)cc2)C2(C1=O)CCN(CC2)C(=O)C1CCCO1,MOSES sample,7430
c1(ccc(C(=O)NCCCC(N)=O)c(c1)F)Br,MOSES sample,7431
C(Sc1[nH]c(=O)c(c(n1)O)CC)c1nc(-c2occc2)no1,MOSES sample,7432
C1CN(S(C)(=O)=O)CC(O1)Cc1ccccc1,MOSES sample,7433
c1cc(cc2c1nccc2)-c1nc(no1)C1CCOC1,MOSES sample,7434
N1(C(C(c2ccc(cc2)OC)O)=O)CCCC1c1cc(ccc1)OC,MOSES sample,7435
n1(C(C)C(=O)NCc2ccc(cc2)F)c(oc2ccccc21)=O,MOSES sample,7436
C1N(CCCCC1)C(=O)c1cc(ncc1)C#CCO,MOSES sample,7437
O=C(NCCCNc1ncccn1)C1(c2ccc(F)cc2)CCC1,MOSES sample,7438
c1sc(nc1CCNC(=O)C1CCC1)-n1c(C)cc(C)n1,MOSES sample,7439
FC(F)(F)c1ccccc1NC(NCCCc1c(C)onc1C)=O,MOSES sample,7440
c1ccnnc1N(C1CCN(C(=O)CCCn2cncn2)CC1)C,MOSES sample,7441
o1c(CN2CCN(C(c3ccc(F)cc3)=O)CC2)nnc1C,MOSES sample,7442
C(C(=O)Oc1ccc(c(C)c1)Cl)OCC1CCCO1,MOSES sample,7443
n1(-c2ccccc2)c(=O)n(nc1C1CCN(CC1)C(COC)=O)C,MOSES sample,7444
C(C(Nc1nc(-c2cccs2)cs1)=O)OCC,MOSES sample,7445
C(COCC)CNS(=O)(=O)c1cccc2c(cccc12)C,MOSES sample,7446
C1(CC(CNC(=O)c2cc(c(c(OC)c2)OC)OC)C)CCCCC1,MOSES sample,7447
Cc1cnc(NC(=O)c2cc3c(s2)CCC(C)C3)s1,MOSES sample,7448
CN1CC(=O)N2CC(NC(=O)c3cccc(-n4cncn4)c3)CC2C1=O,MOSES sample,7449
Cn1cnc(n1)CNC(NCc1cccc(COC(C)(C)C)c1)=O,MOSES sample,7450
O=c1[nH]c([nH]n1)=NS(c1ccc(cc1)C(C)(C)C)(=O)=O,MOSES sample,7451
CC(OCc1ccccc1)C(=O)OC1CCCC(C)C1,MOSES sample,7452
C1CCCC(C#N)(NC(CSc2nnc(s2)SCC)=O)C1,MOSES sample,7453
CC(C)Cn1c(=O)c2ccccc2n2c(SCC(N)=O)nnc12,MOSES sample,7454
C(C)C(NC(=O)NCCc1nc2ccc(F)cc2[nH]1)CC,MOSES sample,7455
O=C(Nc1cccc(F)c1)c1n[nH]c2ccccc12,MOSES sample,7456
O=C1NC(C(=O)N(Cc2ccccc2)CCC2CCCCC2)CC1,MOSES sample,7457
c1c2nc(-c3occc3)cc(c2ccc1)C(=O)NC1CCC(CC1)CO,MOSES sample,7458
O=C(NCCCn1cnc2c(c1=O)cccc2)CCc1ccsc1,MOSES sample,7459
COC(=O)c1ccccc1N(C)C(=O)Cc1cn2ccsc2n1,MOSES sample,7460
c1(C(NCC(N2CCCCC2)=O)=O)cnn2ccc(C)cc21,MOSES sample,7461
CCOC(=O)c1oc(CN2CCc3cccc(c3C2)F)nn1,MOSES sample,7462
O=S(N1CCCC1C(=O)NCc1nc(C)cs1)(=O)CC,MOSES sample,7463
O=C(CCC1CCCN(C(=O)c2ccccn2)C1)N1CCOCC1,MOSES sample,7464
O(C)c1c(ccc(c1)CC(c1cc(Cl)c(cc1)NC(=O)C)=O)OC,MOSES sample,7465
Fc1cc(F)c(C2(CCOCC2)NC(=O)c2cnc(NC)nc2)cc1,MOSES sample,7466
Cc1ccc(C2NCCc3c2cc(F)cc3N)cc1F,MOSES sample,7467
O=c1n(c2ccccc2o1)CCNC(C(=O)c1ccc(cc1)OC)C,MOSES sample,7468
Cc1ccc(NC(=O)C2CCCN2C(=O)C2CC2)cc1Cl,MOSES sample,7469
Cc1cc(NC(=O)N(CCO)C2CCCc3c2cnn3C)n(C)n1,MOSES sample,7470
c1(c(-c2csc(NC(CC)=O)n2)c(cc(C)c1)C)OC,MOSES sample,7471
CC(=O)c1ccc(OCC(OCc2nc3c(cccc3)s2)=O)cc1,MOSES sample,7472
c1cc(cc(c1CN(S(N1CCCCC1)(=O)=O)C)Cl)Cl,MOSES sample,7473
COCCC(=O)Nc1cccc(C#Cc2ccccc2)c1,MOSES sample,7474
N(c1cccc2c1cccc2)C(c1cn(-c2ccccc2)nn1)=O,MOSES sample,7475
n1cnn(c1)CCC(=O)NCc1cc(ccc1)OC(F)(F)F,MOSES sample,7476
O=C(Oc1c(F)cccc1)c1c(C(OC)=O)cccc1,MOSES sample,7477
C1N(CC2N(C1CCC2)C(NCC1(C)CCC(C)CC1)=O)C(=O)C,MOSES sample,7478
COCCN(Cc1ccco1)S(=O)(=O)c1cccs1,MOSES sample,7479
COc1ccccc1CC(=O)OCC(=O)Nc1ccc(Cl)cn1,MOSES sample,7480
C1N(S(=O)(=O)c2cc(ccc2)C(=O)N(CCO)CC)CCC1,MOSES sample,7481
O=S(=O)(C)c1cccc(c1)NC(c1scnc1C)=O,MOSES sample,7482
C(c1ccc(cc1)C(N(C)C)=O)(N(c1ccccc1)C)=O,MOSES sample,7483
c1(N2CC(C(NCC=C)=O)CC2=O)c(ccc(Cl)c1)C,MOSES sample,7484
COc1ccc2c(cnn2CCC(=O)Nc2ccc3c(c2)OCO3)c1,MOSES sample,7485
C(CN1CCN(C(=O)c2sccc2)CC1)NC(=O)NCC,MOSES sample,7486
c1ccc(COc2cc(ccc2)OC)cc1NC(CC#N)=O,MOSES sample,7487
n12cc(C(NC(c3ccccc3)CCO)=O)ccc2nnc1C,MOSES sample,7488
C(NCc1cccnc1)(N1CCC(=CC1)c1c(Cl)cccc1)=O,MOSES sample,7489
O=C(Nc1cccc(-c2csc(N3CCCCC3)n2)c1)C1CC1,MOSES sample,7490
CCN(C1CC1)S(=O)(=O)c1csc(C(N)=O)c1,MOSES sample,7491
O=C(NCCC(F)(F)F)c1cccc(OCc2cccnc2)c1,MOSES sample,7492
N1C(C(NC(=O)c2c1ccc(CC)c2)Cc1ccccc1)=O,MOSES sample,7493
COC(=O)c1ccc(NCC(=O)NC(C)(C#N)C(C)C)cc1,MOSES sample,7494
n1c(-n2c(C)cc(n2)C)n(C)c(n1)SCc1csc(n1)CC,MOSES sample,7495
C1CCc2c(C1NC(Nc1ccc(SC)cc1)=O)cccc2,MOSES sample,7496
c1c2OC(C(Nc3ccc(cc3C)C)=O)COc2ccc1,MOSES sample,7497
c1(S(=O)(N2CCN(CC2)C(C2OCCC2)=O)=O)ccc(cc1)C,MOSES sample,7498
COc1ccc(CC2CN(C)c3c(O2)cccc3N)cc1,MOSES sample,7499
N(C1CC(N(C2CCCCCC2)C1)=O)c1ncnc(N)n1,MOSES sample,7500
N1(CCN(C(Nc2cc(ccc2F)F)=O)CC1)C(c1ccccn1)C,MOSES sample,7501
c1cc(cc(c1F)C#N)NC(NCc1c(cccc1)OC)=O,MOSES sample,7502
N#CC(NCc1ccco1)c1cccc(Br)c1,MOSES sample,7503
O=C(Nc1ccccc1Cl)C1CC2CCC1O2,MOSES sample,7504
C(=O)(C(C)OCCCC)Nc1c(n(ccn1)C)=O,MOSES sample,7505
c1cc(c(cc1)C(Nc1oc(nn1)-c1c(C)oc(c1)C)=O)C(F)(F)F,MOSES sample,7506
CC(CNC(=O)Nc1cccc(Cl)c1N1CCOCC1)Cn1c(C)C1,MOSES sample,7507
CCS(=O)(=O)N1CCN(C(=O)Cc2ccc(OC)cc2)CC1,MOSES sample,7508
COCC(O)CN(C)C(c1ccc(C)c(c1)Oc1ccncc1)=O,MOSES sample,7509
Cc1ccc2cccc(OS(=O)(=O)N(C)C)c2n1,MOSES sample,7510
n1c(cn(-c2ccccc2)n1)CNC(NCC(CC)CC)=O,MOSES sample,7511
O=C(NCc1cccnc1OC1CCCC1)c1ccccc1,MOSES sample,7512
N(C(c1ccccc1)=O)CCn1ncc2n(CC)nc(c21)C,MOSES sample,7513
N(c1cc(ccc1)O)C(CCN1CC(OC(C1)C)C)=O,MOSES sample,7514
Cc1nc(C#N)c(C#N)n1Cc1cn2cc(Cl)ccc2n1,MOSES sample,7515
c1(C(=O)NCCCNC(=O)c2ccc(C)cc2)n[nH]c2ccccc21,MOSES sample,7516
c1(nn(C)cc1S(=O)(N(CC(N(C)C)=O)CCOC)=O)F,MOSES sample,7517
CCNC(=O)c1cn(Cc2cc(-c3ccccc3)no2)nn1,MOSES sample,7518
n1(nc2CCCc2c1NC(=O)CSc1cc(ccc1)OC)C,MOSES sample,7519
CCN(CCO)S(=O)(=O)c1cccc(C(=O)OC)c1C,MOSES sample,7520
CC1COc2ccccc2N1C(=O)CCc1ccc(C#N)cc1,MOSES sample,7521
C1OC(=O)N(C1)c1cc(NC(NC(c2cn(nc2)C)C)=O)ccc1,MOSES sample,7522
O=C(c1ccc2n(cnc2)c1)NCCOc1cc(ccc1)F,MOSES sample,7523
CCC1(O)CCN(C(=O)c2cnn(CC)c2C(F)F)CC1O,MOSES sample,7524
C1(CN(C(CC1)=O)C)NC(CC1c2c(CCC1)cccc2)=O,MOSES sample,7525
O=c1c(=NCC(=O)OCC)c(c1NCc1cnccc1)O,MOSES sample,7526
N1C(c2c(CC1)c(O)cc(c2)C)c1sc(C(=O)C)cc1,MOSES sample,7527
Cc1cc(NC(=O)CC(C)n2cccn2)n(C(C)(C)C)n1,MOSES sample,7528
CCNC(=O)N1CCN(C(=O)c2ccc(OCC(F)F)nc2)CC1,MOSES sample,7529
c1cc(cc(C)c1OC)CC(NCC(Nc1c(C)cccc1C)=O)=O,MOSES sample,7530
CC1CC(CCC1)CNC(=O)c1n(C)cc(C(N)=O)c1,MOSES sample,7531
[nH]1c(ccc1)C(N1CC2C(CCCN2C(COC)=O)C1)=O,MOSES sample,7532
c1(c(F)cc(cc1)NC(=O)NC=CC(O)C(c1ccc(C)nc1)=O)C,MOSES sample,7533
Fc1ccc(OC2CCN(Cc3cnc(N4CCCC4)nc3)C2)cc1,MOSES sample,7534
COc1ccc(-c2cnc(CNCc3ccc(F)cc3)s2)cc1O,MOSES sample,7535
Cc1cc(C)cc(C(=O)N(C)C(C#N)c2cccnc2)c1,MOSES sample,7536
O=C(N(Cc1c(cc(cc1)OC)OC)C1CCCC1)CC,MOSES sample,7537
c1cc(Cl)cc(c1CNC(NCC(NCC#C)=O)=O)Cl,MOSES sample,7538
COc1ccc(NC(=O)c2cc(=O)[nH]c3ccccc23)cc1Cl,MOSES sample,7539
C1N(CC2C1CN(C2)c1nnc(C)s1)C(=O)c1ccco1,MOSES sample,7540
c1cc(ccc1)NC(Nc1ccccc1SC)=O,MOSES sample,7541
C(NC(c1cc2c(oc1=O)cccc2)=O)c1nncn1CC,MOSES sample,7542
C(n1cccn1)(C)C(=O)NCCC1N(C(c2ccncc2)=O)CCC1,MOSES sample,7543
c1c(C(O)C(NC2CC2)=O)cc2c(c1)ncn(CC)c2=O,MOSES sample,7544
O=C(COc1cccc2CC(C)(Oc12)C)N(CC)CC,MOSES sample,7545
c1c(F)ccc(c1F)NCC(N1CCC(CC1)C)=O,MOSES sample,7546
c1(C(CSc2n(C)c(c3c(cccc3)n2)=O)=O)ccccc1,MOSES sample,7547
O(CC(=O)NC1C(C)(C2C1CCO2)C)c1cc2c(cc1)OCO2,MOSES sample,7548
O=C(NCCCn1ncccc1=O)c1cc(-c2cccc(Cl)c2)on1,MOSES sample,7549
Cc1cccc(CCCOC(=O)Cn2nc(C)c(Cl)c2C)n1,MOSES sample,7550
Cc1nn(CCC(=O)OC2CCCC(OC)C2)c(s1)=O,MOSES sample,7551
c1(noc(c1)C)NC(NCc1cccc(C(F)(F)F)c1)=O,MOSES sample,7552
c1(ccc(cc1)OCC(=O)N(C)c1nccs1)NC(=O)C(C)(C)C,MOSES sample,7553
c1ccc(c(F)c1)NS(c1c(C)cccc1N)(=O)=O,MOSES sample,7554
C1N(C(c2nnc3n2CCN(C3)C)=O)C(C)(COC1)C,MOSES sample,7555
Cc1ccc2[nH]c(=O)c(CN(C)C(=O)c3cccnc3)cc2c1,MOSES sample,7556
Cc1cc(N)nc(SCC(=O)Nc2nc3c(s2)CCC3)n1,MOSES sample,7557
C12(CO)C(C)(CN(C(=O)c3cccc(c3)F)C1)CCCC2,MOSES sample,7558
O=C1NCCN(C(=O)CCn2ccnn2)C1c1ccccc1Cl,MOSES sample,7559
c1c(c2ccccc2[nH]1)C(Nc1ccc(cc1)C(OC)=O)=O,MOSES sample,7560
CCc1noc(CC)c1CC(=O)Nc1ccn(Cc2ccccn2)n1,MOSES sample,7561
CCN(C(=O)c1cccc(NC(=O)C2CC2)c1)C(C)c1cccnc1,MOSES sample,7562
Clc1c(Cn2c(=O)c(c([nH]2)C)Br)ccc(c1)F,MOSES sample,7563
O=C(CNC(=O)C1CCC1)Nc1cc(ccc1N1CCOCC1)Cl,MOSES sample,7564
Cc1oc2c3ncn(CC(=O)N4CCCCC4)c(c3ccc2c1)=O,MOSES sample,7565
c1cccc2c1[nH]cc2C(=O)Nc1c(NC(C)=O)ccc(c1)OC,MOSES sample,7566
c1cn2c(=O)n(nc2cc1)CCSc1nnnn1CC=C,MOSES sample,7567
n1cc(cn1CC1CC1)NC(c1c2OCOc2ccc1)=O,MOSES sample,7568
c1ccc2c(c1)c(C(NCCc1occc1)=O)cc(n2)-c1occc1,MOSES sample,7569
C1C(C)CCCC1NC(CN1c2c(cccc2)SCC1=O)=O,MOSES sample,7570
CC(=O)N1c2ccc(NC(=O)c3ccccc3F)cc2CC1C,MOSES sample,7571
C(#N)CSc1[nH]nc(C2OCCN(Cc3cccc(F)c3)C2)n1,MOSES sample,7572
c1cc(cc(C(=O)N(C(CC)CC)C)c1Cl)S(=O)(=O)C,MOSES sample,7573
NC(c1ccsc1NC(CSc1cc2OCCOc2cc1)=O)=O,MOSES sample,7574
CN(c1cc(ccc1)C(N)=O)S(c1ccc(OC)c(c1)OC)(=O)=O,MOSES sample,7575
CC(=O)c1ccc(S(=O)(=O)N=c2ccc(C(C)C)c[nH]2)cc1,MOSES sample,7576
c1c(OC)c(OC)ccc1CN(Cc1nc(no1)C1CC1)C,MOSES sample,7577
c1c(ccc(OC)c1)CN(C1CC1)C(c1ccccc1)=O,MOSES sample,7578
C(C)c1cc(=O)n(CC(N2CCC(N3CCNC3=O)CC2)=O)cn1,MOSES sample,7579
O=C(NCC1CC12CCc1ccccc12)c1cnccn1,MOSES sample,7580
N#CC1(NC(=O)CCCSc2ccccc2)CCC1,MOSES sample,7581
C1(C)(O)C2CCC1CC2NC(NCc1cnc(cc1)C)=O,MOSES sample,7582
C(NC1CCCCCC1)(=O)NCC(COC(C)c1ccccc1)O,MOSES sample,7583
CCC(CC)c1nnc(NC(=O)CSc2ccc(O)cc2)s1,MOSES sample,7584
C(F)(F)Oc1c(cccc1C(Nc1ccc(cc1)C(=O)NC)=O)OC,MOSES sample,7585
N(C(=O)c1c2c([nH]c(c1)=O)cccc2)n1c2c(cccc2)nc1,MOSES sample,7586
c1cc(ccc1OC)C(C1CCN(CC1)C(=O)n1ccnc1)=O,MOSES sample,7587
c1c2c(OCc3[nH]nc(C(=O)NCc4cn(C)nc4)c3C2)ccc1,MOSES sample,7588
O=C(COC(=O)C1CC1C)c1ccc(cc1)Br,MOSES sample,7589
N(C(=O)c1c(=O)[nH]c(cc1C)C)c1ccc(cc1)Nc1ccccc1,MOSES sample,7590
n1(nc(cc1C1CC1)C(N1CCCC1c1nc(on1)C(C)C)=O)CC,MOSES sample,7591
O=C(CCn1ccccc1=O)Nc1cc(F)cc(N2CCCC2)c1,MOSES sample,7592
c1cccc2c1c(C)nc1n2c(CC)nn1-c1ccccc1,MOSES sample,7593
C(#C)CNC(Nc1ccc(S(NC2CCCC2)(=O)=O)cc1)=O,MOSES sample,7594
c1c2n(CC(=O)OC(c3nccs3)C)c(oc2ccc1)=O,MOSES sample,7595
c1[nH]c(=O)ccc1C(N1CCC(C1)c1ccc(F)cc1)=O,MOSES sample,7596
c1c(cccc1OC)-c1c2[nH]c(cn2c2c(n1)cc(N)cc2)-c1cc[nH]c1,MOSES sample,7597
COCCOC(C(N1CC(Oc2c1cc(cc2)C(C)=O)C)C)=O,MOSES sample,7598
C1CC(c2nc[nH]n2)N(C(C(N2CCCC2=O)CC)=O)CC1,MOSES sample,7599
O=C(NC(c1ccco1)C)c1n2ccccc2nc1C,MOSES sample,7600
C=CCOc1cccc(NC(=O)NC(C)C(=O)N2CCCCC2)c1,MOSES sample,7601
c1cc(C)ccc1-c1nc(CN(S(=O)(c2ccccc2)=O)C)on1,MOSES sample,7602
C(OCC)C(=O)NCC(C)(c1oc(C)cc1)O,MOSES sample,7603
c1cn(C)c(cc1C(=O)Nc1ccc(-n2ccnc2C)cc1)=O,MOSES sample,7604
c1(CN2CC3(OCC2)CCCC3)cccc2c1OCO2,MOSES sample,7605
CCN(CC1CCOC1)C(=O)c1ccc(CN2CCCC2=O)cc1,MOSES sample,7606
CCN(c1c(Br)cncn1)CCO,MOSES sample,7607
O=C(Nc1cc(Cl)ccc1)CCSc1nc(C)nc(C)c1,MOSES sample,7608
Cc1ccc(c(c1)N1CCN(S(=O)(C)=O)CC1)C1OCCO1,MOSES sample,7609
O=C(c1ccncc1)N1CCN(C(=O)Cn2cnc3ccccc32)CC1,MOSES sample,7610
C(C)C(CC)c1sc(NC(CSc2n(nnn2)C)=O)nn1,MOSES sample,7611
C(Cc1cc(c(OC)c(OC)c1)OC)C(N1CCC1)=O,MOSES sample,7612
c1(ccc(-c2scc(C(F)(F)F)n2)cc1)NC(=O)c1cnncc1,MOSES sample,7613
c1(-c2ccc(cc2)OCCO)ncc(cn1)Br,MOSES sample,7614
c1csc(-c2noc(n2)C2N(C(c3ccc(C)cc3)=O)CCC2)c1,MOSES sample,7615
N(C(CC)C)C(N1CCN(C(=O)c2cc(F)c(F)cc2)CC1)=O,MOSES sample,7616
c1(ccc(OC)cc1Cl)S(=O)(=O)N(c1c(C)noc1C)C,MOSES sample,7617
O=c1oc2ccc(cc2cc1)NS(=O)(c1cc(ccc1C)C)=O,MOSES sample,7618
c1(c(F)cc(F)c(c1)C(=O)NCCC(=O)N1CCCC1)C,MOSES sample,7619
CC(N(CCC#N)C(=O)c1c2ccccc2[nH]c1)C,MOSES sample,7620
O=S(=O)(Nc1cccc(F)c1)c1ccccc1,MOSES sample,7621
n1c(c2c(=O)n(N)c(C)nc2s1)-c1ccc(Cl)cc1,MOSES sample,7622
c1c(c(N)c(F)cc1)NC(CCn1cncn1)=O,MOSES sample,7623
c1nc2sc(c(c2c(=O)[nH]1)C)-c1cccs1,MOSES sample,7624
COc1cccc(C(=O)N2CCN(Cc3ccccc3F)CC2)c1F,MOSES sample,7625
CCc1cccc2c(CCCO)c[nH]c12,MOSES sample,7626
Cc1nc2ccccc2n1CC(=O)N(C)CCC#N,MOSES sample,7627
CCc1ncc2CN(CCc2n1)Cc1ccc(Cl)cc1,MOSES sample,7628
n1(c(=O)c2c(cccc2)nn1)CCCC(N1CCCCCC1)=O,MOSES sample,7629
CN(Cc1ccc(C#N)cc1)C(=O)CN1CC2(CCCC2)CC1=O,MOSES sample,7630
COc1ccc(CNS(=O)(=O)c2cccc(O)c2)cc1OC,MOSES sample,7631
COCCn1cnnc1SCC(=O)Nc1ccc(C)cc1,MOSES sample,7632
C(=O)(NC)NCC(=O)Nc1c(ccc(c1)NC(C)=O)F,MOSES sample,7633
c1c2c(ccc1CNC(=O)Nc1cc(OC)cc(OC)c1)OCO2,MOSES sample,7634
O=S(C)(=O)NC(C)C(N1CCC(Cc2ccccc2)CC1)=O,MOSES sample,7635
c1(-n2nc(C)cc2C)nnc(N2CC(OCC2)c2ccccc2)cc1,MOSES sample,7636
O=c1[nH]c(CNc2cccc3c2c(ccc3)O)nc2c1cnn2C,MOSES sample,7637
Cc1ccc(S(=O)(=O)Nc2cc(C(=O)N(C)C)ccc2C)cc1C,MOSES sample,7638
Clc1ccc(F)cc1-c1oc(CO)cc1COC,MOSES sample,7639
COc1ccc(NC(=O)c2cc(OC)cc(OC)c2)c(O)c1,MOSES sample,7640
c1cccc2c1N(C(C1CCCN1S(N(CC)CC)(=O)=O)=O)CC2,MOSES sample,7641
C1CCCCC1c1ccc(cc1)C(NCC1CCCO1)=O,MOSES sample,7642
c1(CS(c2ccc(cc2)S(C)(=O)=O)(=O)=O)ccccc1,MOSES sample,7643
O1CCN(CC1c1oc(cc1)C)Cc1csc(n1)C,MOSES sample,7644
C1NCCN(C(=O)CSc2n(c(CO)nn2)CC=C)C1,MOSES sample,7645
CCCCNC(=O)CSc1nc(-c2cccnc2)n[nH]1,MOSES sample,7646
c1nc(c(c2CCN(Cc21)C(=O)c1ccc2scnc2c1)CO)C,MOSES sample,7647
c1(C)cc(c(S(N)(=O)=O)s1)C(NCCCn1cccn1)=O,MOSES sample,7648
c1c(-n2nc(cc2)C(=O)N2CCc3ncncc3C2)ccc(F)c1,MOSES sample,7649
C1C(CCCC1)NC(=O)c1ccc(N2CCCCS2(=O)=O)cc1,MOSES sample,7650
N1(C(CNC(=O)c2ccc3c(nn[nH]3)c2)=O)CC(OC(C1)C)C,MOSES sample,7651
c1(C)onc(c1)CN(C)C(=O)NCc1cc[nH]n1,MOSES sample,7652
c1c(C(NCCC(NCCc2ccccn2)=O)=O)ccc(Cl)c1,MOSES sample,7653
O=C(CSc1nnc(n1N)-c1cccs1)c1sccc1,MOSES sample,7654
CC(=O)Nc1cc(C(=O)Nc2ccccc2OC(F)F)ccc1F,MOSES sample,7655
c1cc(C)c(NCCCc2cccc(OC)c2)nc1,MOSES sample,7656
NC(=O)CCNC(=O)c1c[nH]nc1-c1ccccc1F,MOSES sample,7657
Cc1ccc(OCC(=O)Nc2ccc(F)cc2)nc1,MOSES sample,7658
O=C(Nc1sc(nn1)C)NCCc1nc(n[nH]1)-c1cccnc1,MOSES sample,7659
n1c(oc2ccc(C)cc12)SCC(N(C)Cc1cscc1)=O,MOSES sample,7660
N1(c2ccc(cc2OC)NC(C2CC=CC2)=O)C(=O)CCC1,MOSES sample,7661
C(=O)(OCC)c1c(C)nn(c1S(=O)(=O)Nc1ccc(cc1)F)C,MOSES sample,7662
O=C(c1cc(c(N2CCCC2)cc1)F)N(CC)CCO,MOSES sample,7663
c1(OC)cc(cc(c1)OC)CNc1cnn(CC(F)F)c1,MOSES sample,7664
Fc1cc(cc(F)c1NC(=O)N(C)CCC(C)C)C#N,MOSES sample,7665
COc1c(NC(C)=O)cc(cc1)S(=O)(=O)N(C(C)C)C,MOSES sample,7666
O=C(c1c(cccc1)Cl)NCCNC(=O)NCC=C,MOSES sample,7667
C1N(CCC1)C(=O)CSc1n2c(NC(=C(C2=O)CCO)C)nn1,MOSES sample,7668
c1ncccc1CNC(c1cc2c(c(c(C)cc2oc1=O)C)C)=O,MOSES sample,7669
Cc1c(cc(n1CCOC)C)C(NCCc1cccs1)=O,MOSES sample,7670
c1cc(ccc1)COC1CC2(CCN(C2)C(N2CCCC2)=O)OC1,MOSES sample,7671
O=C(N1CCN(C(=O)NC(C(C)C)C(=O)OC)CCC1)NC(C)C,MOSES sample,7672
CSc1nnc(-c2cn(C)c3cc(C)c(C)cc3c2=O)n1C,MOSES sample,7673
Fc1cc(c(cc1)OCC(O)Cn1c2c(nc1)n(C)c(=O)n(C)c2=N)C,MOSES sample,7674
c1(-c2ccc(cc2)F)nc(c(s1)C#N)C1CC1,MOSES sample,7675
C=CCNC(=O)Cc1csc(NC(=O)c2ccc3ccccc3n2)n1,MOSES sample,7676
c1(cc(ccc1C(=O)N1CC(O)(CC1)C(F)(F)F)S(C)(=O)=O)F,MOSES sample,7677
N(CC)C(c1ccc(CNC(c2c(ccs2)C)=O)cc1)=O,MOSES sample,7678
c1cc(CNC(NCC(N2CCOCC2)C2COCC2)=O)ccc1F,MOSES sample,7679
c1c(c(Cc2cc(F)cc(c2)F)c(c(F)c1C#N)C#N)C#N,MOSES sample,7680
O=C(Nc1cc(-n2nnnc2C)ccc1)c1sc(nc1C)C,MOSES sample,7681
CCN(CC(=O)c1c(cc(C)cc1C)C)CCC#N,MOSES sample,7682
o1c2c(cccc2c(c1C(NCC(NC1CC1)=O)=O)C)C,MOSES sample,7683
c1nn(C)cc1C(=O)N1CCN(c2ncc(C(F)(F)F)cc2)CC1,MOSES sample,7684
C(Oc1ccc(C#N)cc1OC)COn1nnc2c1cccc2,MOSES sample,7685
c1(-c2ccccc2)n(ncc1S(=O)(=O)N1CCCCCC1)C,MOSES sample,7686
C(NCC(C(OC)=O)(C)C)(=O)OCc1ccccc1,MOSES sample,7687
n1c2n(c(cc1C)=O)CC(C(=O)NCCCn1cccn1)CS2,MOSES sample,7688
C(Oc1c(OC)cccc1C(=O)N)C(NC(C)(C)C)=O,MOSES sample,7689
CCN(c1ccc(cc1)C(Nc1nc(C(=O)C)cs1)=O)C,MOSES sample,7690
C1N(C(C)=O)CCCN(C1)Cc1nc2c(cccc2)c(=O)[nH]1,MOSES sample,7691
Cc1noc(CCC(=O)N=c2[nH]c3ccccc3n2-c2ccccc2)n1,MOSES sample,7692
O=C(c1ccc(-n2cnnc2)cc1)N(Cc1ccccc1F)C1CC1,MOSES sample,7693
Cc1cc(C(=O)N2CCN(c3nc4c(OC)cccc4s3)CC2)oN,MOSES sample,7694
C(NC(=O)CCC(c1cc(Br)ccc1)O)CC,MOSES sample,7695
c1(F)cc(ccc1)C(=O)Nc1c2c(ccc(c2)F)[nH]n1,MOSES sample,7696
O=c1cc(n(cc1O)C)CN(Cc1ccccc1)C(C)C,MOSES sample,7697
c1cc(NC(C(CC(C)C)NC(=O)N)=O)ccc1OC,MOSES sample,7698
CCc1cc2c(=O)n(C(C)C(=O)OC)cnc2s1,MOSES sample,7699
Fc1ccc(CN2CCNc3cc(F)ccc32)cc1,MOSES sample,7700
c1(C)nc(cs1)CC(Oc1cc(C(=O)NC)ccc1)=O,MOSES sample,7701
C1CN(c2c(cccc2)Cl)CCN1C(=O)c1onc(C)c1,MOSES sample,7702
Cc1cnc(N2CC3CCCC3(COCC3CC3)C2)nc1,MOSES sample,7703
COc1ccc(-c2csc3nc(C)c(N)n23)cc1C,MOSES sample,7704
c1c(C(NC2CCC(CC2)n2nnc(C3CC3)c2)=O)c(C)n(C)c1C,MOSES sample,7705
C(c1cnc(nc1)-c1n(CCc2ccc[nH]2)ccn1)C,MOSES sample,7706
CCC(CC)C(=O)N1CCCC(c2nncn2Cc2ccccc2)C1,MOSES sample,7707
c1ccc(-n2cc(C)c(n2)NC(=O)CNC(=O)C2CCCC2)c(F)c1,MOSES sample,7708
COCCNC(=O)Cn1ncc2c1-c1ccccc1OC2,MOSES sample,7709
Cc1n[nH]c(C)c1C1CCCCCN1C(=O)Nc1ccc(C#N)cc1,MOSES sample,7710
O=C(CCOc1ccc(Br)cc1)NCc1ccncc1,MOSES sample,7711
Cc1ccc(N2CC(C(=O)Nc3nccs3)CC2=O)c(C)c1,MOSES sample,7712
c1(snc(C)n1)NC(NCc1ccc2c(OCO2)c1)=O,MOSES sample,7713
c1(C)n(CCC#N)nc(c1CCC(=O)OC1C(C)(C)C2C1CCO2)C,MOSES sample,7714
CC(C)COC(=O)N1CCN(C(=O)c2cc3ccccc3[nH]2)CC1,MOSES sample,7715
CCn1nc(C)c(CNC(=O)Nc2cc(C)c(Cl)cc2OC)c1C,MOSES sample,7716
Cc1noc(COCC(=O)Nc2cc(Cl)ccc2-n2cncn2)n1,MOSES sample,7717
C1CNCc2c1c(nn2CCC#N)-c1cc(F)ccc1,MOSES sample,7718
CCOc1ccc(C(=O)Nc2ccc3c(c2)oc(=O)n3C)cc1,MOSES sample,7719
c1(n(CC)c2ccc(C(N(C)C(C)C)=O)cc2n1)C,MOSES sample,7720
C(C(C(C)c1ccc(c(Cl)c1)Cl)N)(=O)OCC,MOSES sample,7721
COCCC1(CO)CCCN(C(=O)c2cc(F)cc(Cl)c2)C1,MOSES sample,7722
n1(c2c(cccc2)nc1CN1CCN(C(=O)c2occc2C)CC1)C,MOSES sample,7723
Cc1cc(C(=O)N2CCN(CC3(CO)CCCC3)CC2)c(C)cc1F,MOSES sample,7724
CN(C(CNC(c1ccc(cc1)C)=O)=O)CCOc1cc(C)ccc1,MOSES sample,7725
COc1ccc2c(c1OC)C(C(C)NC(C)=O)NCC2,MOSES sample,7726
c1(cc(CNC(=O)c2ccsc2)ccc1)NC(NC1CCCC1)=O,MOSES sample,7727
C1C(OCCC(NCC2(CC2)c2c(OC)cccc2)=O)CCC1,MOSES sample,7728
N1(CCN(CC1)CCC#C)C(c1cc(-c2cscc2)n[nH]1)=O,MOSES sample,7729
CC(c1csc(n1)C(C)NC(C1(Cc2ccccc2C1)O)=O)(C)C,MOSES sample,7730
c1ccc(o1)-c1onc(c1)COC(=O)c1sc2CCCc2c1,MOSES sample,7731
CCC(=O)Nc1cccc(C(=O)N(C)CC(C)C#N)c1,MOSES sample,7732
CC(C)Oc1ccc(cc1)CN1C(CC(C1)NC(NC1CC1)=O)=O,MOSES sample,7733
n1cc(sc1C1OCCC1)C(=O)N1c2cc(ccc2OCC1)F,MOSES sample,7734
COc1c(cccc1)S(=O)(=O)n1ncc(Cl)c1,MOSES sample,7735
Cc1ccc(cc1C(NC1C(CCCC1)O)=O)S(C)(=O)=O,MOSES sample,7736
s1c(N2C(CCC2)=O)nc(c1)CC(=O)NCCC(C)C,MOSES sample,7737
C=CCNS(=O)(=O)Cc1cccc(Br)c1,MOSES sample,7738
Cc1c2N=C3C(O)C(=O)C3(C3CC3)Nc2c(cc1)C,MOSES sample,7739
c1(cc(OC)ccc1C)S(Nc1cn(C)c(cc1)=O)(=O)=O,MOSES sample,7740
c1c(Cl)c(N(C(=O)C(C)CC)CC(F)(F)F)ncc1,MOSES sample,7741
C(c1ccco1)Nc1oc(nc1C#N)-c1ccccc1,MOSES sample,7742
c1(C#N)c(n(nn1)-c1ccc(cc1)C)C(CC)CC,MOSES sample,7743
C1(C)N(C(c2cc(ccc2)NC(C)=O)=O)C(CCC1)C,MOSES sample,7744
CC(=O)N1CCN(C(=O)c2cc(C)cc(Cl)c2O)CC1,MOSES sample,7745
S(c1n(c(=O)[nH]n1)CC1OCCC1)Cc1ccc(cc1)C,MOSES sample,7746
ClC1(Cl)CC1C(Nc1c(C#N)ccs1)=O,MOSES sample,7747
COCCOc1ccccc1NC(=O)c1ccc(OC)cc1,MOSES sample,7748
O=S(=O)(N(C)Cc1cn(nc1)C)c1ccc(cc1)C#N,MOSES sample,7749
N(Cc1scc(n1)C(N)=O)c1c(F)c(Cl)c(cc1)F,MOSES sample,7750
COC(=O)C1(NC(=O)c2ccc(-n3cnnn3)cc2)CCCCCC1,MOSES sample,7751
N#CC(NC(c1cccc(c1)F)=O)c1c(cccc1)F,MOSES sample,7752
Cc1ccccc1NC(=O)c1cc(ccc1)NC(=O)CC,MOSES sample,7753
c1cc(ccc1C(Nc1cc2c(oc(-c3cccnc3)n2)cc1)=O)C#N,MOSES sample,7754
C(OCc1onc(n1)-c1ccc(OC)nc1)c1ccccc1,MOSES sample,7755
COCc1ccc(CNC(=O)c2cccnc2N)cc1,MOSES sample,7756
CCn1ccc(NC(=O)C(C)Oc2ccc(Br)cc2)n1,MOSES sample,7757
C1(CC1)c1sc(CN2CC(CCC2)CN2CCOCC2)cn1,MOSES sample,7758
C(C(NC1CCCC1)=O)OC(=O)c1sc(NC(=O)C2CC2)cc1,MOSES sample,7759
N#CC(CN(C)C(=O)c1cc(C(C)C)[nH]n1)CCC#N,MOSES sample,7760
c1(ccc2OCC(Nc2c1)=O)NC(=O)c1n[nH]nc1,MOSES sample,7761
c1sc(C(=O)Nc2ccccc2-n2nc(cc2)C(=O)N)cc1,MOSES sample,7762
O=c1c2c(nc(n1Cc1c(C(OCC)=O)cccc1)N)cccc2,MOSES sample,7763
C(c1c(c(OC)ccc1)OC)NC(=O)NCc1cnn(C)c1,MOSES sample,7764
C1CCC(N(C(=O)c2ccc([nH]c2=O)-c2ccco2)C)CC1,MOSES sample,7765
CC(=O)NC(C(=O)NCCc1nc2cc(F)ccc2n1C)C(C)C,MOSES sample,7766
c1c(n(ccc1)CCC(=O)N(C1CCCC1)CCc1ccccc1)=O,MOSES sample,7767
CSc1ncc(C(Nc2cc(COCC)ccc2)=O)n1-c1ccc1,MOSES sample,7768
C(c1cccnc1)NC(=O)c1c(C(c2ccc(C)cc2)=O)cccc1,MOSES sample,7769
c1c(ccc(c1)F)C(c1nccn1C)NC(=O)c1ccncc1,MOSES sample,7770
c1(nc(C)nc(c1)Sc1n2c(nc(C)c1)ncn2)C,MOSES sample,7771
O=S(c1cc(ccc1)NC(=O)COc1ccccc1)(N(C)C)=O,MOSES sample,7772
c1(Br)cnc2c(OCC(N(C2)CC(C)=C)=O)c1,MOSES sample,7773
c1nn(cc1NC(=O)c1c(ncc(Br)c1)N)CC,MOSES sample,7774
c1(N(CC)C(Cc2c(cccc2)OC)=O)ccccc1,MOSES sample,7775
c1ccc(cc1Br)CCC(=O)N1C(C(OC)=O)CCC1,MOSES sample,7776
c1oc(C)c(C(NCC(N2CCOCC2)c2cccs2)=O)c1,MOSES sample,7777
c1c(cccc1NC(c1c(C)noc1C(C)C)=O)C(=O)C,MOSES sample,7778
C=CCn1nnnc1SCc1cc(=O)oc2cc(C)ccc12,MOSES sample,7779
Cc1sc(CC(C)C)nc1-c1ccc2c(c1)NCCO2,MOSES sample,7780
O(c1c(cc(C(C(F)(F)F)(O)C(F)(F)F)cc1)Cl)C,MOSES sample,7781
c1c(C(CCOC(=O)c2ccn(-c3ccc(F)cc3)n2)=O)cccc1,MOSES sample,7782
[nH]1c(ccc1)C1CCCN1C(=O)c1cc(c(cc1)F)N,MOSES sample,7783
n1c(cccc1)C(C)OC(=O)C(OCC)CCC,MOSES sample,7784
CCC(=O)Nc1ccc(Cl)c(NC(=O)c2cccs2)c1,MOSES sample,7785
N(CC)(Cc1ccccc1C)C(CN1C(CC(C)C)COCC1)=O,MOSES sample,7786
CC(C)Cn1c(nnc1-c1ccccc1)SCC(N)=O,MOSES sample,7787
Cc1cnc(C(=O)NCC2(c3ccccc3)CC2)cn1,MOSES sample,7788
C(C)Oc1c(cc(NC(N2CC(OC(C2)C)C)=O)cc1)F,MOSES sample,7789
O=S(N1CCCCC1)(=O)NCC1CN(CCO1)CC(C)C,MOSES sample,7790
C1CCOC1CN(C(C(C)c1cscc1)=O)Cc1occc1,MOSES sample,7791
c1cc(c(cc1)OC(CC)=O)C(=O)NCc1ncccc1,MOSES sample,7792
C1CC(C(=O)N2Cc3c(nc(-c4ccccn4)nc3)C2)(CC1)C#N,MOSES sample,7793
Fc1ccc(C2(C(NCCNc3cnccn3)=O)CCOCC2)cc1,MOSES sample,7794
O(C)c1c(cc(F)cc1)NCc1c(-c2ccccc2)nn(c1)C,MOSES sample,7795
c1csc(c1)-c1nc(COC)cc(n1)NCCN1CCOCC1,MOSES sample,7796
c1ccccc1-c1c(c(c(C#N)c(n1)N)C1COCC1)CC,MOSES sample,7797
c1cc(cc(C(N2CC(=O)NCC2)=O)c1OC)SC,MOSES sample,7798
c1(sccn1C)=NC(CNC(=O)CNC(C)=O)=O,MOSES sample,7799
c1(-c2csc(NC3CC3)n2)ccc(OCC)c(c1)C,MOSES sample,7800
c1cccc(OC)c1NC(=O)COC(=O)Cc1n[nH]c2c1cccc2,MOSES sample,7801
COc1ccc(OCC(=O)Nc2nc3cc(C)ccc3[nH]2)cc1,MOSES sample,7802
O=C1CCC(C(=O)Nc2cc(C(=O)OCC)n(c2)C)N1,MOSES sample,7803
C(CCc1ccc(cc1)S(=O)(NCCO)=O)C,MOSES sample,7804
COCCCNC(=O)CCc1c(C)nc2nc(N)nn2c1C,MOSES sample,7805
Cn1cc(Br)cc1C(=O)N1CCc2sccc2C1,MOSES sample,7806
C1OCCC(C1)(CC(C)C)CNC(NC1COc2ccccc2C1)=O,MOSES sample,7807
c1(F)ccc(cc1)-c1cc(no1)CNC(=O)Cc1ccc(OC)cc1,MOSES sample,7808
CSc1n(c(nn1)-c1ccccc1F)CCC(=O)OC,MOSES sample,7809
C1c2c(ccc(c2)OC(C)=O)CCN1C(c1cn(C)c(=O)cc1)=O,MOSES sample,7810
c1cc(C#N)ccc1NC(N(CC=C)Cc1cccs1)=O,MOSES sample,7811
COc1cccc(OC2CN(Cc3cccc(F)c3)C2)c1,MOSES sample,7812
Cc1cccc(S(=O)(=O)Oc2ccc(F)c(F)c2)c1,MOSES sample,7813
C1OCCN(CCc2nc(-c3c[nH]c(cc3)=O)no2)C1,MOSES sample,7814
C(C)(COC)OC(Cn1c(c(nn1)C(=O)C)C)=O,MOSES sample,7815
C12(NC(=O)Nc3cccc(Cl)c3F)CC3CC(C2)CC(C3)C1,MOSES sample,7816
CC1(NC(=O)NC2CCC(Oc3ccc(C#N)cn3)CC2)CCC1,MOSES sample,7817
n1c2c(c(C(=O)NC(C)c3ccncc3)cc1C)ccc(c2C)C,MOSES sample,7818
c1c(onc1C)C(N1C2CCN(C2CC1)c1cccnc1)=O,MOSES sample,7819
CCc1c(C)sc(NC(=O)c2cncc(Br)c2)c1C#N,MOSES sample,7820
COc1c(cc(cc1)OC)NC(c1c(nn(C)c1)OC)=O,MOSES sample,7821
COCCN1C2CCCOC2C(CNC(=O)c2cccnc2)C1,MOSES sample,7822
c1cc(ccc1C(N)=O)COC(c1cnc(C2OCCC2)s1)=O,MOSES sample,7823
Cc1nc2ccccc2n(CC(=O)NCCC(C)C)c1=O,MOSES sample,7824
c1cnc(s1)N1CCN(C(c2cccc3OCOc32)=O)CC1,MOSES sample,7825
c1(ccc2c(c1)OCCCO2)NC(c1ccccc1)=O,MOSES sample,7826
c1(SC(c2oc(nn2)-c2sccc2)C)nnc2CCCCCn12,MOSES sample,7827
c1cc(S(=O)(C)=O)cc(C(N(CCCC)CC(N)=O)=O)c1C,MOSES sample,7828
c1ccccc1N(C(Cn1c(c2ccccc2nn1)=O)=O)C,MOSES sample,7829
C1N(CCN(CCn2cccn2)C1)C(c1cc(c(O)cc1)Cl)=O,MOSES sample,7830
c1cc(ccc1)-c1cnc(CNC(=O)Nc2scc(C)n2)s1,MOSES sample,7831
c1(ccco1)C(=O)N(C1CC1)CC(OCC)=O,MOSES sample,7832
c1c(c(cc(c1)NCc1onc(n1)-c1sccc1)C(N)=O)F,MOSES sample,7833
CC(c1ccccc1Cl)N(C)C(=O)c1ccnc(-n2cncn2)c1,MOSES sample,7834
c1cc(c(c(N2CCCCCC2)n1)C#N)N1CCCCC1,MOSES sample,7835
C1C(c2c(C)noc2CC1c1ccc(C)cc1)=O,MOSES sample,7836
C1CCN(CC1CSc1sc(C)nn1)C(=O)OC(C)(C)C,MOSES sample,7837
N1(c2ccc(cc2)F)CCN(CC1)C(=O)Cn1cnc2c1cccc2,MOSES sample,7838
C(c1c(F)cc(F)cc1)N1CCN(CC1)c1ccc(cc1)C(=O)C,MOSES sample,7839
S(=O)(=O)(NCc1cccc(c1)OC)N1CCCCCC1,MOSES sample,7840
c1cc(S(N(c2ccccc2)C)(=O)=O)cc(c1OCC)NC(C)=O,MOSES sample,7841
c1cc(ccc1C)C(NCC(=O)NC1(CC1)c1ccc(cc1)OC)=O,MOSES sample,7842
C(c1cc(ncn1)-c1cccc(C)c1)NC(c1c[nH]c([nH]c1=O)=O)=O,MOSES sample,7843
CCc1ccsc1C(=O)NCCNc1cnccn1,MOSES sample,7844
c1c(cc2c(OCO2)c1)Nc1ncc(C(F)(F)F)cc1,MOSES sample,7845
O=S(N1CC2C(C1)C(CN(C2=O)Cc1sccc1C)(F)F)C,MOSES sample,7846
C(C)(C)(CC)NS(=O)(c1ccc(cc1)CCCO)=O,MOSES sample,7847
C1(C(=O)N2CCN(CC2)C(C)C)C2CC3CC(CC1C3)C2,MOSES sample,7848
c12c(CCC2)cc(NC(NCC2CN(CC2)c2ccccc2)=O)cc1,MOSES sample,7849
C(CNC(c1oc2c(c1)cc(OC)cc2)=O)COC(C)C,MOSES sample,7850
c1cnc(C)n1-c1c(cc(cc1)NC(=O)C(C)OC)Cl,MOSES sample,7851
N#Cc1cc(c(cc1)Cl)NCc1ccc(F)cc1N,MOSES sample,7852
n12c(cc(=O)[nH]1)nc(C(C)C)cc2C(NCc1cc(ccc1)F)=O,MOSES sample,7853
N1(C(=O)Nc2nncc(-c3ccccc3)n2)CCOCC1C,MOSES sample,7854
O=C(c1ccccn1)N1CCC(c2ccncc2)C1,MOSES sample,7855
Cc1noc(C)c1CCC(=O)NC(C)c1ccc(C#N)cc1,MOSES sample,7856
Fc1ccc(C(NCC(O)(COC)C)=O)c(N)c1,MOSES sample,7857
COC(=O)c1c(c(Br)cc(Br)c1)F,MOSES sample,7858
C(N1c2c(cc(S(NCCCO)(=O)=O)cc2)CC1)(=O)CC,MOSES sample,7859
C(c1c(ccc(NCc2cn3ccccn3n2)c1)C)(=O)NC(C)C,MOSES sample,7860
COC(=O)CCNc1sc(-c2cc(C)oc2C)nn1,MOSES sample,7861
c1(F)c(OC)ccc(c1)C(O)CNC(C1CCCC1)=O,MOSES sample,7862
c1snc(c1)C(Nc1ccc(Sc2ccccc2)cn1)=O,MOSES sample,7863
c1c2c(NC(=O)C(C(N3C(c4n(C)ccc4)CCC3)=O)(C)O2)ccc1,MOSES sample,7864
S(c1nc(cc(C)n1)C)Cc1c(C(=O)N(C)C)oc2c1cccc2,MOSES sample,7865
CCN(Cc1cccs1)C(=O)c1cccnc1SC(C)C,MOSES sample,7866
c1cc(nc(c1)C(=O)Nc1ccc(SC(F)F)cc1)C,MOSES sample,7867
O=C(C1CC1c1ccco1)N1CCN(CCc2ccccc2)CC1,MOSES sample,7868
C1NC(c2ccccc2OC)c2cc(c(cc2C1)O)OC,MOSES sample,7869
CC1CCC(NC(=O)c2cc3c(cc23)NC(=O)CC3)CC1,MOSES sample,7870
Cc1nc(C)c(s1)C(C)OC(c1n(cc(c1)C(=O)N)C)=O,MOSES sample,7871
c1c(CNC(c2cc3c(cc2)ncs3)=O)ccnc1,MOSES sample,7872
C1CC(N(C(=O)CNc2c(Cl)ccc(F)c2)CC1)C,MOSES sample,7873
c1cc2c(C(N(C)C2O)=O)oc1-c1ccncc1Cl,MOSES sample,7874
c12c(n(c3nnc(SCC(=O)NC(C)C)n13)CC)cccc2,MOSES sample,7875
C1CN(Cc2ncc(C)o2)Cc2n1c(C)nn2,MOSES sample,7876
C1CN(CC(C1(C)C)O)C(=O)c1n[nH]c(C(C)C)c1,MOSES sample,7877
c1(NC(=O)NC2(CCCC2)COC)c(cccc1)Oc1cccnc1,MOSES sample,7878
O=C(C(C)Sc1sc(nn1)C)Nc1nnc(s1)SCC,MOSES sample,7879
NC(=O)c1ccc(OCC(=O)Nc2n(nc(c2)C(C)(C)C)C)cc1,MOSES sample,7880
C1C(c2ccc(cc2)F)(CCC1)CNC(=O)NCc1ccncc1,MOSES sample,7881
COc1cc(NC2CCN(C(=O)OC(C)(C)C)CC2)ncn1,MOSES sample,7882
CC(C(NC12CC3CC(C2)CC(C1)C3)=O)OC(=O)c1cnccn1,MOSES sample,7883
O=C(Nc1ccc(Oc2cnccn2)cc1)c1ccncc1,MOSES sample,7884
Cc1nc(C)c(C(=O)NCc2cc(F)cc(Br)c2)s1,MOSES sample,7885
c1(n(nc(c1)NCc1cccc(OC)c1)-c1c(Cl)cccn1)C,MOSES sample,7886
O1CCOc2c1ccc(c2)CNc1cccc(OC)c1,MOSES sample,7887
CC(C)NC(C1C2OC(CN(C2)c2ncc(cn2)C)C1)=O,MOSES sample,7888
C1CCCN(c2nc(C(=O)N3CCOCC3)cc3n2c(nn3)CC)C1,MOSES sample,7889
O=C(CCc1sc2CCCCc2n1)NCC(N1CCOCC1)C,MOSES sample,7890
n1c(=O)[nH]c(C)nc1-c1cc(c(OC)cc1)Br,MOSES sample,7891
COc1ccc(NC(=O)N2CCC(C(=O)N3CCCC3)CC2)cn1,MOSES sample,7892
NC(CSc1nnc(-c2cccs2)n1-c1ccccc1)=O,MOSES sample,7893
O=C1Nc2c(C1Nc1c(OC)cc(OC)cc1)cccc2,MOSES sample,7894
C(CNC(=O)COc1ccc2c(OCO2)c1)c1nnc2n1cccc2,MOSES sample,7895
O=C(c1c(cccc1)F)N(Cc1cnccc1)CCC#N,MOSES sample,7896
c1(ccc(C(=O)NCC(N2CCCC2)=O)cn1)C(N)=O,MOSES sample,7897
c1c(C(NCc2cccc(O)c2)=O)cc(cc1)N(C)C,MOSES sample,7898
C(Nc1cccc(c1)F)(=O)c1c2c(ccn1)c(ccc2Cl)N,MOSES sample,7899
O=c1n(c2ccccc2[nH]c1=O)CC(=O)OC1C(CCCC1)OC,MOSES sample,7900
Fc1ccc(cc1)C(CN(Cc1nc2ccccc2s1)C)O,MOSES sample,7901
n1coc(C)c1C(=O)NC1C(CN(C(c2ccon2)=O)C1)C1CC1,MOSES sample,7902
COc1cccc2[nH]cc(CC(=O)Nc3cc(F)ccc3OC)c12,MOSES sample,7903
O=c1cc(-c2ccc(C)cc2)n(cc1OC)CC(NC)=O,MOSES sample,7904
Cc1oc(C)cc1CNC(Cc1ccc(F)cc1)=O,MOSES sample,7905
CC(NC(=O)c1cccc(N2CCOC2=O)c1)c1ccc(F)c(F)c1,MOSES sample,7906
n1(C)ccc2c1cccc2C(Nc1ccc(cc1)-c1nc(C)oc1)=O,MOSES sample,7907
C(c1cc(c(OC)cc1C)OC)C1Oc2c(ccc(c2)N)NC1=O,MOSES sample,7908
COC(=O)c1nnn(c1N)-c1cc(cc(C)c1)C,MOSES sample,7909
C(c1sc(nc1)-c1ccco1)N1CC(CCC1)c1nc(C)on1,MOSES sample,7910
O=C(COc1ccccc1Br)Nc1ccnn1C1CC1,MOSES sample,7911
CC(OCc1ccccc1)C(=O)Nc1ccc(F)c(C(N)=O)c1,MOSES sample,7912
N(C)(C)c1nc(nc(n1)COc1cccc(c1)-c1nc(C)cs1)N,MOSES sample,7913
c1(-c2n(CCO)nc(C#N)c2)cc(c(c(F)c1)F)F,MOSES sample,7914
N#Cc1ccc(C(=O)N(Cc2ccccc2)Cc2ccccc2)cc1,MOSES sample,7915
COc1cccc(F)c1-c1ccc(CC(N)=O)cc1,MOSES sample,7916
FC(F)(F)c1c(CCOC(=O)C2CC=CC2)n[nH]c1,MOSES sample,7917
n1oc(C)cc1NC(=O)C1COCC2C1CN(S(=O)(=O)N(C)C)C2,MOSES sample,7918
COC(C)(C)c1noc(-c2ccc3c(c2)CCN3C(=O)C2CC2)n1,MOSES sample,7919
Cc1cc(CC2COCC2Nc2ncnc3[nH]ccc23)on1,MOSES sample,7920
c1cc(ccc1)C#CC(Nc1c2c(n(C)c(n(C)c2=O)=O)ncc1C)C,MOSES sample,7921
c1(ccc(c(OC)c1)OC)C(=O)NCCc1ccc(C)c(c1)OC,MOSES sample,7922
N(C(=O)Nc1c(=O)[nH]cc(c1)C(F)(F)F)Cc1ncoc1C,MOSES sample,7923
CN(C(=O)CCc1c(-c2ccccc2)[nH]c2ccc(F)cc12)C1CC1,MOSES sample,7924
CNc1nccc(c1)C(=O)N(Cc1nc(on1)C1CC1)CC,MOSES sample,7925
c1c(OC)cc2c(OC(C)(C)C(=O)N2CC(=O)N(CC)CC)c1,MOSES sample,7926
n1[nH]c(c(c1)Br)C(=O)Nc1c(C(C)C)cccc1C,MOSES sample,7927
Cc1cc(Sc2ncccn2)ccc1NC(=O)NCc1ccncc1,MOSES sample,7928
C1CCC(C(=O)Nc2cccc(CN(C)C(C)=O)c2)C1,MOSES sample,7929
O=C(c1n[nH]c(-c2ccccc2Br)c1)Nc1nc[nH]n1,MOSES sample,7930
O=c1n(-c2c(C)cccc2C)ccc2c1cnc1n2nc(n1)COC,MOSES sample,7931
CCOC(=O)Cn1c(C)c(C#N)c2nc3ccccc3nc21,MOSES sample,7932
c1cc(Nc2cc(nc(C)n2)C)cc(c1OC)OC,MOSES sample,7933
c1ccc(c(c1C(N)=O)OCc1cc(Cl)cc2c1OCOC2)OC,MOSES sample,7934
c1cccc(c1)OCCC(Nc1ccc(-n2cnnn2)c(c1)C)=O,MOSES sample,7935
c1(C2CC2)onc(-c2ccc(OCc3noc(n3)C3CC3)cc2)n1,MOSES sample,7936
C1CCC(C(=O)Oc2cc(-n3cccn3)ccc2)CN1C(=O)CCC,MOSES sample,7937
c1(cc(ccc1)OC(C)C)CNC(c1ccncc1)=O,MOSES sample,7938
c1cc(C(=O)Nc2cn(nc2)C(C)(C)C)cc(OC(F)F)c1,MOSES sample,7939
c1c(scn1)CCN(Cc1cc(ccc1O2CCOCC2)F)C,MOSES sample,7940
C1OCCN(C1)CCc1onc(n1)CCC(C)C,MOSES sample,7941
c1sc(N2C(C)CCCC2)nc1CN(Cc1ncccc1)C(=O)C,MOSES sample,7942
c12cc(CC(Nc3c(F)cccc3)=O)c(cc1OCCO2)Cl,MOSES sample,7943
CC1(C)Oc2ccccc2OC1C(=O)NCc1cnc(CC(C)C)nc1,MOSES sample,7944
c1c(C(=O)N=c2n3c(n[nH]2)cc(C)cc3)ccc(c1)-n1nccc1,MOSES sample,7945
n1cnc(c2cnn(-c3ccc(C)cc3)c12)SCC(N)=O,MOSES sample,7946
c12OCOc1cc(cc2)C(OCC(N1CCC(CC1)C)=O)=O,MOSES sample,7947
C1(CN(CCCC)C(c2nc(N(C)C)ncc2Cl)=O)CCCO1,MOSES sample,7948
CCC(C(=O)N1CCCC(c2ccnc3ncnn23)C1)N1CCCC1,MOSES sample,7949
N(C(c1c(cccc1)NCC(N1c2c(CCC1)cccc2)=O)=O)CC=C,MOSES sample,7950
N#CC1(CCC1)N(C(CCN1C(CSc2c1cccc2)=O)=O)C,MOSES sample,7951
n1c(Nc2cc(ccc2C)NC(=O)C)c2c(nc1C)oc(n2)C,MOSES sample,7952
S(c1nnc(-c2c(C)nc(-n3cccc3)s2)o1)CC(N)=O,MOSES sample,7953
c1coc(C(N2CCN(c3c(OC)cccc3)CC2)=O)c1,MOSES sample,7954
FC(F)(F)c1nn(c(c1)C)CCCNC(=O)Nc1nccs1,MOSES sample,7955
N(CCC1CCCCC1)C(=O)c1c(OC)ccc(N)c1,MOSES sample,7956
O=C(Nc1n2cnnc2nc(CC)c1)c1cccc(c1)C,MOSES sample,7957
c1cccc(COc2c(=O)ccoc2C)c1C(F)(F)F,MOSES sample,7958
CCSc1ncc(CO)n1Cc1cccc(F)c1,MOSES sample,7959
C(NCC)(=O)CNC(NC(C)CCC1CCCCC1)=O,MOSES sample,7960
CN(Cc1nc(-c2cccnc2)no1)C(=O)c1ccc(F)c(F)c1,MOSES sample,7961
C1CCC1(c1cccc(Cl)c1)NC(CCNS(=O)(C)=O)=O,MOSES sample,7962
C1C(C)N(CCO1)CC(=O)NCc1cccc(c1)OCC(F)(F)F,MOSES sample,7963
FC(F)(c1c(c(nn1CCNC(=O)C1CC1)C(N)=O)Cl)F,MOSES sample,7964
O=C(OCCNc1cccnn1)c1cccc(-n2cncn2)c1,MOSES sample,7965
s1cc(C(NC(c2ccccc2F)C)=O)nc1NC(=O)C,MOSES sample,7966
O=C(c1ccc(c(c1)F)OC)C(N)CC(=O)OC,MOSES sample,7967
c1c(cc(cc1NC(=O)NCCCOCC1CC1)F)F,MOSES sample,7968
c1(CN(C)Cc2n[nH]c3c2CCC3)nc(no1)-c1ccc(C)cc1,MOSES sample,7969
CC(=O)c1ccc(N2CCN(C(=O)c3ncoc3C)CC2)c(F)c1,MOSES sample,7970
O=C(CC1COC2CN(Cc3csc(C)n3)CC12)NCCOC,MOSES sample,7971
c12OCc3c(cccc3)-c2cc(cc1)C(N(C)C(c1ncn[nH]1)C)=O,MOSES sample,7972
n1(C)c(=O)cc(n(c1=O)C)C(N1CCN(CC(C2CC2)O)CC1)=O,MOSES sample,7973
n1cn(nn1)-c1ccc(OC(c2oc(nn2)-c2ccccc2)C)cc1,MOSES sample,7974
CCCCCNC(C1N(Cc2ccccc2C1)C(CC)=O)=O,MOSES sample,7975
O=C(CCSc1ncc(Cl)cc1)NCc1nnc2CCCCn21,MOSES sample,7976
C(CC)c1cc(no1)C(=O)N1CC(CC(C)C1)C,MOSES sample,7977
N(CCCOC)C(=O)Nc1c(C)c(NC(CC)=O)ccc1,MOSES sample,7978
CSc1cccc(NC(=O)Cn2ccc(=O)c3cccc(F)c32)c1,MOSES sample,7979
COc1cccc(NC(=O)Cn2cnc3sc(C)cc3c2=O)c1,MOSES sample,7980
CCC(C)Oc1cccc(-c2cc(C#N)c(NCCO)nc2)c1,MOSES sample,7981
c1ccnc(C(N2CCN(CC2)c2cc(N(C)C)nc(n2)C)=O)c1,MOSES sample,7982
c1cc(ccc1)Oc1sc(NCCOC)nn1,MOSES sample,7983
c1cc(ncc1NC(=O)NCC1C(C(C)C)OCCC1)-n1ncnc1,MOSES sample,7984
C(C)C(c1ccccc1)C(C)NC(=O)NC(C)C(=O)NC(C)(C)C,MOSES sample,7985
O=C(N(C)CCC#N)Nc1ccc(cc1-c1c2OCCc2ccc1)F,MOSES sample,7986
c1cc(ccc1-c1ccc(C#N)cc1)C(=O)NC(CC)C,MOSES sample,7987
c1c(C)c2c(cc1)c(C)c(o2)C(=O)CSc1nnnn1C1CC1,MOSES sample,7988
c1cc(ccc1C(=O)NCc1ccccn1)-c1cscn1,MOSES sample,7989
C(CN(CCC#N)C(=O)c1ccc(Cl)c(c1)N)OC,MOSES sample,7990
n1c(C)cccc1NC(NCc1noc(C(C)(C)C)n1)=O,MOSES sample,7991
c1c(ccc(c1)CSc1n(c(=O)c2c(n1)scc2)N)Cl,MOSES sample,7992
C(NC(=O)CCn1nc(C)cc1)c1ccc(cc1)-c1ccn[nH]1,MOSES sample,7993
O=C(NC1CCc2cc(Cl)ccc21)c1cnn2c1OCCC2,MOSES sample,7994
c1nnc(NC(=O)Cn2c3ccccc3oc2=O)s1,MOSES sample,7995
C(C(=O)NCCc1nc(C(C)C)no1)n1c(c2c(nc1)cccc2)=O,MOSES sample,7996
N(c1ccc(cc1)F)C(=O)CN1CCN(CC1)C(c1ncccc1)=O,MOSES sample,7997
c1ccc(C2C(C2)CNC(N2CCOC(C2)C(N)=O)=O)c(c1)Cl,MOSES sample,7998
C1CCOC1CCC(Nc1sc(-c2[nH]ccc2)c(C)n1)=O,MOSES sample,7999
O=C(Nc1c(cccc1C)C)c1ccc(cn1)C(=O)OC,MOSES sample,8000
O=C(CSc1ccc2OCCCOc2c1)NCc1cc(ccc1)F,MOSES sample,8001
c1(C)c(ccc(F)c1)S(=O)(=O)N(Cc1ccc(cc1)C(=O)N)C,MOSES sample,8002
O=C(NCCOC)C(c1cc(c(OC)c(c1)OC)Cl)N,MOSES sample,8003
c1(S(=O)(CC)=O)ccccc1C(NCCC(=O)NC1CCC1)=O,MOSES sample,8004
Cc1ccc(NCc2nc3n(n2)CCCCC3)cc1,MOSES sample,8005
O=C1CC(c2nc(C3CC3)no2)CN1Cc1ccccn1,MOSES sample,8006
c1(ncccc1C(Nc1c(N2CC(OC(C2)C)C)cccc1)=O)OC,MOSES sample,8007
c1c2nc(n(c2ncc1)CCS(=O)(=O)N(CC)CC)C,MOSES sample,8008
CCC(O)CN1CCN(C(=O)C(C)(C)CC2CCOCC2)CC1,MOSES sample,8009
c1ccnc(c1)C(NC(Cc1cc2c(cc1)cccc2)=O)C,MOSES sample,8010
N(c1c(cc(F)cc1)C#N)C(=O)NCC(C)CC(OCC)=O,MOSES sample,8011
c1c(F)ccc(c1)CCC(Nc1c(cccc1)C(N)=O)=O,MOSES sample,8012
c1c(cccc1)OCCCC(N1CCC(CC1)O)=O,MOSES sample,8013
c1cnc(cc1)C(=O)N1CC(C1)C(Nc1cc(ccc1F)F)=O,MOSES sample,8014
O=c1n(cc([nH]1)S(NCCCn1ccnc1)(=O)=O)C,MOSES sample,8015
c12c(N3C(CCC3)C(=O)OCC)ncnc1cccc2,MOSES sample,8016
O=C(NC(C(NC1CCCNC1=O)=O)CC(C)C)C1CCC1,MOSES sample,8017
c1(C#N)c(n(c(n(C2CCCCC2)c1N)=O)C)=O,MOSES sample,8018
c1cccc(OCc2ccc(C(=O)NCC3C(=O)N=C(C=C3)C)o2)c1,MOSES sample,8019
C1NC(N(c2ccc(cc2)NC(c2ccc(cc2)OC)=O)C1)=O,MOSES sample,8020
C=CCn1nc(CO)cc1-c1ccc(Br)cc1,MOSES sample,8021
COc1cccc(C(=O)N2CCC(c3ccsc3)CC2)c1OC,MOSES sample,8022
CC(=O)Nc1cc(C(=O)N2CCCC2c2ccc[nH]2)ccc1F,MOSES sample,8023
N(C(Cc1ccc(C)cc1)=O)C1CCSc2ccccc12,MOSES sample,8024
c12c(nccc2)c(NC(=O)c2c(Br)c(C)n[nH]2)ccc1,MOSES sample,8025
C(=O)(NC1CCCCNC1=O)c1sc(cc1)NC(=O)C1CC1,MOSES sample,8026
C(c1cccs1)N(CCOC)C(=O)Nc1cccnc1,MOSES sample,8027
C(NC(=O)C1(O)CCC1)c1cn(nc1-c1ccncc1)-c1ccccc1,MOSES sample,8028
Cc1cnn(CC(=O)Nc2cc(-c3ccc(F)cc3)n[nH]2)c1,MOSES sample,8029
S(c1nc(C)c(c(C)n1)C)CC(=O)Nc1ccncc1,MOSES sample,8030
N#CCCCN1CC2(CCN(C(=O)c3ccco3)CC2)CC1=O,MOSES sample,8031
c1cccc(c1COC(=O)C(N)c1ccccc1)OC,MOSES sample,8032
C1CCOC1CN(C)C(c1cc(c(cc1)F)N)=O,MOSES sample,8033
CCCCS(=O)(=O)N(C)Cc1ccc(C)s1,MOSES sample,8034
c1(cc(ccc1C(c1c(c(C)c(cc1)O)Cl)=O)N)C,MOSES sample,8035
Oc1ccccc1NC(CS(=O)(c1ccccc1)=O)=O,MOSES sample,8036
N(C(=O)c1ccc(cc1)CNc1cc(OCCC)ncn1)C,MOSES sample,8037
O=C(Nc1cccc(NC(COc2cc(C)c(C)cc2)=O)c1)CO,MOSES sample,8038
c12cc(NC(c3ccn(n3)CC)=O)c(cc1nc1[nH]c(C)nn12)C,MOSES sample,8039
C(NC(Nc1cc(F)c(c(F)c1)OC)=O)c1[nH]ccn1,MOSES sample,8040
C(n1ncc(c1)C)C1CCN(C(CSc2ccccc2)=O)CC1,MOSES sample,8041
CCc1nc2n(n1)CCCC2NC(=O)C(C)NC(N)=O,MOSES sample,8042
c1c(-n2nc(c(c2C)CNC(=O)CCOCC)C)ccc(Cl)c1,MOSES sample,8043
O=C(Nc1cccc(Cl)c1)c1cc2cccnc2[nH]c1=O,MOSES sample,8044
n1c(ccn1-c1ccccc1)C(N1CCCC(C1)C(=O)NC(C)C)=O,MOSES sample,8045
CC(=O)c1c(c([nH]c1C)C(=O)OC1CCCCC1=O)C,MOSES sample,8046
c1(c(Cl)c(n(nc1)CCc1c(Cl)cccc1)=O)C#N,MOSES sample,8047
C(C(C)(C)C(NCCNC(c1cccs1)=O)=O)C,MOSES sample,8048
c1cc(F)ccc1-c1n2c(nn1)CCN(c1ncc(Cl)cn1)CC2,MOSES sample,8049
c1(n(c(c2c(n1)cccc2)=O)Cc1cccc(C#N)c1)C,MOSES sample,8050
COc1cccc(N2Cc3ccccc3OC(C)C2=O)c1,MOSES sample,8051
N1C(=O)N(CC1)c1c(cc(cc1)C(NC1CCCCCC1)=O)C,MOSES sample,8052
o1c(nc(n1)C(C)C)CCNC(C(c1ccccc1)c1ccccc1)=O,MOSES sample,8053
FC(F)(F)c1nn(cc1)CC(Nc1ccccc1C(F)(F)F)=O,MOSES sample,8054
N#Cc1nn(CC(O)COc2ccccc2)c(=O)nc1N1CCCC1,MOSES sample,8055
CNC(=O)Nc1cc(S(=O)(=O)N(C)C)cc(C)c1C,MOSES sample,8056
n12c(N(Cc3cc4c(c(Cl)c3)OCCO4)CC2)nc2c1cccc2,MOSES sample,8057
CC(C)n1c(N2CCOCC2)nc2sc3c(c2c1=O)CCCC3,MOSES sample,8058
c12[nH]ccc1cc(cc2)C(=O)Oc1ccc(NC(=O)OC)cc1,MOSES sample,8059
C(NCC1CC1)(=O)Nc1cc(ccc1)C(=O)N1CCC(CC1)C,MOSES sample,8060
O=C(Nc1ccc(F)c(N)c1)C(C)Sc1cccs1,MOSES sample,8061
c1cc(F)cc(C(=O)Nc2c(C(NC(C)C)=O)cccc2)c1,MOSES sample,8062
COC(=O)c1ccc(NC(C)c2sc(C)nc2C)c(OC)c1,MOSES sample,8063
COc1cc(C(=O)N(C)C(C)c2ccccc2)cc(OC)c1OC,MOSES sample,8064
Cc1nc(CNc2ccc(OC(F)(F)F)cc2)cs1,MOSES sample,8065
c1(Cl)c(c(n(CC(=O)NCC2OCCC2)c(C)c1)=O)C#N,MOSES sample,8066
c1ncnn1-c1ncc(NC(C(Sc2ncccc2)C)=O)cc1,MOSES sample,8067
CC(Cc1ccccc1F)C(=O)NCc1cnn(C)c1,MOSES sample,8068
CCOc1c(cccc1)-c1nc2n(c(ccc2)C)c1CO,MOSES sample,8069
CC(C)n1ccnc(NCCc2ncc(C)s2)c1=O,MOSES sample,8070
COC(=O)CC1CCN(C(=O)Cn2cc(C)cn2)CC1,MOSES sample,8071
c1cccc(CNc2ccc(N3CCOCC3)c(c2)F)n1,MOSES sample,8072
n1(CC(N(C2CCCCC2)C)=O)c(oc2ccc(C)cc21)=O,MOSES sample,8073
C(Nc1cccc(C(=O)NCC)c1)c1nc(C(C)C)on1,MOSES sample,8074
COC(=O)c1c(CSc2ccccn2)cco1,MOSES sample,8075
c1(C)ccc(cc1)CC(NCCC(c1occc1)O)=O,MOSES sample,8076
C(Nc1sccn1)(c1c(OCC)nccc1)=O,MOSES sample,8077
c1ccc(c(c1)F)C(CC(=O)NC(C)Cc1cccs1)NC(N)=O,MOSES sample,8078
c1c(F)cccc1C(=O)NCc1cc2OCOc2cc1,MOSES sample,8079
c1c(CCC(O)(C)C)ccc(c1)C(=O)NC1(CCCC1)C#N,MOSES sample,8080
c12c(nc(n(c2CCC1)CCOC)=O)SCCOC(C)C,MOSES sample,8081
FC(F)(C(C(=O)OCC)NCc1ccncc1)F,MOSES sample,8082
Fc1cc(C)c(NC(CCn2nccc2)=O)cc1,MOSES sample,8083
N1(CCC2C(C1)CC(c1n[nH]c(=O)n1C1CC1)O2)C(NC1CC1)=O,MOSES sample,8084
O=C1CCCN1c1ccc(Cl)c(NCc2nnc(C3CC3)o2)c1,MOSES sample,8085
Fc1cc2c(C(CCOc3ccccc3)NCC2)c(F)c1,MOSES sample,8086
c1c(ccc(F)c1)CCOc1ccccc1NC(=O)C,MOSES sample,8087
Clc1ccccc1NC(=O)CC1N2c3ccccc3NC2=NC1=O,MOSES sample,8088
c1c(C(=O)NCCCOC)nc(N2CCCC2)nc1C(C)C,MOSES sample,8089
c1(c2ncccc2c(cc1)Cl)CN1CCC(=O)CC1,MOSES sample,8090
C(CCc1ccccc1NC(=O)c1c(onc1CC)C)(=O)N(C)C,MOSES sample,8091
c1cc(O)ccc1CC(=O)N1CCC(CC1)C(N(C(C)C)C)=O,MOSES sample,8092
N1(c2nc(cc(n2)C)C(C)C)CC(c2nnc3n2CCCCC3)CC1,MOSES sample,8093
c1(n(cnn1)N)SCC(NCCc1cccs1)=O,MOSES sample,8094
O(c1ccc(cc1)Cl)CC(=O)Oc1ccc(C#N)cc1,MOSES sample,8095
c1n(CC(Nc2ccc(cc2)SC)=O)c(c2c(n1)cccc2)=O,MOSES sample,8096
C1CCC1c1ncn(c(c1)=O)CC(NCc1occc1)=O,MOSES sample,8097
c1(C#N)c(C)cc(n2c1N(CCC2)C(c1ccccc1)=O)C,MOSES sample,8098
C1CN(C(=O)C(C)(C)C)CCN1C(c1ccc(F)c(c1)F)=O,MOSES sample,8099
Cc1nn(-c2ccccc2)c(C)c1CNC(=O)Cn1ccc(=O)[nH]c1=O,MOSES sample,8100
c1cc(ccc1)N(C)S(=O)(=O)CCC(OC)=O,MOSES sample,8101
O=S(NC1CCCCC1)(=O)c1cc2N(CCOc2cc1)C(=O)C,MOSES sample,8102
CCN(Cc1ccc(OC)cc1OC)C(=O)Nc1ccc(C)cn1,MOSES sample,8103
C1OCCN(c2cncc(N3CCC(Nc4cccnc4)C3)n2)C1,MOSES sample,8104
c1(C(C(N(CCO)CCO)=O)N)ccc(cc1)F,MOSES sample,8105
n1(cc(C(N(CC(=O)OCC)CC)=O)cn1)-c1ccccc1,MOSES sample,8106
n1n(c(cc1C#N)-c1ccccn1)Cc1c(cccc1)F,MOSES sample,8107
c1cccc(-c2csc(C(NC(Cn3nccc3)CC)=O)c2)c1,MOSES sample,8108
N(CC(c1ccccc1)O)C(NCCc1sc(cn1)C)=O,MOSES sample,8109
C1N(CCOC1)C1(CCCCC1)CNC(NCc1cccs1)=O,MOSES sample,8110
c1(C)c(ccc(c1)-c1ncco1)NC(=O)c1cc(C)nc2n(ncc12)C,MOSES sample,8111
c1(ccc(C(CSc2nn3c(C)cc(nc3n2)C)=O)cc1)F,MOSES sample,8112
COCCN(CCOC)C(=O)c1c[nH]c2cccc(F)c12,MOSES sample,8113
c1cc(c(cc1F)C(O)CCCC(NC(C)(C)C)=O)F,MOSES sample,8114
c1cc(C2(C(NCCn3cccc3)=O)CCC2)cc(c1)F,MOSES sample,8115
CC(=O)N1CCc2cc(C(=O)NCc3ccoc3)ccc21,MOSES sample,8116
C(Nc1ccccc1SC)(CSc1nccc2ccccc12)=O,MOSES sample,8117
Cn1cnc(CNC(=O)c2csc(-c3ccsc3)n2)n1,MOSES sample,8118
c1(C)c(NC(=O)C(C)Cn2nc(cc2C)C)c(C)cc(C)c1,MOSES sample,8119
N(CC(Nc1sccn1)=O)Cc1ccc(C)cc1C,MOSES sample,8120
c1(CN(C(Cn2cncn2)=O)CC2CCCO2)ccccc1,MOSES sample,8121
CC1(C)N(CC(=O)N2CCCC2c2ccc(OC)cc2)CCOC1,MOSES sample,8122
C(OC(c1c(ccc(C)c1)C)=O)c1nnc(-c2ccccc2)o1,MOSES sample,8123
c1(noc(C)c1C(=O)N1CCN(CC1c1ccccc1)C)CC,MOSES sample,8124
O(c1cc(C(C#N)N2CCOC2=O)ccc1OC)C,MOSES sample,8125
Clc1c(cccc1F)Cn1c([nH]nc1Cc1cc(O)ccc1)=O,MOSES sample,8126
c1(NC(c2cc3c(nc2C)cc(cc3)F)=O)cc(OC)ccc1OC,MOSES sample,8127
n1cc(ccc1OC)-n1nnc(CO)c1COc1c(cccc1)C,MOSES sample,8128
c1(C(Nc2c(cccc2)C(=O)OCC)=O)ccc(CO)cc1,MOSES sample,8129
C1CN(C(c2cc(ncc2)-c2cc3CCOc3cc2)=O)C(CC)CO1,MOSES sample,8130
N(c1cc(-n2nnnc2C)ccc1F)CC(=O)NC,MOSES sample,8131
c1cc(OC(F)F)ccc1N1CC(NC(=O)c2c(C)cco2)CC1=O,MOSES sample,8132
N(S(c1c[nH]nc1)(=O)=O)CCc1cccc(Cl)c1Cl,MOSES sample,8133
C1(CCNC(=O)Cc2ccc(OCC)cc2)OCCC1,MOSES sample,8134
c12c(oc(c1)C(=O)NC(C)c1nc(no1)C)cccc2,MOSES sample,8135
N(C(=O)c1c(nn(-c2ccc(cc2)F)c1O)C)c1nocc1,MOSES sample,8136
c1cc(cc(c1C)C)S(=O)(N1CCNC(C1)=O)=O,MOSES sample,8137
CC(NC(=O)c1ccccc1Cl)C(=O)NC(C)C(=O)NC(C)(C)C,MOSES sample,8138
Fc1ccc(C(CCC)NS(c2c(noc2C)C)(=O)=O)cc1,MOSES sample,8139
CCc1c(C)sc2ncnc(N3CCCCC3C3OCCO3)c12,MOSES sample,8140
Cc1nc(-c2ccc(F)cc2)sc1C(=O)Nc1nncs1,MOSES sample,8141
C1(C2CC2)COCCN1C(c1c(cccc1)SC(C)C)=O,MOSES sample,8142
C(NC(CCC(Nc1ccc(cc1)-n1nccc1)=O)=O)(C)C,MOSES sample,8143
C1(=O)N(c2ccc(CC)cc2)CC(C(Nc2nccc(c2)OC)=O)C1,MOSES sample,8144
c1(ccc2sc(C(OCC)=O)nc2c1)Br,MOSES sample,8145
c1cc(sc1)-c1cnc(o1)CNCc1ccc(C)cc1,MOSES sample,8146
C(#N)c1ccc(cc1)NCc1sc2c(CCC2)n1,MOSES sample,8147
c1nc(ncc1NC(COc1cc2c(c(cc(o2)=O)CCC)cc1)=O)C,MOSES sample,8148
c1(F)cccc(c1CC(NC1c2c(CC1O)cccc2)=O)Cl,MOSES sample,8149
c1c(ccc(c1)OC)OCC(=O)Nc1c(F)ccc(F)c1,MOSES sample,8150
C(=O)(NCCOCC)CN1CCc2c(C1)cc(Cl)cc2Cl,MOSES sample,8151
c1c(ccc(c1N)Cl)CCc1ncc2c(OCCO2)cc1,MOSES sample,8152
Cc1nnc2n1CCN(CC(O)COc1cc(Cl)cc(Cl)c1)C2,MOSES sample,8153
S(c1cccs1)(=O)(=O)NCc1cccc(NC(=O)N)c1,MOSES sample,8154
N1(Cc2c(CC1)n(nc2-c1ccccc1)CC#N)C,MOSES sample,8155
n1c([nH]c(c(C)c1C)=O)SCC(N1CCCCC1C)=O,MOSES sample,8156
Cc1cc(C)c(C(=O)N(C)Cc2cnn(-c3ccccc3)c2)c(C)c1,MOSES sample,8157
O=c1cc(N(Cc2cnccc2)CCC#N)n(c(=O)[nH]1)C,MOSES sample,8158
c1ccc(NCc2ccc(c(OC)c2)O)c(c1)OC,MOSES sample,8159
c1(-c2nc3c(c(C(OC)=O)c2)c(nn3C)C)ccc(cc1)O,MOSES sample,8160
Oc1ccc(CCNc2nccc(C(F)(F)F)n2)cc1,MOSES sample,8161
c1(onc(c1)C)C(=O)N(C)c1ccc(cc1)Oc1ccccc1,MOSES sample,8162
CN1CCC(N(C)C(C(c2ccc(cc2)F)(C)C)=O)C1=O,MOSES sample,8163
O=C(C1C=CC=N1)COc1c(cc(cc1)Cl)C(C)=O,MOSES sample,8164
c1c(occ1)-c1n(nc(CNC(=O)c2cc(on2)C)c1)C1CCCC1,MOSES sample,8165
NC(=O)C1OCCN(C(C(=O)NC2CC2)c2ccc(F)cc2)C1,MOSES sample,8166
N1(CCc2cc(C(=O)NCCCSc3ccccc3)ccc21)C(=O)C,MOSES sample,8167
N(C(=O)c1ccc2c(c1)nc1n(c2=O)CCCC1)Cc1ncccc1,MOSES sample,8168
CCCCOC(=O)c1snc(-c2ccncc2)c1N,MOSES sample,8169
n1c(nn(-c2ccc(cn2)C(F)(F)F)c1CCNC(C)=O)CCC,MOSES sample,8170
C1(CCC1)Oc1nccc(C(=O)Nc2ccc(cc2)Cl)c1,MOSES sample,8171
c1cc(c(CNC(=O)NCC(c2ccsc2)(O)C)cc1)OC,MOSES sample,8172
n1c(c(ccc1)Cl)-n1ccc(n1)NC(=O)CC(C)C(C)C,MOSES sample,8173
c1(NC(NCc2ncn(n2)C)=O)cc(-n2nnnc2C)ccc1F,MOSES sample,8174
CC(=O)Nc1cc(NCC(=O)Nc2ccccc2C)ccc1F,MOSES sample,8175
C(C(=Cc1ccccc1)C)Sc1nncn1CCOC,MOSES sample,8176
Cc1onc(-c2ccncn2)c1C(=O)NCc1ccc2c(c1)OCO2,MOSES sample,8177
c1(NCC(Nc2cccc(NC(=O)C)c2)=O)c(C)ccc(c1)C,MOSES sample,8178
C(c1ccc(cc1)CNC(=O)Nc1cccc(c1)Cl)(NC)=O,MOSES sample,8179
N(C(Cc1c(C)nc(s1)C)=O)C(c1cc(ccc1)Cl)(C(=O)N)C,MOSES sample,8180
Fc1cc(cc(c1)F)C(N(Cc1oc(C)cc1)C)=O,MOSES sample,8181
c1(sc(Cc2ccc(c(OC)c2)OCCC)cn1)C,MOSES sample,8182
c1c(C(=O)NC2CCN(CC2)C(=O)C)c(F)cc(c1)Cl,MOSES sample,8183
COc1ccc(OC)cc1C(O)CNc1ncc(cc1)C(F)(F)F,MOSES sample,8184
c1(Cl)c(cccc1Cl)S(N(C(C)c1ncccc1)C)(=O)=O,MOSES sample,8185
C(S(=O)(=O)c1nc(cs1)C)c1c2OCOCc2cc(F)c1,MOSES sample,8186
Cc1c(C)n(CCO)c2ncn3nc(-c4ccccn4)nc3c12,MOSES sample,8187
N1(CCN(CC1)C(c1ccc(s1)-c1oc(C)cc1)=O)S(=O)(C)=O,MOSES sample,8188
c1csc(C(C)(O)CNC(=O)CSc2ccc(cc2)Cl)c1,MOSES sample,8189
O=C(Cn1cnc2ccccc21)Nc1nc2ccc(F)cn2n1,MOSES sample,8190
c1c(c(C)c(CCC(N2c3ccccc3NCS2(=O)=O)=O)cc1)C,MOSES sample,8191
C1CCN(C(=O)C(OCc2ccccc2)C)Cc2c1n(nc2)C,MOSES sample,8192
C(C)(C)CC(=O)Nc1ccc(c(S(=O)(N2CCCCC2)=O)c1)C,MOSES sample,8193
n1c(C)cc(NC(c2c(occ2)C)=O)n1Cc1ccc(cc1)Cl,MOSES sample,8194
O=C(N(C(c1occc1)C)C)c1c(C)n(nn1)-c1ccccc1,MOSES sample,8195
n1cc(NC(=O)c2c(OC)cc(Br)cc2)cn1C,MOSES sample,8196
CCc1nc(CSc2nc3sccc3c(=O)n2C)cs1,MOSES sample,8197
c1ccn(c1)C(CSc1cn[nH]c(n1)=O)=O,MOSES sample,8198
O=C(Nc1scc(C2CC2)n1)Cc1cc2OCCOc2cc1,MOSES sample,8199
O=C(N1CCOCC1)c1nn(cc1NC(C(C)C)=O)CC,MOSES sample,8200
N1C(C2(CN(CC2)C(c2c(onc2)C)=O)c2c1cccc2C)=O,MOSES sample,8201
c1(nnc(-c2ncccc2)o1)SCC(Nc1ccc(cc1)F)=O,MOSES sample,8202
C1(C2(CC3CC1CC(C3)C2)C(C)(C)C)NC(=O)C,MOSES sample,8203
Fc1cc(cc(Br)c1N)-c1sc2nncn2n1,MOSES sample,8204
Brc1cnc2nc(nn2c1C)C(=O)NCC(C)O,MOSES sample,8205
O=C(CNC(C)=O)NC1CCN(CC1)C(c1cocc1)=O,MOSES sample,8206
C1N(Cc2ccncc2)CCN(C(C)C(NC(CC)C(C)C)=O)C1,MOSES sample,8207
C1(CC(OC(C)C1)C)N(C(=O)NCc1nccs1)C,MOSES sample,8208
c1(CSc2c(cccn2)C#N)nnc(o1)C1CC1,MOSES sample,8209
O=C(c1ccc(cc1)C)OCc1cc(=O)n(C)c(n1C)=O,MOSES sample,8210
COc1ccc(Nc2ncnc3[nH]ncc23)cc1OC,MOSES sample,8211
C1(C(C)(C(C)(CC1)C(NCc1ccnc(OC2CCC2)c1)=O)C)C,MOSES sample,8212
n1c(c(C(=O)N(Cc2n(C)ncc2)C)c([nH]c1c(c1CCCC1)C)=O)C,MOSES sample,8213
C(Cc1c(C)noc1C)CNS(Cc1cc(ccc1)C#N)(=O)=O,MOSES sample,8214
c1c(C)c(c(-n2cccc2)c(c1)C(=O)NC1CCCc2occc21)C,MOSES sample,8215
C(CC)C(=O)OCCN1CCN(CC1)C(=O)c1sccc1,MOSES sample,8216
c1c(ccc(c1)C(CNS(CCC)(=O)=O)O)F,MOSES sample,8217
c1ccsc1-c1n2c(c3c(nc2)c2c(nc3)[nH]nc2O)nc1,MOSES sample,8218
c1(NC(=O)N2CCC(N3C(CCC3)=O)CC2)sc2ccccc2n1,MOSES sample,8219
N(CCOCC)C(Cn1c(=O)ccc(Br)c1)=O,MOSES sample,8220
Cc1ccc(C(C)NC(=O)c2cnc3ccccn3c2=O)cc1F,MOSES sample,8221
n1(nnnc1)-c1cccc(C(=O)NCc2ccccn2)c1,MOSES sample,8222
n12ncnc2nc(-c2ccccc2Cl)c2CNCCc12,MOSES sample,8223
CCOC(=O)c1cc(-c2ccc3c(c2)CC(C)O3)nn1CCO,MOSES sample,8224
n12c(c(C)ccc2)nnc1Cc1ccc(cc1)OC,MOSES sample,8225
O=C1COc2ccc(C(=O)NCc3cccnc3)cc2N1,MOSES sample,8226
C(C(=O)N1CCN(CC1)CC(=O)NC(C)CC)C1C=CCC1,MOSES sample,8227
Cc1ccc(CC(=O)N2CCN(c3ccc(F)cc3)CC2)cn1,MOSES sample,8228
COc1ccc(cc1)-c1c(N)onc1-c1cc(ccc1)F,MOSES sample,8229
Clc1cc(ccc1C(NCc1ccoc1)=O)Cl,MOSES sample,8230
Cn1c(SCc2ccc(C(N)=O)cc2N)n[nH]c1=O,MOSES sample,8231
C(CSc1ccccc1)(=O)Nc1nn(C)c2c1COC2=O,MOSES sample,8232
O=C(CCSc1ccc2nnnn2n1)Nc1ccccn1,MOSES sample,8233
COc1ccc(NC(=O)C(C)Sc2nncs2)c(OC)c1,MOSES sample,8234
C(NCC(OCc1ccccc1)=O)(C1CCCC1)=O,MOSES sample,8235
C(F)(F)(CCN(C(=O)c1c(cc(cc1)Cl)F)CCC#N)F,MOSES sample,8236
Cc1nsc(n1)N1CCN(Cc2nc(nc(n2)N)N)CC1,MOSES sample,8237
c1c(ccc(F)c1C(=O)NCCC)S(=O)(NC(C)C)=O,MOSES sample,8238
OC(c1ccccc1F)CNC(c1c(ccs1)CC)=O,MOSES sample,8239
c1(C(N2CCCCCC2)=O)c(C)nn(c1C)-c1ccc(Cl)cc1,MOSES sample,8240
s1cc(nc1-c1ncccn1)CC(=O)Nc1ccc(cc1)F,MOSES sample,8241
CC(=O)Nc1ccc(S(=O)(=O)NC(c2ccccc2)C2CC2)cc1,MOSES sample,8242
c1cc2c(cc(c(C)c2N)C)n(c1=O)CC(=O)N1CCCC1,MOSES sample,8243
COC(=O)CC1CCCCN1C(=O)C1CC1(Cl)Cl,MOSES sample,8244
O=C1c2c(Cl)cccc2NC(c2ccc(cc2)SC)N1,MOSES sample,8245
c1ccc(CCNC(CNC(=O)c2n(nc(c2)C)C)=O)cn1,MOSES sample,8246
CCn1cc(Cl)c(C(=O)N2CCC(O)(c3ccccc3)C2)n1,MOSES sample,8247
c1c(C)c(NC(=O)c2n(cc(c2)Br)C2CC2)c(C)cc1,MOSES sample,8248
c12c(cc(cc2)F)c(CC(=O)N2CCCCC2CC(N)=O)c[nH]1,MOSES sample,8249
C(N(CCO)C(c1ccccc1Br)=O)CC,MOSES sample,8250
CN(Cc1csc(c1)C#CCO)C(c1ccoc1)=O,MOSES sample,8251
c1(ccc(cc1)CNC(=O)CN1c2c(CCCC1=O)cccc2)OC,MOSES sample,8252
N(CC)(CC)C(=O)c1ccccc1NCc1nnc(C2CCC2)o1,MOSES sample,8253
n1csc(c1C1CC1)C(N(CC)Cc1cc(ccc1)F)=O,MOSES sample,8254
C1(C)CC2C(CO)OC(n3cnc(c(N)n3)=O)C12,MOSES sample,8255
O=C(N(CC)Cc1sccc1)CNc1ccccc1OC,MOSES sample,8256
CCN(CC)S(=O)(=O)NCc1cc(C(=O)N(C)C)ccc1,MOSES sample,8257
c1cc(cc2c1CCCC2)C(=O)NC(C#N)c1ccccc1,MOSES sample,8258
CCOC(=O)c1sc2ncn(Cc3ccncc3)c(=O)c2c1C,MOSES sample,8259
O=C(NCc1ccsc1)c1ccc(C(F)(F)F)cc1,MOSES sample,8260
c1cc(ccc1C(=O)n1nc(c(c1C)CC(C)C)C)F,MOSES sample,8261
n1cc(NCc2scnc2)cn1CC(NC)=O,MOSES sample,8262
Cc1ccn2cc(C(=O)NCc3nc(-c4cccs4)n[nH]3)nc2c1,MOSES sample,8263
N#CCc1nc2cc(Br)ccc2n1C1CCCC1,MOSES sample,8264
c1(C(OC)=O)c(O)c(CCc2cc(OC)c(OC)cc2)ccc1,MOSES sample,8265
Clc1c(c(Cl)ccc1)OC(Cc1c(C)nn(C)c1C)=O,MOSES sample,8266
C1CCc2c1c(NC(=O)c1ccccc1)n(-c1ccc(cc1)F)n2,MOSES sample,8267
C1CCc2cccc(OC)c12CC(=O)Nc1cc2c(cc1)[nH]c([nH]2)=O,MOSES sample,8268
C(CO)CCn1cc(c(n1)-c1cccc(c1)C)CN1CCOC(C1)C,MOSES sample,8269
C1C(C(N(CCOC)C)=O)(CC1)c1ccc(cc1)Cl,MOSES sample,8270
c1(N)cc2c(nc(C(=O)Nc3ccc(C)cn3)o2)cc1,MOSES sample,8271
COCC(O)CN1CCN(C(=O)c2cnc3ccc(C)cn23)CC1,MOSES sample,8272
Cc1nn(c(cc1)=O)CC(=O)NCCCn1cnc2c1cccc2,MOSES sample,8273
c1c(n(-c2ccc(OC)cc2)c(=O)c2c(cc(c(c12)OC)OC)=O)C,MOSES sample,8274
Cc1cc2c(N3CCCC3)ncc(Br)c2o1,MOSES sample,8275
C1C(CC(Nc2cc(c(OC)cc2)OCC)=O)CCC=1,MOSES sample,8276
Cc1noc(C)c1CCC(=O)Nc1ccc2[nH]nc(C(N)=O)c2c1,MOSES sample,8277
c12cc(nn2cccc1)CNS(c1c(F)cccc1)(=O)=O,MOSES sample,8278
c1cc(cc2CCC(=O)Nc12)NC(Nc1c(cccc1)OCC)=O,MOSES sample,8279
c1cc(ccc1)Oc1cc(CNC(c2n[nH]c(=O)[nH]2)=O)ccn1,MOSES sample,8280
c1ccccc1Oc1ccc(C(O)C(=O)NC)cc1,MOSES sample,8281
Cc1ccsc1-c1nc(CSc2nnnn2C)cs1,MOSES sample,8282
NC(c1ccccc1)c1nc(-c2ccc(F)c(F)c2F)cs1,MOSES sample,8283
c1(c2c(noc2nc(c1)C)C)C(NC1(CCCC1)C(=O)OCC)=O,MOSES sample,8284
C(Nc1ccc(C(F)(F)F)cc1)(=O)c1c(Cl)ccc(N)c1,MOSES sample,8285
C1(C(NC)=O)CCN(CC1)C(=O)NC(c1cc(C)oc1C)C,MOSES sample,8286
COCCOC(=O)C1=C(C)NC(=O)NC1c1ccc(F)cc1F,MOSES sample,8287
c1(C)c(c(C)[nH]n1)CCOC(=O)c1ccc(COC)cc1,MOSES sample,8288
C(Nc1cc(C(C)=O)ccc1)(c1c(N)nccn1)=O,MOSES sample,8289
O(CCOc1ncc(cc1)C(=O)Nc1c(O)cccc1)C,MOSES sample,8290
O=C(NCCCc1ccc(O)cc1)NCc1ccc2c(c1)OCO2,MOSES sample,8291
c1ccccc1-n1nnnc1SCC(c1ccc(cc1OC)OC)=O,MOSES sample,8292
N1(C(CN2CCOC3CCCCC23)=O)CCCCC1,MOSES sample,8293
O=S(c1cc(C(Nc2ccccc2)=O)ccc1F)(=O)N(CC)CC,MOSES sample,8294
[nH]1cccc1CN1CCN(C(=O)C2CCCC2)CC1,MOSES sample,8295
o1nc(CN(C)Cc2nc(C)cs2)nc1-c1cocc1,MOSES sample,8296
CC(C)(NC(CN(C)c1ncnc2[nH]ncc12)=O)C,MOSES sample,8297
OC(CCC(=O)NCc1ccc(cc1)OC)c1cccs1,MOSES sample,8298
COC(=O)CN(C(=O)C1CC1c1ccc(F)cc1)C(C)C,MOSES sample,8299
N(C)C(=O)NCC(NC(c1cc(F)c(C)cc1)C)=O,MOSES sample,8300
c1ccccc1COC(C)C(Nc1nnc(s1)C1CC1)=O,MOSES sample,8301
O(c1ccccc1NC(C1CC(=O)NC21CCCCC2)=O)C,MOSES sample,8302
O=C(Cc1noc2ccccc12)N1CCCC(n2cncn2)C1,MOSES sample,8303
C(C)Oc1cccc(CN2CCN(CC2)c2sccc2)c1,MOSES sample,8304
c1(ccncc1)-n1ncc(c1C)C(=O)Nc1cccc(c1C)COC,MOSES sample,8305
C1COc2ccc(C(O)CCNc3cc(C#N)ccc3)cc2O1,MOSES sample,8306
s1ccc(c1C(=O)N(CC(=O)N)C)Br,MOSES sample,8307
c1c(-c2ccc(c(=O)n2CCCOC)N)cc(C)cc1,MOSES sample,8308
c12n(c(nc2cccc1)C)CC(Nc1ccccc1O)=O,MOSES sample,8309
C(Cc1ccc(cc1F)F)(Nc1ccc(cc1)OCCC(=O)N)=O,MOSES sample,8310
c1(ccc(C(=O)NCCCC(N)=O)cc1C)NCC,MOSES sample,8311
c1nn(C)cc1CNc1cc(c(cc1)Cl)C(F)(F)F,MOSES sample,8312
c1(CNC(=O)N2CC(CCC2)COC)ccnn1C,MOSES sample,8313
Cn1ccc(C(=O)OC2CCCC2n2cccn2)cc1=O,MOSES sample,8314
NC(=O)CCN(C(=O)c1ccc(C(N)=O)cc1)c1ccccc1,MOSES sample,8315
N#Cc1c(F)cccc1Oc1ccc2c(c1)OCO2,MOSES sample,8316
c1c(c(C)cc(c1)C)NC(NCC(NC1CC1)=O)=O,MOSES sample,8317
CCOC(c1scc(-c2oc(SCC)nn2)n1)C,MOSES sample,8318
CC(C)(C)c1cc(=O)n2c(n1)SCC(C(=O)NCc1ccco1)C2,MOSES sample,8319
O=C(NC(c1c(Br)cccc1)C)COCCOC,MOSES sample,8320
COc1ccc(-c2nc(Cc3ccc(OC)c(OC)c3)no2)cc1,MOSES sample,8321
n1(C)cc(CCCNC(=O)NC(c2ccncc2)CC)cn1,MOSES sample,8322
NS(c1cn(C)c(c1)C(Nc1cc(ccc1F)C(=O)N)=O)(=O)=O,MOSES sample,8323
O=C(CC#N)COc1ccc(C(C)C)cc1Br,MOSES sample,8324
c1(NS(c2ccc(cc2)OCC)(=O)=O)ncccn1,MOSES sample,8325
c1(cc2CC(Nc2cc1)=O)-c1cc(C(OC(C)C)=O)n(CCO)n1,MOSES sample,8326
CCOc1cc(C(O)CCN2CC(C)OC(C)C2)ccc1OC,MOSES sample,8327
COc1ccc(c2C(NCCc21)c1cccc(F)c1C)OC,MOSES sample,8328
O=c1c(-c2cc(N)ccc2)c(oc2ccc(cc12)CC)C,MOSES sample,8329
O=c1[nH]c(C(NC(c2c(cccc2)-n2nccc2)C)=O)nc2ccccc12,MOSES sample,8330
Cc1ccc(CNC(=O)c2cnn(-c3ccncc3)c2C)s1,MOSES sample,8331
c1(-c2ccccc2)nc(on1)C1Oc2c(cccc2)N(C(C)=O)C1,MOSES sample,8332
Cn1c(ncn1)NC(=O)COc1c(cccc1)C(F)(F)F,MOSES sample,8333
C1CC(C#N)(NC(=O)CNC(=O)c2c(cccc2)C)CCC1C,MOSES sample,8334
C1CC(NC(CNC(c2cc(ccc2)Cl)=O)=O)(C(N)=O)CCC1,MOSES sample,8335
CCOCCCn1ccnc1-c1cncc(Br)c1,MOSES sample,8336
O=C(c1ccncc1)N1CCc2ncnc(NC(C)C)c2CC1,MOSES sample,8337
c1(F)c(c(F)ccc1)-c1n[nH]cc1C(N1CCN(CC#C)CC1)=O,MOSES sample,8338
c1(C2Nc3ccccc3C(N2)=O)ccc(OCC)c(OCC)c1,MOSES sample,8339
c1c(-n2nnc(c2-c2ccncc2)C(=O)C)cccc1OC,MOSES sample,8340
C1C(COc2ccccc21)NC(c1ccc2N(C(=O)C)CCc2c1)=O,MOSES sample,8341
c1ccc(c(C)c1C)NC(=O)CSc1nnc(o1)-c1cccs1,MOSES sample,8342
C=CCOc1ccc(C(=O)NCc2cccnc2)cc1N,MOSES sample,8343
CCCC1C(NC(=O)c2c3cc(OC)ccc3nc(C3CC3)c2)C1,MOSES sample,8344
c1ccc2c(c1)CCN2CC(=O)Nc1ccc(C#N)cc1,MOSES sample,8345
c1(cnc(F)cc1)C(Nc1ccc(Cl)c(Br)c1)=O,MOSES sample,8346
C(N)(=O)Nc1ccc(C(=O)OCC(=O)c2ccc(F)cc2)cc1,MOSES sample,8347
N1(C(=O)c2ccoc2)CCC(c2ccsc21)C(=O)OC,MOSES sample,8348
c1cc(C)cc2CCCN(c12)C(COCc1nc(no1)C)=O,MOSES sample,8349
N(Cc1nc(sc1)-c1ccc(cc1)Cl)C(C1CCNC(=O)C1)=O,MOSES sample,8350
c1(cccc(c1)C(NC(c1ccc(OC)cc1)CC)=O)F,MOSES sample,8351
O=C(Nc1cc(C)ccc1C)Cn1c(n(nn1)-c1cccs1)=O,MOSES sample,8352
COCCNC(=O)Nc1ccccc1Cc1nc(-c2ccco2)no1,MOSES sample,8353
c1cc(c2c(=O)c(c[nH]c2c1Cl)C(=O)N1CCN(CC1)CCO)C,MOSES sample,8354
Cc1cc(C(=O)Nc2ccc3c(c2)OCCCO3)on1,MOSES sample,8355
C(CN1CCCC1=O)(CNS(=O)(=O)N1CCCCCC1)C,MOSES sample,8356
C1C(C1)c1c(cnn1C(C)CC)C(=O)N1CCC(OCC)CC1,MOSES sample,8357
c1cc(cc(S(=O)(=O)C)c1)C(N(C)CC(OC)=O)=O,MOSES sample,8358
NC(=O)c1c[nH]c(C(=O)Nc2nc(Cc3ccccc3)cs2)c1,MOSES sample,8359
Cc1nnnn1-c1cccc(C(=O)NC2CC2c2cccc(Cl)c2)c1,MOSES sample,8360
CN(Cc1cccc(C#N)c1)C(=O)c1ccc(F)cc1,MOSES sample,8361
c1cn2c(nc(C(=O)Nc3c(ccc(C(NC)=O)c3)Cl)c2)nc1,MOSES sample,8362
c1(CNc2sc(SCc3cc(ccc3)C#N)nn2)cnccc1,MOSES sample,8363
Fc1ccc(cc1C(NCCC(O)(C)C(F)(F)F)=O)C,MOSES sample,8364
O=C(N)COc1c(cccc1)C(=O)Nc1cc(C)n[nH]1,MOSES sample,8365
CCNC(Nc1cccc(C(=O)N2C(CCC2)(C)C)c1)=O,MOSES sample,8366
c1(ccc(cc1)C(=O)N(Cc1c(OC)cccc1)C1CC1)F,MOSES sample,8367
c12ccccc1OC(C(NC1CCN(S(=O)(C)=O)CC1)=O)CO2,MOSES sample,8368
O=C(NCC1Cc2ccccc2O1)c1cccc(-n2cccn2)n1,MOSES sample,8369
CN1CCN(C(=O)C2CC2)C(C(=O)N2CCNCC2)C1,MOSES sample,8370
Nc1ccc(OCC(=O)c2ccc3c(c2)OCO3)c(Cl)c1,MOSES sample,8371
O=C(NCc1ccc(F)cc1)NCC1(O)CCOCC1,MOSES sample,8372
CCNC(=O)CNC(=O)C(C)(C)c1cccc(Cl)c1,MOSES sample,8373
O=C(c1ccc(F)cc1F)N1CCCC1C(=O)N1CCOCC1,MOSES sample,8374
OCCCSc1nnc(C2CCCO2)n1C1CC1,MOSES sample,8375
N(C(CC)C)c1nc(nc2ccccc12)-c1ccncc1,MOSES sample,8376
C12CCC(CC1NC(=O)CNC(=O)CC)C2C(=O)C,MOSES sample,8377
C(n1nc(ccc1=O)-c1onc(C2CCOC2)n1)c1ccccc1,MOSES sample,8378
C1(CCC1)CNS(=O)(c1c(Cl)cc2NC(=O)COc2c1)=O,MOSES sample,8379
N1(CCCC1)C(=O)CSc1nnc(n1-c1ccccc1)-c1ccc[nH]1,MOSES sample,8380
c1cc(NCc2c(nn(-c3ccccc3)c2)-c2ccncc2)cn(C)c1=O,MOSES sample,8381
CCN(CC(C)C#N)C(=O)Nc1cccc(C(=O)OC)c1,MOSES sample,8382
CC(C)COC(Nc1cccc(c1)C(=O)OC)=O,MOSES sample,8383
Cc1ccc(-c2nc(CNc3cccc(C#N)c3)cs2)o1,MOSES sample,8384
N(CC)(C(CN(C(=O)c1ccc(OC)c(c1)F)CC)=O)CC,MOSES sample,8385
COc1ccc(C(=O)Nc2ccc(N3CCOCC3)nc2)cc1OC,MOSES sample,8386
O=C(CCCOc1c(cccc1)Cl)NC1CCCCNC1=O,MOSES sample,8387
COc1ccc(-c2nc(N)c(C(=O)Nc3cccnc3)cn2)cc1,MOSES sample,8388
FC(F)(c1nn(cc1)CC(=O)N1CCc2c(C1)ccc(F)c2)F,MOSES sample,8389
Cc1ccc(-c2cnc(CN3CCOC(C)(C(N)=O)C3)o2)cc1,MOSES sample,8390
O=S(=O)(NCCCOC1CCCC1)c1ccccc1F,MOSES sample,8391
Fc1ccc(F)c(CCC(Nc2cc(nn2C)C)=O)c1,MOSES sample,8392
c1cnc(N2CCN(Cc3cn(C)c4ccccc34)CC2)cn1,MOSES sample,8393
c1cc(c(NC(=O)c2cc3c(OCCCO3)cc2)cc1NC(C)=O)C,MOSES sample,8394
Cc1cnn(CCC(=O)N2CCN(c3ccc(C(N)=O)cc3)CC2)c1,MOSES sample,8395
c1c(NCc2ccc3OCCOc3c2)cccc1NC(=O)C,MOSES sample,8396
c1(F)cccc(NCc2c(OC)c(OC)c(OC)cc2)c1,MOSES sample,8397
O=c1ccc(-c2cccc(-c3cc[nH]n3)c2)nn1CC1CC1,MOSES sample,8398
C1(CCCN(C1CO)C(Nc1ccc(C(C)C)cc1)=O)C,MOSES sample,8399
C(=O)(NCC(Nc1c(OC)cc(c(Cl)c1)OC)=O)NC,MOSES sample,8400
Cc1ccc(O)c(NC(=O)c2ccc3c(c2)NC(=O)CS3)c1,MOSES sample,8401
C(CC(=O)Nc1cccc(c1)-n1nnnc1C)COc1ccccc1,MOSES sample,8402
C1Cc2c(ccc(Oc3ccc(F)cc3N)c2)NC1=O,MOSES sample,8403
O(CCCNC(NC1CCCn2c1nc(n2)CC)=O)CC,MOSES sample,8404
O=C(c1cc(ccc1)-c1cc(ccc1)C)NCC(Nc1ccncc1)=O,MOSES sample,8405
C(NCc1c([nH]c(C)cc1C)=O)(=O)Nc1cc2CCCc2cc1,MOSES sample,8406
Fc1ccc(cc1)NC(NCCC(NC1CCCCC1)=O)=O,MOSES sample,8407
C1CCN(C(CNC(=O)NC)=O)C(c2ccc(cc2)C(F)(F)F)C1,MOSES sample,8408
c1ccccc1S(=O)(=O)Cc1nc(on1)-c1ccccc1,MOSES sample,8409
CN(c1cccc(C(=O)NCCC(O)C(C)(C)C)c1)C,MOSES sample,8410
c1nccc(c1)CNC(=O)CCc1ncc(o1)-c1c(cccc1)Cl,MOSES sample,8411
C(=O)(Nc1cc(C#N)c(F)cc1)Cn1nc(c(Cl)c1C)C,MOSES sample,8412
CCOc1ccccc1C1CC(O)=Nc2c1cnn2C(C)C,MOSES sample,8413
c1cc(ccc1NC(CSc1n(C(C)CC)c(=O)[nH]n1)=O)OC,MOSES sample,8414
c12c(-c3ccccc3)nn(c(=O)c2cccc1)CC#N,MOSES sample,8415
N1(S(c2ccc(cc2)CC)(=O)=O)CCC(CC1)=O,MOSES sample,8416
c1(C(=O)OC)n(c(c(c1-c1c(OC)cccc1)C(C)=O)C)C,MOSES sample,8417
c1cc2c(cc1)n(c(=O)cn2)CC(=O)Nc1cnn(n1)C,MOSES sample,8418
c1ccc(cc1C#C)N(CC(NC)=O)C(=O)Cc1cc(ccc1)F,MOSES sample,8419
c1c(ccc(c1)Oc1ccccc1)-c1nc(ncc1)N,MOSES sample,8420
Cc1c(C(=O)C)cnn1-c1ccc(cc1)Br,MOSES sample,8421
c1(c2c(ccc1N)ccnc2C(N1CCCC1)=O)OC,MOSES sample,8422
c1(C)oc(CNC(c2ccc(cc2)NC(c2ccncc2)=O)=O)nc1C,MOSES sample,8423
c1(cc(ccc1)N1CCN(CC1)Cc1noc(n1)COC)Cl,MOSES sample,8424
c1(ccc2c(cc(-c3ccc(cc3)N)o2)c1)OCCO,MOSES sample,8425
c1nnc(NC(c2cccc(c2)COc2ccccc2)=O)s1,MOSES sample,8426
c1(-c2c(ccc(c2)C(=O)NCCOC)O)sccc1,MOSES sample,8427
N(Cc1ccccc1)c1cccc(c1)N1CCOC1=O,MOSES sample,8428
CCn1c(-c2cc(OC)ccc2OC)ccc(C(C)=O)c1=O,MOSES sample,8429
C(=O)(c1cc(CSc2cc(ccc2)OC)ccc1)N,MOSES sample,8430
c1nc(N2CCOCC2)nc(c1F)N1C(CO)CCC1,MOSES sample,8431
Cc1n[nH]c(C)c1C(C)C(=O)N1CCc2cc(F)ccc2C1,MOSES sample,8432
c1(ccc(cc1)OCC(N1CCN(C(OCC)=O)CC1)=O)Cl,MOSES sample,8433
c1(NC(N)=O)c(C)c(NC(C)=O)ccc1Cl,MOSES sample,8434
C(=O)(N(C)Cc1c(ccs1)C)Nc1c(OC)ccc(OC)c1,MOSES sample,8435
O=C(N1CCC2(CCC(=O)N(C(C)C)C2)CC1)c1cc(C(C)C)[nH]n1,MOSES sample,8436
N(C(C)(C)C)C(CN(C(CNc1cc(ccc1F)F)=O)CC)=O,MOSES sample,8437
c1cccc(c1C(NC1CC1)=O)NCC(NC1CC1)=O,MOSES sample,8438
CC(C)(CNC(=O)NCC(=O)NC1CC1)c1ccncc1,MOSES sample,8439
NC(=O)COc1ccccc1C(=O)NCc1cnc(C)s1,MOSES sample,8440
CCN(C(=O)c1ccc(S(C)(=O)=O)c(F)c1)c1ccccc1,MOSES sample,8441
C(C)(NS(=O)(=O)N1CCCSc2c1cccc2)(C)C,MOSES sample,8442
O=C(CNc1ccccc1C(=O)NCCC)N1CCOCC1,MOSES sample,8443
C1C(CC(N1C(C)C)=O)C(Nc1ccccc1OC(C)C)=O,MOSES sample,8444
n1(cccn1)CC1CCCN1C(=O)c1cc2n(c(cc(n2)C)C)n1,MOSES sample,8445
C(c1c(cccc1)OCc1ncsc1)N1CC2(OCC1)CCC2,MOSES sample,8446
O=C(Nc1onc(n1)C)C(c1ccccc1)c1ccccc1,MOSES sample,8447
c1(OC(=O)Cc2ccc(N3C(CCC3)=O)cc2)cc(ccc1C)C,MOSES sample,8448
c1nc(OC(C)C)cc(c1)CNC(=O)c1cn2cccnc2n1,MOSES sample,8449
N1(C(=O)C2CC2)CCN(CC(=O)Nc2noc(C)c2)CC1,MOSES sample,8450
Cc1nc(CC(=O)N(C)Cc2ccccn2)cs1,MOSES sample,8451
C(c1ccc(c(c1)OC)OCC(Oc1cc(ccc1)F)=O)#N,MOSES sample,8452
Cn1cc(CN2CCc3ncnc(N4CCCCC4)c3CC2)cn1,MOSES sample,8453
Cc1ccc(CNC(=O)Cc2cc(-c3cccs3)on2)cc1,MOSES sample,8454
Cc1cc(C(=O)NCc2cc(C(C)C)no2)c2ccccc2n1,MOSES sample,8455
O=C(NCCCC)CN1c2ccc(F)cc2CCC1,MOSES sample,8456
COc1ccc(NC(=O)CC(F)(F)F)c(OC)c1,MOSES sample,8457
C1(CCC(CC1)O)NS(c1cc(c(cc1)F)Cl)(=O)=O,MOSES sample,8458
c1c(ccc(NC(=O)Cc2cc(c(OC)c(OC)c2)N)c1)F,MOSES sample,8459
C1OC(C)(Cc2c1sc1ncn3c(nc(n3)C3CCCC3)c12)C,MOSES sample,8460
c1(=O)n(C)cccc1NC(c1ccc(cn1)Br)=O,MOSES sample,8461
N1(c2nc(cc(n2)C)C)CCN(Cc2n[nH]cc2)CC1,MOSES sample,8462
s1ccnc1S(CC(=O)Nc1c(C)cccc1CC)(=O)=O,MOSES sample,8463
COc1cc(ccc1OCCC(=O)NC1CC1)C#N,MOSES sample,8464
Cc1nnc(COC(=O)c2ccc(-n3cccc3)cc2)n1C,MOSES sample,8465
c1cccc(C)c1Cc1nnc(CSc2nc(C)cc(n2)C)o1,MOSES sample,8466
O=C(C1(NC(NCc2cc(cc(c2)C)C)=O)CCCC1)OC,MOSES sample,8467
CCCn1c(SCc2ccc(F)c(F)c2)n[nH]c1=O,MOSES sample,8468
C(N1CCOCC1)(COc1cc(N)ccc1OCCC)=O,MOSES sample,8469
O=C(N1CCN(CC1)c1sccn1)c1ccc(c(N)c1)C,MOSES sample,8470
c1(-c2cn(c([nH]2)=O)-c2ccc(F)cc2)ccc2n(c1)nc(N)n2,MOSES sample,8471
c1cc(-n2nc(c3CNCCc23)CCOc2ccccc2)ccc1,MOSES sample,8472
CCn1ncc(NC(=O)c2ccccc2Cl)c1C,MOSES sample,8473
C(=O)(c1cn(C)nc1)c1cc(Cl)c(Cl)cc1O,MOSES sample,8474
C=CCNS(=O)(=O)c1ccc(NC(=O)CC(C)C)cc1,MOSES sample,8475
O=C(CSc1nc2ccsc2c(=O)[nH]1)Nc1ccc(F)cc1,MOSES sample,8476
Cc1noc(C(C)NS(=O)(=O)c2cccc(F)c2C#N)n1,MOSES sample,8477
c1cc(NC(=O)C)c(C)cc1NC(=O)c1n(cc(Cl)c1)C,MOSES sample,8478
n1cnc(c(c1Nc1ccccc1)N)Nc1ccc(NC(=O)C)cc1,MOSES sample,8479
N(C(C)c1sc(C)nc1C)C(=O)c1cnc(cc1)OC(C)C,MOSES sample,8480
Cc1nnc(SCC(=O)NCC2CCCCC2)s1,MOSES sample,8481
c12C(CC(C)(C)Cc2oc(c1C)C(NC(Cn1nccc1)C)=O)=O,MOSES sample,8482
c1c(ccc(F)c1F)COc1cc(C(N(C)C)=O)ccc1,MOSES sample,8483
CCCOc1ccc2c(c1)C(C(CO)c1ccccc1)NCC2,MOSES sample,8484
n1n(CC)cc(c1)NS(c1c([nH]nc1)C)(=O)=O,MOSES sample,8485
Cc1cccc(-n2ncc3c2ncn2c(-c4cccc(O)c4)nnc32)c1,MOSES sample,8486
CC(C(=O)c1ccccc1)n1nc(C#N)cc1-c1ccco1,MOSES sample,8487
c1cccc(-c2ccccc2C(=O)Nc2sc(C)nn2)c1,MOSES sample,8488
Cn1cc(-c2ncc(C(=O)N3CCc4cc(F)ccc4C3)s2)cn1,MOSES sample,8489
c1(cc(c(cc1)F)N)C(=O)N(C)Cc1ccccc1Cl,MOSES sample,8490
c1ccc(cc1)-n1nnc(CNC(=O)C(Oc2cc(F)ccc2)C)c1,MOSES sample,8491
N(C(CCc1nc(C)no1)=O)c1c(c2CCCc2s1)C#N,MOSES sample,8492
Fc1c(Cl)cc(cc1)C(Nc1c(n[nH]c1C)C)C,MOSES sample,8493
c1(ccc(NCc2nc3n(c2)c(cc(C)n3)C)c(C)c1)S(C)(=O)=O,MOSES sample,8494
C1CC1N(c1nc(C)cc(C)n1)CC(NCc1ccccc1OC)=O,MOSES sample,8495
CC1CCN(C(=O)c2n[nH]cc2Br)CC1,MOSES sample,8496
Cc1occc1C(=O)NC(C)c1ccccc1Br,MOSES sample,8497
c1c(nc(s1)-c1ccc(C)cc1)C(=O)OCCOC(N)=O,MOSES sample,8498
Cc1cc(C)nc(Sc2ccccc2C(=O)Nc2ccccn2)n1,MOSES sample,8499
CCOC(=O)C1=C(C)C(C(=O)Nc2ccc3c(c2)OCO3)=NC1C,MOSES sample,8500
Cc1ccc(-c2ncc(C(=O)N3CCOCC3)c(N3CCCC3)n2)cc1,MOSES sample,8501
O=C(OCc1nc(C)cs1)C(C)Oc1cccc(C)c1,MOSES sample,8502
C(C)(CCNC(=O)C1CC(=O)N(C1)c1ccc(c(Cl)c1)F)C,MOSES sample,8503
c1(C)c(cco1)-c1nnc(SC(C#N)C)n1CCC(C)C,MOSES sample,8504
CCNc1ncc(C(=O)NC(C)C2COc3c(cccc3C2)OC)cc1,MOSES sample,8505
Nc1ccc2nc(NC(=O)c3ccccn3)sc2c1,MOSES sample,8506
O=C(Nc1ccc(Cl)cc1Cl)N1CCOCC1,MOSES sample,8507
COCc1c(C(=O)Nc2ccc(C(C)=O)c(C)c2)noc1C,MOSES sample,8508
c1ccc(cc1)N1CCC(N2Cc3ccoc3CC2)C1=O,MOSES sample,8509
CCn1cc(NC(=O)C(NC(N)=O)C(C)C)cn1,MOSES sample,8510
CN(C)C(=O)CCNC(=O)CCC(=O)c1ccc(F)cc1F,MOSES sample,8511
C(c1ccc(Cl)cc1)C1CCN(CC1)C(=O)NCCOC,MOSES sample,8512
N(C)(CCCc1cnn(c1)C)C(=O)NCC1CC1C,MOSES sample,8513
CN(C)c1cccc(C(=O)N2CCCCC2CCO)c1,MOSES sample,8514
s1cccc1-c1nc(CNC(=O)NCc2ccccc2F)on1,MOSES sample,8515
C(C)(CNC(c1cc(C)sc1)=O)N(C(=O)OC(C)(C)C)C,MOSES sample,8516
N(CCc1cc(c(O)cc1)OC)C(Nc1ccc(F)nc1)=O,MOSES sample,8517
C1OCC(C)N(C(C)CNC(Cc2noc3c2cccc3)=O)C1,MOSES sample,8518
s1cccc1S(=O)(=O)N(C)c1cccc(c1)NC,MOSES sample,8519
N1(C(c2ccsc2)=O)CCN(Cc2cc(C)no2)CC1,MOSES sample,8520
c1(NCc2cccc(c2)Br)ncccn1,MOSES sample,8521
NC(c1ccncc1)c1nc2c(s1)COC(C)(C2)C,MOSES sample,8522
O=C(c1c(C)n(C)nc1)NCc1ccc(nc1)OC,MOSES sample,8523
c1c(CC2CN(CC2n2cccn2)C(c2cccn2C)=O)ccnc1,MOSES sample,8524
CCN(C(C(=O)c1c(c([nH]c1C)C(OC(C)CC)=O)C)C)C,MOSES sample,8525
C1C(c2ccccc2N1C(CNC(c1ccsc1)=O)=O)C,MOSES sample,8526
C=CCOC1C2CCC1N(Cc1ccsc1)CCO2,MOSES sample,8527
c1c(c(ccc1N)NC(=O)c1c(F)ccc(c1)F)C,MOSES sample,8528
c1c(ccc(c1)C(N1CCC(C(=O)N)CC1)=O)NC(=O)c1ccco1,MOSES sample,8529
C1(NC(NC(C(=O)N2CCCCC2CC)C)=O)CC1,MOSES sample,8530
c1c(ccc(c1)C(N1CCOc2c(COC)cccc12)=O)Cl,MOSES sample,8531
C1=C(CN(C(c2cccnc2)=O)CC=C)COC1C,MOSES sample,8532
C(NCc1ccc(cc1)C(=O)NC(C)C(OC)=O)(=O)c1ccco1,MOSES sample,8533
O=C(NCCc1ccsc1)NCC(O)c1cccc(Cl)c1,MOSES sample,8534
COc1ccc(c(c1)S(=O)(NCCN1CCOCC1)=O)OC,MOSES sample,8535
c1cc(C(N(CC(N(C)C)=O)C)=O)c(cc1)Nc1c(cccc1)OC,MOSES sample,8536
c1ccn(C)c1C(N1CC2CCCCC2C1)=O,MOSES sample,8537
c1(ccc(cc1)CC)C1(CCOCC1)CNC(c1nccnc1)=O,MOSES sample,8538
C1=CN=C2C1C=CC=C2CN(CCCC)C(c1cc(OC)ccc1)=O,MOSES sample,8539
c12c(c(OC3CCOCC3)ccc2)CCCN1C(c1c(C)n[nH]c1)=O,MOSES sample,8540
C(NC(=O)c1sc(-c2ccccn2)cc1)Cn1ncc(C)c1,MOSES sample,8541
c1(F)c(C)cc2c(CCNC2c2c(cncc2)F)c1,MOSES sample,8542
N(c1ccncc1)C(=O)CCNC(=O)c1ccc(cc1)Br,MOSES sample,8543
n1c(CNS(=O)(c2c(cc(C)cc2)F)=O)csc1,MOSES sample,8544
Cc1sc(nc1C)C(C)(NCC(N(C(C(C)C)C)C1CC1)=O)C,MOSES sample,8545
CCCn1nc(C(=O)NCCC(=O)N2CCc3ccccc32)ccc1=O,MOSES sample,8546
COC(=O)c1c(NC(CCc2c(=O)[nH]c(C)nc2C)=O)scc1,MOSES sample,8547
C1CCN(C(=O)c2oc3c(c(c2)=O)cc(cc3N)C(C)C)CC1,MOSES sample,8548
COc1ccc(NC(=O)CCCCNC(N)=O)cc1Br,MOSES sample,8549
Clc1ccc(cc1)CNC(=O)Nc1c(S(=O)(=O)C)cccc1,MOSES sample,8550
Cc1c(oc2c1c(C)nn2C)C(=O)Nc1cccc(CO)c1,MOSES sample,8551
c12c(=O)n(cnc1n(nn2)C)CC(=O)NCc1cccs1,MOSES sample,8552
C1c2c(cnn2C)C(NC(=O)c2c(C)nc(CC)s2)CC1,MOSES sample,8553
C(NCCCN1CCCC1=O)(c1c2cccc(Cl)c2[nH]n1)=O,MOSES sample,8554
c1c(C(C)(C)NC(NCCCN2CC(C)OC(C2)C)=O)nc(C)cc1,MOSES sample,8555
CCn1nc(C(=O)N2CCOCC2)cc1-c1ccc(OC)c(OC)c1,MOSES sample,8556
C(C(C)C)Nc1scc(n1)-c1c(n(ccc1)C(C)C)=O,MOSES sample,8557
n1c(ccn1COc1ccc(c(c1)C)C)C(N1CCC(CC1)C)=O,MOSES sample,8558
S(CC(NCC(N)=O)=O)c1ccc(Cl)c(c1)Cl,MOSES sample,8559
c1cc(ccc1Br)CNC(NCC(OCC)=O)=O,MOSES sample,8560
c1cc(C(C(C)C(N)=O)(c2ccccc2)O)ccc1,MOSES sample,8561
CC1C(=O)Nc2c(Cl)cc(C(O)c3ccccc3F)cc21,MOSES sample,8562
CCn1c(SCCOC)nnc1C1CCCCC1,MOSES sample,8563
Cc1cc(CNc2nnc(C)s2)ccc1OC,MOSES sample,8564
COc1c(cccc1)N1CC(C(NCC2CCC2)=O)CC1=O,MOSES sample,8565
C(C)n1c(c(-c2cn(CC(=O)OCC)nc2)c(c(n1)C)C)=O,MOSES sample,8566
N(C(Nc1ncccc1C)=O)(Cc1ccccn1)C(C)C,MOSES sample,8567
CNC(=O)c1cc(S(=O)(=O)N2CCN(C)CC2)cs1,MOSES sample,8568
C1(=O)N(C)C2CCC(C2)CC1c1sc2c(cccc2)n1,MOSES sample,8569
C(CC1CCCO1)(=O)N1CCN(CC1)C1CCc2c(cccc12)Cl,MOSES sample,8570
c1cc(cc(S(=O)(NCc2ccc(C)cc2)=O)c1OC)C(=O)OC,MOSES sample,8571
C(C)(C)c1ccc(cc1OS(=O)(=O)c1c(C)noc1C)C,MOSES sample,8572
N1(Cc2cccs2)C(CC(C(=O)OCC(=O)N)C1)=O,MOSES sample,8573
CC(C)N(Cc1cnn(C)c1)C(=O)Cn1ccc2ccccc21,MOSES sample,8574
C(c1cccnc1)(Nc1ccc(C(C)=O)c(Cl)c1)=O,MOSES sample,8575
COc1ccc2c(c1O)CCNC2c1cc(F)ccc1F,MOSES sample,8576
c1cc(OC)cc(NC(NCCc2sc(CC)cn2)=O)c1OC,MOSES sample,8577
c1c(CCNc2[nH]c(c3cc(ccc3n2)C)=O)cn[nH]1,MOSES sample,8578
c1c(c(ccc1)Cl)CNC(COC(c1ccc(F)cc1)=O)=O,MOSES sample,8579
c1(cccc(F)c1)C(N(C(c1c2c(cnc1)cncc2)=O)CC)C,MOSES sample,8580
COC1CCCCC1OC(=O)C(C)NC(=O)C(C)(C)C,MOSES sample,8581
c1cc(N)c2ccnc(c2c1Br)NCCCCO,MOSES sample,8582
CC(c1c(=O)n2c(nnc2SCCN2CCOCC2)[nH]c1C)C,MOSES sample,8583
CC1(C)Cc2cccc(OCC(=O)NC3CCOC(C)(C)C3)c2O1,MOSES sample,8584
C(C)(Nc1c(Cl)cc(F)c(c1)NCC(N(CCC#N)CC)=O)=O,MOSES sample,8585
Cc1[nH]c(C(Oc2ccccc2Cl)=O)c(C#N)c1,MOSES sample,8586
c1(-c2ccccc2Cl)cc(n2c(cnc2n1)N)C,MOSES sample,8587
O=C(N1CCOCC1)c1c(nc2sc(cn21)C)C,MOSES sample,8588
CC(C)NC(=O)Cc1ccc(NC(=O)c2cc(F)ccc2F)cc1,MOSES sample,8589
CC(C)c1c(C(=O)c2ccc(OC)cc2)c(n(N)c(C)c1)=O,MOSES sample,8590
CCn1c(C)nnc1SCC(=O)Nc1ccc(OC)cc1C,MOSES sample,8591
COC(=O)C1CC(O)CN1Cc1cc(F)cc(C(F)(F)F)c1,MOSES sample,8592
n1cccc(CCc2n[nH]c(n2)C(C)OCC)c1,MOSES sample,8593
c1(ccc(cc1C)N1c2nc3c(c([nH]c(n3C)=O)=O)n2CC1)C,MOSES sample,8594
C(COC)(Nc1ccc(NCc2ccc(cc2)F)cc1C)=O,MOSES sample,8595
c12C(NC(COc3ccc(F)cc3)=O)CCSc1c(ccc2)F,MOSES sample,8596
n1c(-n2cncc2)nc(cc1C)Oc1ccc(F)cc1,MOSES sample,8597
c1(F)ccccc1-c1cc(C(NC(c2ncccc2)C)=O)n(n1)C,MOSES sample,8598
c1cc(ccc1F)OCCCNC(N1CCC(CC1)C(N)=O)=O,MOSES sample,8599
Cc1ccc2c(c1)N(CC(=O)NC(C)C)C(=O)C(C)O2,MOSES sample,8600
c1(OC)ccc(cc1)OCC(NCc1c(OC)cccc1)=O,MOSES sample,8601
CCCNC(=O)c1ccc(NC(=O)Cc2ccc[nH]2)cc1Cl,MOSES sample,8602
c1cc(N2CCCC2)c(NC(CNc2cc(ccc2)C#N)=O)cc1,MOSES sample,8603
c1c(c(ccc1Cl)-n1c(C)cc(=O)nc1-c1ccccc1)N,MOSES sample,8604
C1OCCC(C(=O)NCC(=O)c2cc3c(cc2)CCCC3)C1,MOSES sample,8605
O=C1CSc2ccc(C(=O)Nc3cccc(-c4cn[nH]c4)c3)cc2N1,MOSES sample,8606
OCCN(C)C(=O)Nc1ccccc1OCC=C,MOSES sample,8607
C1C(C)CCN(c2n(-c3ccccc3OC)c(nn2)SCCO)C1,MOSES sample,8608
O=C(COc1ccc(C(C)C)cc1)N1CCC(CC1)Oc1cccnc1,MOSES sample,8609
COCC(C)NC(=O)c1cn(-c2ccccc2)nc1-c1cccs1,MOSES sample,8610
C(Nc1cccc(CNC(Nc2ccncc2)=O)c1)(C1CC1)=O,MOSES sample,8611
c1c2c(ccc1)N(CCC2C(=O)OC)C(Cn1nnnc1)=O,MOSES sample,8612
O=S(c1cc([nH]n1)C(NCc1n(cnn1)C)=O)(C)=O,MOSES sample,8613
c1([nH]c(cc1)C)C(=O)N1CCN(c2c(C)c(nc3n2ncn3)C)C(C1)C,MOSES sample,8614
c1cc(cc(NC(c2ccc(cc2)F)=O)c1)-c1nc(sc1)N,MOSES sample,8615
n1cc(NC(=O)c2cccc(c2)-c2cocc2)cn1-c1ncccn1,MOSES sample,8616
c1c(ccc(c1)F)C(C)N(C(=O)NC(C)C(N1CCCCC1)=O)C,MOSES sample,8617
CN(CC(=O)Nc1noc(C)c1)C(=O)c1cnccn1,MOSES sample,8618
CCNC(=O)C1CCCN(Cc2cnc(-c3ccsc3)s2)C1,MOSES sample,8619
c1c(cc(cc1)NC(c1ccc(Cn2cccn2)cc1)=O)F,MOSES sample,8620
C1CN(Cc2c(C(OC)=O)cccc2)CCN1c1nccc(c1)C#N,MOSES sample,8621
CC(C)CC(C)NC(=O)NC1CCCc2c1cnn2C,MOSES sample,8622
C1OCCC(C1)(NC(=O)c1ccc(cc1)-n1nc(C)cc1C)CCC,MOSES sample,8623
c1c(cc2c(cc(C(N(Cc3occc3)C)=O)n2C)c1)Cl,MOSES sample,8624
c1nn(cc1C(=O)N(C)CCC)Cc1c(cccc1)Cl,MOSES sample,8625
O1CCN(CC1C)Cc1cc(F)ccc1N1CCCC1,MOSES sample,8626
c1(-c2ccco2)n(C)nc(C(OCCCc2cccnc2)=O)c1,MOSES sample,8627
O=C1CCCc2ccccc2N1Cc1cccc(F)c1,MOSES sample,8628
c1(c(S(NCc2n(C)ncc2)(=O)=O)c(ccc1)C(C)C)C(C)C,MOSES sample,8629
c1(ccc2ccccc2c1)Nc1ncnc2c1nc[nH]2,MOSES sample,8630
N(c1cc(nc(n1)N1CCCCC1)C)C(Nc1ccc(cc1)F)=O,MOSES sample,8631
C1C(C(C)C)N(C(C)=O)CCN1C(=O)c1nnc(cc1)OC,MOSES sample,8632
c1c(cc(Cl)c(CNC(=O)NC(C2CC2)(CO)C)c1OC)OC,MOSES sample,8633
N(Cc1cn(nc1)-c1ccccc1)C(=O)c1cc2c(cc1)NC(CO2)=O,MOSES sample,8634
Cc1noc(c1C(NCc1cc2c(cc1)OCO2)=O)C(C)C,MOSES sample,8635
n1c(cnc(C)c1)C(NCCNC(c1ccc(F)cc1F)=O)=O,MOSES sample,8636
Cc1cccc2c(=O)n(CC(=O)Nc3cc(F)ccc3Cl)cnc12,MOSES sample,8637
O=C(Nc1ccc(-n2cnnn2)cc1)c1ccn(-c2ccccc2)n1,MOSES sample,8638
C(c1c(cccn1)C)NC(c1c(C)cc(Br)cc1)=O,MOSES sample,8639
s1c(ccc1C)CC(=O)Nc1ccc(cc1)-n1nc(cc1N)C,MOSES sample,8640
C1N(CCN(CC(N2CC(C)CCC2)=O)C1)CC(N(CC)CC)=O,MOSES sample,8641
c12ccccc2nc(o1)N(C)C(c1ccc(S(=O)(=O)N)cc1)=O,MOSES sample,8642
CCN(CC)C(CCNC(c1c(nc2n1ccs2)C)=O)=O,MOSES sample,8643
C(c1cnc(C)cc1)C(=O)Nc1ccc(OC)c(c1)OC(F)F,MOSES sample,8644
c1c(c(F)cc(c1)Nc1c(cc(F)cc1)N)OC,MOSES sample,8645
O=C(NCC1CCCO1)N(Cc1ccc(F)c(F)c1)C1CC1,MOSES sample,8646
O=c1n(cc(C)c(=O)n1C)Cc1cc(C#N)ccc1,MOSES sample,8647
CSc1sc(NC(=O)C2CC=CC2)nc1N,MOSES sample,8648
c1c2CC(N(CC(=O)Nc3ccccc3F)S(=O)(=O)C)Cc2ccc1,MOSES sample,8649
O=C(Nc1cc(CC)nn1C)N1CCN(c2sccc2)CC1,MOSES sample,8650
N1(C(c2ccc(cc2)OCC)=O)Cc2c(n(nc2)CCO)C1,MOSES sample,8651
CC1CCc2sc(-c3ccc4c(c3)OCCO4)nc2N1,MOSES sample,8652
c1c2nc(-c3ccc(cc3)F)nn2ccc1C(=O)OC,MOSES sample,8653
COc1ccc(C(=O)NCc2noc(-c3cccs3)n2)cc1,MOSES sample,8654
Cc1ncsc1C(=O)NC(CO)c1ccccc1,MOSES sample,8655
COCCN(Cc1ccsc1)C(=O)Nc1cccc(c1)C,MOSES sample,8656
c1c(coc1)C(=O)N1CCCC2(C1)OCC(C2)Oc1ncccn1,MOSES sample,8657
O=c1cc(nc(Nc2scc(C)n2)[nH]1)COc1ccc(C)cc1,MOSES sample,8658
CCC(NC(=O)Nc1cc(F)ccc1C)c1c(C)nn(C)c1C,MOSES sample,8659
CCCN1CCN(C(=O)c2snc(C#N)c2N)CC1,MOSES sample,8660
CC1=NC(=NC(=O)C1CCC(NCc1cc(c(C)cc1)C)=O)C,MOSES sample,8661
C(c1cc([nH]c(n1)COc1ccc(cc1)Cl)=O)(C)N,MOSES sample,8662
C1N(CC(C1)Oc1ccccc1)C(c1ncccc1)=O,MOSES sample,8663
C(CC(NC(c1c(Br)ccs1)=O)(C)CC)O,MOSES sample,8664
Nc1ccc2ccnc(C(=O)NCCCn3cccn3)c2c1,MOSES sample,8665
CC1CCN(C(=O)CCn2cnc3sccc3c2=O)CC1,MOSES sample,8666
c1(n[nH]cc1)NC(CCC(=O)c1ccc(C)s1)=O,MOSES sample,8667
c1c(-c2ccc(=O)n(Cc3c(F)cccc3)n2)ccc(NC(=O)C)c1,MOSES sample,8668
c1c(cc(cc1)CC1CN(CCO1)C(=O)C1CCCO1)C,MOSES sample,8669
N#Cc1ccc(COC(=O)c2c3n(ccn3)ccn2)cc1,MOSES sample,8670
N(c1ccc2c(c1)OCO2)(C(=O)c1ccc(OC)cc1)Cc1ccco1,MOSES sample,8671
O1c2c(-c3c1ccc(NC(CCNC(=O)OCC)=O)c3)cccc2,MOSES sample,8672
CC(Cc1ccsc1)NC(=O)Cc1noc2ccccc12,MOSES sample,8673
O=C(C(OC(=O)c1cnccn1)C)Nc1sc2cccc(C)c2n1,MOSES sample,8674
Nc1cc(-c2ccc(OC)c(c2OC)OC)n(C)c(c1C#N)=O,MOSES sample,8675
C1N(CCOC1)CCOc1c(Cl)cc(cc1CO)C,MOSES sample,8676
c1c2c(ncc1)[nH]cc2S(=O)(=O)NCCOC,MOSES sample,8677
O(C)c1c(CSc2c3c(cccc3)nnc2)cccc1OC,MOSES sample,8678
c1(cccc(NC(C)=O)c1)CCCCc1ccccn1,MOSES sample,8679
c1c(C(N(c2cc3c(cc2)cccc3)C)=O)ccc(-n2cncn2)c1,MOSES sample,8680
O=C(N=c1n2c(n[nH]1)cc(cc2)C)N1CCC(C)CC1,MOSES sample,8681
CC(NC(=O)c1ccc(-n2ccnc2)cc1)c1ccccc1Cl,MOSES sample,8682
C1CC(O)CCN1c1nc(nc2sc(c(C)c21)C(=O)OC)C,MOSES sample,8683
c1c(c(C)ccc1N)CS(=O)(=O)c1cc(ccc1)C,MOSES sample,8684
O=C(N1CCN(c2ccccn2)CC1)c1ccc(nc1)F,MOSES sample,8685
O=C(c1cc(C)no1)Nc1c(OCCOC)cccc1,MOSES sample,8686
C(O)CNS(c1cc(-c2nc(C)sc2)ccc1)(=O)=O,MOSES sample,8687
O(c1c(cc(cc1N)Br)Cl)CCC(OC)=O,MOSES sample,8688
Cc1ccn(CC(=O)NCc2cccc(Oc3ccccc3)c2)c(=O)c1,MOSES sample,8689
c1cc(ccc1C(CC)=O)OCC(=O)NCc1c(Cl)cccc1,MOSES sample,8690
COC(=O)CCn1cnc(-c2ccccc2)c1-c1cnc(C)[nH]c1=O,MOSES sample,8691
C(CN(CC)C(NCC(C)(c1ccccc1Cl)C)=O)O,MOSES sample,8692
S(N(CC)CC)(=O)(c1cc(OC)c(Br)cc1)=O,MOSES sample,8693
Cn1cc(C(=O)NCc2ccnc(OCc3ccccc3)c2)cn1,MOSES sample,8694
c1(cc(F)c(F)cc1)C(C)NC(=O)NCCc1ncc(C)s1,MOSES sample,8695
c1c2c(n(C)n1)ncnc2N1CCC(CC1)C(=O)Nc1cn[nH]c1,MOSES sample,8696
C(=O)(c1c2-c(c([nH]c2cccc1)=O)c(OCC)ccc2)OCC,MOSES sample,8697
O=C(N(C(C)c1cc(O)ccc1)C)OC(C)(C)C,MOSES sample,8698
c1(F)cc(ccc1OC)CC(Nc1c(nccc1)-n1c(ncc1)C)=O,MOSES sample,8699
CCc1ccc(OC(=O)c2ccc(=O)n(C)n2)cc1,MOSES sample,8700
COC(=O)CCSc1nnc(-c2ccoc2C)n1C1CCCCC1,MOSES sample,8701
NC(=O)c1ccc(NC(=O)NCc2ccncc2)cn1,MOSES sample,8702
c1nc(c(cc1)C)NC(=O)Cc1ccsc1C(=O)OC,MOSES sample,8703
COCCC1NCCc2c(F)ccc(Br)c21,MOSES sample,8704
c1cc(sc1C)C(=O)N(CC(N(C)C)=O)CCOC,MOSES sample,8705
c1ccc(-c2noc(n2Cc2ccc(F)cc2C#N)=O)s1,MOSES sample,8706
N(c1scc(n1)CNC(=O)c1ccc(F)c(F)c1)CC,MOSES sample,8707
O=C(NC1(CCCC1)c1ccccc1)c1c[nH]c2ccccc2c1=O,MOSES sample,8708
c1(N)c(N(C)S(=O)(c2cc(ccc2)C)=O)cccc1,MOSES sample,8709
CC(C)(c1scc(n1)CC(=O)N1CCOC2C1CCC2OC)C,MOSES sample,8710
Cc1ccc(OCC(Nc2cc(ccc2)C(NC2CC2)=O)=O)cc1,MOSES sample,8711
O(CC(=O)N(C)C)c1c(cc(cc1)Br)F,MOSES sample,8712
c12nc(CC)n(CC(NCC=C)=O)c(=O)c2cccc1,MOSES sample,8713
C1CC(N(C1)C(NCCNC(C)=O)=O)c1ccc(F)cc1,MOSES sample,8714
n1ccn(C(F)F)c1CNc1ccc(c(OC(F)F)c1)C,MOSES sample,8715
OCCCn1cnc(-c2ccccc2)c1-c1ccoc1,MOSES sample,8716
c1(C)cn(nc1)CC1CCCN1C(c1nn(-c2ccccc2)nc1)=O,MOSES sample,8717
C(#Cc1ccccc1)CNC(NCc1ccnn1C)=O,MOSES sample,8718
C(NC(c1cnn(n1)-c1ccccc1)=O)COc1c(C)cccc1,MOSES sample,8719
c1c(Cn2c(=O)n(C)c3ncn(c3c2=O)CC=C)ccc(C)c1,MOSES sample,8720
COc1c2c(cc(c1)C)C(NCC2)C1N(CCC1)C(C)=O,MOSES sample,8721
c1c(C)nn(-c2cc(C)ccc2OC)c1NC(=O)C1(C#N)CCCC1,MOSES sample,8722
c1nn(-c2ccccc2)cc1CCNS(=O)(CC)=O,MOSES sample,8723
c1(CN(C2CC2)CC(=O)OC)c(Br)ccc(c1)Cl,MOSES sample,8724
O=C1COc2cc(C(=O)NCCOc3ccccc3)ccc2N1,MOSES sample,8725
CCn1cc(NC(=O)Nc2cc(C)nn2C)cn1,MOSES sample,8726
c1cccc(c1F)C1C(NC(=O)CC2CCCC2)C1,MOSES sample,8727
Cc1cc(C(=O)COC(=O)c2cc3c(cc2)n(cn3)C)c(n1C(C)C)C,MOSES sample,8728
C1C(OCCN1S(=O)(CCCC(OC)=O)=O)(C)C,MOSES sample,8729
c1c(C(Nc2cc3c(n(nc3CC)C)nc2)=O)cc(-n2cccc2)cc1,MOSES sample,8730
c1cc(cc2c1N(CCC)C(CC(c1c(cccc1)F)N2)=O)F,MOSES sample,8731
Cc1ccc(C(C)(C)C)cc1S(=O)(=O)N1CCNC(=O)C1,MOSES sample,8732
c1(=O)[nH]c(C(C)C)nc2c(csc21)-c1ccc(cc1)F,MOSES sample,8733
c1c(C(Nc2c3ccc(C)nc3ccc2)=O)c(Cl)cnc1,MOSES sample,8734
c1(oc(cc1)C1NS(c2ccccc2N=1)(=O)=O)-c1nc(C)sc1,MOSES sample,8735
C(=O)(N1CC(=O)NCC1)CN1CCOc2ccc(F)cc12,MOSES sample,8736
C1CN(c2n(-c3ccccc3)nnn2)CC(Cc2ccccc2)C1,MOSES sample,8737
c12c(cccc1)c(CN(S(=O)(c1ccc(C(=O)C)cc1)=O)C)ccc2,MOSES sample,8738
CCCSc1ccccc1C(=O)Nc1nnc(-c2ccco2)o1,MOSES sample,8739
C(Oc1ncc(cc1)NC(=O)C(Sc1ccccn1)C)C(F)F,MOSES sample,8740
C1c2nn(c(=O)cc2CCN1c1cc(C(=O)N)ccn1)C,MOSES sample,8741
c1(=O)n(c2ccccc2nc1)CC(=O)N1CCc2ccccc12,MOSES sample,8742
N(C(c1cc(Cl)ccc1NC(=O)c1ccc(OC)cc1)=O)C1CC1,MOSES sample,8743
COCCc1nc(C2(c3ccccc3)CCC2)n(CC(C)C)n1,MOSES sample,8744
O=C(N=c1[nH]c(C)c(C)s1)Cc1c2c(cccc2)c(n(C)n1)=O,MOSES sample,8745
CC(O)Cn1cnc2c1c(=O)n(Cc1ccccc1)c(=O)n2C,MOSES sample,8746
C(COCCc1ccccc1)(N1CCN(CC1)c1ncccn1)=O,MOSES sample,8747
CCCCNC(=O)C1CCCN(C(=O)Cn2nnc3ccccc32)C1,MOSES sample,8748
N(C1CCCC1)C(C1CCC(=O)N(c2ccc(Cl)cc2)C1)=O,MOSES sample,8749
c1n(C)c(C2CN(Cc3ccc(cc3)C(=O)OC)CC2)nn1,MOSES sample,8750
COC(=O)CC(C)(C)CC(=O)Nc1noc(-c2ccccc2)n1,MOSES sample,8751
O=C1CCCN1c1ccc(cc1)C(=O)OCCOc1ccc(C#N)cc1,MOSES sample,8752
C(CC)NC(CN1C(=O)C(Nc2c1cc(Cl)c(c2)Cl)C)=O,MOSES sample,8753
c1c(c(-c2c(cccc2)NC(COCC)=O)ccc1)C#N,MOSES sample,8754
c1(ccc(S(N)(=O)=O)cc1C(=O)NC(C)CCC(C)C)F,MOSES sample,8755
CCCCNC(=O)C1CCN(C(=O)c2cc3ccccc3[nH]2)CC1,MOSES sample,8756
O=C(c1scnc1C1CC1)N1CCCC1COc1ccccc1,MOSES sample,8757
c1(C(n2cccc2)CC(NC2CCOCO2)=O)ccccc1,MOSES sample,8758
c1sc(cc1CC(N1CCN(CC1)CCO)=O)C(C)=O,MOSES sample,8759
O=C(Cc1ccc(F)cc1)Nc1cccc2cnccc12,MOSES sample,8760
CC(n1c2ncc(n2c2c1cccc2)C(=O)OCC#C)C,MOSES sample,8761
C1COCCC1C(C)(O)CNC(CSc1c(cccc1)Cl)=O,MOSES sample,8762
c1c(c(cc2c1c(=O)c(c[nH]2)OC)C(F)(F)F)Cl,MOSES sample,8763
N1(CCN(C(=O)C(OCCOCC)C)CC1)CC#C,MOSES sample,8764
S(=O)(CC(Nc1c(cc(cc1)C)C)=O)(=O)c1ccc(C)cc1,MOSES sample,8765
Fc1ccccc1C(=O)N(CC(C)=C)CC(C)C,MOSES sample,8766
c1ccc(cc1)S(=O)(=O)N(c1ccc(C#N)cc1)C,MOSES sample,8767
Fc1cc(cc(c1N)F)C(=O)N(C)CC(OC)=O,MOSES sample,8768
c1cc(OCCN(C)C(C(=O)OC)C)c(Cl)cc1,MOSES sample,8769
N1(C(CCc2c(C)cccc2)=O)C2C(OCC1)CCCC2,MOSES sample,8770
CN(C)S(=O)(=O)N1CCN(c2cccc(F)n2)CC1,MOSES sample,8771
n1c2n(c3ccn(CCCO)c(=O)c31)nc(n2)C,MOSES sample,8772
c1(oc(C2CC2)nn1)-c1cc(S(=O)(=O)N2CCCC2)ccc1F,MOSES sample,8773
O1CCN(CC1COC(c1cccs1)=O)Cc1ccccc1,MOSES sample,8774
c1cccc2c1CCCC2OCCCNC(=O)C1(C)CCCO1,MOSES sample,8775
c12nnc(n1CCCCC2)CCNC(c1cn(nc1C(C)(C)C)C)=O,MOSES sample,8776
N#Cc1ccc(S(=O)(=O)NC2(c3ccc(F)cc3)CCCC2)cc1,MOSES sample,8777
c1cc2c(cc1)NC(c1cc(OC)cc(OC)c1)N(C2=O)C,MOSES sample,8778
O(c1ccc(C(NCc2ccc(F)cc2)=O)cc1)C,MOSES sample,8779
c12c(cc(C(C(C)C)=O)cc1)N(CCN1CCOCC1)C(=O)C(C)O2,MOSES sample,8780
CN(C(=O)c1ccccn1)c1ccccc1S(C)(=O)=O,MOSES sample,8781
c1(cc(ccc1)OC)CNC(c1ccc(CNC(N)=O)cc1)=O,MOSES sample,8782
C1CN(CCC1Nc1cc(C)ncn1)C(=O)Cc1c(C)onc1C,MOSES sample,8783
CCc1c(C)nc(N2CCN(Cc3cccc(F)c3)C(=O)C2)[nH]c1=O,MOSES sample,8784
O(c1c(cccc1)Cn1c(c(C(=O)N)cn(c1=O)C1CC1)=O)C,MOSES sample,8785
Cc1cc(CN2CC3CN(Cc4ccc(C)cc4)C(=O)C3C2)no1,MOSES sample,8786
Cc1ccc(NC2(C(=O)N3CCN(CC3)CCO)CCCC2)cc1C,MOSES sample,8787
n1(CC(N2C3C(OCC2)C(CC3)OCc2cnccc2)=O)ccnc1,MOSES sample,8788
C1C(COCCN1C(=O)Cc1nc(C)sc1)CO,MOSES sample,8789
N(C)(C(=O)C1CC(=O)N(C1)CCc1ccccc1)C(C)C,MOSES sample,8790
C(Cn1c(nnn1)NCc1cc(OC)c(OC)cc1)=C,MOSES sample,8791
c1csc2c1CN(C(=O)NC1C(=O)NCCCC1)CC2,MOSES sample,8792
c1c(ncc(n1)C(=O)NCCCNS(C)(=O)=O)C,MOSES sample,8793
N1(C(C)(C)CO)CC(C(N2CCC(C(N)=O)CC2)=O)CC1=O,MOSES sample,8794
CC(=O)N(C)c1ccc(cc1)NC(=O)c1ccc(cc1)F,MOSES sample,8795
N(C)(C)c1nc(nc(n1)NCC(=O)N1CCCC1)OC,MOSES sample,8796
c1ccc(nc1)SC(C)C(=O)Nc1ccc(C(=O)N)cc1,MOSES sample,8797
N1(C(c2cnc3c(c(n[nH]3)C)c2)=O)C(CCCCC1)c1ccncc1,MOSES sample,8798
c1ccc(cc1)C(=O)N1CCN(C(=O)CSc2ccccn2)CC1,MOSES sample,8799
n1cccc(c1)C(N1CCN(C(=O)CC(C)(C)C)CC1)=O,MOSES sample,8800
c12c(cnn1cccc2)CNC(=O)C(C)Sc1scnn1,MOSES sample,8801
O=C(COc1ccc2ccccc2c1)Nc1ccc2[nH]c(=O)[nH]c2c1,MOSES sample,8802
Cc1ccc(S(=O)(=O)NCC2CN3CCCCC3CO2)s1,MOSES sample,8803
C1C(CCN(C1C)C(=O)c1c(cccc1)SC)C,MOSES sample,8804
s1cc(nc1C)CS(=O)(=O)c1ccc(cn1)C,MOSES sample,8805
C1CN(Cc2c(C)ncs2)CC(C1)c1nccnc1N(C)C,MOSES sample,8806
Cc1ccc(-n2nnnc2NC(C)c2cnn(C)c2)cc1,MOSES sample,8807
c1(ccc(OCCN(C(c2ccccc2OC)=O)C)cc1)Cl,MOSES sample,8808
n1cc(cnc1)-c1ccc(C(NC(=O)c2nccnc2)C)cc1,MOSES sample,8809
Fc1c(ccc(F)c1F)-c1nn2c(nc(c2C#N)C(N)=O)s1,MOSES sample,8810
n1c(N2CCCC(N3CCCC3=O)C2)cc(C)nc1N,MOSES sample,8811
CCOc1c(cccc1)NC(=O)c1cccc(c1)F,MOSES sample,8812
COC(=O)c1cc(-c2ccc(S(C)(=O)=O)o2)nc2cc(F)ccc12,MOSES sample,8813
C(=O)(NCCc1c(n(C)nc1C)C)N1CCCC1c1cccc(c1)F,MOSES sample,8814
c1cccc2c1C(N(S2(=O)=O)Cc1ccc(C#N)cc1)=O,MOSES sample,8815
N(C(COc1c(C)c(C)ccc1C)=O)c1cn(c(cc1)=O)CCOC,MOSES sample,8816
c1cc(C(=O)N2CC(CC)C(CC2)CC(=O)NCCC)cnc1C,MOSES sample,8817
c1cccc2nnc(CCCNc3c4c(ncn3)nc(C)cc4C)n21,MOSES sample,8818
CC(C)(C)C(=O)N1CCN(S(=O)(=O)c2ccccc2Cl)CC1,MOSES sample,8819
O=C(Cc1cccs1)NCC1CCN(c2cnccn2)CC1,MOSES sample,8820
C=CCNC(=O)Nc1nnc(SCCOC)s1,MOSES sample,8821
S(=O)(=O)(c1cc(F)cc(F)c1)N1CCC(C1)O,MOSES sample,8822
Cc1cc2nc(C)c(=O)n(CC(=O)Nc3cccc(F)c3)c2cc1C,MOSES sample,8823
C(NCCOC)(=O)CCC(=O)c1ccc(c(c1)F)O,MOSES sample,8824
NC(NC(C)C(NCC(C)(c1cc(ccc1)Cl)C)=O)=O,MOSES sample,8825
C(c1cc(C#N)ccc1)n1c(nc2c1ncc(Cl)c2)C(=O)C,MOSES sample,8826
C1OCCC(CC(Nc2ccc(OC3CCCC3)cc2)=O)C1,MOSES sample,8827
c1(cccc(c1)-n1cncn1)C(N(C(C)C1CC1)C1CC1)=O,MOSES sample,8828
CCNC(=O)C1CCN(C(=O)c2csc3c2CCCC3)CC1,MOSES sample,8829
c1(n(cnc1)C(F)F)CN1CCN(CC1)Cc1nc2c([nH]1)cccc2,MOSES sample,8830
n1(-c2cc(C)ccc2)nnnc1SCC(Nc1ccccc1)=O,MOSES sample,8831
Cc1ccc(OCC(=O)NCC#CCOc2ccccc2C(N)=O)cc1,MOSES sample,8832
FC(F)COc1ncc(cc1)C(NCc1c[nH]nc1)=O,MOSES sample,8833
NC(=O)c1c(Cl)cccc1NCc1cccc(O)c1,MOSES sample,8834
C(C)(C1C(=NC(C)(N=C1C)C)C(c1sccc1)=N)C,MOSES sample,8835
n1cc(N(C)C(C2Cc3ccccc3CN2C(=O)C2CC2)=O)cnc1,MOSES sample,8836
N1(CCN(CC1)c1cnccn1)C(=O)c1cc2-c3ccccc3Cc2cn1,MOSES sample,8837
CCN1CCN(C(=O)c2ccc3c(c2)[nH]c(=O)n3-c2ccccc2)CC1,MOSES sample,8838
c1c(Cl)cc(F)c(c1)Cn1c(nc2ccccc21)CO,MOSES sample,8839
COc1ccc(-c2c3n(ccn2)c(C(=O)NCCCOC)nn3)cc1,MOSES sample,8840
C(c1cc2[nH]ccc2nc1)(NC(C(=O)N)c1ccccc1)=O,MOSES sample,8841
C1c2c(nc(s2)CC)CCN1CC(=O)c1c(F)cccc1,MOSES sample,8842
c1(ccc(cc1)C#N)C(=O)Nc1c(nc(s1)C)CC(=O)OC,MOSES sample,8843
n1ccncc1NCc1nc(-c2cccc(c2)OC)[nH]n1,MOSES sample,8844
COC(=O)N1CCC(NS(=O)(=O)c2ccc(C)s2)CC1,MOSES sample,8845
C1CCC(NC(Nc2cc(c(cc2)C(=O)C)C)=O)c2c1occ2,MOSES sample,8846
Cc1ccc(CN(C)S(=O)(=O)c2ccccc2)o1,MOSES sample,8847
c1cc(c(c(c1)Cl)C(NC(C)CO)=O)Cl,MOSES sample,8848
C1C(c2cn(nc2)C)Cc2c(c(c(s2)NC(=O)C2CCC2)C#N)C1,MOSES sample,8849
Cc1ccc2nc(C)c(C)c(C(=O)N3CCC(C)CC3)c2c1,MOSES sample,8850
n1c(NC(NC(c2cn(nc2C)C)C)=O)c(oc1-c1cccs1)C,MOSES sample,8851
N(C)(C(=O)CCC(c1ccc2CCCCc2c1)O)C,MOSES sample,8852
COc1cccc(CNC(=O)C(C)NC(=O)c2cccc(C)c2)c1,MOSES sample,8853
c1c(c(OC)cc2c1NC(=O)CC2c1nc2c(cccc2)[nH]1)OC,MOSES sample,8854
C1C(c2c(cccc2)O1)C(=O)NCCC(NCc1ccc(F)cc1)=O,MOSES sample,8855
CS(=O)(N1CCCN(CC1)Cc1nnnn1C1CC1)=O,MOSES sample,8856
C(c1c(O)c(Cl)cc(-c2nc(CCC)[nH]c2)c1)O,MOSES sample,8857
c1(cnc2n(C)c(n(C)c(=O)c2c1)=O)C(NCc1sccc1)=O,MOSES sample,8858
c1ccccc1-c1nnc(-c2c(cccc2)C(C)=O)s1,MOSES sample,8859
C1CN(CCO1)CCNc1ncnc2c1c(c(s2)C(OCC)=O)C,MOSES sample,8860
S(=O)(N1CCCC1c1nc(ccc1)Nc1nccnc1)(=O)C,MOSES sample,8861
Cc1cnc(C(=O)NCc2nc3ccccc3n2C)cn1,MOSES sample,8862
C(CCc1nccs1)NC(C)c1ccc(cc1)Cl,MOSES sample,8863
CCCCS(=O)(=O)N1CCN(S(=O)(=O)c2cccnc2)CC1,MOSES sample,8864
C(c1ccc(Cl)cc1)(=O)NCCNC(=O)N1C(COCC1)C1CC1,MOSES sample,8865
C1(CCC1)Oc1cc(ccn1)C(=O)NC(C#N)c1ccccc1F,MOSES sample,8866
CCc1sc(CNc2cn(-c3ccccc3)nc2)nn1,MOSES sample,8867
c1(ccc(F)c(c1)F)NCC(N(C)Cc1ccccc1)=O,MOSES sample,8868
c1c(ccc(c1)C(=O)Nc1c(N)cc(cc1)Cl)F,MOSES sample,8869
N(C(Nc1cc(ccc1)NC(C)=O)=O)(CCO)C1CC1,MOSES sample,8870
C=CCNC(=O)Nc1ccc(N(C)C(=O)OC)cc1,MOSES sample,8871
c1(ccc(C)cc1)CNC(=O)NCC(N1C(CCCC1)C)=O,MOSES sample,8872
c1(n(nc(C)c1CCN(C(COC)=O)Cc1ccsc1)C)C,MOSES sample,8873
c1nc(-c2ccc(Cl)cc2)ncc1C(=O)NCc1csc(n1)C,MOSES sample,8874
c1(ccc(c(c1)OC)S(=O)(NC(C)(C)C)=O)N,MOSES sample,8875
CC(=O)Nc1ccc(C(=O)OCC(=O)Nc2ccccc2F)cc1,MOSES sample,8876
c1cc(ccc1C)COc1coc(C(=O)Nc2nncs2)cc1=O,MOSES sample,8877
c1(C)c(cc(n1C1CC1)-c1cc2c(OCO2)cc1)C(C)=O,MOSES sample,8878
c1(n(nc(c1)C)C1CCN(C(c2cccs2)=O)C1)C,MOSES sample,8879
c1cc(C(NCCC(C)C)=O)ccc1-c1ocnc1,MOSES sample,8880
c1ccc(OCc2nn(CCO)c(c2)N)c(C)c1C,MOSES sample,8881
c1(c2c(C(NS(C(C)C)(=O)=O)CC2)ccc1)O,MOSES sample,8882
Cc1csc(C2CCCCN2C(=O)CCCc2ccccn2)n1,MOSES sample,8883
C1Cc2c(ccc(NC(=O)COc3ccc(F)cc3F)c2)N1C(=O)C,MOSES sample,8884
C1N(c2ccccc2C)CCN(C1)C(=O)C(C)Oc1cc(C#N)ccc1,MOSES sample,8885
CC(C)(CC(=O)N1CCCN(C(C)=O)CC1)c1ccc(Cl)cc1,MOSES sample,8886
O=C(c1c[nH]nc1-c1ccc(Cl)cc1)N1CCC2(CCO2)CC1,MOSES sample,8887
n1c2CCCCn2c(CNC(=O)N2CCC(CC2c2ccco2)C)n1,MOSES sample,8888
o1cnc2c1ccc(c2)NC(c1cc2c(ccn(c2=O)C(C)C)n1C)=O,MOSES sample,8889
NC(=O)C(NC(c1ccn(c(c1)=O)C)=O)C(C)CC,MOSES sample,8890
CCC(=O)NC(c1ccccc1)c1cccc(S(C)(=O)=O)c1,MOSES sample,8891
O=C1CN(S(=O)(=O)c2cc(F)cc(F)c2)CCN1,MOSES sample,8892
c12c(nc(c([nH]2)=O)C(OC)=O)cc(Br)cc1,MOSES sample,8893
C(=O)(N1CCCC1C(n1c2ccccc2nn1)=O)c1ccccc1C,MOSES sample,8894
CNc1snc(C)c1C(=O)Nc1cccc(N2CCNC2=O)c1,MOSES sample,8895
Cn1ncc(c1)CN(C(Cn1nc(N)nc1)=O)C,MOSES sample,8896
n1(-c2cc(ccc2C)C)nnnc1-c1ccc(N)cc1,MOSES sample,8897
n1(c(N)nnc1SCC(Nc1cnccc1)=O)CC,MOSES sample,8898
n1(CC(NC(C)c2ccccc2)=O)c(c2c(sc(c2)C)nc1)=O,MOSES sample,8899
C1CN(C(=O)CNc2c(c(ccc2)F)F)c2ccccc12,MOSES sample,8900
C1N(C(=O)CNC(N)=O)CCc2ccc(Br)cc12,MOSES sample,8901
c1ccc2c(n1)c(cc(c2)F)CNc1cn(nc1)C,MOSES sample,8902
O=C(COc1ccc(Cl)cc1C(N)=O)NCC=C,MOSES sample,8903
c1(NC(=O)c2nc(NC(=O)C3CC3)sc2)ccncc1,MOSES sample,8904
O=c1n(CC(N(CC(OCC)=O)CC)=O)cnc2c1ccs2,MOSES sample,8905
O=S(=O)(c1ccc(C(N)=O)cc1)N1CC(c2onc(C)n2)C1,MOSES sample,8906
o1c2cc(ccc2nc1)C(=O)Nc1c(oc2c(cccc2c1)OC)=O,MOSES sample,8907
Cc1ccc(S(=O)CC(c2ccccc2)=O)cc1C,MOSES sample,8908
C1C2(C(OCC)CCCN2)CCN(Cc2ccsc2)C1,MOSES sample,8909
c1nc(CNC(c2c(n3c(nc2)scc3)=O)=O)c(C)cc1,MOSES sample,8910
O=C(Cn1cc(Cl)cn1)c1c[nH]c2ccccc12,MOSES sample,8911
Cc1cccc(c1)-n1c(cc(-c2c(C)cc(O)cc2)n1)N,MOSES sample,8912
C1CN(C(CO1)C1CC1)C(C(C)Oc1cccc(c1)Cl)=O,MOSES sample,8913
O=S(=O)(Cc1cccc(F)c1)N1CCCCC1,MOSES sample,8914
c1(ccc(nc1)OC)C(Nc1cc(ccc1)S(=O)(=O)N)=O,MOSES sample,8915
CC(C)C(=O)Nc1ccc(N2CC(C(N)=O)CC2=O)cc1,MOSES sample,8916
C1C(C)CCN(C(=O)c2ccc3n(c2)c(nn3)CCc2ccccc2)C1,MOSES sample,8917
C(c1cccc(F)c1)C(Nc1nnc(CSc2ccccc2)o1)=O,MOSES sample,8918
c1ccc2C(CC(=O)NCCOc3c(cccc3C)C)OC(c2c1)=O,MOSES sample,8919
n1(nc(cc1)NCCC(N(C(C)C)C)=O)-c1c(cccn1)Cl,MOSES sample,8920
c1(C(C)C)cnc(COc2ccc(cc2)C(C)O)o1,MOSES sample,8921
c1cc(ccc1Sc1ccccc1)C(=O)NC(C(NCC)=O)C,MOSES sample,8922
c1(cc(no1)C(=O)N1CCOCC1)-c1ccc(OC)cc1,MOSES sample,8923
c1cc(ccc1OCCCN1C(=O)CC(CO)C1)Cl,MOSES sample,8924
c1c(ccc(OC)c1)C(C(C)C)NC(=O)NCCc1nc(no1)C,MOSES sample,8925
n1cc(C(=O)OCCCc2sccc2)ccc1N1CCOCC1,MOSES sample,8926
c1(cc(cc(c1OC)F)NC(=O)NC(C1CC1)(CO)C)F,MOSES sample,8927
C(NCC1C(C)C1)(NCc1ccc(OC(C)C)cc1)=O,MOSES sample,8928
c1c2cc(CNC(=O)C3COc4ccccc4O3)oc2ccc1,MOSES sample,8929
C(Nc1nc2c(s1)CCC2)(CN1CCOc2c1cc(cc2)F)=O,MOSES sample,8930
CNC(=O)C(NC(=O)NCc1nc(C2CC2)no1)c1ccccc1,MOSES sample,8931
Cc1ccc(-c2cn[nH]c2C2CCCN(S(C)(=O)=O)C2)cc1,MOSES sample,8932
Cc1cc(C)c(S(=O)(=O)NC2CCCC(O)C2)c(C)c1,MOSES sample,8933
c1cc2OCCOc2cc1CCC(N(C(c1cnccc1)C)CC)=O,MOSES sample,8934
CCN(c1ccccc1)C(CSc1nccn1C)=O,MOSES sample,8935
C=CCn1c(SCC(=O)C2CC=CN=2)nnc1-c1c(O)cccc1,MOSES sample,8936
O=C(NCc1c([nH]c(cc1C)C)=O)c1ccc(OC)c(c1OC)OC,MOSES sample,8937
C(c1cnc(s1)Cc1cc(OC)c(cc1)OC)(C)=O,MOSES sample,8938
c1c(CNC(C2(O)CCCC2)=O)cccc1COC(C)(C)C,MOSES sample,8939
C(NC(C)(C)CC)(=O)C1CSc2nccc(n2C1)=O,MOSES sample,8940
CC(C)CNC(=O)c1cc2c(cc1)N(S(=O)(CC)=O)CC2,MOSES sample,8941
C(=O)(NCC1(c2ccccc2)CC1)NCC1CN2C(CCCC2)CO1,MOSES sample,8942
CNC(c1cccc(c1)COc1cc(ccc1)NC(=O)OCC)=O,MOSES sample,8943
O(C)c1cc(C2c3cc(c(cc3CCN2)O)OC)ccc1OC,MOSES sample,8944
O=C(c1c(n(C)c(C)cc1C)=O)N1CCN(CC1)c1ccc(F)cc1,MOSES sample,8945
C(CN(C)S(=O)(=O)N(C)Cc1ccccc1)C#N,MOSES sample,8946
O=C(CCc1ccc2cc[nH]c2c1)NCC1CCCO1,MOSES sample,8947
c1cccc(c1)CN(C(=O)c1cc(NC(C)=O)ccc1F)C,MOSES sample,8948
c1(CC(=O)N2CCCC(C2)c2nnc(-c3occc3)o2)ccccc1,MOSES sample,8949
C1CC(C(N2CC(c3ncccc3)C2)=O)CCN1C(=O)c1occc1,MOSES sample,8950
Cc1csc(=O)n1CCC(=O)N1CC2CC(O)C(O)CC2C1,MOSES sample,8951
Cc1cc(Cl)ccc1S(=O)(=O)N1CCOC(C)(C)C1,MOSES sample,8952
CC(NC(=O)c1occc1CS(=O)(=O)c1ccccc1)C(N)=O,MOSES sample,8953
Cc1cc(NCc2c[nH]nc2-c2cccnc2)n2ncnc2n1,MOSES sample,8954
C1C(CCN(C1)C(=O)N(C)C)C(Nc1ccc(cc1OC)OC)=O,MOSES sample,8955
CC(CC(=O)OCC)CNC(=O)c1cc2c(CCC2)cc1,MOSES sample,8956
C=CCn1c(C)cc(C(=O)COc2ccc(C(C)=O)cc2C)c1C,MOSES sample,8957
Cc1cccc(OCCn2nnc(CCCO)c2C)c1,MOSES sample,8958
n1(c(nc2c1cccc2N)COc1ccccc1)CCO,MOSES sample,8959
CCc1ncc(C(=O)NCc2cc(Cl)c3c(c2)OCCO3)cn1,MOSES sample,8960
c1(CCCC(=O)OC)sc(cc1Br)CC,MOSES sample,8961
COc1c(OCCSc2scnn2)cccc1,MOSES sample,8962
N#Cc1ccc(cc1)OCCN1CCOCC1C1CC1,MOSES sample,8963
CC1CN(C(=O)CNC(=O)c2cc(F)cc(F)c2)c2ccccc21,MOSES sample,8964
c1c2c(ccc1)NC(C(CCC(NCC(C)C)=O)C2)=O,MOSES sample,8965
O=C(NC1CCCC1)C(Sc1nnc(-c2ccncc2)o1)C,MOSES sample,8966
Cc1c(cco1)-c1nc(NCCc2c[nH]c3c2cccc3)[nH]n1,MOSES sample,8967
C(C)Sc1cc(ccn1)C(=O)N(C)c1ccccc1S(=O)(=O)C,MOSES sample,8968
c1c(S(=O)(C)=O)c(NC(c2cc(F)ccc2F)=O)ccc1,MOSES sample,8969
c1c(cc(c(c1)C)N)-c1sc(C)nc1C(C)O,MOSES sample,8970
O=C1CNc2c(cc(cc2)Br)N1CCC(C)C,MOSES sample,8971
CS(=O)(=O)c1ccc(-n2ncc3c2CCCC32CC(N2)=O)cc1,MOSES sample,8972
c1csc(CCSc2nnc(NCC3CCCO3)s2)c1,MOSES sample,8973
n1cn(CC(O)c2ccc(CCC)cc2)c(c2c1scc2)=O,MOSES sample,8974
C12(N(CCO)Cc3ccc(OC)c(c13)OC)CCCC2,MOSES sample,8975
CC(=O)NCCNC(=O)NC1CCCc2occc21,MOSES sample,8976
[nH]1nc(NC(c2ccc(cc2)-n2nncc2)=O)cc1-c1ccncc1,MOSES sample,8977
O=C(C(C)n1cc(CO)c2c1cc(cc2)O)OCCOC,MOSES sample,8978
C(Nc1ccc(cc1)CC#N)(=O)c1c2ccccc2[nH]n1,MOSES sample,8979
n1cc(Oc2c(C)cccc2C)ccc1NC(=O)NCc1n(ncn1)C,MOSES sample,8980
CC1(OC2C(OCC2O1)n1cnc2c1c([nH]c(n2)N1CCCC1)=O)C,MOSES sample,8981
COc1ccccc1NC(=O)CCC1Cc2ccccc2NC1=O,MOSES sample,8982
C1CCc2oc3c(c2C1)cc(OCC(OC)=O)cc3,MOSES sample,8983
C(Oc1cc2c(OC(c3ccccc3)C2NC(=O)C)cc1)C,MOSES sample,8984
C1(=O)C(N(C(=O)c2ccccc2N1)CC(F)(F)F)C(C)C,MOSES sample,8985
c12c(cccc1)c(C(=O)NC1CCN(C(=O)OC)CC1)cs2,MOSES sample,8986
C(NCC1CCN(CC1)C(CCn1cncn1)=O)(=O)c1occc1,MOSES sample,8987
C1N(c2ccccc2NC1=O)C(c1cc2[nH]c(c(=O)n(c2cc1)C)=O)=O,MOSES sample,8988
O=C(OCC1CCCCO1)c1cccc(-c2noc(C3CC3)n2)c1,MOSES sample,8989
c1cc2oc(C(=O)NCc3ccccc3Br)cc2nc1,MOSES sample,8990
CC(N(C)C(NCc1ccc(cc1)F)=O)c1cccnc1,MOSES sample,8991
Clc1c(N2C(CCC2)c2ccncc2)nccc1,MOSES sample,8992
Cc1cc(N2CC(CC(C)C2)C)n2c(n1)c(c(C)n2)C#N,MOSES sample,8993
C1COC(CCOC)CN1c1sc2c(ccc(c2n1)C)OC,MOSES sample,8994
CNC(CN(C)C(c1c(N)c(ns1)-c1cccc(c1)F)=O)=O,MOSES sample,8995
O=c1ccc(C(=O)Nc2sc3c(CCCC3)c2C#N)c[nH]1,MOSES sample,8996
N(C(=O)COC(c1cscn1)=O)c1ccccc1OC,MOSES sample,8997
C(c1ccc(cc1)N(C(=O)c1nc(C)ccc1)C(C)C)(OC)=O,MOSES sample,8998
O(Cc1nc(sc1-c1nnc(s1)NC)-c1ccccc1C)C,MOSES sample,8999
O=C(NCc1csc(C2CC2)n1)c1csc(-c2ccco2)n1,MOSES sample,9000
c1cc2c(cc1)c(=O)c(c1c(cc(OC)c(OC)c1O)n2C)C#N,MOSES sample,9001
c1ccc(CNCC(c2c(C)cc(c(C)c2)OCC)=O)cn1,MOSES sample,9002
c1(c(F)cccc1)CNC(=O)C1CCN(CC1)c1ccc(C)c(c1)F,MOSES sample,9003
C1C(C(C(OC)=O)CN1Cc1n2c(nc1C)ccc(Cl)c2)F,MOSES sample,9004
Cc1nc(-c2ccccn2)[nH]c(=O)c1CC(=O)NC1CC(C)(C)OC1,MOSES sample,9005
Clc1c(ncc(C(N)=O)c1)-n1nc(cc1C)C,MOSES sample,9006
o1c(nc2cccnc12)-c1ccc(cc1)NC(=O)c1cocc1,MOSES sample,9007
N(C(c1c(c(ccc1)OC)F)=O)c1cccc(c1F)F,MOSES sample,9008
c1c(ccc(c1Cl)OC(C)C)C(C(F)(F)F)N,MOSES sample,9009
n1c(c(c(n1C)-n1cccc1)CNc1nnc(C2CC2)s1)C,MOSES sample,9010
CC(C#N)N1CCN(CC(=O)Nc2ccc3c(c2)OCCO3)CC1,MOSES sample,9011
COCC1CN(C(=O)c2cnc3ccccc3n2)Cc2ccnn2C1,MOSES sample,9012
Cc1ccc(NC(=O)C23CCC(C)(C(=O)O2)C3(C)C)c(F)c1,MOSES sample,9013
C(N1CCN(CC1)Cc1nc(C)on1)(COc1c(C)cc(C)cc1)=O,MOSES sample,9014
c1(COc2ccc(CO)cc2Br)nc(oc1)-c1ccco1,MOSES sample,9015
O=C(C(C)Oc1cc(C)ccc1C)N1CCCCC1,MOSES sample,9016
c1(c(NC(c2onc(c2)C)=O)cc(cc1)NC(=O)C)C,MOSES sample,9017
c1(ccccn1)COCC1CN(Cc2n(ccn2)C1)Cc1ccncc1,MOSES sample,9018
c1c(cccc1S(=O)(=O)C)C(=O)Nc1c(O)ccc(C)c1,MOSES sample,9019
c1c(c(C)ccc1F)C(=O)Nc1cc(ccc1)C(C1CC1)=O,MOSES sample,9020
N1(CCN(C(=O)c2cn(c(cc2)=O)C)CC1)Cc1cc(C)no1,MOSES sample,9021
O=S(=O)(c1ccc(F)c(F)c1)N(Cc1ccon1)C1CC1,MOSES sample,9022
c1(ccccc1C(=O)N)NC(=O)C(Oc1cc(ccc1Cl)C)C,MOSES sample,9023
c1cc(C#N)cc(c1)C(Nc1cc(ccc1)-n1nnnc1SC)=O,MOSES sample,9024
c1c(ccc(F)c1)C(=O)NCC1CCN(C(c2cocc2)=O)CC1,MOSES sample,9025
N#CC(C(=O)c1cc(on1)C)c1nc(C)c(c(n1)C)C,MOSES sample,9026
c1cc(CN2CCCC(c3n[nH]c(n3)-c3cncn3C)C2)ncc1,MOSES sample,9027
c1(c(cccc1)NC(COc1cc(NC(=O)C2CC2)ccc1)=O)C,MOSES sample,9028
C1CN(C(=O)c2c3c(C)noc3nc(c2)C2CC2)CCN1CCO,MOSES sample,9029
Cc1cccc(C)c1NC(c1ccc(S(C)=O)cc1)=O,MOSES sample,9030
c1(-c2cnnc(n2)NC2CC2)c(F)ccc(c1)Cl,MOSES sample,9031
O=C(Nc1ccc2c(c1)C(=O)NCC2)c1ccc(F)c(F)c1,MOSES sample,9032
O=C(Nc1cc(ccc1OC)N)Sc1ccc(cc1)C,MOSES sample,9033
CSc1ccc(Cl)c(C(=O)NCc2cn[nH]c2)c1,MOSES sample,9034
N(c1ncccn1)C1CCN(CC1)S(c1cc(ccc1C)C)(=O)=O,MOSES sample,9035
O=C(c1ccoc1)N1CCN(Cc2ccccn2)CC1,MOSES sample,9036
c1c(nc(C)s1)C(Nc1cnc(cc1)-n1cncc1)=O,MOSES sample,9037
c1cc(cc(C(N2CC3CCC2C3OCC)=O)c1)OCC(N)=O,MOSES sample,9038
c1n(ncc1NC(C(Sc1ncccc1)C)=O)CC(F)(F)F,MOSES sample,9039
c1cccc(c1)CC(NC(=O)c1[nH]nc(c1)C)C1CC1,MOSES sample,9040
Cc1c(C2N(CCC2)c2nc(nc3c2cnn3C)C)c(n(C)n1)OC,MOSES sample,9041
c1(N)ccc(-c2n(CC#N)c3c(cc(cc3)O)n2)cc1,MOSES sample,9042
O=C1c2c(cccc2)CC(=O)N1Cc1ccccc1,MOSES sample,9043
CC(C)(OC(NCC(N1CCOCC1)c1ccc(OC)cc1)=O)C,MOSES sample,9044
CNC(=O)c1ccc(Cl)cc1NC(=O)COc1ccc(C)cc1,MOSES sample,9045
CC(=O)N(C)C1CCN(C(=O)NCCN2CCc3ccccc32)CC1,MOSES sample,9046
Cn1c2ccccc2c2ccc(NC(=O)c3ccccn3)cc21,MOSES sample,9047
COc1cccc(C(=O)NC2CCN(c3ncccn3)CC2)c1OC,MOSES sample,9048
COc1cccc(OCC(=O)NCCc2cc(C)no2)c1,MOSES sample,9049
O(c1ccc(cc1C(C)=O)F)CC1CCCCO1,MOSES sample,9050
c1cc(N2CC(CC2=O)C(=O)NC2CCCCC2C)ccc1OC,MOSES sample,9051
O=C(Oc1cccc(c1)C)COc1ccccc1F,MOSES sample,9052
c1(C(=O)Nc2ccc(OC)nc2)n(C)cc(C(N)=O)c1,MOSES sample,9053
C(OC)(c1ccc(NC(COc2cc3c(cc(cc3)F)cc2)=O)cc1)=O,MOSES sample,9054
N(c1c(ccc(c1)OC)F)C(c1sc(nc1C)COC)=O,MOSES sample,9055
N1(C(=O)CCc2nc3c(c(C)c(C)s3)c([nH]2)=O)CCN(CC1)C,MOSES sample,9056
c1cc(N)cc2c1N(CC(C)N2C)CC(OC(C)COC)=O,MOSES sample,9057
O=C(Cc1c(cccc1)C)Nc1nc(cs1)-c1ccccn1,MOSES sample,9058
CC(C)c1nn(C)c(C(N(C)C(C)c2c(F)cccc2)=O)c1,MOSES sample,9059
C(NCc1ccccn1)(c1c2COCCc2n[nH]1)=O,MOSES sample,9060
N(CC(Nc1cc(C(N2CCN(C)CC2)=O)ccc1)=O)C(NC)=O,MOSES sample,9061
Cc1cccc(-n2nnnc2SCc2noc(C3CC3)n2)c1C,MOSES sample,9062
CCn1nc(C)c(C(=O)Nc2cc(Cl)ccc2F)c1C,MOSES sample,9063
CCn1ncc(-c2ccc3c(c2)OCCCO3)c(CC#N)c1=O,MOSES sample,9064
C1CCN(CCN1c1c(C)cccc1)C(=O)NCC=C,MOSES sample,9065
c1cccc(C(NC(C)CN2C(CCC2)=O)=O)c1OC(F)(F)F,MOSES sample,9066
CN(C(c1cc(C)c(NC(N(CC(C)C)C)=O)cc1)=O)C,MOSES sample,9067
COCC(NC(=O)c1ccc(-n2cc(C)cn2)cc1)C(N)=O,MOSES sample,9068
C(CSc1cccc(c1)F)(=O)NCc1cn(nn1)-c1ccccc1,MOSES sample,9069
c1(cc2nnc(n2cc1)C(F)(F)F)C(=O)Nc1c(nsc1C)C,MOSES sample,9070
C(N(Cc1ccc(cc1)C(=O)NC)C)(c1cnc2ccc(C)cn12)=O,MOSES sample,9071
N1(C(C(=O)Nc2ccccc2Cl)CCC1)C(CCC)=O,MOSES sample,9072
Cc1nc(N(C)C)sc1CN1CCCN(c2cccs2)CC1,MOSES sample,9073
c1c(-c2n(C)cnn2)cc(cc1)NC(c1cn[nH]n1)=O,MOSES sample,9074
c1cc(F)ccc1Cn1c(=O)cc(C2CCC2)nc1,MOSES sample,9075
CCC(C)N(CCOC)C(=O)c1cc(F)cc(Br)c1,MOSES sample,9076
O=C(C1CC1)N1CCCN(c2nc(-c3ccccc3)no2)CC1,MOSES sample,9077
C1CCCC(OC(c2c3ccccc3[nH]n2)=O)C1=O,MOSES sample,9078
c12NC(CN3CCCc4cccc(c43)F)=NS(=O)(=O)c2cccc1,MOSES sample,9079
C1c2ccccc2N(CCNc2nc(N)nc3[nH]cnc23)C1,MOSES sample,9080
C1N(C)C(C(N(C1)c1cnccn1)c1ccccc1)=O,MOSES sample,9081
c12ncnc(c1CN(CC2)C(c1c(=O)[nH]ccc1)=O)-c1ccccc1,MOSES sample,9082
O=C(c1cc(NC(c2cc(nc3c2c(nn3C)C)C)=O)c[nH]1)OC,MOSES sample,9083
c1cc(C(N)=O)cs1,MOSES sample,9084
c1(cc(c(cc1)CCNC(=O)c1cn(CC)nc1)C)F,MOSES sample,9085
c1(cc(C(F)(F)F)c(nc1)N)OC1CCCCC1,MOSES sample,9086
COC(=O)NCC(=O)Nc1ncc(Cc2ccc(C)cc2)s1,MOSES sample,9087
c1(CC(=O)Nc2c(C(=O)OCC)c3c(s2)CCCC3)onc(C)c1,MOSES sample,9088
O(CC)C(=O)CCNC(c1ccc(cc1O)C)=O,MOSES sample,9089
n1(cnnc1)-c1c(C(Nc2ccc(c3c2[nH]nc3)C)=O)cccc1,MOSES sample,9090
CCC1(CNC(=O)NCc2ccc(Cn3cncn3)cc2)CCC1,MOSES sample,9091
c1cc2c(c(nn2-c2cc(Cl)cc(Cl)c2)C(=O)NCC=C)nc1,MOSES sample,9092
O=S(=O)(NCc1cnn2ccccc12)N1CCOCC1,MOSES sample,9093
COc1cc(OC)cc(C(=O)NCC(O)c2ccc(F)cc2)c1,MOSES sample,9094
C(CNC(=O)Nc1cc2CN(S(=O)(CC)=O)CCc2cc1)C(C)C,MOSES sample,9095
O=C(Cc1ccc2c(c1)OCC2)NCCC(O)c1ccco1,MOSES sample,9096
Cc1nc2n(nc(SC(C)C(=O)NCC(F)(F)F)n2)c(c1)C,MOSES sample,9097
c1cc(ccc1CN(CCOC)C(c1c[nH]c(=O)cc1)=O)-n1nccc1,MOSES sample,9098
CC(C)CC(C(=O)N(C)C)NC(Cc1ccccc1)=O,MOSES sample,9099
CCc1ccc(C(=O)CCC(=O)Nc2cc(C)nn2C)cc1,MOSES sample,9100
COc1cccc(CC(=O)Nc2ccc(C(=O)NCC(N)=O)cc2)c1,MOSES sample,9101
C1N(C(c2ccc(-c3ccccc3)cc2)=O)CC1C(=O)N,MOSES sample,9102
N(C(=O)C1CSc2nccc(=O)n2C1)CCc1ccc(F)cc1,MOSES sample,9103
C(CNC(c1ccc(cc1)F)=O)(NCCOc1ccccc1)=O,MOSES sample,9104
n1c(noc1CN(Cc1cccc(c1)C(=O)NC1CCCC1C)C)C,MOSES sample,9105
c1cc(c(C(C)=O)cc1S(=O)(NCCOC)=O)Cl,MOSES sample,9106
C(OCC)(c1c(C)c(C(NC(C)CC)=O)c(n1C)C)=O,MOSES sample,9107
c1c(onc1C)CC1C(COC1)NC(Cn1nnnc1)=O,MOSES sample,9108
Fc1cc(CN(C(=O)CN(C)S(=O)(=O)C)C2CC2)ccc1,MOSES sample,9109
c1cc(nc(c1)C(=O)Nc1sc(C)c(n1)C)-n1cccn1,MOSES sample,9110
C(NC(CNC(=O)c1c2ccccc2ccn1)=O)c1cccnc1,MOSES sample,9111
N1(CCN(CC1)S(=O)(=O)N(C)C)C(=O)COc1cccc(c1)C,MOSES sample,9112
O=C(OCC)c1c(C)coc1N1CCN(C(OCC)=O)CC1,MOSES sample,9113
COC(=O)CC(C(=O)c1cccs1)N1CCOCC1,MOSES sample,9114
c1(cc(Cl)ccc1-c1cc(COC(=O)c2nccnc2)no1)Cl,MOSES sample,9115
C1(c2ccc(cc2)Cl)(CC1)C(NC(C)(C)C#N)=O,MOSES sample,9116
Cc1nc(C(=O)Nc2cc(F)c(F)c(F)c2)cs1,MOSES sample,9117
c1cc(CNC(C(CC)CC)C(N)=O)cc(OC)c1,MOSES sample,9118
c1c(ccc(NC(=O)N(Cc2nccn2C(F)F)C)c1)S(C)=O,MOSES sample,9119
c1(ccc2c(c1NCC(=O)NC(C1CC1)(C#N)C)nccc2)Cl,MOSES sample,9120
N(S(=O)(=O)Nc1ccc2CCc3cccc1c32)CC,MOSES sample,9121
COc1ccc(C2CC(=O)c3cnc4cc(C)nn4c3C2)cc1,MOSES sample,9122
c1ccsc1CCNc1ccc(cc1)C(NCC)=O,MOSES sample,9123
C(NC(Nc1ccncc1F)=O)c1c(OC2CCCC2)nccc1,MOSES sample,9124
c1nn(C)cc1CNC(c1oc(nn1)-c1ccc(cc1)F)C,MOSES sample,9125
c1(c(Cc2ccc(cc2)OC)nc(OC)nc1)C(=O)OCC,MOSES sample,9126
C(F)(F)Oc1ccc(cc1)NC(NCC(c1ccc(C)o1)O)=O,MOSES sample,9127
c1(NC(CNC(=O)c2oc(C)cc2)=O)cc(-c2cccs2)n[nH]1,MOSES sample,9128
c1c(NC(CSc2nncn2C2CC2)=O)ccc(OC)c1Cl,MOSES sample,9129
CC(OCc1ccccc1)C(=O)Nc1cccc(N)c1,MOSES sample,9130
c1c(ccc(C(NCC(C)(C)c2ccncc2)=O)c1)N1CCCCC1=O,MOSES sample,9131
C(CCSc1nnnn1C)(=O)Nc1cccc(CC)c1,MOSES sample,9132
CCCC(=O)Nc1ccc(NC(=O)Nc2cccnc2)cc1,MOSES sample,9133
c1(C(NC(=O)CC2CCCC2)C)c(ccc(c1)OC)OC,MOSES sample,9134
S(=O)(=O)(NC1CCN(CC1)C(c1cc(ccc1)-c1cocc1)=O)C,MOSES sample,9135
n1cc(ccn1)C(NC(C(NCc1sc(CC)cc1)=O)C(C)C)=O,MOSES sample,9136
c1(c(c(CC)on1)CNC(c1ncccc1)=O)CC,MOSES sample,9137
OCC(c1n(c2c(cccc2)n1)CC)Nc1ccc(cc1)C(OC)=O,MOSES sample,9138
c1n(nc2C(NC(c3sc(cc3)C)=O)CCCc12)C1CCCC1,MOSES sample,9139
CC(=O)N1CCCN(C(=O)CCCc2c[nH]c3ccccc23)CC1,MOSES sample,9140
c1c(F)cc(c2c1c(ccn2Cc1ccc(cc1)F)=O)F,MOSES sample,9141
Fc1ccc(cc1)NC(Cc1ccc(c(OC)c1)OC)=O,MOSES sample,9142
c1(cccc2C(CC(NCC=C)=O)CC(=O)c21)Cl,MOSES sample,9143
CNc1snc(C)c1C(=O)Nc1cn(C)c(=O)cc1C,MOSES sample,9144
Cc1ccc(C(=O)N2CCC(OCc3ccccc3F)CC2)c(=O)[nH]1,MOSES sample,9145
CC1CCc2c(sc3nc(COC(=O)C4CCC4)[nH]c(=O)c23)C1,MOSES sample,9146
Fc1ccccc1C=Cc1onc(-c2ccc(C#N)cn2)n1,MOSES sample,9147
c1c(OCC(NCc2ccccc2)=O)c(Cl)cc(c1)F,MOSES sample,9148
CC(O)CNC(=O)CSc1ccc2ccccc2c1,MOSES sample,9149
O(c1c(C(N2CCOC3CCCCC23)=O)cc2c(c1)cccc2)C,MOSES sample,9150
c1(N)c(nnn1Cc1ccc(cc1)OC)-c1ccc(cc1)C,MOSES sample,9151
c1c(cccc1)C(NC(CC(C)C)C(Nc1sc(cn1)C)=O)=O,MOSES sample,9152
n1(CCCC(N(C)Cc2cnn(C)c2)=O)cc(cn1)S(=O)(N)=O,MOSES sample,9153
CN1CCN(C2CCN(S(=O)(=O)Cc3ccccc3)CC2)C1=O,MOSES sample,9154
C(N(C1CC1)C(Cc1c2c(c(ccc2)N)[nH]c1)=O)CO,MOSES sample,9155
C(NC(CN(c1ccccc1)C)=O)c1ccoc1,MOSES sample,9156
CCc1nnc(Oc2ccc(OC(=O)C(C)C)cc2)cc1,MOSES sample,9157
c1ccc(-c2csc(S(=O)(=O)Cc3coc(n3)C)n2)cc1,MOSES sample,9158
NC(=O)NCCCCC(=O)N1CCCC1c1ccc[nH]1,MOSES sample,9159
c1(CN(Cc2cnc(C)n2-c2ccccc2)C)sc(C)nc1,MOSES sample,9160
Cc1ccc(cc1)Cn1nnc(C(Nc2ncccc2C)=O)c1,MOSES sample,9161
NC(=O)CCOc1ccc(NC(=O)NC2C=CCCC2)cc1,MOSES sample,9162
N1(CCC(c2ccc(cc2)O)CC1)c1cc(=O)n2ccccc2n1,MOSES sample,9163
C(c1c(nc(C)[nH]c1=O)C)COc1ccc(cc1)C,MOSES sample,9164
O=C(CN1CCOC1=O)NCc1ccc(OC2CCCC2)nc1,MOSES sample,9165
C1N(C(CNC(NCc2ccc(C)cc2)=O)=O)Cc2ccccc2C1,MOSES sample,9166
COc1cc(c(S(=O)(N(C2CC2)C)=O)cc1)F,MOSES sample,9167
c12c(nc([nH]c1=O)C(N1CCN(CC1)C(OCC)=O)C)cccc2,MOSES sample,9168
C(CC1CCCCC1)(N1CCC(C(=O)NCCCC)CC1)=O,MOSES sample,9169
C(C)(C)NC(CCc1nc(-c2cc(OC)c(OC)cc2)no1)=O,MOSES sample,9170
c1(ccc(cc1N)CCc1nnc2ccccc2n1)C(C)C,MOSES sample,9171
CCC1CCCCC1NC(c1nc2nccc(n2n1)C)=O,MOSES sample,9172
C(CNC(=O)c1cnccn1)(Nc1nccs1)=O,MOSES sample,9173
c1(COCc2ccc3OCCOc3c2)n(C2CC2)nnn1,MOSES sample,9174
Cc1c(cccc1C)OCc1cc(n(n1)CCO)N,MOSES sample,9175
n1c(ccnc1NCC(NCc1cccnc1)=O)C,MOSES sample,9176
COCCOC(=O)c1c(NC(C)=O)sc2c1CCCC2,MOSES sample,9177
O(C)C(=O)CCNC(=O)Nc1noc(-c2ccccc2)c1,MOSES sample,9178
Fc1cc2c(=O)c(C(=O)NC3CCOCC3)cn(CC)c2cc1,MOSES sample,9179
C1(c2n(nc(c2)CNC(C(C)OCc2cc(ccc2)OC)=O)C)CC1,MOSES sample,9180
C1C2(CCN(C2)C(=O)c2ccc(OC)cc2)CC1OCC1CC1,MOSES sample,9181
c1(C)nn2c(c(C#N)cnc2c1C#N)-c1c(F)cccc1,MOSES sample,9182
COc1cc(C)ccc1NC(=O)CCC(=O)c1cccs1,MOSES sample,9183
S(c1nc(cnc1)N1Cc2n(c(C(F)(F)F)nn2)CC1)CC,MOSES sample,9184
c1c(cccc1)Oc1cc(CNc2cnns2)ccc1,MOSES sample,9185
c1c(OC)cc2sc(NC(c3ncc(C#N)cc3)=O)nc2c1OC,MOSES sample,9186
C1(OCCC1)CN(C(c1ccsc1)=O)c1ccncc1,MOSES sample,9187
c1occ(c1)-c1cc(ccc1)C(=O)N1CCCC1C(=O)NC,MOSES sample,9188
c1c(CN2C(CCC2)c2n(-c3ccccc3)nnn2)c(C#N)ccc1,MOSES sample,9189
c1(NC(CCc2c(nc(SC)nc2C)C)=O)n[nH]c(C(C)C)n1,MOSES sample,9190
C1n2c(nnc2C2N(C(CC)=O)CCC2)CCCC1,MOSES sample,9191
c1(ccccc1Cl)Cn1cc(c(n1)N)CCC,MOSES sample,9192
C(N(CC)C(=O)c1cc(NC(=O)CC)c(C)cc1)C,MOSES sample,9193
Cc1cc(NC(=O)c2ccccc2SCc2cscn2)n(C)n1,MOSES sample,9194
c1c(C#N)c(Sc2nnc(Cc3csc(n3)C)o2)ncc1,MOSES sample,9195
c1ncccc1CNC(=O)c1ccc(-n2c(c(cn2)C(=O)N)C)cc1,MOSES sample,9196
C1CCCCC1CNC(=O)Cc1nc(on1)-c1c(OC)cccc1,MOSES sample,9197
Brc1cc(cc(C)c1S(Oc1ccccn1)(=O)=O)C,MOSES sample,9198
C1CC(CCC1NC(NC(C)C)=O)OC(CC(C)(C)C)=O,MOSES sample,9199
C(=O)(OCC)c1c(n(nc1)Cc1ccncc1)-c1ccccc1,MOSES sample,9200
C(CNC(=O)c1ccc(cc1F)F)(OCCO)=O,MOSES sample,9201
COc1ccc(OCc2nc(C#N)c(NCC3CCCO3)o2)cc1,MOSES sample,9202
c1c2OCCOc2cc2c1n(c(n2)-c1cccnc1)CCCC#N,MOSES sample,9203
c1(=O)[nH]c2c(ccc(c2)C(=O)CN2CCc3c2cccc3)[nH]1,MOSES sample,9204
CN1CCC(N(Cc2ccccc2)c2cc(F)ccc2)C1=O,MOSES sample,9205
C1(c2ncsc2C(=O)NCc2cc(ccc2)OCCOC)CC1,MOSES sample,9206
CCC(n1c(c(cn1)C(Nc1cc(C)ccn1)=O)C1CC1)C,MOSES sample,9207
Cc1nc(-c2ccncc2)[nH]c(=O)c1CC(=O)NCCCC(N)=O,MOSES sample,9208
c1cc(OCC)ccc1-c1nc(cs1)CC(=O)NC(C)C,MOSES sample,9209
C1CC(N(C(=O)Cc2csc(n2)-n2cccc2)CC1)C,MOSES sample,9210
c1cscc1-c1nc(cs1)C(=O)N=c1[nH]cc[nH]1,MOSES sample,9211
Cc1csc(SCC(=O)NC(Cc2ccccc2)C(N)=O)n1,MOSES sample,9212
c1cccc(c1)-c1nc(sc1)N1CCN(C(C2CC2)=O)CC1,MOSES sample,9213
c1(sc(-c2nc(no2)-c2c(C)cccc2)cc1N)C,MOSES sample,9214
c12CCCCC(=O)c1c(C#N)c(s2)NC(=O)CC(C)C,MOSES sample,9215
c1(C)sc(cn1)CNC(Nc1cc(ccc1OC)C)=O,MOSES sample,9216
Cc1cc(F)ccc1NC(=O)Cn1ncc(=O)c2ccccc21,MOSES sample,9217
O=C(OCCn1nc2ccccn2c1=O)c1cccc(-n2cccc2)c1,MOSES sample,9218
C(C(C#N)c1ncccc1)(=O)c1scnc1C1CC1,MOSES sample,9219
O(C)c1cccc(c1OC)C(=O)Nc1cc(C(OCC)=O)ccc1,MOSES sample,9220
CC12CCC(C(=O)Nc3ccc(S(C)(=O)=O)cc3)(CC1=O)C2(C)C,MOSES sample,9221
N#Cc1cccc(OCCN(CC2CC2)CC#C)c1,MOSES sample,9222
OCc1nnn(CC(O)CO)c1-c1ccc(Cl)c(Cl)c1,MOSES sample,9223
C1CC(C)(CO1)CNc1c(CCOC)cnc(C)n1,MOSES sample,9224
Cc1cc(C)cc(c1)C(Nc1n(C)nc(c1)C(=O)NCC1CCC1)=O,MOSES sample,9225
c1ccccc1S(=O)(N1CCc2c(ccs2)C1)=O,MOSES sample,9226
CCOC(C)c1noc(Cn2c(CC)nc3ccccc32)n1,MOSES sample,9227
c1c(sc(c1)CNC(c1cccc(c1)F)=O)C,MOSES sample,9228
c1(C(=O)OCC(N2CCOCC2)=O)ccc(cc1)-c1cscn1,MOSES sample,9229
c12CCCc1c1c(NCCc3ccccc3)ncnc1s2,MOSES sample,9230
c1(cc(C(N2CC3(CCOCC3)N(C)CC2)=O)ccc1)-n1nccc1,MOSES sample,9231
c1c(cccc1C(=O)OC(C)C(Nc1ccc(c(OC)c1)OC)=O)O,MOSES sample,9232
c1nc(C)ccc1-c1nc(OC)cc(OC)c1C#N,MOSES sample,9233
CCC(C)Oc1ccc(NC(=O)N(C)Cc2c(C)noc2C)cc1,MOSES sample,9234
CCOC(=O)CCC(=O)N1CCCC1Cc1ccc(C)cc1,MOSES sample,9235
C1COCCN1C(C)(CC)CNC(=O)c1oc(COC)cc1,MOSES sample,9236
CN1C(=O)COc2ccc(C(=O)c3cccs3)cc21,MOSES sample,9237
C1C(C1)c1oc(-c2cccc(NC(c3c[nH]c4c3cccc4)=O)c2)nn1,MOSES sample,9238
c12cn[nH]c2c(NC(Cc2c3ccccc3n(C)c2)=O)ccc1,MOSES sample,9239
n1nn(C(C)C)c(n1)SCC(=O)N1CCC(CC1)O,MOSES sample,9240
c1nc(ccc1)-c1nc(cc(N(CCC(=O)NC)C)n1)C,MOSES sample,9241
C(n1c2nc3n(cc(C)n3-c3c(Cl)cc(C)cc3)c2c(=O)[nH]c1=O)=C,MOSES sample,9242
CN(CCCC(=O)Nc1ccc(cc1OC)F)C(OC)=O,MOSES sample,9243
N(C(=O)CC1(CCCCC1)O)c1c(ccc(OC)c1)OC,MOSES sample,9244
Cc1ccccc1NC(=O)N1CCN(Cc2c[nH]c(C(N)=O)c2)CC1,MOSES sample,9245
N(C(C(=O)NCC(C)(c1ccncc1)C)C)C(=O)C,MOSES sample,9246
Fc1c(C)c(C(Nc2ccc(cc2)N(C)C(OC)=O)=O)ccc1,MOSES sample,9247
c1c(C(OCC)=O)c(ccc1)NC(c1ccnnc1)=O,MOSES sample,9248
OCC(C)NC(C(N)c1c(F)ccc(c1)C#N)=O,MOSES sample,9249
n1c(CN2CCN(C(NCCC)=O)CC2)c(sn1)NC,MOSES sample,9250
c1c2cc(NC(=O)N3CCCCC3CCO)cnc2ccc1,MOSES sample,9251
C(c1cccc(c1)COc1coc(CO)cc1=O)(=O)OC,MOSES sample,9252
O=C(NCc1c[nH]c(=O)[nH]c1=O)c1ccc(OCC(F)F)nc1,MOSES sample,9253
O=C(NCc1cccnc1)NC1CCCc2ccccc21,MOSES sample,9254
c1cc(OCc2nnc(SCCO)n2C)cc2c1cccc2,MOSES sample,9255
C(N)(c1c(sc2CCCc21)NC(Cc1cc(ccc1)F)=O)=O,MOSES sample,9256
O(CC(F)F)c1ccc(cn1)C(N1CCN(CC1)CC(O)C)=O,MOSES sample,9257
c1c(ccc(S(C)(=O)=O)c1)CN(C(=O)Nc1ccc(c(c1)C)C)C,MOSES sample,9258
C(OC(Cc1c(C)noc1C)=O)COc1ccccc1,MOSES sample,9259
N1CCN(CC1=O)C(c1noc(-c2ccc(Br)cc2)c1)=O,MOSES sample,9260
O1Cc2c(CN(C(Cc3ccccc3)=O)C)nn(c2C1)C,MOSES sample,9261
C1CC2(CCN(C(C)=O)CC2)CCN1C(=O)CCc1ccc(F)cc1,MOSES sample,9262
C(CO)CNC(=O)c1cc(ccc1Br)F,MOSES sample,9263
COc1cccc(c1C(=O)Nc1cc(c(F)cc1)N)OC,MOSES sample,9264
N(C(c1cc2c(ccn2C)cc1)=O)c1ccn(n1)-c1c(Cl)cccn1,MOSES sample,9265
C(N1CCOCC1)c1cccc(c1)CNC(c1c(C)cccc1)=O,MOSES sample,9266
O(c1c(ccc(c1)NC(=O)C(C)C)-c1nnnn1C(C)C)C,MOSES sample,9267
c1(ccc(NC(C)=O)cc1)C(N1CCN(c2ccc(cc2)F)CC1)=O,MOSES sample,9268
N(CCc1cccc(C(=O)NC)c1)C(Cc1[nH]ccc1)=O,MOSES sample,9269
c1(cc(CN(CC(F)F)C2CC2)c(cc1)Br)O,MOSES sample,9270
c1c(cnn1-c1ccc(cc1)C(NC(C)(C(OCC)=O)C)=O)C,MOSES sample,9271
Cc1cc(C)c(NC2CCC(O)CC2)c(Br)c1,MOSES sample,9272
C(NC1CCN(CC1)C(OC)=O)(=O)NCC(C)(c1cscc1)O,MOSES sample,9273
Cc1ccc(F)c(S(=O)(=O)N2C(C)CCCC2)c1,MOSES sample,9274
c1(ccccc1)-c1c(C(=O)N(Cc2cnn(c2)CC)C)c(on1)C,MOSES sample,9275
O=C(Nc1cccnc1)c1cc(F)cc(Br)c1,MOSES sample,9276
NC(=O)CN(C)C(C1(CC1)c1cc(Cl)ccc1)=O,MOSES sample,9277
CC(Cc1ccccc1Cl)C(=O)NC(C)c1nncn1C,MOSES sample,9278
C1CC(CCC1NC(c1ccc(CNC(=O)N)cc1)=O)CCC,MOSES sample,9279
Cc1cc(Br)cnc1N1CCN(C)C(=O)C1(C)C,MOSES sample,9280
C1(CCCC2N(CCC12)C(CCc1ccccn1)=O)C,MOSES sample,9281
Cc1c(C(=O)N(C2CCCCC2)C2CC2)nc(C(C)C)o1,MOSES sample,9282
Cn1cc(cn1)S(=O)(NC(CC)c1ccc(cc1)C)=O,MOSES sample,9283
c1(sccc1)C(Nc1ccccc1SCC(=O)N)=O,MOSES sample,9284
C(Cc1c(cccc1F)F)NC(N(Cc1c(noc1C)C)C)=O,MOSES sample,9285
c1c2ccc(NC(CCc3cnn(c3)C)=O)cc2nc2c1CCCC2,MOSES sample,9286
N(C(=O)c1c[nH]nc1-c1ccc(cc1)F)CC(=O)NCC,MOSES sample,9287
Oc1ccc(Cl)cc1C(Nc1cccc(C(=O)C)c1)=O,MOSES sample,9288
c1cnc(-c2oc(nn2)-c2ccccc2Cl)cn1,MOSES sample,9289
c1c(cc(cc1)NC(=O)C1CC2CCC1O2)-c1cnco1,MOSES sample,9290
CCCCn1c(=O)[nH]c(=O)c2c(ccnc21)-c1cnccc1,MOSES sample,9291
COCCN1C(=O)CCC2C1CCN2S(=O)(=O)c1cn(C)cn1,MOSES sample,9292
Cn1c(-c2ccoc2)nnc1SCc1ccc(cc1)C#N,MOSES sample,9293
c1cc(ccc1OC(=O)c1ccc(cc1)C(N(C)C)=O)C(OCC)=O,MOSES sample,9294
S(CCC(=O)NCc1ccccc1)c1ncc(C(F)(F)F)cc1,MOSES sample,9295
O(c1c(ccc(C(=O)N2CC(CC(C)C2)C)c1)OC)CC,MOSES sample,9296
OC(C(=O)N1CCN(c2c(C)cccc2)CC1)c1ccccc1,MOSES sample,9297
C(NC(=O)c1ccc(cc1C)NC(NCCO)=O)c1ccccc1,MOSES sample,9298
Cc1cc(=O)[nH]c(COc2ccccc2Br)n1,MOSES sample,9299
c1cc(C(=O)C)ccc1OC(=O)CCCc1ncccc1,MOSES sample,9300
c1cc(c(OC)cc1C)OCC(=O)N(C)CC(N(C)C)=O,MOSES sample,9301
CC(=O)N1CCN(C(=O)CSc2nnc(-c3ccccc3)o2)CC1,MOSES sample,9302
C1(O)CN(C(c2c(C)nc(C(C)C)s2)=O)CCN(C)C1,MOSES sample,9303
C(CC(Oc1c(Cl)cc2c(c1)c(cc(=O)o2)C)=O)C,MOSES sample,9304
N1(C(=O)CCn2ccccc2=O)C(c2cccs2)CCC1,MOSES sample,9305
c1(c[nH]c2ccccc12)CC(Nc1n(C(CC)C)nc(c1)C)=O,MOSES sample,9306
C(NC(=O)COc1c(OC)cc(cc1)C)c1c(C)cc(C)[nH]c1=O,MOSES sample,9307
C(=O)(c1c(=O)oc2c(c1)cccc2)Nc1cc(ncc1)C,MOSES sample,9308
O=C(c1cc(ccc1Cl)S(=O)(C)=O)N(C(C)C)C1CCC1,MOSES sample,9309
c1cc(C(=O)NC2CCCC2C)c(OC)cc1OC,MOSES sample,9310
N(C(C)CCC)C(Nc1cc(C(OC)=O)cc(c1C)F)=O,MOSES sample,9311
CCCC(=O)NCc1ccc2c(c1)CCN2C(=O)c1ccc(F)cc1,MOSES sample,9312
Cc1ccc(N2CC(C(=O)N(C)CCC#N)CC2=O)cc1,MOSES sample,9313
C12N(CC#Cc3ccc(F)cc3)C(COC1CN(C2)C(=O)N(C)C)=O,MOSES sample,9314
CC(=O)Nc1ccc(C(=O)OCc2nnc(-c3ccccc3)o2)s1,MOSES sample,9315
FC(F)Oc1c(c(ccc1)NC(=O)c1cc(OC(C)C)cnc1)C,MOSES sample,9316
o1c(ccc1)C(=O)Nc1nc(CC(Nc2ccc(cc2)CC)=O)cs1,MOSES sample,9317
Cc1c(C(=O)Nc2ccc(-c3cn4ccccc4n3)cc2)cnn1C,MOSES sample,9318
C1C(CC=C1)c1nn(-c2ccccc2)c2c1C(=O)CCC2,MOSES sample,9319
CC(Sc1nnc2n1CCCCC2)C(=O)NCCc1ccccc1,MOSES sample,9320
n1cccc(c1Nc1cc(F)c(cc1)F)C(OCC(=O)N(C)C)=O,MOSES sample,9321
COC(=O)c1cccc(C(=O)Nc2ccc3nc(C)sc3c2)c1,MOSES sample,9322
c1c(C(=O)Nc2nc(C)c(s2)C(OC)=O)n(C)nc1,MOSES sample,9323
c1(-c2onc(n2)COC)sc2n(C)nc(c2c1)C(C)C,MOSES sample,9324
O=C1N(CC(=O)Nc2nc([nH]n2)N)c2cc(ccc2OC1)Cl,MOSES sample,9325
C(c1ccc(F)cc1)(NC(C(=O)N(C)CC(=O)NC(C)C)C(C)C)=O,MOSES sample,9326
Cc1onc(-c2cc(S(=O)(=O)N3CCCCC3)ccs2)c1C,MOSES sample,9327
c1(sc(C)nc1)CNC(=O)Cn1c2ccccc2cc1C,MOSES sample,9328
C1C(C(=O)NCc2ccc(cc2)C)N(CC1)C(=O)c1cccs1,MOSES sample,9329
c1c(C2CCCN2C(=O)c2ccoc2)ccc(Cl)c1,MOSES sample,9330
c1(C#N)c(C)c(nn(c1=O)CCCCOc1ccc(cc1)Cl)C,MOSES sample,9331
Cc1cccc(SCC(=O)NC2(C(N)=O)CCCCC2)c1,MOSES sample,9332
C(NS(=O)(N1CCCC1)=O)CNS(=O)(CC)=O,MOSES sample,9333
n1(c(C)c(cn1)C(Nc1ccc(S(N)(=O)=O)cc1)=O)C,MOSES sample,9334
c12c(OCO2)cc(cc1)CNC(=O)c1n(C)cc(c1)-c1nc(sc1)C,MOSES sample,9335
C(NCC1CCCC(C1)C)(=O)COC(c1ccc(C#N)cc1)=O,MOSES sample,9336
Cn1cc(-c2cc(C(=O)Nc3ccc4c(c3)COC4)no2)cn1,MOSES sample,9337
c1c(ncs1)CNC(=O)c1c2c(cccc2)[nH]c1,MOSES sample,9338
n1(c(Cn2nc(nn2)-c2ccccc2)ncc1)C(C)C,MOSES sample,9339
c1ccc(C(C)Nc2ccc(cc2)NC(=O)C)cc1,MOSES sample,9340
COC(=O)CCN(C)S(=O)(=O)CC#CCCO,MOSES sample,9341
Cn1cnc(CNC(=O)N2CCC(C(=O)Nc3ccccc3)CC2)n1,MOSES sample,9342
Cc1cc2n(CC(N3CCCCCC3)=O)c(cc(=O)n2n1)C,MOSES sample,9343
O(Cc1c(OC)ccc(C(OCC2CCCCO2)=O)c1)C,MOSES sample,9344
CCOc1ccc2c(c1)CN(C(=O)NCc1cc(C)on1)CC2,MOSES sample,9345
C1CN(CC1)C(=O)C1N(CC(OC)=O)C(c2c(N1)cccc2)=O,MOSES sample,9346
CCN(CCC(OC)=O)S(=O)(=O)c1c[nH]nc1,MOSES sample,9347
Clc1cnc2c(n(COCc3ccccc3)c(n2C)=O)c1,MOSES sample,9348
c1(SCC(=O)OCC#C)n(c(=O)c2c(c(C)sc2n1)C)CC,MOSES sample,9349
c1(N2CCN(CC2)C(c2ccc(cc2F)F)=O)c(n[nH]c1C)C,MOSES sample,9350
c1cc(sc1)C(C)N(C)C(=O)NC1CCN(S(=O)(=O)C)CC1,MOSES sample,9351
C(c1noc(c1)CCC)NC(=O)c1nn(-c2ccc(F)cc2)c(C)c1,MOSES sample,9352
c1ccsc1C(Nc1cc(c(OC)cc1)-n1cnnn1)=O,MOSES sample,9353
c1c(C(=O)N2CCC3(CC2)CC(c2ccccc23)CCO3)cco1,MOSES sample,9354
C1CC(CNC(=O)c2cc(C)nn2CC)(c2c(C1)cccc2)O,MOSES sample,9355
O=C(CCc1ccc(Cl)cc1Cl)N1CCC(CO)CC1,MOSES sample,9356
Cc1ccc(NC(=O)C2CC2)cc1NC(=O)NCc1ccco1,MOSES sample,9357
n1(c(C)cc(n1)C)C(=O)COc1c(cc(cc1)Cl)C(=O)C,MOSES sample,9358
N(C(=O)Cn1cnc2ccccc2c1=O)(CC(=O)OCC)C,MOSES sample,9359
O(CC=C)c1ccc(-c2nc(on2)-c2ncsc2)cc1OCC,MOSES sample,9360
CCOC(=O)C(C)NC(=O)CN1CCOCC1CC,MOSES sample,9361
C1CC1c1n(C(CC)C)ncc1C(OCc1coc(c1)C(=O)N)=O,MOSES sample,9362
c1cc(c(N2C(C3CC(C=C3)C2)=O)cc1)Br,MOSES sample,9363
c1(ccc(OC)cc1)-c1cc2c(nc(n2CCO)N)cc1,MOSES sample,9364
c1cc(cc(CO)c1OCc1nc(on1)-c1ccoc1)F,MOSES sample,9365
C1CCOCC1CN(C)C(=O)c1sc(C2CCCO2)nc1,MOSES sample,9366
c1(cc2c(OCCO2)cc1)CC(=O)NCC(C)(O)c1ccc(F)cc1,MOSES sample,9367
C(=O)(c1cc2c([nH]c1=O)CCCC2)N1CCCCCC1,MOSES sample,9368
n1(cccn1)Cc1c(C(=O)NC2CCCC2)nccc1,MOSES sample,9369
N#CC(Cc1c[nH]c2ccccc12)C(=O)Nc1cccc(F)c1,MOSES sample,9370
n1c([nH]nc1)SCCC(=O)N1CC2CC=CCC2C1,MOSES sample,9371
c1cc(cc(C)c1C)Nc1c(c(ncn1)NC)N,MOSES sample,9372
COCCOCC(=O)N1CCC(Cc2cccc(F)c2)CC1,MOSES sample,9373
C1CN(CCC1)c1cc(ncn1)NC(Nc1ccc(cc1)OCC)=O,MOSES sample,9374
c1ccoc1C(=O)NCCNC(=O)Cc1cccc(F)c1,MOSES sample,9375
C(C)(C)(C)OC(NC(C)c1sc(cn1)CC)=O,MOSES sample,9376
N(C(CO)Cc1ccc(cc1)-c1ccccc1)C(=O)c1cnns1,MOSES sample,9377
c12N3C(CCc1cccc2)N(S(=O)(C)=O)CC3,MOSES sample,9378
c1(Cl)cc(C#N)c(cc1)S(=O)(=O)NCC(OC)c1ccccc1,MOSES sample,9379
CC(=O)c1c(c(-c2ccc(OCCOC)cc2)n(c1C)C)N,MOSES sample,9380
c1n[nH]c(C(=O)NC(C#N)c2cc(ccc2)Br)c1,MOSES sample,9381
c1(ccsc1)C(N1CCC(CC1)Oc1ncccn1)=O,MOSES sample,9382
C1CC(CCC1C)NS(=O)(CC(N1CCC(CC1)=O)=O)=O,MOSES sample,9383
C(C)(c1sc2cc(ccc2n1)NC(=O)c1ccc(n(n1)C)=O)C,MOSES sample,9384
C(NC(CNC1=NS(=O)(c2c1cccc2)=O)=O)C,MOSES sample,9385
CC(C)CN(C(=O)c1c(N)c(no1)S(=O)(=O)C1CC1)CC(C)C,MOSES sample,9386
Fc1c(cccc1)S(=O)(=O)Nc1c(C)c(ccc1)C(=O)NC,MOSES sample,9387
c1cc(C(=O)N(CC)CC(Nc2cc(ccc2)OC)=O)sc1C,MOSES sample,9388
CCN(CC)S(=O)(=O)NC(c1cccc(F)c1)C(C)(C)C,MOSES sample,9389
CCCC(Nc1ncnc2cc(F)c(F)cc12)c1nc(C)no1,MOSES sample,9390
C(c1cn(c(cc1)=O)C)N1CCN(CC1)c1nc(OC)ccn1,MOSES sample,9391
c1(cc([nH]c2c1c1c(c(=O)n(cn1)C1CCCCCC1)s2)=O)C,MOSES sample,9392
C1CN(CCC1)C(CCSc1nnnn1CC)=O,MOSES sample,9393
O(c1c(OC)cc(cc1)CC(=O)N1CCC(C(=O)OC)CC1)C,MOSES sample,9394
c1(cc(nc(n1)CCC)NCCS(=O)(=O)N)N1CCCC1,MOSES sample,9395
COc1ccc(C(=O)CCNc2ccccc2N(C)C)cc1F,MOSES sample,9396
C(c1cc(nn1CC)C(Nc1c(C)cccc1C)=O)(C)C,MOSES sample,9397
CC(C)OCCCNC(=O)Nc1ccc2c(c1)OCC(=O)N2,MOSES sample,9398
N1(S(=O)(c2ccc(Oc3ccccc3)nc2)=O)CCN(C)CC1,MOSES sample,9399
CCOc1ccccc1NC(=O)c1ccc(-n2cncn2)nn1,MOSES sample,9400
c1cc([nH]cc1C(=O)NCc1ccc(NC(CCC)=O)cc1)=O,MOSES sample,9401
C=CCN(CC=C)c1ccc(S(=O)(=O)N2CCCCC2)cn1,MOSES sample,9402
C(NCc1cccnc1)(Nc1ccc(N(C)C(=O)OC)cc1)=O,MOSES sample,9403
C1OCCC(c2oc(NC(=O)CSc3nccc(C)n3)nn2)C1,MOSES sample,9404
c1(C)nc(NC(c2n[nH]c3c2cccc3)=O)sc1C(OC)=O,MOSES sample,9405
c1(OC)ccc(CCN2CC(CC2=O)C(=O)N)cc1,MOSES sample,9406
CC1COCCN1C(=O)CCC(=O)NC12CC3CC(CC(C3)C1)C2,MOSES sample,9407
CC(C)Cc1nnc(s1)NC(=O)C(c1ccccc1)OC,MOSES sample,9408
C(CNS(c1cc(C)c(C)cc1)(=O)=O)C(N(C)C)=O,MOSES sample,9409
C(NS(=O)(=O)N)(C)c1ccc(F)c(Cl)c1,MOSES sample,9410
C(N1CCC(OCc2ccccc2C)CC1)(=O)C(C)n1nccc1,MOSES sample,9411
C(Cc1nc(on1)C)N(C)Cc1[nH]c(=O)c2ccccc2n1,MOSES sample,9412
c1c(cccc1C)OCCc1nc(cc(n1)C(C)C)CO,MOSES sample,9413
n1cscc1CNS(=O)(c1cc(c(cc1)Cl)OC)=O,MOSES sample,9414
c1nc(sc1)NC(c1nc2c(s1)cccc2O)=O,MOSES sample,9415
c1ccc(cc1OCC(C)C)CNC(Cc1cnc(cc1)C)=O,MOSES sample,9416
CC(c1c(C)nn(-c2ccc(C(F)(F)F)cc2)c1C)=O,MOSES sample,9417
CC(c1onc(-c2cccs2)n1)N1CCOC(c2ccccc2)C1,MOSES sample,9418
O=C(c1cccnc1-n1cccn1)N1CCCC(C(F)(F)F)C1,MOSES sample,9419
C1COc2cc(ccc2O1)-c1cc(nn1CC)C(=O)N1CCN(C)CC1,MOSES sample,9420
Cc1cc(=O)[nH]c(-c2ccc(NC(=O)Cn3cnnn3)cc2)n1,MOSES sample,9421
N1(C)C(=O)C(CCC1)NC(Nc1cc2CCCc2cc1)=O,MOSES sample,9422
O1CCN(CC1)C(=O)c1nnn(-c2ccc(cc2)Cl)c1C,MOSES sample,9423
c1cc(OCC(=O)N(C)Cc2ccccc2)cc(C#N)c1,MOSES sample,9424
C(c1c(cccc1)-c1nc[nH]n1)(NC(CC(OC)=O)c1ccccc1)=O,MOSES sample,9425
N(c1ccc(OC)cc1)C(=O)NCc1n(C2CC2)c(SC)nn1,MOSES sample,9426
c1(cccc(c1)C)C(CNC(c1cccc(OC)c1O)=O)OC,MOSES sample,9427
C(Oc1cncc(NCC)n1)CC1CCCCC1,MOSES sample,9428
CCn1nc(C)c2c1cnn2CC(=O)NCc1cccc(OC)c1,MOSES sample,9429
c1c(cccc1NS(=O)(=O)c1ccc(F)c(F)c1)-c1n[nH]cc1,MOSES sample,9430
n1nc(sc1NCC1CC1)SCc1nc(nc(n1)N)N,MOSES sample,9431
CC(OCc1ccccc1)C(=O)N1CCN(CC(F)F)CC1,MOSES sample,9432
C(C)(C)(OC(=O)NC1(CCC1)C(C(=O)CC#C)C#N)C,MOSES sample,9433
[nH]1c(=O)c(N)c(c(n1)C)-c1cc2OCCOc2cc1,MOSES sample,9434
Cc1cc(ccc1)N1C(CC2(C1)CCN(C(C1CC(C1)(C)C)=O)C2)=O,MOSES sample,9435
n1cc(ccc1)-n1cnc2c1ccc(c2)NC(C1CC1)=O,MOSES sample,9436
C1CN(C(c2cnc(nc2N)N2CCOCC2)=O)CCO1,MOSES sample,9437
C(Oc1cccc(F)c1)c1noc(n1)-c1ncccc1,MOSES sample,9438
Cc1ccc(NC(=O)NCCNC(=O)C2CC2)c2[nH]ncc12,MOSES sample,9439
COC(C(C)NC(=O)c1cc2c(nn(c2sc1)C)C)=O,MOSES sample,9440
CCc1nc2n(n1)CCCC2NC(=O)CCc1ccccc1OC,MOSES sample,9441
COc1cc(C)c(NC(=O)CCCOc2ccc(F)cc2)cc1OC,MOSES sample,9442
C(OCC(C)C)CCC(Nc1cc(c(cc1F)F)N)=O,MOSES sample,9443
O=C(c1ccc(-c2cnco2)cc1)N1CCOC(c2ccc(F)cc2)C1,MOSES sample,9444
c1cc(F)c(Cn2nc(C(=O)Nc3c(ccs3)C#N)ccc2=O)cc1,MOSES sample,9445
N(C(=O)C(C)C)CC(=O)N(Cc1ccccc1OC)C,MOSES sample,9446
Cc1ncccc1CN1CCN(c2ncnc3[nH]ccc23)CC1,MOSES sample,9447
c1cccc(c1)N1CC(CC1=O)C(NCc1n(cnn1)CC)=O,MOSES sample,9448
O(C)CC1CN(C(=O)CSc2ccc(cc2)C#N)CCC1,MOSES sample,9449
CCc1nn2c(CNC(=O)c3ccc4c(c3)OCO4)c(C)nc2s1,MOSES sample,9450
COC(CNC(=O)c1ccccc1Br)c1ccccc1,MOSES sample,9451
N(C(C)C(=O)N(c1cc(F)c(F)cc1)C)C(=O)C,MOSES sample,9452
C(NC(c1cn2c(n1)ncc(c2)Br)=O)Cn1cccn1,MOSES sample,9453
N(C(NCc1cnccc1)=O)c1ccc(cc1)Oc1ccccc1C#N,MOSES sample,9454
CC(C)CNC(=O)NCc1ccc(-n2cncn2)cc1,MOSES sample,9455
c1ccc(CNC(c2cc3OCOc3cc2)=O)c(c1)OCC,MOSES sample,9456
C1OCCN(C1)CC1CCN(C1)C(C)c1ccc(cc1)S(=O)(=O)C,MOSES sample,9457
CC(c1ncon1)NC(c1nc(sc1)-c1ccoc1)=O,MOSES sample,9458
C(C)(NC(=O)Cn1ccc(=O)c2c1c(F)cc(F)c2)CC,MOSES sample,9459
CC(C)(C(CO)NC(c1cc(c(nc1)NC)Cl)=O)C,MOSES sample,9460
C1C2C(OCCN2Cc2ccc(cc2)F)C(C1)OCc1ccncc1,MOSES sample,9461
n1cc(cnc1N1CCC2(CC1)C(N(Cc1ccncc1)C)CCC2)F,MOSES sample,9462
N(Cc1ccccn1)C(CN1CCN(C1=O)c1ccccc1OC)=O,MOSES sample,9463
c1c(cccc1-c1ccoc1)C(N=c1[nH]nc2n1cccc2)=O,MOSES sample,9464
c1ccc(cc1)COC(C(=O)Nc1cccc(N)c1)C,MOSES sample,9465
C1C(C)CN(CC1C)C(=O)C(Sc1n[nH]c(n1)N)C(C)C,MOSES sample,9466
COC(=O)Cn1nc2c(Br)cccn2c1=O,MOSES sample,9467
CCOC(=O)N1CCC(NC(=O)c2c(C)cc(C)[nH]c2=O)CC1,MOSES sample,9468
c1(cc(NC(c2c(OC)nn(C)c2)=O)ncc1)C,MOSES sample,9469
Cc1nn(c(c1)C)-c1ccc(cc1)C(=O)NCCc1oc(C)cc1,MOSES sample,9470
COC(=O)C(C)(C)NC(=O)Cn1ncc(=O)c2ccccc21,MOSES sample,9471
C1COCCN1C(=O)NCC(=O)NCc1cc(ccc1)OC,MOSES sample,9472
Cc1ccc(CNc2ccc3c(c2)CCN3C(=O)C)cc1,MOSES sample,9473
C(c1c(F)cccc1)Nc1sc2nc(cc(n2n1)=O)C,MOSES sample,9474
C(CCC(N1CC(C)OC(C1)C)=O)(C(C#N)c1ccccn1)=O,MOSES sample,9475
CCOC(=O)CN(CC)S(=O)(=O)c1cc(F)ccc1F,MOSES sample,9476
n1oc(cc1NC(CCn1c(C)c(sc1=O)C)=O)-c1ccccc1,MOSES sample,9477
Cn1ncc2c(N3CCN(CCc4ccccc4)CC3)ncnc21,MOSES sample,9478
c1(C(Nc2ccc(Cl)c(c2)Cl)=O)onc(c1)C,MOSES sample,9479
OCC(NC1CCCc2c1cnc(n2)-c1ccc(cc1)OC)=O,MOSES sample,9480
O=S(NCC)(=O)c1ccc(cc1)C(=O)Nc1cc(CC)n[nH]1,MOSES sample,9481
N(C(c1cc(C)ccc1)=O)(Cc1c2c(cccc2C)[nH]c1)C,MOSES sample,9482
c1ccc(c(c1)C(N(CC)CC)=O)NS(=O)(=O)c1ccccc1,MOSES sample,9483
CC(=O)Nc1ccc(O)c(C(=O)NCCOc2ccccc2Cl)c1,MOSES sample,9484
C1(C2(C)CCC1(C(NC(CC)C)=O)c1nc(C#N)c(C#N)nc12)(C)C,MOSES sample,9485
c1ccncc1CSc1ccc(nn1)-c1ccncc1,MOSES sample,9486
c1occ(CCNC(=O)CCc2nc(no2)-c2cscc2)n1,MOSES sample,9487
n1c(-c2cccs2)nn(n1)CC(=O)NC(c1ccccc1)C1CC1,MOSES sample,9488
N#Cc1ccc(C(=O)NCCCOCC(F)(F)F)cc1,MOSES sample,9489
Cc1nn(CCC#N)c(N)2c3ccc(C(F)(F)F)cc3CCC12,MOSES sample,9490
Cc1ccc(C(C#N)N(C)C(=O)c2ccccc2Cl)cc1,MOSES sample,9491
C1COCCN1c1cc(ccc1)NC(c1ccc(O)cc1)=O,MOSES sample,9492
c1cc(ccc1)C(=O)NC1CCCc2n(ncc12)C,MOSES sample,9493
c1c2c(c(cc1)C(OC)=O)ccn2CC(=O)Nc1cccc(n1)C,MOSES sample,9494
N(C(=O)CCNC(c1ccccc1)=O)c1sc(cn1)C,MOSES sample,9495
CC(C)(C)c1nn(C)cc1C(=O)Nc1ccccc1OCCOC,MOSES sample,9496
C(C(=O)N1CCN(c2n3c(nc(C)c2)ccn3)CC1)N1C(CCC1)=O,MOSES sample,9497
O=C(COc1ccccc1)Nc1ccc(-c2cn3ncccc3n2)cc1,MOSES sample,9498
O(c1c(C(=O)NC(C(N)=O)C)n(C)nc1)CCC,MOSES sample,9499
C1CN(CCN1C(=O)OC(C)(C)C)C(=O)c1ccc2n(c1)ncc2,MOSES sample,9500
c1c(OC(C)C(=O)Nc2cc(Cl)c(cc2)C#N)c(OC)ccc1,MOSES sample,9501
c1c(c(C)c(NC(=O)COc2ccc(cc2)C(=O)C)cc1)Cl,MOSES sample,9502
CC(C)c1cc(NC(=O)Cn2cc3c(n2)CCCCC3)on1,MOSES sample,9503
c1c(cccc1NC(=O)C)-c1nc2c(o1)ncc(C)c2,MOSES sample,9504
c1cc(c(Cl)c(c1)S(=O)(N(C(C)C)Cc1oc(nn1)C)=O)C,MOSES sample,9505
COc1ccc(OC)c(-c2c(C(C)C)c(C)nc3ncnc(N)c23)c1,MOSES sample,9506
c1cc(c(cc1)OC)CN(CCO)C(c1[nH]cc(C#N)c1)=O,MOSES sample,9507
c1(CNC(=O)c2sccc2)nnnn1-c1ccccc1,MOSES sample,9508
c1c(ccnc1)-c1nc(NCCNC(=O)c2ccncc2)cc(C)n1,MOSES sample,9509
C1(Nc2ccc(C(N3CCC(CC3)C)=O)cc2OC1)=O,MOSES sample,9510
N(c1ccccc1-n1nccc1)C(=O)Cc1cccc(c1)OCC#N,MOSES sample,9511
N(c1cc(OC)ccc1)CCC(c1c(C)cccc1)O,MOSES sample,9512
c1(c(ccc(C(Nc2[nH]nc(-c3cnccc3)c2)=O)c1)OCCC)OC,MOSES sample,9513
C(OC)CCCn1c(-c2c(cc(cc2)N)C)nnn1,MOSES sample,9514
O(C)c1ccc(OC)c2sc(nc21)N(C)CC(=O)NC1CC1,MOSES sample,9515
N(C(c1ccc(cc1)C(N)=O)=O)C1CCCCCC1,MOSES sample,9516
c1nccc(-c2nc(cs2)-c2ccc(NC(=O)NC(C)C)cc2)c1,MOSES sample,9517
N#Cc1ccc(NC(=O)C2CC(=O)N(Cc3ccco3)C2)cc1Cl,MOSES sample,9518
c1c(CNC(=O)c2ccccc2OCc2ncsc2)n(C)nc1,MOSES sample,9519
c1(CNC(NC2(C)Cc3c(C2)cccc3)=O)c(cc(C#N)cc1)F,MOSES sample,9520
n1c(ccc(NC(=O)c2cc(n[nH]2)C)c1)NCCO)C,MOSES sample,9521
FC(c1cccc(NC(=O)c2c(C3CC3)n(C(C)C)nc2)c1)(F)F,MOSES sample,9522
c1cccc2nc(C(=O)N3CC4c4c(cccc4)C(CNC4CC4)C3)[nH]c21,MOSES sample,9523
CCCNC(=O)Cn1nnnc1-c1ccc(C(=O)OC)cc1,MOSES sample,9524
C(n1c(=O)n(c2c1cccc2)CC(=O)Nc1ccccc1OCC)C,MOSES sample,9525
c1c2cc3c(=O)[nH]c(NCCCO)nc-3nc2c(cc1)OC,MOSES sample,9526
O=C1CCC2CCC(C2NC(=O)c2ccc(-n3ccnc3)nc2)N1,MOSES sample,9527
Cc1nc(-c2cccnc2)ncc1C(C)NCc1cc(C(N)=O)cs1,MOSES sample,9528
n1c(CNC(=O)N2CCC(CC2C)C)cc(o1)C,MOSES sample,9529
CC(OC(=O)c1cccc(-n2cnnn2)c1)c1ccc(F)c(F)c1,MOSES sample,9530
CCOc1cc(-c2nc3ccc(C)cc3c(=O)[nH]2)ccc1O,MOSES sample,9531
Cn1cc(C2CCCN2c2ncnc3sccc23)cn1,MOSES sample,9532
OC(C)(c1cccc2c1cccc2OCC)CCOC,MOSES sample,9533
N#Cc1ccccc1C(N)c1nnc(-c2n[nH]cn2)o1,MOSES sample,9534
C(=O)(c1cn2cc(-c3ccccc3)ccc2n1)Nc1cnccc1,MOSES sample,9535
c1ccc2c(S(=O)(=O)N(C(C)C(NC(C)CC)=O)C2=O)c1,MOSES sample,9536
c1(N)cc2cccnc2nc1-c1ccc(OC)c(c1)F,MOSES sample,9537
FC(c1cc(ccc1F)NC(=O)N1CCC(CC1)CO)(F)F,MOSES sample,9538
Cc1noc(c1NC(=O)N(CCc1ncccc1)C)CC,MOSES sample,9539
Cc1cc(C(=O)COC(=O)c2ccccc2S(C)(=O)=O)c(C)[nH]1,MOSES sample,9540
c1(C(CC(=O)OC)NS(=O)(c2cccc(C#N)c2)=O)ccncc1,MOSES sample,9541
C(CN(C)C(=O)Nc1ccc(OCC)cc1)C(F)(F)F,MOSES sample,9542
c1cc(ccc1C(=O)NC(C)c1ccc(cc1)F)CN1C(CCC1)=O,MOSES sample,9543
O=C(Cc1ccc(S(=O)(=O)N2CCOCC2)s1)NCCO,MOSES sample,9544
CCOc1ccc(NC(=O)COC(=O)c2cc(C)oc2C)cc1,MOSES sample,9545
C(Cc1c(OC)ccc(Cl)c1)c1ccc(O)cn1,MOSES sample,9546
Cc1n[nH]c2ncc(NC(=O)C3CCC(C)CC3)cc12,MOSES sample,9547
Nc1ccc(C(O)C(NCc2ccco2)CO)cc1,MOSES sample,9548
COc1ccccc1NC(=O)NCc1nnnn1-c1ccc(F)cc1,MOSES sample,9549
C(C(Cc1ccccc1)NC(=O)c1cccc(OC)c1F)C=C,MOSES sample,9550
n1cnc(c2c(noc12)C(=O)OCC)N1c2ccccc2CC1C,MOSES sample,9551
C1OCCN(C1)C(C)(C)CNC(=O)c1cccc(N(C)C)c1,MOSES sample,9552
n1(c(COC(=O)c2ccc(cc2O)O)cc(C)n1)C,MOSES sample,9553
c1(c2ccccc2n(C)c1)C(=O)Nc1ccc(cc1)C,MOSES sample,9554
c1cc(sc1)C(=O)N1CC(C(N2CCCCCC2)=O)CCC1,MOSES sample,9555
c12cc(C(CCC(N(C)C)=O)O)ccc2OCCCO1,MOSES sample,9556
CC(=O)N(C)CC(=O)Nc1ccc2c(c1)nc(C(C)(C)C)n2C,MOSES sample,9557
c1(ccc(cc1)Cl)NC(CSc1c(C#N)c(cc(n1)C)C)=O,MOSES sample,9558
c1cc2c(cc1)n(C)cc2NC(NCc1n(C)cnn1)=O,MOSES sample,9559
COc1ncc(NC(=O)C2(C)Sc3c(NC2=O)cccc3)cc1,MOSES sample,9560
C1C(CN(C2CC2)C1=O)C(NC1C(c2cccc(Cl)c2)C1)=O,MOSES sample,9561
O=C(Nc1nnc(C2CC2)s1)c1cc(Cl)ccc1-n1cnnn1,MOSES sample,9562
N#Cc1ccccc1COC(=O)C1CC2CCC1C2,MOSES sample,9563
C1CN(CCN1C(CCc1cnn(c1)C)=O)c1ncc(cn1)Cl,MOSES sample,9564
Cc1cc(C)n(c(n1)=O)CCNC(=O)c1ccccc1C(=O)OC,MOSES sample,9565
c1(cc(ccc1)C1(CC1)C(Oc1cccc(c1)C(N(CC)C)=O)=O)F,MOSES sample,9566
CN(C)C(=O)c1cc(NC(=O)CCCC(=O)N(C)C)ccc1Cl,MOSES sample,9567
Fc1cc(F)c(CN(C2CCOCC2)CC(F)(F)F)cc1,MOSES sample,9568
CCC(NC(NCc1c(cccc1)COCC)=O)C,MOSES sample,9569
C1c2n(C)ncc2C(NS(=O)(N2CCCC2)=O)CC1,MOSES sample,9570
OC1(CCCC2(C)C(C)(C)C(C(=C2)C)C(C)=O)CCC(=O)CC1,MOSES sample,9571
n1c(nccc1)NCc1cc(-c2ccc(Br)cc2)n[nH]1,MOSES sample,9572
O=C(Cc1ccc(F)cc1F)N1CCCN(c2cccnn2)CC1,MOSES sample,9573
COc1ccccc1CCC(=O)Nc1ccc2[nH]c(C)cc2c1,MOSES sample,9574
c1(ccccc1)-n1nnnc1C(NC(=O)c1cccc2CCOc21)C,MOSES sample,9575
c1(ccc(=O)n(C)n1)C(=O)N1CCCC1c1ccc2c(c1)OCCO2,MOSES sample,9576
CCOc1ccc(-c2nc(C#N)c(NCc3cccnc3)o2)cc1,MOSES sample,9577
Nc1c(-c2nc3ccccc3s2)c(-c2ccncc2)nn1CCO,MOSES sample,9578
O=C1CN(C(=O)c2ccc(NC3CC3)nc2)c2ccccc2N1,MOSES sample,9579
c1c(cccc1C(OC)=O)CCNC(Cc1ccc(cc1)C#N)=O,MOSES sample,9580
c1c(-n2c(c(nn2)C(NCC2CCCO2)=O)C)cc(cc1)Cl,MOSES sample,9581
c1c(S(=O)(=O)N2CCC(CC2)=O)ccc(N2CCOCC2)c1,MOSES sample,9582
O(C)c1ccc(NC(=O)C(NC(=O)N)C)cc1Cl,MOSES sample,9583
O=S(NCCc1nc(C)sc1)(c1c[nH]nc1)=O,MOSES sample,9584
CCOC(=O)CCC(C)NC(=O)Nc1cccc(C)n1,MOSES sample,9585
O=C(c1cc(ccc1)Oc1ncnc2c1c(c(C)s2)C)NC1CC1,MOSES sample,9586
c1c(-c2nc(ncc2Br)C)c(ccc1)Cl,MOSES sample,9587
CC(C)(O)c1sc(COc2ccc(cc2)OC)nc1C,MOSES sample,9588
c1cc(-c2ccsc2C(NCC2CC2)=O)ccc1,MOSES sample,9589
c1(C(=O)C)cc(c(OC)cc1)CC(=O)N(C1CCC1)C(C)C,MOSES sample,9590
c1ccc2scc(c2c1)C(=O)N1CCN(CC1)C(=O)c1ccoc1,MOSES sample,9591
O=C1CCN(C(=O)CNC(=O)CC2CCCCC2)CC1,MOSES sample,9592
CCOc1ccc(OC(C)C(=O)NCc2nc(C)sc2C)cc1,MOSES sample,9593
n1(C)c(C)c(-c2nn3c(-c4n(ncc4)C)nnc3s2)c(C)n1,MOSES sample,9594
C1c2c(cccc2)C(CO)N(C(=O)NC(C2OCCC2)C)C1,MOSES sample,9595
c1(ncncc1)N1CCCC(C1)(CCC)CONC(=O)CC,MOSES sample,9596
Cc1cc(C)c(C(=O)CSc2nnc(C3CC3)o2)c(C)c1,MOSES sample,9597
CC(NC(=O)C(Sc1c(Cl)cccc1Cl)C)C(N(C)C)=O,MOSES sample,9598
C1C(c2csc(NC(c3ncn(-c4ccccc4)n3)=O)n2)CCCC1,MOSES sample,9599
C(C(OC(c1cc(CC)nc2n(nc(C)c21)C)=O)C)C(C)C,MOSES sample,9600
c1(CNC(=O)CSc2nc(cc(n2)C)N)ccccc1,MOSES sample,9601
CSc1nc(-c2ccc(OC)cc2)c(C(C)=O)c(=O)[nH]1,MOSES sample,9602
COC(=O)c1ccc(CSc2nnc(Cc3ccccc3)n2N)o1,MOSES sample,9603
CCCNC(=O)N1CCCC1CC(O)C(F)(F)F,MOSES sample,9604
C1(=O)c2c(ccc(c2)NC(=O)Nc2cccc(c2)SC)CCC1,MOSES sample,9605
CN(Cc1occc1)C(c1ccc(CSc2n(ccn2)C)cc1)=O,MOSES sample,9606
c1(C)c(F)cccc1NCc1nc(sc1)C(C)C,MOSES sample,9607
C1CN(CCN1C(c1ccccc1F)=O)c1ccccc1,MOSES sample,9608
N(Cc1c(cc2c(OCO2)c1)Cl)(C(Cc1c(noc1C)C)=O)C,MOSES sample,9609
c1ccc(c(c1)Cl)SCC(N(C(C)C)C1CCC1)=O,MOSES sample,9610
c1(C(NCCCC)=O)ccc(c(OC)c1)OC(C)C,MOSES sample,9611
C(c1ccc(S(N)(=O)=O)cc1)CC(=O)OCc1noc(C)c1,MOSES sample,9612
c1c(F)ccc(c1)CCNC(=O)NCC1Oc2c(C1)cccc2,MOSES sample,9613
C1(C)CC(CN(C1)S(c1ccc2OCCN(c2c1)C(=O)C)(=O)=O)C,MOSES sample,9614
CC(=O)c1ccc(NC(=O)NCCNC(=O)CC2CCCC2)cc1C,MOSES sample,9615
c1c(c(ccc1NC(CNc1ccc(cc1)C(NC)=O)=O)F)Cl,MOSES sample,9616
Fc1ccccc1C#CCNC(=O)NCc1c(cccc1)OC,MOSES sample,9617
C1N(CCOC1)C(=O)CN(S(c1cn[nH]c1)(=O)=O)C,MOSES sample,9618
c1c(c(cc(NC(=O)c2cccc(OC)c2)c1)S(=O)(C)=O)C,MOSES sample,9619
O(c1c(CNCCc2ncc(s2)C)cccn1)C,MOSES sample,9620
c1(C)n2CC(CSc2nc(c1C)=O)C(OCC)=O,MOSES sample,9621
c1c(C)sc(c1OC)C(Nc1c(C)noc1CC)=O,MOSES sample,9622
COCCn1cc(NC(=O)NC2(c3c(F)cccc3F)CC2)cn1,MOSES sample,9623
C(F)(CN(Cc1n2c(ccc(C)c2)nc1)C)(F)F,MOSES sample,9624
N1(CCN(CCO)CC1)C1=NS(=O)(c2c1cccc2)=O,MOSES sample,9625
C1N(C(=O)CNC(=O)c2cc3c([nH]2)cc(C)s3)CCCC1C,MOSES sample,9626
C(=O)(NCc1c(C)ccs1)NCC(O)(c1cscc1)C,MOSES sample,9627
O(c1ccc(C)cc1OCC)CCCn1c(cc(cc1)C)=O,MOSES sample,9628
C(NC(=O)C1(CCCC1)C#N)C(Nc1c(OC)nccc1)=O,MOSES sample,9629
CCOCCCNC(=O)c1cc2c(cc1O)OCO2,MOSES sample,9630
Cn1c2ccc(OC)cc2c2CN(C(c3ccccc3)C)CCc2c1=O,MOSES sample,9631
Nc1c(C(N2Cc3ccccc3CC2)=O)cnc(n1)C,MOSES sample,9632
C1C(=O)c2c(cc(c(Br)c2)C(F)(F)F)O1,MOSES sample,9633
c1c2N(C(=O)c3nc4c(ccc(c4)C)o3)CCc2ccc1,MOSES sample,9634
COCC(C)NC(=O)NC1CCc2c(Cl)cccc21,MOSES sample,9635
Cc1c(CO)nnn1CC(=O)NCCOc1cccc(C)c1,MOSES sample,9636
n1c2cnccn2cc1C(NCCc1ccc(cc1)C(F)(F)F)=O,MOSES sample,9637
OC(C)(C)C1c2c(OC)c(ccc2CCN1)OC(F)F,MOSES sample,9638
c1cc(cc(c1)O)-c1cc(C(=O)N2CCNC(C2)=O)ccc1,MOSES sample,9639
CCc1ccc(CN(CCOC)Cc2cn(C)nc2C)s1,MOSES sample,9640
c1ccc(S(N2Cc3ccsc3CC2)(=O)=O)c(c1)C#N,MOSES sample,9641
Cc1nnc(s1)NC(CNC(NCc1ccco1)=O)=O,MOSES sample,9642
c1(c(OCC)ccc(NC(N2CC(C(C)C2)(O)C2CC2)=O)c1)F,MOSES sample,9643
C1(N(CCC1)C(NCCc1cn(C)nc1)=O)c1ccc(OC)cc1,MOSES sample,9644
c1(ccccc1)CN(C(C1CCN(C(=O)C(C)C)CC1)=O)C(C)C,MOSES sample,9645
CNC(=O)NCC(=O)NCc1ccc(C(F)(F)F)cc1,MOSES sample,9646
C(C(c1c(n2ncnc2nc1C)C)=O)c1c(cccc1)Br,MOSES sample,9647
C12CC(C(C2)C=C1)C(N1CCCC1Cn1cc(C)cn1)=O,MOSES sample,9648
c1(noc(n1)CCC(=O)Nc1cnc(cc1)N(C)C)-c1sccc1,MOSES sample,9649
C1CCC(C1)NC(C(Sc1c2ccccc2nc(n1)C)C)=O,MOSES sample,9650
CC(Cn1cncc1)NS(=O)(c1c(F)cc(F)c(c1)F)=O,MOSES sample,9651
CCCc1nnc(C(=O)N(CCO)Cc2ccccc2)o1,MOSES sample,9652
O(CC(NC)=O)c1ccc(C(N(CC#C)CC#C)=O)cc1OC,MOSES sample,9653
O=C(Nc1nc(-c2cccnc2)cs1)c1cccs1,MOSES sample,9654
COc1ccc(-n2nnc(C#N)c2Cc2cccs2)cc1,MOSES sample,9655
c1(C)n2c(CN(CC2)CC(=O)Nc2cc(-c3occn3)ccc2C)nn1,MOSES sample,9656
C(Cn1nccc1)C1N(CCC1)C(=O)CCOc1c(cccc1)OC,MOSES sample,9657
n1cccn1CCC(N1CC2C(CC1)N(C(=O)CC2)CC1CCC1)=O,MOSES sample,9658
O=S(=O)(C)c1cc(NCC(C)C)c(cc1Cl)N,MOSES sample,9659
c1ccc2c(c1C)OCCC2NC(=O)c1c(C)nns1,MOSES sample,9660
c1cc(C)cnc1NC(=O)CCNC(=O)OCC(F)(F)F,MOSES sample,9661
C1CCN(c2c1ccc(c2)S(=O)(=O)C)CCCOC,MOSES sample,9662
Cc1nc(C(F)(F)F)ccc1C(=O)Nc1nc2c(s1)CCCC2,MOSES sample,9663
CN(Cc1cccnc1)C(=O)Cn1ncc2c3ccccc3[nH]c2c1=O,MOSES sample,9664
o1c(ccc1)CNC(=O)N1CCC(CNC(=O)C)CC1,MOSES sample,9665
N(c1sc(c(C)n1)C)C(=O)CCc1c(C)c2n(cnn2)nc1C,MOSES sample,9666
C1Nc2c(CC1)cc(C(c1ccc(OC)cc1OC)=O)cc2,MOSES sample,9667
n1c(NC(=O)CNCc2ncccc2)c(OCC)ccc1,MOSES sample,9668
C=CCN(CC=C)C(=O)c1ccc(NC(=O)C2CC=CC2)cc1,MOSES sample,9669
CN(C(c1cn(CC)nc1)=O)Cc1cc(on1)C,MOSES sample,9670
c1(N2CCN(CC2)C(=O)CN2CCOCC2)ccccc1C#N,MOSES sample,9671
O(C)C(=O)C1C(N=C(C=1C)C(=O)OCC(N1CC(C)CC(C1)C)=O)C,MOSES sample,9672
CN(Cc1cscn1)S(=O)(=O)Cc1ccccc1,MOSES sample,9673
c1(cc(cc(c1)CNC(NC(c1n(C)cnn1)C)=O)C)C,MOSES sample,9674
O=C1CCN(C(=O)c2ccccc2Br)CCN1,MOSES sample,9675
c1(C(=O)N2CCN(c3cccc(Cl)c3)CC2)ccnc(N(C)C)c1,MOSES sample,9676
CC(C)(c1c(C(=O)NCC(C)(C)NS(C)(=O)=O)cn(C)n1)C,MOSES sample,9677
CCN(CC)C(=O)CSc1nc2cc(F)c(cc2[nH]1)F,MOSES sample,9678
c12c(F)cccn1cc(n2)C(NCc1ccc(c(c1)OC)OC)=O,MOSES sample,9679
Cc1ccc(-c2nc(C)sc2CCC(=O)NC(C)C(N)=O)cc1,MOSES sample,9680
N(C(=O)N)CC(Nc1ccc(cc1)C(F)(F)F)=O,MOSES sample,9681
c1c(ccc(Cl)c1C)NC(=O)CCc1onc(n1)C,MOSES sample,9682
COCCCNC(=O)N(C)Cc1cccc(Cl)c1,MOSES sample,9683
O(CC(N1CCN(Cc2ccc(cc2)C)C(=O)C1C)=O)C,MOSES sample,9684
O=C(OCC(N1CCCCCC1)=O)c1c2c(ccc1)nccc2,MOSES sample,9685
Cc1ccccc1CCNC(=O)C1CCN(C(=O)N2CCCC2)CC1,MOSES sample,9686
CS(=O)(=O)N1CCN(Cc2nc(-c3ccccc3Cl)oc2)CC1,MOSES sample,9687
c1(C)nc(-c2ccncc2)nc(c1C)N(C)Cc1ccccc1,MOSES sample,9688
CC(C)c1cc(C(=O)OCc2nncn2C2CC2)nn1C(C)(C)C,MOSES sample,9689
c1c(cncc1)C(N1CCC(N2CCOCC2)C1Cc1cnc[nH]1)=O,MOSES sample,9690
C1CN(CC(C1)C(=O)Nc1cccc(SC)c1)C(CC)=O,MOSES sample,9691
N#Cc1c(F)ccc(c1)NC(=O)N1CC(CCC1)C,MOSES sample,9692
O=C(NCC=C)CN(c1ccc(Oc2ccccc2)cc1)C,MOSES sample,9693
N(C)(C(=O)N1CCN(C(=O)c2ccc(cc2)S(=O)C)CC1)C,MOSES sample,9694
c1(nc(N2CCN(CC2)C(=O)C2CCCO2)c2c(n1)n(C)nc2C)C,MOSES sample,9695
c1cc(-c2c(O)ccc(c2)C(C)=O)cc(S(=O)(N)=O)c1,MOSES sample,9696
c1(ccc(C(N2CCC(C)CC2)=O)cc1)NCc1noc(C(C)C)n1,MOSES sample,9697
c1occc1CNC(CNC(c1cc(ccc1)C)=O)=O,MOSES sample,9698
CCS(=O)(=O)N1CCCc2cc(S(=O)(=O)N(C)C)ccc21,MOSES sample,9699
Cc1noc(NC(=O)Cn2nc(-c3ccccc3Cl)ccc2=O)n1,MOSES sample,9700
C1OCCC(CC(C)(C)O)N1C(=O)c1cccc(c1Cl)Cl,MOSES sample,9701
N(Cc1ccc(OC)cc1)C(Nc1cccc(F)c1C#N)=O,MOSES sample,9702
CCN(CC)C(=O)COc1cccc(C(=O)OC)c1,MOSES sample,9703
n1c(cn(-c2ccccc2)n1)COc1ccc(cc1)C(=O)N(C)C,MOSES sample,9704
CC(=O)NC(C(=O)Nc1nnc(-c2ccsc2)s1)C1CCCC1,MOSES sample,9705
O=C(CCCC(O)c1ccc(F)c(F)c1)N1CCCCCC1,MOSES sample,9706
N(C(=O)CSc1nnc(n1C)-c1csc(c1)C)c1[nH]c(C)nn1,MOSES sample,9707
c1(C2CCCN2C(CNC(=O)N)=O)cc2cc(ccc2cc1)OC,MOSES sample,9708
C(c1cccc(C)c1)n1c2c(cc(c(c2)C)C)nc1CO,MOSES sample,9709
c12ccccc1nc(COC1CN(CC1F)Cc1cc(on1)C)[nH]2,MOSES sample,9710
Oc1cc(c(cc1C(=O)OC(C)C(=O)N)Cl)Cl,MOSES sample,9711
c1cccc(OC)c1OCCn1c(C#N)c(nc1)C#N,MOSES sample,9712
C1C(c2cc([nH]n2)C(NCc2cn(nc2C)CC)=O)C1,MOSES sample,9713
O=C(C1CC1)N1CCCC(C(=O)N2CCc3cc(F)ccc3C2)C1,MOSES sample,9714
C(CC(=O)Nc1ccc(C(C)=O)cc1)S(c1ccc(cc1)C)(=O)=O,MOSES sample,9715
c1c(S(C)(=O)=O)ccc(OC(c2c(c3ccccc3o2)C)=O)c1,MOSES sample,9716
C(OC)C(=O)Nc1cc(OC)c(cc1C(N1CC(C)CCC1)=O)OC,MOSES sample,9717
c1(ncn(C)c1)S(N1CCCC1C(C1CC1)=O)(=O)=O,MOSES sample,9718
N(CCO)(C(COC)=O)c1c(NC(C)C)cccc1,MOSES sample,9719
O=C(CSc1nncn1C)N1c2c(CC1C)cccc2,MOSES sample,9720
CCC(C)c1noc(C2CCCCN2C(=O)C2CCCC2)n1,MOSES sample,9721
c1cnc(n1-c1cc(C(C)C)nc2cc(C)nn12)Cn1c(cc(C)n1)C,MOSES sample,9722
c1cc(S(N(CC(OC)=O)CCC)(=O)=O)ccc1C,MOSES sample,9723
c1(ccc2c(c1)C(NCC2)c1ccc([nH]c1)=O)CC,MOSES sample,9724
CCc1nc2ncnn2c(Nc2ccc(N)c(C)c2)c1C,MOSES sample,9725
c1cc(c(cc1)-c1nc(no1)-c1nnn(c1C)-c1ccccc1)F,MOSES sample,9726
c1c(C)c(ccc1N(C)S(=O)(=O)c1cccs1)N,MOSES sample,9727
Cc1nn(C)c(C)c1S(=O)((=O)NC(C)C1CCCO1)=O,MOSES sample,9728
C(NC(N1CCN(CC1)c1cnccn1)=O)c1cccc2cccnc21,MOSES sample,9729
c1c2c(ncnc2Nc2ccc(-n3cccn3)cc2)sc1,MOSES sample,9730
N(C(=O)COC(=O)c1cc2sccc2n1CC)C(C)C,MOSES sample,9731
COc1ccc(NC(=O)c2ccc(NCC(=O)N(C)C)cc2)cc1,MOSES sample,9732
N1C(CCC1C(N(C)C(c1ccccc1F)C)=O)=O,MOSES sample,9733
n1nccn1-c1ccc(C(=O)NC2c3c(cccc3)SCC2)cc1,MOSES sample,9734
C(n1nc(-c2ccc(F)c(C)c2)cc1C(OCC)=O)OC,MOSES sample,9735
C(c1ccc(C)cc1)NS(c1ccc(SC)cc1)(=O)=O,MOSES sample,9736
n1n(CC(F)F)cc(NC(=O)CCNC(=O)C2C(C)C2)c1,MOSES sample,9737
n1(cc(cn1)NCc1cc(Cl)ccc1)-c1c(S(=O)(C)=O)cccc1,MOSES sample,9738
c1(C(C(C)C)NC(=O)C)nc2c([nH]1)CC(CNC2=O)(C)C,MOSES sample,9739
O=C(c1ccc(c(OCC)c1)OC)NC(C)CO,MOSES sample,9740
c1(O)c(C)c(n(c2c1c(=O)oc1c2ccc(c1)O)-c1ccccc1)CO,MOSES sample,9741
N(c1cccc(c1)OC)C(=O)CS(=O)(=O)c1c(ccc(C)c1)C,MOSES sample,9742
N1(c2ccc(OCCC)cc2)C(=O)CC(C(=O)NCC=C)C1,MOSES sample,9743
c1(CCNC(=O)c2nc3nc(cc(C)n3n2)C)ccc(F)cc1,MOSES sample,9744
Cc1nc(-c2cn(CC(=O)NC3CCCCC3)c3ccccc23)co1,MOSES sample,9745
c1(SCc2cc(C(=O)OC)ccc2Cl)nc(N)cc(n1)N,MOSES sample,9746
c1c(-c2ncc(c(N)n2)C(NCC(C)C)=O)cc(cc1)Cl,MOSES sample,9747
O=S(C)(=O)c1c(n(nn1)CCCC(=O)Nc1ccccc1C)N,MOSES sample,9748
Cc1cccc(OCC(C)NC(=O)c2cnc3ccccn3c2=O)c1,MOSES sample,9749
c1(C)ccc(N(S(=O)(=O)C)CC)cc1Br,MOSES sample,9750
c1cc(OCc2scc(n2)CSc2n(c(C)nn2)C)ccc1F,MOSES sample,9751
N(C(=O)c1c2c(oc1C)nc[nH]c2=O)c1ccc(F)c(c1)OCC,MOSES sample,9752
CC(Oc1ccc(F)cc1)CNC(c1sccc1)=O,MOSES sample,9753
C(c1n[nH]c(n1)C)Nc1ccc(C(=O)N(C)C)cc1,MOSES sample,9754
C(NC(c1cccc(OC)c1)=O)C(=O)c1ccc(c(c1)C)F,MOSES sample,9755
O(CC)c1ncccc1CNS(=O)(c1ccccc1)=O,MOSES sample,9756
CC(NC(c1c(snc1C)NC)=O)C(C)CC,MOSES sample,9757
c12ccccc2C(CCC1)CC(=O)NCc1nn(cn1)C,MOSES sample,9758
C(c1c(C#N)c(nnc1SC)Nc1ccc(OCC)cc1)#N,MOSES sample,9759
c1(c(cc(C)c(C(CN2CCN(C(C)=O)CC2)=O)c1C)C)C,MOSES sample,9760
C(c1cccc(CC#N)c1)(N1CCCC(C1)c1[nH]ncc1)=O,MOSES sample,9761
CC(C)n1cnnc1CNC(=O)C1CC1c1ccccc1,MOSES sample,9762
Cc1n[nH]c(c1C(=O)N(C)C(c1ccc(cc1)Cl)C)C,MOSES sample,9763
c1nccc(c1)NC(CCNC(=O)C1(CC1)c1ccc(cc1)Cl)=O,MOSES sample,9764
c1(C(=O)Nc2cc(C)cc(c2)C)c(nccc1)OCCOC,MOSES sample,9765
CCC(C#N)C(=O)NC(C)(C)c1ccc(F)cc1Cl,MOSES sample,9766
COCC(C)NC(=O)NCC12CC3CC(CC(C3)C1)C2,MOSES sample,9767
n1(nc(C#N)nc1-c1nn(c(cc1)=O)C)-c1cc(Cl)ccc1C,MOSES sample,9768
c1(cc(=O)n(c2ccccc12)C)C(=O)NCc1ncccc1,MOSES sample,9769
C(NCc1cc(NC(c2cccs2)=O)ccc1)(=O)C(C)OCC,MOSES sample,9770
C(C(N(C)C)=O)Cc1ccc(cc1)NCC(=O)N(C)C,MOSES sample,9771
c1(CCc2ocnn2)ccc(S(=O)(N)=O)cc1,MOSES sample,9772
CC(C)n1nccc1NC(=O)CSc1ncn[nH]1,MOSES sample,9773
O=C(NC(c1cc(ccc1)F)C)c1sc(cc1OC)C,MOSES sample,9774
c1(oc(nn1)-c1ccccc1)SCC(=O)Nn1c(=O)[nH]nc1,MOSES sample,9775
CCC1(O)C(O)CN(C(=O)Cn2c(C)c(Cl)c(n2)C)CC1,MOSES sample,9776
Cc1nn(c2ccc(cc21)C)C(C)C(N(CC=C)CC=C)=O,MOSES sample,9777
c1(c(c(Cl)ccc1)C(=O)NC1CCC(N(C)C1)=O)Cl,MOSES sample,9778
N1(C(=O)c2cc(ccc2)OCCC)CCC(CC1)C(=O)OCC,MOSES sample,9779
C=CCNC(=O)N1CCC(NC(=O)Cc2ccc(OC)cc2)CC1,MOSES sample,9780
Fc1c(S(N(C)CC(NC2CC2)=O)(=O)=O)c(cc(c1)F)F,MOSES sample,9781
c1cc(C2c3c(OC(=O)C2)c(Br)cc(C#N)c3)oc1,MOSES sample,9782
O=c1c(O)cn(C2CC2)c2ccc(Br)cc12,MOSES sample,9783
COCCNC(=O)Nc1cc(ccc1OC)C(=O)N(C)C,MOSES sample,9784
n1c(sc(c1C)C(NC(=O)Cc1[nH]ccc1)C)CC,MOSES sample,9785
CC(=O)N1CCc2cc(NC(=O)N(C)C(C)c3ccc(C)o3)ccc21,MOSES sample,9786
c1cc(NC(NCC)=O)cc(NC(c2ccccc2)=O)c1,MOSES sample,9787
C1N(CCCCC1)S(N1CCC(n2ccnn2)CC1)(=O)=O,MOSES sample,9788
CCc1ccc(C(=O)N(Cc2cccs2)C2CC2)o1,MOSES sample,9789
c1(cc2COCc2cc1)NC(c1sc(C)cc1)=O,MOSES sample,9790
N(C(NC(C)(C)c1cccc(F)c1)=O)c1cnn(c1)CC(F)F,MOSES sample,9791
C(Nc1c(ccc(Cl)c1)F)c1cc(C(=O)NC)ccc1,MOSES sample,9792
O=C(NC1CCc2cc(Cl)ccc21)C(OCC1CCCO1)C,MOSES sample,9793
c1(Nc2c(C)n[nH]c2C)c2c(nc(n1)C)sc(c2)CC,MOSES sample,9794
O(c1c(C(=O)N2CCN(C3CCCC3O)CC2)sc(c1)C)C,MOSES sample,9795
C(Cn1c2c(nc1)cc(F)c(F)c2)(N(C(C)c1ccccc1)C)=O,MOSES sample,9796
C(n1c(C)c(c(c1NC(c1ccccn1)=O)SCC#N)C#N)(C)C,MOSES sample,9797
c1cc(ccc1-c1nn2c(c3c([nH]c2c1)CCC3)=O)F,MOSES sample,9798
c1ccccc1-n1ncc2C(c3cccs3)CC(=Nc21)O,MOSES sample,9799
Cc1ccccc1CC(=O)NCc1nc(C)cs1,MOSES sample,9800
COc1c(OC)cc2c(c1)C(c1ccccc1)C(C1OCCO1)=C2N,MOSES sample,9801
C1C(NC(=O)C2N(S(=O)(=O)N(C)C)CCC2)C1,MOSES sample,9802
C(c1cc(C(NC)=O)ccc1)NC(=O)N1CCCC(CC)C1,MOSES sample,9803
C(NC(=O)Cn1nc(nn1)-c1ccc(C)cc1)c1nccs1,MOSES sample,9804
C(C(C)C)(C(=O)Nc1cc(NC(C)=O)ccc1)NC(=O)COC,MOSES sample,9805
FC(n1nc(C)c(c1C)CC(Nc1nc(C)no1)=O)F,MOSES sample,9806
c1(c(C)c(F)ccc1)S(N1C(CCO)CCCC1)(=O)=O,MOSES sample,9807
CCCCN(C)S(=O)(=O)N(C)Cc1csc(C)n1,MOSES sample,9808
c1cc(NC(c2cc(S(=O)(C)=O)ccc2C)=O)ccc1Cl,MOSES sample,9809
n1(C(C)C(=O)Nc2cc(C(=O)N)ccc2)nc(ccc1=O)-c1ccco1,MOSES sample,9810
O=C(Cn1nnc2ccccc2c1=O)Nc1cccnc1,MOSES sample,9811
CC(C)Nc1ncc(C(=O)N2CCOCC2CC(C)C)cn1,MOSES sample,9812
C(c1c2c(c(n(C(C)C)n1)=O)cccc2)(NCCNC(=O)C)=O,MOSES sample,9813
C(N(c1nc2ccccc2nc1N1CCCCC1)CC)CO,MOSES sample,9814
C(c1[nH]c2c(C)c(Cl)ccc2n1)NC(CCOc1ccccc1)=O,MOSES sample,9815
c1(-c2n(CCC(C)C)nc(c2)C#N)n2cccc(C)c2nc1,MOSES sample,9816
Cc1c(cc(cc1)-c1occ(n1)C)NC(=O)N1CCOC(C#N)C1,MOSES sample,9817
c1cc(Cc2noc(n2)C(NC(C)CCO)=O)ccc1OC,MOSES sample,9818
C(NC(C(=O)NC(C(C)C)C(OC)=O)C)(c1ccco1)=O,MOSES sample,9819
c1(nc(C)cc(C)n1)-c1ccc(cc1)NC(NC1CC(N(C)C1)=O)=O,MOSES sample,9820
C(=Cc1c(CO)nnn1-c1nnc(s1)C)c1cccs1,MOSES sample,9821
C=CCN(Cc1ccccc1F)C(=O)c1ccc(S(C)(=O)=O)cc1,MOSES sample,9822
c1cc(C(S(=O)(c2scc(n2)C)=O)C)c(OC)cc1,MOSES sample,9823
C1(CC2c3c(c(ccc3)OC)OCCC2)CN(CCC1)C(CC)=O,MOSES sample,9824
CC(=O)Nc1cc(-c2noc(CCCC(=O)N(C)C)n2)ccc1F,MOSES sample,9825
CCOC(=O)Nc1nc2c(s1)CN(C(=O)OC(C)(C)C)CC2,MOSES sample,9826
c12c(cccc1)c(=O)c(C(=O)Nc1cc3COCc3cc1)c[nH]2,MOSES sample,9827
CC(=O)Nc1ccc(C(=O)OCC(=O)Nc2ccc(C#N)cc2)cc1,MOSES sample,9828
CCOC(=O)c1cnc2nc(C)c(S(=O)(=O)N3CCCC3)cn12,MOSES sample,9829
COCCN1CCOC2C(CNc3cccnc3)CCC21,MOSES sample,9830
C(NC(c1ccc(OC)nn1)=O)COc1cc(Cl)ccc1,MOSES sample,9831
c1cc(NC(=O)c2nnsc2C)ccc1C(Nc1ccccc1)=O,MOSES sample,9832
Cc1ccc(C)c(C(=O)CCC(=O)Nc2ccncc2)c1,MOSES sample,9833
C(c1c[nH]c(cc1)=O)(N(C1CC1)Cc1ccncc1)=O,MOSES sample,9834
c1ccc2c(c1)CN(Cc1cnc(C3CCC3)s1)CC2,MOSES sample,9835
c1cc(ccc1C)NS(c1ccc(cc1)C#N)(=O)=O,MOSES sample,9836
Cc1nn(C)c(C)c1NC(=O)CCNC(=O)c1ccccc1,MOSES sample,9837
FC(c1cn2c3c(=O)n(c(n(C)c3nc2cc1)=O)C)(F)F,MOSES sample,9838
c1ncc(NC(=O)c2c3nc[nH]c3cc(c2)F)cc1,MOSES sample,9839
C(C)(C)(C)OC(=O)N1CC(CC1)S(c1cc(C)c(C)cc1)(=O)=O,MOSES sample,9840
CCN1CCOC(CN(Cc2ccc(F)cc2)CC2CCCO2)C1,MOSES sample,9841
Cc1cc2c(cc1)c(co2)CC(Nc1ccccc1C(=O)OC)=O,MOSES sample,9842
CC(=O)NCCCNC(=O)N(C)Cc1sccc1C,MOSES sample,9843
CC(C)c1nc(C2CCN(C(=O)C3CCCO3)CC2)no1,MOSES sample,9844
O(CC(=O)N(C1CCCCC1)C)C(=O)c1ccc2[nH]cnc2c1,MOSES sample,9845
c1c(C)c2NC(C3(Nc2cc1C)CCN(CC3)C(OC(C)(C)C)=O)=O,MOSES sample,9846
CC(Cc1ccccc1Cl)N1CCCC2(C1)OCCO2,MOSES sample,9847
c1c(-c2cccs2)nc(N)c(C(=O)NC2CCCCC2)c1,MOSES sample,9848
c1(cccc(c1OCC(NC(C)CCC)=O)C)C,MOSES sample,9849
CCN(C1CCCC1)S(=O)(=O)c1cc(C(N)=O)n(C)c1,MOSES sample,9850
c1c(-c2n[nH]cc2C(=O)OCC(NC)=O)cccc1,MOSES sample,9851
C(NC1(CCCN(C1=O)C)C)(Cc1cccnc1)=O,MOSES sample,9852
c1c(cnc(C2CC2)n1)C(N1CCCC1C(Nc1cccnc1)=O)=O,MOSES sample,9853
c1cc(=O)oc2cc(ccc21)OCc1nnc(o1)C(C)C,MOSES sample,9854
c1n2c(c(N)c(-c3c4c(cccc4)[nH]c3C)cc2)nc1,MOSES sample,9855
C=CCn1c(C)nnc1SCC(=O)c1ccccc1,MOSES sample,9856
c1(nn(cn1)CCC1CCN(CC1)C(C1CC1)=O)-c1ccccc1,MOSES sample,9857
C(NC(CNC(=O)c1ccccc1C)=O)(C)c1ccc(cc1Cl)F,MOSES sample,9858
c1nccc(N(CC2OCCC2)C(c2onc(C(C)CC)c2)=O)c1,MOSES sample,9859
C(C(=O)N(CC)Cc1c(C)cccc1)n1cc(c([nH]c1=O)=O)Cl,MOSES sample,9860
Nc1cccc2n(cc(c(=O)c21)C(Nc1ccccn1)=O)C,MOSES sample,9861
c1(C(=O)NCCc2cccc(c2)F)cc(C(C)=O)cs1,MOSES sample,9862
[nH]1c2-c3c(OCCc2c(n1)C(Nc1ccccc1)=O)cccc3,MOSES sample,9863
C1C(c2cc(ccc2)O)CCN1C(=O)c1cscc1,MOSES sample,9864
C1CC(C(O)CC1)NS(=O)(c1c(cc(Cl)c(c1)C)Cl)=O,MOSES sample,9865
O=C(NCC(NC)=O)Nc1ccc(cc1)-c1oc2ccccc2n1,MOSES sample,9866
C1(CCN(CC1)c1ccccc1)CNC(=O)c1cc2nn[nH]c2cc1,MOSES sample,9867
Cc1ccc(C(O)C(=O)n2nc(N)c3ccccc32)cc1,MOSES sample,9868
O=C(c1ccc(C(F)(F)F)cc1)N1CCN(CC2=CCCOC2)CC1,MOSES sample,9869
c1c2OCCN(C(=O)CC)c2cc(c1)NC1CCOCC1,MOSES sample,9870
Nc1c(NCCN2CCOCC2)ccc(Cl)c1,MOSES sample,9871
C(COC)N1CC(C(=O)N2CC3CCCCC3C2)CC1=O,MOSES sample,9872
C1(CCC1)(OC)CNC(C1Oc2ccccc2C1C)=O,MOSES sample,9873
c1(C)cc(on1)NC(c1nc2ccccc2n(CC(C)C)c1=O)=O,MOSES sample,9874
n1(C)c2c(nc1-c1cccc(N)c1)cc(OC)c(OC)c2,MOSES sample,9875
COC(=O)c1ccsc1NC(=O)c1cn(C)nc1C(C)(C)C,MOSES sample,9876
Cc1cccc(C2OCCN(C2)C(=O)NCc2cccnc2)c1,MOSES sample,9877
N(C(=O)c1ccc(cc1)-n1ccnn1)c1cc(c[nH]c1=O)C(F)(F)F,MOSES sample,9878
c12c(nc(cc2C(N(C)CCc2ccccc2)=O)C2CC2)n(C)nc1C,MOSES sample,9879
C1CC1C(N(CC)CC(=O)c1cccc(c1)OC)=O,MOSES sample,9880
c1c(ccc(n1)N)S(=O)(NCCC1CCCC1)=O,MOSES sample,9881
CC(NC(c1ccc([nH]c1=O)-c1occc1)=O)c1c(c(ccc1)C)C,MOSES sample,9882
O(CC(NCc1ccco1)=O)C(=O)c1oc2c(cccc2)c1C,MOSES sample,9883
c1(-c2nc3cc(C)cnc3n2CCC#N)cccc(C)c1,MOSES sample,9884
O=C1CC(c2ccc(F)cc2)Cc2c1cnc1nc(CO)nn21,MOSES sample,9885
Cc1nc(NCCOC)sc1C(=O)Nc1c(F)ccc(c1)Cl,MOSES sample,9886
c1ccc(CSc2n[nH]c(n2CCC)=O)c(Br)c1,MOSES sample,9887
c1cc(CNC(=O)c2sccc2Br)cc(NC(=O)N)c1,MOSES sample,9888
N(C)C(C)C1NCCc2cccc(c21)Br,MOSES sample,9889
CC(C)n1cc(C(=O)N(CCC(N)=O)Cc2ccccc2)cn1,MOSES sample,9890
Cc1cc([nH]c(c1C(Nc1cc(ccc1OC)F)=O)=O)C,MOSES sample,9891
CCNc1ccnc(-c2ccc3c(c2)OCCO3)n1,MOSES sample,9892
o1ccc(c1C)-c1oc(nn1)CCC(=O)N1CCCC(C1)CC,MOSES sample,9893
O=S(N)(=O)c1ccc(OCc2noc(C)n2)cc1,MOSES sample,9894
C1CCN(C(=O)c2onc(c2N)-c2cccc(OC)c2)CC1,MOSES sample,9895
c1ccncc1CC(CO)CNc1cc(C)ccc1OC,MOSES sample,9896
C(Oc1cc(C)ccc1CNC(=O)NC1CC=CC1)C1CCOCC1,MOSES sample,9897
NC(COC(C1N(C(=O)c2occc2)CCCC1)=O)=O,MOSES sample,9898
c1cc(N2CCCC(C)C2)ncc1S(=O)(N(C(C)C)C(C)C)=O,MOSES sample,9899
CCn1ccc(C(C)NS(=O)(=O)c2ccc3c(c2)CCO3)n1,MOSES sample,9900
c1ccc2n(C(C)C)c(CNC(c3ccc4c(OCO4)c3)=O)nc2c1,MOSES sample,9901
c1c(c(cc(O)c1)O)C(O)CNCCC(C)(C)C,MOSES sample,9902
C1COc2cc(ccc2O1)NC(c1n(c2ccc(Cl)cc2c1)C)=O,MOSES sample,9903
CCCNC(=O)c1onc(-c2ccc(OC)cc2)c1N,MOSES sample,9904
Clc1c(n(ncc1NCCc1ccccc1Cl)C)=O,MOSES sample,9905
O=C(N)C(OC(=O)c1ccsc1)c1ccccc1,MOSES sample,9906
Nc1nc(N)nc(n1)COC(=O)c1n[nH]c2c1cccc2,MOSES sample,9907
s1c(cc(C)c1C)C(NCc1nc(C)ccn1)=O,MOSES sample,9908
O=C(Cn1nc2c3ccccc3ncn2c1=O)OCC1CCCCC1,MOSES sample,9909
C(c1nc(-c2ccccc2C)no1)Oc1ncccc1,MOSES sample,9910
c1c(ccc(C(NC(NCc2cn(nc2)C)=O)C(C)C)c1)Cl,MOSES sample,9911
c1(ccc(cc1OC(F)F)NC(c1n(ncc1)C)=O)C,MOSES sample,9912
COC(C)C(=O)Nc1nc(-c2cc(F)ccc2F)cs1,MOSES sample,9913
CC(C1CC1)N(C)C(=O)c1cnn(-c2ccc(F)cc2)n1,MOSES sample,9914
CCc1nnc(N2CCC(CCOc3ccccc3F)CC2)o1,MOSES sample,9915
c1c2c(ncc1)ccc(CN1CCN(CC1)C(CC)=O)c2,MOSES sample,9916
C1CC1c1nc2c(c(nn2c(C(F)(F)F)c1)C)C#N,MOSES sample,9917
c1(sc(NC(CNC(c2c(cccc2)C)=O)=O)nc1)C,MOSES sample,9918
c1c(c(ccc1)F)N1CC(CC1=O)C(=O)NC(C1CC1)C1CC1,MOSES sample,9919
[nH]1c2cc(-c3ccco3)cc(c2c(O)n1)Br,MOSES sample,9920
n1ccc(C2CCCN2C(OC(C)(C)C)=O)nc1N,MOSES sample,9921
COc1ccccc1CN(C)C(=O)COc1ccccc1C#N,MOSES sample,9922
COc1c(c(Cl)cc(C(=O)NC2CCC(O)CC2)c1)OCC,MOSES sample,9923
c1c(CCNC(C2Cc3c(OC2)ccc(c3)Cl)=O)ncc(C)c1,MOSES sample,9924
c1(F)cccc(N(Cc2c(nn(c2)C)-c2cnccc2)CC)c1,MOSES sample,9925
c1(ccc(c(c1)N)OC)C(N(C)CC(COC)O)=O,MOSES sample,9926
CC(C(=O)NCc1scnc1C)NC(Nc1ccccc1)=O,MOSES sample,9927
O=C(c1ccc(F)cc1)N1CC(c2nc(-c3cnccn3)no2)C1,MOSES sample,9928
C(NC(=O)c1ccc(=O)n(Cc2cccc(c2)C)c1)C1OCCC1,MOSES sample,9929
C1(c2cc(ccc2N(C(COc2ccccc2C(=O)N)=O)C1)C)(C)C,MOSES sample,9930
CCOCCNC(=O)c1cc2occc2n1Cc1ccccc1Cl,MOSES sample,9931
O(c1c(cc(C(C(F)(F)F)(O)C(=O)OCC)c(c1)Cl)N)CC,MOSES sample,9932
C1c2c(cccc2CN(C(=O)c2csc(-c3ccco3)n2)C1)OC,MOSES sample,9933
O=C(C1(CC1)c1noc(c1-c1ccccc1)NCc1occc1)OC,MOSES sample,9934
CC(=O)Nc1cc(NC(C)=O)cc(C(=O)Nc2cccnc2)c1,MOSES sample,9935
O(CC)CCn1c(nc2c1cccc2)C(O)c1ccccc1,MOSES sample,9936
Cc1c(C(=O)N(C)CC2CC2)[nH]c2c1C(=O)CCC2,MOSES sample,9937
COc1cccc(OCC(=O)N(C)C(C#N)C(C)C)c1,MOSES sample,9938
c1c(F)ccc(c1)-c1cn2c3CCNCc3sc2n1,MOSES sample,9939
Nc1c(C(NCC(O)C)=O)sc2nc3c(cc12)CCCC3,MOSES sample,9940
C(F)(F)Oc1ccc(C(=O)NCCNC(=O)C(C)C)cc1,MOSES sample,9941
CCNC(=O)C1CCCN(C(=O)c2c[nH]c3cccc(F)c23)C1,MOSES sample,9942
O=C(Cn1ccccc1=O)N1CC=C(c2ccccc2Cl)CC1,MOSES sample,9943
C(Nc1nc2c(s1)c(n(cn2)C)=O)CC1CCCCC1,MOSES sample,9944
CNC(=O)c1cc(NC(=O)c2ccc3c(c2)OCO3)ccc1Cl,MOSES sample,9945
COCCN1C(=O)C2CCC1CN(c1nnnn1-c1ccccc1)C2,MOSES sample,9946
COc1cccc(C(C)NC(=O)C2CC(=O)Nc3ccccc32)c1,MOSES sample,9947
C1CN(c2ccccc2)CCN1CC(=O)c1cc2c(OCO2)cc1,MOSES sample,9948
o1c(C)c(OCC(=O)Nc2scc(n2)CC(OC)=O)c(C)n1,MOSES sample,9949
CC(C)CCn1cccc(-c2nnc(NC(C)C)s2)c1=O,MOSES sample,9950
O=C(NCc1nnnn1-c1cccc(F)c1)c1ccc(Cl)cc1,MOSES sample,9951
N(C(Nc1ccc(cc1)C(=O)NC1CC1)=O)C1CCCCC1,MOSES sample,9952
CCN(C(=O)NCc1cccc(C(=O)NC)c1)C(C)C(C)C,MOSES sample,9953
c1(cc(C)cc(c1)O(CC(NCc1ccc(cc1OC)OC)=O)C)C,MOSES sample,9954
C1CC1N1C(Nc2ccc(C(=O)N3CCN(C(C)=O)CC3)cc21)=O,MOSES sample,9955
CN(C)C(=O)N1CCC2CC(c3noc(-c4ccccc4)n3)OC2C1,MOSES sample,9956
Fc1ccc(CNC(=O)CCN2CCOC2=O)cc1,MOSES sample,9957
COc1ccc(C(C#N)NC(=O)COc2cc(C)ccc2C)cc1,MOSES sample,9958
c1ccc(c(N(C(=O)Cc2cccc(F)c2)C)c1)S(C)(=O)=O,MOSES sample,9959
c1(c(C(=O)Nc2cc(cc(C)c2)C)cn(n1)C)OC,MOSES sample,9960
N(C(CN1c2cc(ccc2SCC1)N)=O)CCCC,MOSES sample,9961
C(c1ccccc1)OCC(c1c(=O)oc2cc(ccc2c1)OC)=O,MOSES sample,9962
n1c(ccnc1C)C1COCCN1S(=O)(=O)c1cc(c(cc1)C)C,MOSES sample,9963
NC(=O)NCc1ccc(NC(=O)c2ccc(-c3ccco3)cc2)cc1,MOSES sample,9964
Fc1cccc(c1C(NCCNc1nc(ccn1)C(F)(F)F)=O)F,MOSES sample,9965
c1ccc(S(n2c3c(cncc3)nc2)(=O)=O)cc1OC,MOSES sample,9966
Cn1c(C(=O)Nc2cc(-n3cnnn3)ccc2F)cc2ccccc21,MOSES sample,9967
c1cccc(NC(CSc2ncc3n2cccc3)=O)c1,MOSES sample,9968
O=C(Nc1ccc(cc1Cl)Cl)Cn1cnnn1,MOSES sample,9969
c1cccc2nnn(c21)C(C(c1ccccc1)O)c1ccc(OC)cc1,MOSES sample,9970
c1n(Cc2ccncc2)c(=O)c2c(C)c(ccc2n1)Br,MOSES sample,9971
C1CN(CCC1Oc1ncccn1)C(=O)c1c(nccc1)NC(C)C,MOSES sample,9972
C1CCCN(CC1)c1ncc(C(N(C)C)=O)c(n1)N,MOSES sample,9973
C(=O)(OCCOC(C)C)c1cc(cn1C)C(N)=O,MOSES sample,9974
O(C)c1c(OC)cc(NC(=O)c2c(C)c(C(OCC)=O)[nH]c2C)cc1,MOSES sample,9975
c1nc(CCNC(N2CCN(CC2)C(C(C)(C)C)=O)=O)ccc1,MOSES sample,9976
c12cc(ccc2non1)CNC(CN(C(C)=O)CCc1ccccc1)=O,MOSES sample,9977
Cc1nc(cs1)CC(=O)NCCOc1ccc(cc1)OC,MOSES sample,9978
n1c(Cn2c(c3c(ccs3)nc2)=O)onc1C(C)C,MOSES sample,9979
Nc1ccc(cc1)C(NCC(=O)c1ccc(cc1)CC)=O,MOSES sample,9980
c1cc(Cl)cc(CN(C(=O)Cn2cnc(C#N)n2)C2CC2)c1,MOSES sample,9981
c1ccc(-c2c(oc3ccc(O)cc3c2=O)-c2ocnc2C)cc1,MOSES sample,9982
COC(=O)C1CN(C(=O)c2[nH]c3ccc(F)cc3c2Cl)CCO1,MOSES sample,9983
O=C(CCCOc1c(cc(Cl)cc1)C(C)O)OC,MOSES sample,9984
C(c1cnn(c1-n1cccc1)C)(=O)Nc1cccc(O)c1,MOSES sample,9985
c1cccc(OCc2cccc(c2)NC(=O)N2CCC(=O)NCC2)c1,MOSES sample,9986
c1oc(cc1)CN(c1ncnc2c1cc(cc2)Cl)C,MOSES sample,9987
CCOc1nc2c(c(=O)n(C)c(=O)n2C)n1Cc1ccccc1,MOSES sample,9988
c1c(Oc2ccc(NC(COCCC)=O)cc2)ccc(C#N)c1,MOSES sample,9989
C(=O)(C)N1CCC(CC1)(NC(=O)c1ccc(c(OC)c1)C)C(OC)=O,MOSES sample,9990
CCCOCC(=O)Nc1ccc(-n2nc(C)cc2C)nc1,MOSES sample,9991
c1cccc(C(=O)N(C)Cc2cc(on2)-c2ccccc2OC)c1,MOSES sample,9992
C(N1CCOCC1CC)(=O)c1c(cccc1)NCC(NC(C)(C)C)=O,MOSES sample,9993
Oc1ccc(cc1)CCNc1[nH]c2n(n1)c1c(cccc1)n2,MOSES sample,9994
CNC(=O)c1cc(C)ccc1NC(=O)CSc1ccncc1,MOSES sample,9995
O=C(Nc1ccc(cc1OCC(N(C)C)=O)C)C1CC(N(C)C1)=O,MOSES sample,9996
COC(=O)C1(NC(=O)C(C)NC(=O)c2ccccc2)CC1,MOSES sample,9997
N1(C(c2nccnc2)=O)Cc2ccnn2CC(COC)C1,MOSES sample,9998
CCCCN1CC(C(=O)Nc2ccc(C)cc2)CC1=O,MOSES sample,9999
c1(C(NC(CC)C)=O)ccc(NC(=O)N2CC(CCC2C)C)cc1,MOSES sample,10000
